customer_id,churn_probability,churn_risk_pct,risk_tier,predicted_churn,predicted_at
50001,0.4096,40.96,Low,0,2026-09-09 16:08:04.852808
50002,0.1769,17.69,Low,0,2026-09-09 16:08:04.852808
50003,0.1881,18.81,Low,0,2026-09-09 16:08:04.852808
50004,0.3854,38.54,Low,0,2026-09-09 16:08:04.852808
50005,0.3039,30.39,Low,0,2026-09-09 16:08:04.852808
50006,0.4959,49.59,Low,0,2026-09-09 16:08:04.852808
50007,0.2281,22.81,Low,0,2026-09-09 16:08:04.852808
50008,0.0979,9.79,Low,0,2026-09-09 16:08:04.852808
50009,0.283,28.3,Low,0,2026-09-09 16:08:04.852808
50010,0.3804,38.04,Low,0,2026-09-09 16:08:04.852808
50011,0.2541,25.41,Low,0,2026-09-09 16:08:04.852808
50012,0.0922,9.22,Low,0,2026-09-09 16:08:04.852808
50013,0.0565,5.65,Low,0,2026-09-09 16:08:04.852808
50014,0.3404,34.04,Low,0,2026-09-09 16:08:04.852808
50015,0.3074,30.74,Low,0,2026-09-09 16:08:04.852808
50016,0.2142,21.42,Low,0,2026-09-09 16:08:04.852808
50017,0.2697,26.97,Low,0,2026-09-09 16:08:04.852808
50018,0.3406,34.06,Low,0,2026-09-09 16:08:04.852808
50019,0.0825,8.25,Low,0,2026-09-09 16:08:04.852808
50020,0.5304,53.04,Medium,1,2026-09-09 16:08:04.852808
50021,0.3113,31.13,Low,0,2026-09-09 16:08:04.852808
50022,0.7142,71.42,Medium,1,2026-09-09 16:08:04.852808
50023,0.175,17.5,Low,0,2026-09-09 16:08:04.852808
50024,0.2985,29.85,Low,0,2026-09-09 16:08:04.852808
50025,0.178,17.8,Low,0,2026-09-09 16:08:04.852808
50026,0.0426,4.26,Low,0,2026-09-09 16:08:04.852808
50027,0.5013,50.13,Medium,1,2026-09-09 16:08:04.852808
50028,0.2572,25.72,Low,0,2026-09-09 16:08:04.852808
50029,0.8154,81.54,High,1,2026-09-09 16:08:04.852808
50030,0.5614,56.14,Medium,1,2026-09-09 16:08:04.852808
50031,0.4852,48.52,Low,0,2026-09-09 16:08:04.852808
50032,0.1284,12.84,Low,0,2026-09-09 16:08:04.852808
50033,0.3345,33.45,Low,0,2026-09-09 16:08:04.852808
50034,0.1529,15.29,Low,0,2026-09-09 16:08:04.852808
50035,0.1443,14.43,Low,0,2026-09-09 16:08:04.852808
50036,0.2506,25.06,Low,0,2026-09-09 16:08:04.852808
50037,0.1146,11.46,Low,0,2026-09-09 16:08:04.852808
50038,0.5077,50.77,Medium,1,2026-09-09 16:08:04.852808
50039,0.198,19.8,Low,0,2026-09-09 16:08:04.852808
50040,0.779,77.9,Medium,1,2026-09-09 16:08:04.852808
50041,0.2151,21.51,Low,0,2026-09-09 16:08:04.852808
50042,0.1867,18.67,Low,0,2026-09-09 16:08:04.852808
50043,0.1485,14.85,Low,0,2026-09-09 16:08:04.852808
50044,0.2621,26.21,Low,0,2026-09-09 16:08:04.852808
50045,0.4458,44.58,Low,0,2026-09-09 16:08:04.852808
50046,0.0843,8.43,Low,0,2026-09-09 16:08:04.852808
50047,0.2502,25.02,Low,0,2026-09-09 16:08:04.852808
50048,0.7898,78.98,Medium,1,2026-09-09 16:08:04.852808
50049,0.2313,23.13,Low,0,2026-09-09 16:08:04.852808
50050,0.3644,36.44,Low,0,2026-09-09 16:08:04.852808
50051,0.2082,20.82,Low,0,2026-09-09 16:08:04.852808
50052,0.2078,20.78,Low,0,2026-09-09 16:08:04.852808
50053,0.0903,9.03,Low,0,2026-09-09 16:08:04.852808
50054,0.1577,15.77,Low,0,2026-09-09 16:08:04.852808
50055,0.3913,39.13,Low,0,2026-09-09 16:08:04.852808
50056,0.0567,5.67,Low,0,2026-09-09 16:08:04.852808
50057,0.3851,38.51,Low,0,2026-09-09 16:08:04.852808
50058,0.2564,25.64,Low,0,2026-09-09 16:08:04.852808
50059,0.245,24.5,Low,0,2026-09-09 16:08:04.852808
50060,0.1418,14.18,Low,0,2026-09-09 16:08:04.852808
50061,0.7503,75.03,Medium,1,2026-09-09 16:08:04.852808
50062,0.6392,63.92,Medium,1,2026-09-09 16:08:04.852808
50063,0.1064,10.64,Low,0,2026-09-09 16:08:04.852808
50064,0.2488,24.88,Low,0,2026-09-09 16:08:04.852808
50065,0.7507,75.07,Medium,1,2026-09-09 16:08:04.852808
50066,0.1512,15.12,Low,0,2026-09-09 16:08:04.852808
50067,0.3761,37.61,Low,0,2026-09-09 16:08:04.852808
50068,0.2483,24.83,Low,0,2026-09-09 16:08:04.852808
50069,0.7401,74.01,Medium,1,2026-09-09 16:08:04.852808
50070,0.1304,13.04,Low,0,2026-09-09 16:08:04.852808
50071,0.0943,9.43,Low,0,2026-09-09 16:08:04.852808
50072,0.1972,19.72,Low,0,2026-09-09 16:08:04.852808
50073,0.8903,89.03,High,1,2026-09-09 16:08:04.852808
50074,0.8559,85.59,High,1,2026-09-09 16:08:04.852808
50075,0.4646,46.46,Low,0,2026-09-09 16:08:04.852808
50076,0.0438,4.38,Low,0,2026-09-09 16:08:04.852808
50077,0.1208,12.08,Low,0,2026-09-09 16:08:04.852808
50078,0.8213,82.13,High,1,2026-09-09 16:08:04.852808
50079,0.821,82.1,High,1,2026-09-09 16:08:04.852808
50080,0.2485,24.85,Low,0,2026-09-09 16:08:04.852808
50081,0.1698,16.98,Low,0,2026-09-09 16:08:04.852808
50082,0.0831,8.31,Low,0,2026-09-09 16:08:04.852808
50083,0.1807,18.07,Low,0,2026-09-09 16:08:04.852808
50084,0.2867,28.67,Low,0,2026-09-09 16:08:04.852808
50085,0.1926,19.26,Low,0,2026-09-09 16:08:04.852808
50086,0.2221,22.21,Low,0,2026-09-09 16:08:04.852808
50087,0.263,26.3,Low,0,2026-09-09 16:08:04.852808
50088,0.5251,52.51,Medium,1,2026-09-09 16:08:04.852808
50089,0.0454,4.54,Low,0,2026-09-09 16:08:04.852808
50090,0.841,84.1,High,1,2026-09-09 16:08:04.852808
50091,0.5144,51.44,Medium,1,2026-09-09 16:08:04.852808
50092,0.1778,17.78,Low,0,2026-09-09 16:08:04.852808
50093,0.2766,27.66,Low,0,2026-09-09 16:08:04.852808
50094,0.7895,78.95,Medium,1,2026-09-09 16:08:04.852808
50095,0.0984,9.84,Low,0,2026-09-09 16:08:04.852808
50096,0.3516,35.16,Low,0,2026-09-09 16:08:04.852808
50097,0.2912,29.12,Low,0,2026-09-09 16:08:04.852808
50098,0.6763,67.63,Medium,1,2026-09-09 16:08:04.852808
50099,0.4015,40.15,Low,0,2026-09-09 16:08:04.852808
50100,0.3127,31.27,Low,0,2026-09-09 16:08:04.852808
50101,0.2406,24.06,Low,0,2026-09-09 16:08:04.852808
50102,0.1014,10.14,Low,0,2026-09-09 16:08:04.852808
50103,0.5778,57.78,Medium,1,2026-09-09 16:08:04.852808
50104,0.8891,88.91,High,1,2026-09-09 16:08:04.852808
50105,0.021,2.1,Low,0,2026-09-09 16:08:04.852808
50106,0.2787,27.87,Low,0,2026-09-09 16:08:04.852808
50107,0.1739,17.39,Low,0,2026-09-09 16:08:04.852808
50108,0.1731,17.31,Low,0,2026-09-09 16:08:04.852808
50109,0.7535,75.35,Medium,1,2026-09-09 16:08:04.852808
50110,0.2155,21.55,Low,0,2026-09-09 16:08:04.852808
50111,0.2277,22.77,Low,0,2026-09-09 16:08:04.852808
50112,0.4881,48.81,Low,0,2026-09-09 16:08:04.852808
50113,0.0516,5.16,Low,0,2026-09-09 16:08:04.852808
50114,0.0964,9.64,Low,0,2026-09-09 16:08:04.852808
50115,0.2152,21.52,Low,0,2026-09-09 16:08:04.852808
50116,0.1209,12.09,Low,0,2026-09-09 16:08:04.852808
50117,0.3072,30.72,Low,0,2026-09-09 16:08:04.852808
50118,0.0894,8.94,Low,0,2026-09-09 16:08:04.852808
50119,0.0805,8.05,Low,0,2026-09-09 16:08:04.852808
50120,0.2576,25.76,Low,0,2026-09-09 16:08:04.852808
50121,0.3107,31.07,Low,0,2026-09-09 16:08:04.852808
50122,0.1241,12.41,Low,0,2026-09-09 16:08:04.852808
50123,0.1324,13.24,Low,0,2026-09-09 16:08:04.852808
50124,0.3602,36.02,Low,0,2026-09-09 16:08:04.852808
50125,0.1939,19.39,Low,0,2026-09-09 16:08:04.852808
50126,0.2449,24.49,Low,0,2026-09-09 16:08:04.852808
50127,0.0309,3.09,Low,0,2026-09-09 16:08:04.852808
50128,0.0508,5.08,Low,0,2026-09-09 16:08:04.852808
50129,0.9117,91.17,High,1,2026-09-09 16:08:04.852808
50130,0.1747,17.47,Low,0,2026-09-09 16:08:04.852808
50131,0.5687,56.87,Medium,1,2026-09-09 16:08:04.852808
50132,0.7383,73.83,Medium,1,2026-09-09 16:08:04.852808
50133,0.3522,35.22,Low,0,2026-09-09 16:08:04.852808
50134,0.9144,91.44,High,1,2026-09-09 16:08:04.852808
50135,0.1228,12.28,Low,0,2026-09-09 16:08:04.852808
50136,0.27,27.0,Low,0,2026-09-09 16:08:04.852808
50137,0.5794,57.94,Medium,1,2026-09-09 16:08:04.852808
50138,0.0997,9.97,Low,0,2026-09-09 16:08:04.852808
50139,0.3205,32.05,Low,0,2026-09-09 16:08:04.852808
50140,0.161,16.1,Low,0,2026-09-09 16:08:04.852808
50141,0.3115,31.15,Low,0,2026-09-09 16:08:04.852808
50142,0.2666,26.66,Low,0,2026-09-09 16:08:04.852808
50143,0.3118,31.18,Low,0,2026-09-09 16:08:04.852808
50144,0.1867,18.67,Low,0,2026-09-09 16:08:04.852808
50145,0.1495,14.95,Low,0,2026-09-09 16:08:04.852808
50146,0.3182,31.82,Low,0,2026-09-09 16:08:04.852808
50147,0.2882,28.82,Low,0,2026-09-09 16:08:04.852808
50148,0.7345,73.45,Medium,1,2026-09-09 16:08:04.852808
50149,0.8683,86.83,High,1,2026-09-09 16:08:04.852808
50150,0.3143,31.43,Low,0,2026-09-09 16:08:04.852808
50151,0.3193,31.93,Low,0,2026-09-09 16:08:04.852808
50152,0.8473,84.73,High,1,2026-09-09 16:08:04.852808
50153,0.4369,43.69,Low,0,2026-09-09 16:08:04.852808
50154,0.3744,37.44,Low,0,2026-09-09 16:08:04.852808
50155,0.0716,7.16,Low,0,2026-09-09 16:08:04.852808
50156,0.2922,29.22,Low,0,2026-09-09 16:08:04.852808
50157,0.8174,81.74,High,1,2026-09-09 16:08:04.852808
50158,0.154,15.4,Low,0,2026-09-09 16:08:04.852808
50159,0.3915,39.15,Low,0,2026-09-09 16:08:04.852808
50160,0.0247,2.47,Low,0,2026-09-09 16:08:04.852808
50161,0.2153,21.53,Low,0,2026-09-09 16:08:04.852808
50162,0.3477,34.77,Low,0,2026-09-09 16:08:04.852808
50163,0.4231,42.31,Low,0,2026-09-09 16:08:04.852808
50164,0.599,59.9,Medium,1,2026-09-09 16:08:04.852808
50165,0.179,17.9,Low,0,2026-09-09 16:08:04.852808
50166,0.1777,17.77,Low,0,2026-09-09 16:08:04.852808
50167,0.5532,55.32,Medium,1,2026-09-09 16:08:04.852808
50168,0.3413,34.13,Low,0,2026-09-09 16:08:04.852808
50169,0.6864,68.64,Medium,1,2026-09-09 16:08:04.852808
50170,0.258,25.8,Low,0,2026-09-09 16:08:04.852808
50171,0.5258,52.58,Medium,1,2026-09-09 16:08:04.852808
50172,0.8619,86.19,High,1,2026-09-09 16:08:04.852808
50173,0.2445,24.45,Low,0,2026-09-09 16:08:04.852808
50174,0.4229,42.29,Low,0,2026-09-09 16:08:04.852808
50175,0.175,17.5,Low,0,2026-09-09 16:08:04.852808
50176,0.1988,19.88,Low,0,2026-09-09 16:08:04.852808
50177,0.24,24.0,Low,0,2026-09-09 16:08:04.852808
50178,0.4097,40.97,Low,0,2026-09-09 16:08:04.852808
50179,0.062,6.2,Low,0,2026-09-09 16:08:04.852808
50180,0.4178,41.78,Low,0,2026-09-09 16:08:04.852808
50181,0.5169,51.69,Medium,1,2026-09-09 16:08:04.852808
50182,0.2926,29.26,Low,0,2026-09-09 16:08:04.852808
50183,0.268,26.8,Low,0,2026-09-09 16:08:04.852808
50184,0.1857,18.57,Low,0,2026-09-09 16:08:04.852808
50185,0.9046,90.46,High,1,2026-09-09 16:08:04.852808
50186,0.7522,75.22,Medium,1,2026-09-09 16:08:04.852808
50187,0.8836,88.36,High,1,2026-09-09 16:08:04.852808
50188,0.4226,42.26,Low,0,2026-09-09 16:08:04.852808
50189,0.2951,29.51,Low,0,2026-09-09 16:08:04.852808
50190,0.3241,32.41,Low,0,2026-09-09 16:08:04.852808
50191,0.8629,86.29,High,1,2026-09-09 16:08:04.852808
50192,0.0253,2.53,Low,0,2026-09-09 16:08:04.852808
50193,0.0758,7.58,Low,0,2026-09-09 16:08:04.852808
50194,0.5151,51.51,Medium,1,2026-09-09 16:08:04.852808
50195,0.2361,23.61,Low,0,2026-09-09 16:08:04.852808
50196,0.1985,19.85,Low,0,2026-09-09 16:08:04.852808
50197,0.2114,21.14,Low,0,2026-09-09 16:08:04.852808
50198,0.847,84.7,High,1,2026-09-09 16:08:04.852808
50199,0.0999,9.99,Low,0,2026-09-09 16:08:04.852808
50200,0.1004,10.04,Low,0,2026-09-09 16:08:04.852808
50201,0.8411,84.11,High,1,2026-09-09 16:08:04.852808
50202,0.3072,30.72,Low,0,2026-09-09 16:08:04.852808
50203,0.4266,42.66,Low,0,2026-09-09 16:08:04.852808
50204,0.1426,14.26,Low,0,2026-09-09 16:08:04.852808
50205,0.5912,59.12,Medium,1,2026-09-09 16:08:04.852808
50206,0.8729,87.29,High,1,2026-09-09 16:08:04.852808
50207,0.292,29.2,Low,0,2026-09-09 16:08:04.852808
50208,0.1176,11.76,Low,0,2026-09-09 16:08:04.852808
50209,0.1939,19.39,Low,0,2026-09-09 16:08:04.852808
50210,0.2772,27.72,Low,0,2026-09-09 16:08:04.852808
50211,0.7827,78.27,Medium,1,2026-09-09 16:08:04.852808
50212,0.3087,30.87,Low,0,2026-09-09 16:08:04.852808
50213,0.0628,6.28,Low,0,2026-09-09 16:08:04.852808
50214,0.7634,76.34,Medium,1,2026-09-09 16:08:04.852808
50215,0.0486,4.86,Low,0,2026-09-09 16:08:04.852808
50216,0.3599,35.99,Low,0,2026-09-09 16:08:04.852808
50217,0.3865,38.65,Low,0,2026-09-09 16:08:04.852808
50218,0.0835,8.35,Low,0,2026-09-09 16:08:04.852808
50219,0.2212,22.12,Low,0,2026-09-09 16:08:04.852808
50220,0.1648,16.48,Low,0,2026-09-09 16:08:04.852808
50221,0.1786,17.86,Low,0,2026-09-09 16:08:04.852808
50222,0.1545,15.45,Low,0,2026-09-09 16:08:04.852808
50223,0.8923,89.23,High,1,2026-09-09 16:08:04.852808
50224,0.1174,11.74,Low,0,2026-09-09 16:08:04.852808
50225,0.4922,49.22,Low,0,2026-09-09 16:08:04.852808
50226,0.8786,87.86,High,1,2026-09-09 16:08:04.852808
50227,0.1704,17.04,Low,0,2026-09-09 16:08:04.852808
50228,0.1926,19.26,Low,0,2026-09-09 16:08:04.852808
50229,0.2276,22.76,Low,0,2026-09-09 16:08:04.852808
50230,0.7778,77.78,Medium,1,2026-09-09 16:08:04.852808
50231,0.1906,19.06,Low,0,2026-09-09 16:08:04.852808
50232,0.573,57.3,Medium,1,2026-09-09 16:08:04.852808
50233,0.2359,23.59,Low,0,2026-09-09 16:08:04.852808
50234,0.241,24.1,Low,0,2026-09-09 16:08:04.852808
50235,0.2015,20.15,Low,0,2026-09-09 16:08:04.852808
50236,0.075,7.5,Low,0,2026-09-09 16:08:04.852808
50237,0.5207,52.07,Medium,1,2026-09-09 16:08:04.852808
50238,0.3408,34.08,Low,0,2026-09-09 16:08:04.852808
50239,0.1368,13.68,Low,0,2026-09-09 16:08:04.852808
50240,0.2572,25.72,Low,0,2026-09-09 16:08:04.852808
50241,0.0702,7.02,Low,0,2026-09-09 16:08:04.852808
50242,0.0876,8.76,Low,0,2026-09-09 16:08:04.852808
50243,0.2103,21.03,Low,0,2026-09-09 16:08:04.852808
50244,0.5073,50.73,Medium,1,2026-09-09 16:08:04.852808
50245,0.4687,46.87,Low,0,2026-09-09 16:08:04.852808
50246,0.1096,10.96,Low,0,2026-09-09 16:08:04.852808
50247,0.1528,15.28,Low,0,2026-09-09 16:08:04.852808
50248,0.0777,7.77,Low,0,2026-09-09 16:08:04.852808
50249,0.033,3.3,Low,0,2026-09-09 16:08:04.852808
50250,0.0425,4.25,Low,0,2026-09-09 16:08:04.852808
50251,0.2481,24.81,Low,0,2026-09-09 16:08:04.852808
50252,0.2524,25.24,Low,0,2026-09-09 16:08:04.852808
50253,0.1539,15.39,Low,0,2026-09-09 16:08:04.852808
50254,0.4512,45.12,Low,0,2026-09-09 16:08:04.852808
50255,0.3236,32.36,Low,0,2026-09-09 16:08:04.852808
50256,0.1568,15.68,Low,0,2026-09-09 16:08:04.852808
50257,0.0847,8.47,Low,0,2026-09-09 16:08:04.852808
50258,0.1706,17.06,Low,0,2026-09-09 16:08:04.852808
50259,0.2663,26.63,Low,0,2026-09-09 16:08:04.852808
50260,0.2097,20.97,Low,0,2026-09-09 16:08:04.852808
50261,0.1791,17.91,Low,0,2026-09-09 16:08:04.852808
50262,0.0563,5.63,Low,0,2026-09-09 16:08:04.852808
50263,0.5292,52.92,Medium,1,2026-09-09 16:08:04.852808
50264,0.1332,13.32,Low,0,2026-09-09 16:08:04.852808
50265,0.1307,13.07,Low,0,2026-09-09 16:08:04.852808
50266,0.2571,25.71,Low,0,2026-09-09 16:08:04.852808
50267,0.534,53.4,Medium,1,2026-09-09 16:08:04.852808
50268,0.3651,36.51,Low,0,2026-09-09 16:08:04.852808
50269,0.162,16.2,Low,0,2026-09-09 16:08:04.852808
50270,0.3016,30.16,Low,0,2026-09-09 16:08:04.852808
50271,0.0939,9.39,Low,0,2026-09-09 16:08:04.852808
50272,0.1961,19.61,Low,0,2026-09-09 16:08:04.852808
50273,0.0898,8.98,Low,0,2026-09-09 16:08:04.852808
50274,0.0652,6.52,Low,0,2026-09-09 16:08:04.852808
50275,0.2777,27.77,Low,0,2026-09-09 16:08:04.852808
50276,0.5158,51.58,Medium,1,2026-09-09 16:08:04.852808
50277,0.1368,13.68,Low,0,2026-09-09 16:08:04.852808
50278,0.3485,34.85,Low,0,2026-09-09 16:08:04.852808
50279,0.1189,11.89,Low,0,2026-09-09 16:08:04.852808
50280,0.8135,81.35,High,1,2026-09-09 16:08:04.852808
50281,0.1368,13.68,Low,0,2026-09-09 16:08:04.852808
50282,0.4123,41.23,Low,0,2026-09-09 16:08:04.852808
50283,0.2797,27.97,Low,0,2026-09-09 16:08:04.852808
50284,0.4628,46.28,Low,0,2026-09-09 16:08:04.852808
50285,0.6384,63.84,Medium,1,2026-09-09 16:08:04.852808
50286,0.232,23.2,Low,0,2026-09-09 16:08:04.852808
50287,0.1959,19.59,Low,0,2026-09-09 16:08:04.852808
50288,0.384,38.4,Low,0,2026-09-09 16:08:04.852808
50289,0.3583,35.83,Low,0,2026-09-09 16:08:04.852808
50290,0.2844,28.44,Low,0,2026-09-09 16:08:04.852808
50291,0.2332,23.32,Low,0,2026-09-09 16:08:04.852808
50292,0.2908,29.08,Low,0,2026-09-09 16:08:04.852808
50293,0.0558,5.58,Low,0,2026-09-09 16:08:04.852808
50294,0.3528,35.28,Low,0,2026-09-09 16:08:04.852808
50295,0.3964,39.64,Low,0,2026-09-09 16:08:04.852808
50296,0.2628,26.28,Low,0,2026-09-09 16:08:04.852808
50297,0.1052,10.52,Low,0,2026-09-09 16:08:04.852808
50298,0.8887,88.87,High,1,2026-09-09 16:08:04.852808
50299,0.0794,7.94,Low,0,2026-09-09 16:08:04.852808
50300,0.2359,23.59,Low,0,2026-09-09 16:08:04.852808
50301,0.2598,25.98,Low,0,2026-09-09 16:08:04.852808
50302,0.552,55.2,Medium,1,2026-09-09 16:08:04.852808
50303,0.313,31.3,Low,0,2026-09-09 16:08:04.852808
50304,0.2747,27.47,Low,0,2026-09-09 16:08:04.852808
50305,0.1899,18.99,Low,0,2026-09-09 16:08:04.852808
50306,0.1038,10.38,Low,0,2026-09-09 16:08:04.852808
50307,0.1962,19.62,Low,0,2026-09-09 16:08:04.852808
50308,0.3218,32.18,Low,0,2026-09-09 16:08:04.852808
50309,0.0552,5.52,Low,0,2026-09-09 16:08:04.852808
50310,0.2752,27.52,Low,0,2026-09-09 16:08:04.852808
50311,0.361,36.1,Low,0,2026-09-09 16:08:04.852808
50312,0.6615,66.15,Medium,1,2026-09-09 16:08:04.852808
50313,0.2641,26.41,Low,0,2026-09-09 16:08:04.852808
50314,0.1733,17.33,Low,0,2026-09-09 16:08:04.852808
50315,0.8354,83.54,High,1,2026-09-09 16:08:04.852808
50316,0.1242,12.42,Low,0,2026-09-09 16:08:04.852808
50317,0.8287,82.87,High,1,2026-09-09 16:08:04.852808
50318,0.4543,45.43,Low,0,2026-09-09 16:08:04.852808
50319,0.2133,21.33,Low,0,2026-09-09 16:08:04.852808
50320,0.791,79.1,Medium,1,2026-09-09 16:08:04.852808
50321,0.1078,10.78,Low,0,2026-09-09 16:08:04.852808
50322,0.0972,9.72,Low,0,2026-09-09 16:08:04.852808
50323,0.2627,26.27,Low,0,2026-09-09 16:08:04.852808
50324,0.3472,34.72,Low,0,2026-09-09 16:08:04.852808
50325,0.0137,1.37,Low,0,2026-09-09 16:08:04.852808
50326,0.0516,5.16,Low,0,2026-09-09 16:08:04.852808
50327,0.2052,20.52,Low,0,2026-09-09 16:08:04.852808
50328,0.8095,80.95,High,1,2026-09-09 16:08:04.852808
50329,0.202,20.2,Low,0,2026-09-09 16:08:04.852808
50330,0.4146,41.46,Low,0,2026-09-09 16:08:04.852808
50331,0.3479,34.79,Low,0,2026-09-09 16:08:04.852808
50332,0.7829,78.29,Medium,1,2026-09-09 16:08:04.852808
50333,0.4217,42.17,Low,0,2026-09-09 16:08:04.852808
50334,0.4488,44.88,Low,0,2026-09-09 16:08:04.852808
50335,0.2683,26.83,Low,0,2026-09-09 16:08:04.852808
50336,0.2779,27.79,Low,0,2026-09-09 16:08:04.852808
50337,0.0173,1.73,Low,0,2026-09-09 16:08:04.852808
50338,0.112,11.2,Low,0,2026-09-09 16:08:04.852808
50339,0.2536,25.36,Low,0,2026-09-09 16:08:04.852808
50340,0.466,46.6,Low,0,2026-09-09 16:08:04.852808
50341,0.2922,29.22,Low,0,2026-09-09 16:08:04.852808
50342,0.3227,32.27,Low,0,2026-09-09 16:08:04.852808
50343,0.3111,31.11,Low,0,2026-09-09 16:08:04.852808
50344,0.8995,89.95,High,1,2026-09-09 16:08:04.852808
50345,0.2653,26.53,Low,0,2026-09-09 16:08:04.852808
50346,0.1591,15.91,Low,0,2026-09-09 16:08:04.852808
50347,0.3654,36.54,Low,0,2026-09-09 16:08:04.852808
50348,0.3697,36.97,Low,0,2026-09-09 16:08:04.852808
50349,0.1716,17.16,Low,0,2026-09-09 16:08:04.852808
50350,0.09,9.0,Low,0,2026-09-09 16:08:04.852808
50351,0.8103,81.03,High,1,2026-09-09 16:08:04.852808
50352,0.0244,2.44,Low,0,2026-09-09 16:08:04.852808
50353,0.0867,8.67,Low,0,2026-09-09 16:08:04.852808
50354,0.6598,65.98,Medium,1,2026-09-09 16:08:04.852808
50355,0.2283,22.83,Low,0,2026-09-09 16:08:04.852808
50356,0.2433,24.33,Low,0,2026-09-09 16:08:04.852808
50357,0.5311,53.11,Medium,1,2026-09-09 16:08:04.852808
50358,0.4701,47.01,Low,0,2026-09-09 16:08:04.852808
50359,0.2398,23.98,Low,0,2026-09-09 16:08:04.852808
50360,0.4494,44.94,Low,0,2026-09-09 16:08:04.852808
50361,0.3655,36.55,Low,0,2026-09-09 16:08:04.852808
50362,0.4374,43.74,Low,0,2026-09-09 16:08:04.852808
50363,0.2531,25.31,Low,0,2026-09-09 16:08:04.852808
50364,0.2005,20.05,Low,0,2026-09-09 16:08:04.852808
50365,0.1515,15.15,Low,0,2026-09-09 16:08:04.852808
50366,0.3526,35.26,Low,0,2026-09-09 16:08:04.852808
50367,0.0686,6.86,Low,0,2026-09-09 16:08:04.852808
50368,0.0881,8.81,Low,0,2026-09-09 16:08:04.852808
50369,0.2577,25.77,Low,0,2026-09-09 16:08:04.852808
50370,0.313,31.3,Low,0,2026-09-09 16:08:04.852808
50371,0.4411,44.11,Low,0,2026-09-09 16:08:04.852808
50372,0.8147,81.47,High,1,2026-09-09 16:08:04.852808
50373,0.1848,18.48,Low,0,2026-09-09 16:08:04.852808
50374,0.829,82.9,High,1,2026-09-09 16:08:04.852808
50375,0.3311,33.11,Low,0,2026-09-09 16:08:04.852808
50376,0.5035,50.35,Medium,1,2026-09-09 16:08:04.852808
50377,0.0496,4.96,Low,0,2026-09-09 16:08:04.852808
50378,0.7018,70.18,Medium,1,2026-09-09 16:08:04.852808
50379,0.1027,10.27,Low,0,2026-09-09 16:08:04.852808
50380,0.2855,28.55,Low,0,2026-09-09 16:08:04.852808
50381,0.4379,43.79,Low,0,2026-09-09 16:08:04.852808
50382,0.2569,25.69,Low,0,2026-09-09 16:08:04.852808
50383,0.1547,15.47,Low,0,2026-09-09 16:08:04.852808
50384,0.1368,13.68,Low,0,2026-09-09 16:08:04.852808
50385,0.072,7.2,Low,0,2026-09-09 16:08:04.852808
50386,0.0902,9.02,Low,0,2026-09-09 16:08:04.852808
50387,0.3403,34.03,Low,0,2026-09-09 16:08:04.852808
50388,0.2251,22.51,Low,0,2026-09-09 16:08:04.852808
50389,0.0652,6.52,Low,0,2026-09-09 16:08:04.852808
50390,0.1467,14.67,Low,0,2026-09-09 16:08:04.852808
50391,0.036,3.6,Low,0,2026-09-09 16:08:04.852808
50392,0.3406,34.06,Low,0,2026-09-09 16:08:04.852808
50393,0.4375,43.75,Low,0,2026-09-09 16:08:04.852808
50394,0.2484,24.84,Low,0,2026-09-09 16:08:04.852808
50395,0.6905,69.05,Medium,1,2026-09-09 16:08:04.852808
50396,0.2214,22.14,Low,0,2026-09-09 16:08:04.852808
50397,0.1075,10.75,Low,0,2026-09-09 16:08:04.852808
50398,0.5787,57.87,Medium,1,2026-09-09 16:08:04.852808
50399,0.2764,27.64,Low,0,2026-09-09 16:08:04.852808
50400,0.132,13.2,Low,0,2026-09-09 16:08:04.852808
50401,0.4547,45.47,Low,0,2026-09-09 16:08:04.852808
50402,0.0688,6.88,Low,0,2026-09-09 16:08:04.852808
50403,0.5019,50.19,Medium,1,2026-09-09 16:08:04.852808
50404,0.1349,13.49,Low,0,2026-09-09 16:08:04.852808
50405,0.4672,46.72,Low,0,2026-09-09 16:08:04.852808
50406,0.2146,21.46,Low,0,2026-09-09 16:08:04.852808
50407,0.1599,15.99,Low,0,2026-09-09 16:08:04.852808
50408,0.4435,44.35,Low,0,2026-09-09 16:08:04.852808
50409,0.1338,13.38,Low,0,2026-09-09 16:08:04.852808
50410,0.7555,75.55,Medium,1,2026-09-09 16:08:04.852808
50411,0.6334,63.34,Medium,1,2026-09-09 16:08:04.852808
50412,0.1358,13.58,Low,0,2026-09-09 16:08:04.852808
50413,0.0967,9.67,Low,0,2026-09-09 16:08:04.852808
50414,0.427,42.7,Low,0,2026-09-09 16:08:04.852808
50415,0.4649,46.49,Low,0,2026-09-09 16:08:04.852808
50416,0.2701,27.01,Low,0,2026-09-09 16:08:04.852808
50417,0.3149,31.49,Low,0,2026-09-09 16:08:04.852808
50418,0.3285,32.85,Low,0,2026-09-09 16:08:04.852808
50419,0.3286,32.86,Low,0,2026-09-09 16:08:04.852808
50420,0.3877,38.77,Low,0,2026-09-09 16:08:04.852808
50421,0.0921,9.21,Low,0,2026-09-09 16:08:04.852808
50422,0.1023,10.23,Low,0,2026-09-09 16:08:04.852808
50423,0.1302,13.02,Low,0,2026-09-09 16:08:04.852808
50424,0.3428,34.28,Low,0,2026-09-09 16:08:04.852808
50425,0.3244,32.44,Low,0,2026-09-09 16:08:04.852808
50426,0.2535,25.35,Low,0,2026-09-09 16:08:04.852808
50427,0.1547,15.47,Low,0,2026-09-09 16:08:04.852808
50428,0.1086,10.86,Low,0,2026-09-09 16:08:04.852808
50429,0.198,19.8,Low,0,2026-09-09 16:08:04.852808
50430,0.3227,32.27,Low,0,2026-09-09 16:08:04.852808
50431,0.1587,15.87,Low,0,2026-09-09 16:08:04.852808
50432,0.0702,7.02,Low,0,2026-09-09 16:08:04.852808
50433,0.2989,29.89,Low,0,2026-09-09 16:08:04.852808
50434,0.2063,20.63,Low,0,2026-09-09 16:08:04.852808
50435,0.2711,27.11,Low,0,2026-09-09 16:08:04.852808
50436,0.325,32.5,Low,0,2026-09-09 16:08:04.852808
50437,0.286,28.6,Low,0,2026-09-09 16:08:04.852808
50438,0.8762,87.62,High,1,2026-09-09 16:08:04.852808
50439,0.132,13.2,Low,0,2026-09-09 16:08:04.852808
50440,0.3702,37.02,Low,0,2026-09-09 16:08:04.852808
50441,0.8466,84.66,High,1,2026-09-09 16:08:04.852808
50442,0.0661,6.61,Low,0,2026-09-09 16:08:04.852808
50443,0.167,16.7,Low,0,2026-09-09 16:08:04.852808
50444,0.3386,33.86,Low,0,2026-09-09 16:08:04.852808
50445,0.2561,25.61,Low,0,2026-09-09 16:08:04.852808
50446,0.0357,3.57,Low,0,2026-09-09 16:08:04.852808
50447,0.1562,15.62,Low,0,2026-09-09 16:08:04.852808
50448,0.163,16.3,Low,0,2026-09-09 16:08:04.852808
50449,0.5168,51.68,Medium,1,2026-09-09 16:08:04.852808
50450,0.7895,78.95,Medium,1,2026-09-09 16:08:04.852808
50451,0.3204,32.04,Low,0,2026-09-09 16:08:04.852808
50452,0.258,25.8,Low,0,2026-09-09 16:08:04.852808
50453,0.5148,51.48,Medium,1,2026-09-09 16:08:04.852808
50454,0.0957,9.57,Low,0,2026-09-09 16:08:04.852808
50455,0.8921,89.21,High,1,2026-09-09 16:08:04.852808
50456,0.3213,32.13,Low,0,2026-09-09 16:08:04.852808
50457,0.2253,22.53,Low,0,2026-09-09 16:08:04.852808
50458,0.3606,36.06,Low,0,2026-09-09 16:08:04.852808
50459,0.416,41.6,Low,0,2026-09-09 16:08:04.852808
50460,0.7678,76.78,Medium,1,2026-09-09 16:08:04.852808
50461,0.3977,39.77,Low,0,2026-09-09 16:08:04.852808
50462,0.8546,85.46,High,1,2026-09-09 16:08:04.852808
50463,0.3022,30.22,Low,0,2026-09-09 16:08:04.852808
50464,0.1679,16.79,Low,0,2026-09-09 16:08:04.852808
50465,0.124,12.4,Low,0,2026-09-09 16:08:04.852808
50466,0.166,16.6,Low,0,2026-09-09 16:08:04.852808
50467,0.2688,26.88,Low,0,2026-09-09 16:08:04.852808
50468,0.045,4.5,Low,0,2026-09-09 16:08:04.852808
50469,0.8722,87.22,High,1,2026-09-09 16:08:04.852808
50470,0.1429,14.29,Low,0,2026-09-09 16:08:04.852808
50471,0.7666,76.66,Medium,1,2026-09-09 16:08:04.852808
50472,0.2033,20.33,Low,0,2026-09-09 16:08:04.852808
50473,0.2413,24.13,Low,0,2026-09-09 16:08:04.852808
50474,0.2613,26.13,Low,0,2026-09-09 16:08:04.852808
50475,0.6952,69.52,Medium,1,2026-09-09 16:08:04.852808
50476,0.0222,2.22,Low,0,2026-09-09 16:08:04.852808
50477,0.6631,66.31,Medium,1,2026-09-09 16:08:04.852808
50478,0.1517,15.17,Low,0,2026-09-09 16:08:04.852808
50479,0.1013,10.13,Low,0,2026-09-09 16:08:04.852808
50480,0.2532,25.32,Low,0,2026-09-09 16:08:04.852808
50481,0.1076,10.76,Low,0,2026-09-09 16:08:04.852808
50482,0.2581,25.81,Low,0,2026-09-09 16:08:04.852808
50483,0.2287,22.87,Low,0,2026-09-09 16:08:04.852808
50484,0.2245,22.45,Low,0,2026-09-09 16:08:04.852808
50485,0.3056,30.56,Low,0,2026-09-09 16:08:04.852808
50486,0.1796,17.96,Low,0,2026-09-09 16:08:04.852808
50487,0.3195,31.95,Low,0,2026-09-09 16:08:04.852808
50488,0.6839,68.39,Medium,1,2026-09-09 16:08:04.852808
50489,0.0809,8.09,Low,0,2026-09-09 16:08:04.852808
50490,0.0522,5.22,Low,0,2026-09-09 16:08:04.852808
50491,0.1903,19.03,Low,0,2026-09-09 16:08:04.852808
50492,0.6162,61.62,Medium,1,2026-09-09 16:08:04.852808
50493,0.2315,23.15,Low,0,2026-09-09 16:08:04.852808
50494,0.2691,26.91,Low,0,2026-09-09 16:08:04.852808
50495,0.1824,18.24,Low,0,2026-09-09 16:08:04.852808
50496,0.3485,34.85,Low,0,2026-09-09 16:08:04.852808
50497,0.3803,38.03,Low,0,2026-09-09 16:08:04.852808
50498,0.223,22.3,Low,0,2026-09-09 16:08:04.852808
50499,0.0794,7.94,Low,0,2026-09-09 16:08:04.852808
50500,0.0785,7.85,Low,0,2026-09-09 16:08:04.852808
50501,0.2925,29.25,Low,0,2026-09-09 16:08:04.852808
50502,0.1263,12.63,Low,0,2026-09-09 16:08:04.852808
50503,0.4733,47.33,Low,0,2026-09-09 16:08:04.852808
50504,0.1005,10.05,Low,0,2026-09-09 16:08:04.852808
50505,0.2481,24.81,Low,0,2026-09-09 16:08:04.852808
50506,0.1577,15.77,Low,0,2026-09-09 16:08:04.852808
50507,0.093,9.3,Low,0,2026-09-09 16:08:04.852808
50508,0.2087,20.87,Low,0,2026-09-09 16:08:04.852808
50509,0.1007,10.07,Low,0,2026-09-09 16:08:04.852808
50510,0.0885,8.85,Low,0,2026-09-09 16:08:04.852808
50511,0.2463,24.63,Low,0,2026-09-09 16:08:04.852808
50512,0.3304,33.04,Low,0,2026-09-09 16:08:04.852808
50513,0.1299,12.99,Low,0,2026-09-09 16:08:04.852808
50514,0.0353,3.53,Low,0,2026-09-09 16:08:04.852808
50515,0.5218,52.18,Medium,1,2026-09-09 16:08:04.852808
50516,0.1475,14.75,Low,0,2026-09-09 16:08:04.852808
50517,0.254,25.4,Low,0,2026-09-09 16:08:04.852808
50518,0.0855,8.55,Low,0,2026-09-09 16:08:04.852808
50519,0.1585,15.85,Low,0,2026-09-09 16:08:04.852808
50520,0.3709,37.09,Low,0,2026-09-09 16:08:04.852808
50521,0.4347,43.47,Low,0,2026-09-09 16:08:04.852808
50522,0.9111,91.11,High,1,2026-09-09 16:08:04.852808
50523,0.1148,11.48,Low,0,2026-09-09 16:08:04.852808
50524,0.1384,13.84,Low,0,2026-09-09 16:08:04.852808
50525,0.0943,9.43,Low,0,2026-09-09 16:08:04.852808
50526,0.2834,28.34,Low,0,2026-09-09 16:08:04.852808
50527,0.1141,11.41,Low,0,2026-09-09 16:08:04.852808
50528,0.3859,38.59,Low,0,2026-09-09 16:08:04.852808
50529,0.4767,47.67,Low,0,2026-09-09 16:08:04.852808
50530,0.038,3.8,Low,0,2026-09-09 16:08:04.852808
50531,0.3043,30.43,Low,0,2026-09-09 16:08:04.852808
50532,0.0781,7.81,Low,0,2026-09-09 16:08:04.852808
50533,0.1713,17.13,Low,0,2026-09-09 16:08:04.852808
50534,0.2223,22.23,Low,0,2026-09-09 16:08:04.852808
50535,0.0844,8.44,Low,0,2026-09-09 16:08:04.852808
50536,0.0538,5.38,Low,0,2026-09-09 16:08:04.852808
50537,0.0838,8.38,Low,0,2026-09-09 16:08:04.852808
50538,0.2589,25.89,Low,0,2026-09-09 16:08:04.852808
50539,0.8796,87.96,High,1,2026-09-09 16:08:04.852808
50540,0.7193,71.93,Medium,1,2026-09-09 16:08:04.852808
50541,0.0614,6.14,Low,0,2026-09-09 16:08:04.852808
50542,0.8229,82.29,High,1,2026-09-09 16:08:04.852808
50543,0.1552,15.52,Low,0,2026-09-09 16:08:04.852808
50544,0.2848,28.48,Low,0,2026-09-09 16:08:04.852808
50545,0.199,19.9,Low,0,2026-09-09 16:08:04.852808
50546,0.388,38.8,Low,0,2026-09-09 16:08:04.852808
50547,0.6873,68.73,Medium,1,2026-09-09 16:08:04.852808
50548,0.3483,34.83,Low,0,2026-09-09 16:08:04.852808
50549,0.4277,42.77,Low,0,2026-09-09 16:08:04.852808
50550,0.1466,14.66,Low,0,2026-09-09 16:08:04.852808
50551,0.2284,22.84,Low,0,2026-09-09 16:08:04.852808
50552,0.1241,12.41,Low,0,2026-09-09 16:08:04.852808
50553,0.1496,14.96,Low,0,2026-09-09 16:08:04.852808
50554,0.8727,87.27,High,1,2026-09-09 16:08:04.852808
50555,0.1549,15.49,Low,0,2026-09-09 16:08:04.852808
50556,0.344,34.4,Low,0,2026-09-09 16:08:04.852808
50557,0.8194,81.94,High,1,2026-09-09 16:08:04.852808
50558,0.3522,35.22,Low,0,2026-09-09 16:08:04.852808
50559,0.0881,8.81,Low,0,2026-09-09 16:08:04.852808
50560,0.7876,78.76,Medium,1,2026-09-09 16:08:04.852808
50561,0.1549,15.49,Low,0,2026-09-09 16:08:04.852808
50562,0.282,28.2,Low,0,2026-09-09 16:08:04.852808
50563,0.2386,23.86,Low,0,2026-09-09 16:08:04.852808
50564,0.2138,21.38,Low,0,2026-09-09 16:08:04.852808
50565,0.3738,37.38,Low,0,2026-09-09 16:08:04.852808
50566,0.2576,25.76,Low,0,2026-09-09 16:08:04.852808
50567,0.2653,26.53,Low,0,2026-09-09 16:08:04.852808
50568,0.8314,83.14,High,1,2026-09-09 16:08:04.852808
50569,0.0327,3.27,Low,0,2026-09-09 16:08:04.852808
50570,0.8385,83.85,High,1,2026-09-09 16:08:04.852808
50571,0.2372,23.72,Low,0,2026-09-09 16:08:04.852808
50572,0.1345,13.45,Low,0,2026-09-09 16:08:04.852808
50573,0.3771,37.71,Low,0,2026-09-09 16:08:04.852808
50574,0.8514,85.14,High,1,2026-09-09 16:08:04.852808
50575,0.0969,9.69,Low,0,2026-09-09 16:08:04.852808
50576,0.1017,10.17,Low,0,2026-09-09 16:08:04.852808
50577,0.246,24.6,Low,0,2026-09-09 16:08:04.852808
50578,0.0512,5.12,Low,0,2026-09-09 16:08:04.852808
50579,0.3048,30.48,Low,0,2026-09-09 16:08:04.852808
50580,0.6916,69.16,Medium,1,2026-09-09 16:08:04.852808
50581,0.3744,37.44,Low,0,2026-09-09 16:08:04.852808
50582,0.1196,11.96,Low,0,2026-09-09 16:08:04.852808
50583,0.75,75.0,Medium,1,2026-09-09 16:08:04.852808
50584,0.2204,22.04,Low,0,2026-09-09 16:08:04.852808
50585,0.4225,42.25,Low,0,2026-09-09 16:08:04.852808
50586,0.2105,21.05,Low,0,2026-09-09 16:08:04.852808
50587,0.2062,20.62,Low,0,2026-09-09 16:08:04.852808
50588,0.2853,28.53,Low,0,2026-09-09 16:08:04.852808
50589,0.2487,24.87,Low,0,2026-09-09 16:08:04.852808
50590,0.247,24.7,Low,0,2026-09-09 16:08:04.852808
50591,0.822,82.2,High,1,2026-09-09 16:08:04.852808
50592,0.2686,26.86,Low,0,2026-09-09 16:08:04.852808
50593,0.5647,56.47,Medium,1,2026-09-09 16:08:04.852808
50594,0.2468,24.68,Low,0,2026-09-09 16:08:04.852808
50595,0.1756,17.56,Low,0,2026-09-09 16:08:04.852808
50596,0.3322,33.22,Low,0,2026-09-09 16:08:04.852808
50597,0.1205,12.05,Low,0,2026-09-09 16:08:04.852808
50598,0.509,50.9,Medium,1,2026-09-09 16:08:04.852808
50599,0.2595,25.95,Low,0,2026-09-09 16:08:04.852808
50600,0.4799,47.99,Low,0,2026-09-09 16:08:04.852808
50601,0.2028,20.28,Low,0,2026-09-09 16:08:04.852808
50602,0.8334,83.34,High,1,2026-09-09 16:08:04.852808
50603,0.7729,77.29,Medium,1,2026-09-09 16:08:04.852808
50604,0.2267,22.67,Low,0,2026-09-09 16:08:04.852808
50605,0.8355,83.55,High,1,2026-09-09 16:08:04.852808
50606,0.2489,24.89,Low,0,2026-09-09 16:08:04.852808
50607,0.2108,21.08,Low,0,2026-09-09 16:08:04.852808
50608,0.2681,26.81,Low,0,2026-09-09 16:08:04.852808
50609,0.2402,24.02,Low,0,2026-09-09 16:08:04.852808
50610,0.3583,35.83,Low,0,2026-09-09 16:08:04.852808
50611,0.2792,27.92,Low,0,2026-09-09 16:08:04.852808
50612,0.0559,5.59,Low,0,2026-09-09 16:08:04.852808
50613,0.8421,84.21,High,1,2026-09-09 16:08:04.852808
50614,0.2348,23.48,Low,0,2026-09-09 16:08:04.852808
50615,0.0905,9.05,Low,0,2026-09-09 16:08:04.852808
50616,0.103,10.3,Low,0,2026-09-09 16:08:04.852808
50617,0.4396,43.96,Low,0,2026-09-09 16:08:04.852808
50618,0.3388,33.88,Low,0,2026-09-09 16:08:04.852808
50619,0.0819,8.19,Low,0,2026-09-09 16:08:04.852808
50620,0.2478,24.78,Low,0,2026-09-09 16:08:04.852808
50621,0.3665,36.65,Low,0,2026-09-09 16:08:04.852808
50622,0.1015,10.15,Low,0,2026-09-09 16:08:04.852808
50623,0.32,32.0,Low,0,2026-09-09 16:08:04.852808
50624,0.8022,80.22,High,1,2026-09-09 16:08:04.852808
50625,0.2712,27.12,Low,0,2026-09-09 16:08:04.852808
50626,0.0895,8.95,Low,0,2026-09-09 16:08:04.852808
50627,0.2556,25.56,Low,0,2026-09-09 16:08:04.852808
50628,0.0592,5.92,Low,0,2026-09-09 16:08:04.852808
50629,0.2935,29.35,Low,0,2026-09-09 16:08:04.852808
50630,0.6257,62.57,Medium,1,2026-09-09 16:08:04.852808
50631,0.1579,15.79,Low,0,2026-09-09 16:08:04.852808
50632,0.1741,17.41,Low,0,2026-09-09 16:08:04.852808
50633,0.4635,46.35,Low,0,2026-09-09 16:08:04.852808
50634,0.2395,23.95,Low,0,2026-09-09 16:08:04.852808
50635,0.1341,13.41,Low,0,2026-09-09 16:08:04.852808
50636,0.1639,16.39,Low,0,2026-09-09 16:08:04.852808
50637,0.3562,35.62,Low,0,2026-09-09 16:08:04.852808
50638,0.2203,22.03,Low,0,2026-09-09 16:08:04.852808
50639,0.7548,75.48,Medium,1,2026-09-09 16:08:04.852808
50640,0.2709,27.09,Low,0,2026-09-09 16:08:04.852808
50641,0.3655,36.55,Low,0,2026-09-09 16:08:04.852808
50642,0.3191,31.91,Low,0,2026-09-09 16:08:04.852808
50643,0.7609,76.09,Medium,1,2026-09-09 16:08:04.852808
50644,0.3026,30.26,Low,0,2026-09-09 16:08:04.852808
50645,0.3386,33.86,Low,0,2026-09-09 16:08:04.852808
50646,0.04,4.0,Low,0,2026-09-09 16:08:04.852808
50647,0.2203,22.03,Low,0,2026-09-09 16:08:04.852808
50648,0.1253,12.53,Low,0,2026-09-09 16:08:04.852808
50649,0.132,13.2,Low,0,2026-09-09 16:08:04.852808
50650,0.5915,59.15,Medium,1,2026-09-09 16:08:04.852808
50651,0.5346,53.46,Medium,1,2026-09-09 16:08:04.852808
50652,0.3145,31.45,Low,0,2026-09-09 16:08:04.852808
50653,0.5438,54.38,Medium,1,2026-09-09 16:08:04.852808
50654,0.2205,22.05,Low,0,2026-09-09 16:08:04.852808
50655,0.1555,15.55,Low,0,2026-09-09 16:08:04.852808
50656,0.3317,33.17,Low,0,2026-09-09 16:08:04.852808
50657,0.6226,62.26,Medium,1,2026-09-09 16:08:04.852808
50658,0.4716,47.16,Low,0,2026-09-09 16:08:04.852808
50659,0.273,27.3,Low,0,2026-09-09 16:08:04.852808
50660,0.1377,13.77,Low,0,2026-09-09 16:08:04.852808
50661,0.4661,46.61,Low,0,2026-09-09 16:08:04.852808
50662,0.151,15.1,Low,0,2026-09-09 16:08:04.852808
50663,0.396,39.6,Low,0,2026-09-09 16:08:04.852808
50664,0.2891,28.91,Low,0,2026-09-09 16:08:04.852808
50665,0.2675,26.75,Low,0,2026-09-09 16:08:04.852808
50666,0.4105,41.05,Low,0,2026-09-09 16:08:04.852808
50667,0.3809,38.09,Low,0,2026-09-09 16:08:04.852808
50668,0.4627,46.27,Low,0,2026-09-09 16:08:04.852808
50669,0.2339,23.39,Low,0,2026-09-09 16:08:04.852808
50670,0.5705,57.05,Medium,1,2026-09-09 16:08:04.852808
50671,0.4318,43.18,Low,0,2026-09-09 16:08:04.852808
50672,0.168,16.8,Low,0,2026-09-09 16:08:04.852808
50673,0.2677,26.77,Low,0,2026-09-09 16:08:04.852808
50674,0.5066,50.66,Medium,1,2026-09-09 16:08:04.852808
50675,0.3247,32.47,Low,0,2026-09-09 16:08:04.852808
50676,0.0424,4.24,Low,0,2026-09-09 16:08:04.852808
50677,0.3368,33.68,Low,0,2026-09-09 16:08:04.852808
50678,0.2912,29.12,Low,0,2026-09-09 16:08:04.852808
50679,0.1963,19.63,Low,0,2026-09-09 16:08:04.852808
50680,0.034,3.4,Low,0,2026-09-09 16:08:04.852808
50681,0.1187,11.87,Low,0,2026-09-09 16:08:04.852808
50682,0.326,32.6,Low,0,2026-09-09 16:08:04.852808
50683,0.2456,24.56,Low,0,2026-09-09 16:08:04.852808
50684,0.1932,19.32,Low,0,2026-09-09 16:08:04.852808
50685,0.228,22.8,Low,0,2026-09-09 16:08:04.852808
50686,0.3589,35.89,Low,0,2026-09-09 16:08:04.852808
50687,0.2471,24.71,Low,0,2026-09-09 16:08:04.852808
50688,0.4434,44.34,Low,0,2026-09-09 16:08:04.852808
50689,0.0327,3.27,Low,0,2026-09-09 16:08:04.852808
50690,0.8398,83.98,High,1,2026-09-09 16:08:04.852808
50691,0.2383,23.83,Low,0,2026-09-09 16:08:04.852808
50692,0.2174,21.74,Low,0,2026-09-09 16:08:04.852808
50693,0.3728,37.28,Low,0,2026-09-09 16:08:04.852808
50694,0.4858,48.58,Low,0,2026-09-09 16:08:04.852808
50695,0.8547,85.47,High,1,2026-09-09 16:08:04.852808
50696,0.1637,16.37,Low,0,2026-09-09 16:08:04.852808
50697,0.4855,48.55,Low,0,2026-09-09 16:08:04.852808
50698,0.3712,37.12,Low,0,2026-09-09 16:08:04.852808
50699,0.4781,47.81,Low,0,2026-09-09 16:08:04.852808
50700,0.479,47.9,Low,0,2026-09-09 16:08:04.852808
50701,0.183,18.3,Low,0,2026-09-09 16:08:04.852808
50702,0.3178,31.78,Low,0,2026-09-09 16:08:04.852808
50703,0.2469,24.69,Low,0,2026-09-09 16:08:04.852808
50704,0.7198,71.98,Medium,1,2026-09-09 16:08:04.852808
50705,0.2345,23.45,Low,0,2026-09-09 16:08:04.852808
50706,0.1203,12.03,Low,0,2026-09-09 16:08:04.852808
50707,0.489,48.9,Low,0,2026-09-09 16:08:04.852808
50708,0.0836,8.36,Low,0,2026-09-09 16:08:04.852808
50709,0.2498,24.98,Low,0,2026-09-09 16:08:04.852808
50710,0.2398,23.98,Low,0,2026-09-09 16:08:04.852808
50711,0.0788,7.88,Low,0,2026-09-09 16:08:04.852808
50712,0.1176,11.76,Low,0,2026-09-09 16:08:04.852808
50713,0.4313,43.13,Low,0,2026-09-09 16:08:04.852808
50714,0.2922,29.22,Low,0,2026-09-09 16:08:04.852808
50715,0.2509,25.09,Low,0,2026-09-09 16:08:04.852808
50716,0.15,15.0,Low,0,2026-09-09 16:08:04.852808
50717,0.0981,9.81,Low,0,2026-09-09 16:08:04.852808
50718,0.0663,6.63,Low,0,2026-09-09 16:08:04.852808
50719,0.2677,26.77,Low,0,2026-09-09 16:08:04.852808
50720,0.0772,7.72,Low,0,2026-09-09 16:08:04.852808
50721,0.0655,6.55,Low,0,2026-09-09 16:08:04.852808
50722,0.3105,31.05,Low,0,2026-09-09 16:08:04.852808
50723,0.724,72.4,Medium,1,2026-09-09 16:08:04.852808
50724,0.0967,9.67,Low,0,2026-09-09 16:08:04.852808
50725,0.28,28.0,Low,0,2026-09-09 16:08:04.852808
50726,0.0392,3.92,Low,0,2026-09-09 16:08:04.852808
50727,0.3858,38.58,Low,0,2026-09-09 16:08:04.852808
50728,0.0932,9.32,Low,0,2026-09-09 16:08:04.852808
50729,0.4415,44.15,Low,0,2026-09-09 16:08:04.852808
50730,0.1986,19.86,Low,0,2026-09-09 16:08:04.852808
50731,0.2333,23.33,Low,0,2026-09-09 16:08:04.852808
50732,0.2068,20.68,Low,0,2026-09-09 16:08:04.852808
50733,0.2764,27.64,Low,0,2026-09-09 16:08:04.852808
50734,0.2893,28.93,Low,0,2026-09-09 16:08:04.852808
50735,0.1565,15.65,Low,0,2026-09-09 16:08:04.852808
50736,0.1,10.0,Low,0,2026-09-09 16:08:04.852808
50737,0.7572,75.72,Medium,1,2026-09-09 16:08:04.852808
50738,0.4102,41.02,Low,0,2026-09-09 16:08:04.852808
50739,0.4914,49.14,Low,0,2026-09-09 16:08:04.852808
50740,0.1923,19.23,Low,0,2026-09-09 16:08:04.852808
50741,0.1644,16.44,Low,0,2026-09-09 16:08:04.852808
50742,0.5095,50.95,Medium,1,2026-09-09 16:08:04.852808
50743,0.0877,8.77,Low,0,2026-09-09 16:08:04.852808
50744,0.1874,18.74,Low,0,2026-09-09 16:08:04.852808
50745,0.4841,48.41,Low,0,2026-09-09 16:08:04.852808
50746,0.1558,15.58,Low,0,2026-09-09 16:08:04.852808
50747,0.3579,35.79,Low,0,2026-09-09 16:08:04.852808
50748,0.3225,32.25,Low,0,2026-09-09 16:08:04.852808
50749,0.2113,21.13,Low,0,2026-09-09 16:08:04.852808
50750,0.4064,40.64,Low,0,2026-09-09 16:08:04.852808
50751,0.5028,50.28,Medium,1,2026-09-09 16:08:04.852808
50752,0.1276,12.76,Low,0,2026-09-09 16:08:04.852808
50753,0.1273,12.73,Low,0,2026-09-09 16:08:04.852808
50754,0.3722,37.22,Low,0,2026-09-09 16:08:04.852808
50755,0.7933,79.33,Medium,1,2026-09-09 16:08:04.852808
50756,0.0964,9.64,Low,0,2026-09-09 16:08:04.852808
50757,0.1271,12.71,Low,0,2026-09-09 16:08:04.852808
50758,0.8796,87.96,High,1,2026-09-09 16:08:04.852808
50759,0.0881,8.81,Low,0,2026-09-09 16:08:04.852808
50760,0.1043,10.43,Low,0,2026-09-09 16:08:04.852808
50761,0.4956,49.56,Low,0,2026-09-09 16:08:04.852808
50762,0.3197,31.97,Low,0,2026-09-09 16:08:04.852808
50763,0.3102,31.02,Low,0,2026-09-09 16:08:04.852808
50764,0.2187,21.87,Low,0,2026-09-09 16:08:04.852808
50765,0.2918,29.18,Low,0,2026-09-09 16:08:04.852808
50766,0.2413,24.13,Low,0,2026-09-09 16:08:04.852808
50767,0.3415,34.15,Low,0,2026-09-09 16:08:04.852808
50768,0.0248,2.48,Low,0,2026-09-09 16:08:04.852808
50769,0.8167,81.67,High,1,2026-09-09 16:08:04.852808
50770,0.0962,9.62,Low,0,2026-09-09 16:08:04.852808
50771,0.4633,46.33,Low,0,2026-09-09 16:08:04.852808
50772,0.0861,8.61,Low,0,2026-09-09 16:08:04.852808
50773,0.4403,44.03,Low,0,2026-09-09 16:08:04.852808
50774,0.4355,43.55,Low,0,2026-09-09 16:08:04.852808
50775,0.1093,10.93,Low,0,2026-09-09 16:08:04.852808
50776,0.3762,37.62,Low,0,2026-09-09 16:08:04.852808
50777,0.2008,20.08,Low,0,2026-09-09 16:08:04.852808
50778,0.7247,72.47,Medium,1,2026-09-09 16:08:04.852808
50779,0.0518,5.18,Low,0,2026-09-09 16:08:04.852808
50780,0.174,17.4,Low,0,2026-09-09 16:08:04.852808
50781,0.1012,10.12,Low,0,2026-09-09 16:08:04.852808
50782,0.2586,25.86,Low,0,2026-09-09 16:08:04.852808
50783,0.2586,25.86,Low,0,2026-09-09 16:08:04.852808
50784,0.2124,21.24,Low,0,2026-09-09 16:08:04.852808
50785,0.273,27.3,Low,0,2026-09-09 16:08:04.852808
50786,0.0655,6.55,Low,0,2026-09-09 16:08:04.852808
50787,0.3223,32.23,Low,0,2026-09-09 16:08:04.852808
50788,0.3634,36.34,Low,0,2026-09-09 16:08:04.852808
50789,0.7915,79.15,Medium,1,2026-09-09 16:08:04.852808
50790,0.0524,5.24,Low,0,2026-09-09 16:08:04.852808
50791,0.3012,30.12,Low,0,2026-09-09 16:08:04.852808
50792,0.4463,44.63,Low,0,2026-09-09 16:08:04.852808
50793,0.2989,29.89,Low,0,2026-09-09 16:08:04.852808
50794,0.5319,53.19,Medium,1,2026-09-09 16:08:04.852808
50795,0.2678,26.78,Low,0,2026-09-09 16:08:04.852808
50796,0.2002,20.02,Low,0,2026-09-09 16:08:04.852808
50797,0.1906,19.06,Low,0,2026-09-09 16:08:04.852808
50798,0.2679,26.79,Low,0,2026-09-09 16:08:04.852808
50799,0.1163,11.63,Low,0,2026-09-09 16:08:04.852808
50800,0.0771,7.71,Low,0,2026-09-09 16:08:04.852808
50801,0.0859,8.59,Low,0,2026-09-09 16:08:04.852808
50802,0.8902,89.02,High,1,2026-09-09 16:08:04.852808
50803,0.1293,12.93,Low,0,2026-09-09 16:08:04.852808
50804,0.4065,40.65,Low,0,2026-09-09 16:08:04.852808
50805,0.3892,38.92,Low,0,2026-09-09 16:08:04.852808
50806,0.0671,6.71,Low,0,2026-09-09 16:08:04.852808
50807,0.1587,15.87,Low,0,2026-09-09 16:08:04.852808
50808,0.1815,18.15,Low,0,2026-09-09 16:08:04.852808
50809,0.2337,23.37,Low,0,2026-09-09 16:08:04.852808
50810,0.3274,32.74,Low,0,2026-09-09 16:08:04.852808
50811,0.1716,17.16,Low,0,2026-09-09 16:08:04.852808
50812,0.091,9.1,Low,0,2026-09-09 16:08:04.852808
50813,0.2968,29.68,Low,0,2026-09-09 16:08:04.852808
50814,0.1801,18.01,Low,0,2026-09-09 16:08:04.852808
50815,0.8088,80.88,High,1,2026-09-09 16:08:04.852808
50816,0.2802,28.02,Low,0,2026-09-09 16:08:04.852808
50817,0.4376,43.76,Low,0,2026-09-09 16:08:04.852808
50818,0.3588,35.88,Low,0,2026-09-09 16:08:04.852808
50819,0.4732,47.32,Low,0,2026-09-09 16:08:04.852808
50820,0.1636,16.36,Low,0,2026-09-09 16:08:04.852808
50821,0.1273,12.73,Low,0,2026-09-09 16:08:04.852808
50822,0.2879,28.79,Low,0,2026-09-09 16:08:04.852808
50823,0.337,33.7,Low,0,2026-09-09 16:08:04.852808
50824,0.2232,22.32,Low,0,2026-09-09 16:08:04.852808
50825,0.2437,24.37,Low,0,2026-09-09 16:08:04.852808
50826,0.1443,14.43,Low,0,2026-09-09 16:08:04.852808
50827,0.3197,31.97,Low,0,2026-09-09 16:08:04.852808
50828,0.2109,21.09,Low,0,2026-09-09 16:08:04.852808
50829,0.1612,16.12,Low,0,2026-09-09 16:08:04.852808
50830,0.3579,35.79,Low,0,2026-09-09 16:08:04.852808
50831,0.5652,56.52,Medium,1,2026-09-09 16:08:04.852808
50832,0.1898,18.98,Low,0,2026-09-09 16:08:04.852808
50833,0.1116,11.16,Low,0,2026-09-09 16:08:04.852808
50834,0.5213,52.13,Medium,1,2026-09-09 16:08:04.852808
50835,0.2472,24.72,Low,0,2026-09-09 16:08:04.852808
50836,0.1905,19.05,Low,0,2026-09-09 16:08:04.852808
50837,0.0501,5.01,Low,0,2026-09-09 16:08:04.852808
50838,0.1608,16.08,Low,0,2026-09-09 16:08:04.852808
50839,0.2318,23.18,Low,0,2026-09-09 16:08:04.852808
50840,0.3297,32.97,Low,0,2026-09-09 16:08:04.852808
50841,0.1942,19.42,Low,0,2026-09-09 16:08:04.852808
50842,0.1189,11.89,Low,0,2026-09-09 16:08:04.852808
50843,0.4555,45.55,Low,0,2026-09-09 16:08:04.852808
50844,0.1408,14.08,Low,0,2026-09-09 16:08:04.852808
50845,0.4051,40.51,Low,0,2026-09-09 16:08:04.852808
50846,0.3627,36.27,Low,0,2026-09-09 16:08:04.852808
50847,0.5153,51.53,Medium,1,2026-09-09 16:08:04.852808
50848,0.1212,12.12,Low,0,2026-09-09 16:08:04.852808
50849,0.1926,19.26,Low,0,2026-09-09 16:08:04.852808
50850,0.2995,29.95,Low,0,2026-09-09 16:08:04.852808
50851,0.7534,75.34,Medium,1,2026-09-09 16:08:04.852808
50852,0.0971,9.71,Low,0,2026-09-09 16:08:04.852808
50853,0.2432,24.32,Low,0,2026-09-09 16:08:04.852808
50854,0.196,19.6,Low,0,2026-09-09 16:08:04.852808
50855,0.393,39.3,Low,0,2026-09-09 16:08:04.852808
50856,0.3677,36.77,Low,0,2026-09-09 16:08:04.852808
50857,0.2321,23.21,Low,0,2026-09-09 16:08:04.852808
50858,0.3244,32.44,Low,0,2026-09-09 16:08:04.852808
50859,0.2961,29.61,Low,0,2026-09-09 16:08:04.852808
50860,0.3837,38.37,Low,0,2026-09-09 16:08:04.852808
50861,0.0914,9.14,Low,0,2026-09-09 16:08:04.852808
50862,0.3344,33.44,Low,0,2026-09-09 16:08:04.852808
50863,0.413,41.3,Low,0,2026-09-09 16:08:04.852808
50864,0.118,11.8,Low,0,2026-09-09 16:08:04.852808
50865,0.5912,59.12,Medium,1,2026-09-09 16:08:04.852808
50866,0.2689,26.89,Low,0,2026-09-09 16:08:04.852808
50867,0.2599,25.99,Low,0,2026-09-09 16:08:04.852808
50868,0.1621,16.21,Low,0,2026-09-09 16:08:04.852808
50869,0.1139,11.39,Low,0,2026-09-09 16:08:04.852808
50870,0.1028,10.28,Low,0,2026-09-09 16:08:04.852808
50871,0.7722,77.22,Medium,1,2026-09-09 16:08:04.852808
50872,0.4481,44.81,Low,0,2026-09-09 16:08:04.852808
50873,0.4224,42.24,Low,0,2026-09-09 16:08:04.852808
50874,0.8505,85.05,High,1,2026-09-09 16:08:04.852808
50875,0.3414,34.14,Low,0,2026-09-09 16:08:04.852808
50876,0.4267,42.67,Low,0,2026-09-09 16:08:04.852808
50877,0.1195,11.95,Low,0,2026-09-09 16:08:04.852808
50878,0.1111,11.11,Low,0,2026-09-09 16:08:04.852808
50879,0.2963,29.63,Low,0,2026-09-09 16:08:04.852808
50880,0.3841,38.41,Low,0,2026-09-09 16:08:04.852808
50881,0.1687,16.87,Low,0,2026-09-09 16:08:04.852808
50882,0.283,28.3,Low,0,2026-09-09 16:08:04.852808
50883,0.1175,11.75,Low,0,2026-09-09 16:08:04.852808
50884,0.2335,23.35,Low,0,2026-09-09 16:08:04.852808
50885,0.0711,7.11,Low,0,2026-09-09 16:08:04.852808
50886,0.225,22.5,Low,0,2026-09-09 16:08:04.852808
50887,0.4445,44.45,Low,0,2026-09-09 16:08:04.852808
50888,0.3067,30.67,Low,0,2026-09-09 16:08:04.852808
50889,0.8706,87.06,High,1,2026-09-09 16:08:04.852808
50890,0.3532,35.32,Low,0,2026-09-09 16:08:04.852808
50891,0.132,13.2,Low,0,2026-09-09 16:08:04.852808
50892,0.2925,29.25,Low,0,2026-09-09 16:08:04.852808
50893,0.0366,3.66,Low,0,2026-09-09 16:08:04.852808
50894,0.2039,20.39,Low,0,2026-09-09 16:08:04.852808
50895,0.846,84.6,High,1,2026-09-09 16:08:04.852808
50896,0.5553,55.53,Medium,1,2026-09-09 16:08:04.852808
50897,0.2132,21.32,Low,0,2026-09-09 16:08:04.852808
50898,0.4022,40.22,Low,0,2026-09-09 16:08:04.852808
50899,0.5006,50.06,Medium,1,2026-09-09 16:08:04.852808
50900,0.3928,39.28,Low,0,2026-09-09 16:08:04.852808
50901,0.3415,34.15,Low,0,2026-09-09 16:08:04.852808
50902,0.2195,21.95,Low,0,2026-09-09 16:08:04.852808
50903,0.2581,25.81,Low,0,2026-09-09 16:08:04.852808
50904,0.3632,36.32,Low,0,2026-09-09 16:08:04.852808
50905,0.1383,13.83,Low,0,2026-09-09 16:08:04.852808
50906,0.0476,4.76,Low,0,2026-09-09 16:08:04.852808
50907,0.286,28.6,Low,0,2026-09-09 16:08:04.852808
50908,0.7831,78.31,Medium,1,2026-09-09 16:08:04.852808
50909,0.2486,24.86,Low,0,2026-09-09 16:08:04.852808
50910,0.409,40.9,Low,0,2026-09-09 16:08:04.852808
50911,0.4513,45.13,Low,0,2026-09-09 16:08:04.852808
50912,0.9427,94.27,High,1,2026-09-09 16:08:04.852808
50913,0.92,92.0,High,1,2026-09-09 16:08:04.852808
50914,0.3343,33.43,Low,0,2026-09-09 16:08:04.852808
50915,0.2071,20.71,Low,0,2026-09-09 16:08:04.852808
50916,0.3342,33.42,Low,0,2026-09-09 16:08:04.852808
50917,0.2728,27.28,Low,0,2026-09-09 16:08:04.852808
50918,0.0761,7.61,Low,0,2026-09-09 16:08:04.852808
50919,0.3936,39.36,Low,0,2026-09-09 16:08:04.852808
50920,0.3242,32.42,Low,0,2026-09-09 16:08:04.852808
50921,0.0623,6.23,Low,0,2026-09-09 16:08:04.852808
50922,0.7976,79.76,Medium,1,2026-09-09 16:08:04.852808
50923,0.1402,14.02,Low,0,2026-09-09 16:08:04.852808
50924,0.4836,48.36,Low,0,2026-09-09 16:08:04.852808
50925,0.4634,46.34,Low,0,2026-09-09 16:08:04.852808
50926,0.3711,37.11,Low,0,2026-09-09 16:08:04.852808
50927,0.3154,31.54,Low,0,2026-09-09 16:08:04.852808
50928,0.3223,32.23,Low,0,2026-09-09 16:08:04.852808
50929,0.2822,28.22,Low,0,2026-09-09 16:08:04.852808
50930,0.2972,29.72,Low,0,2026-09-09 16:08:04.852808
50931,0.1441,14.41,Low,0,2026-09-09 16:08:04.852808
50932,0.0791,7.91,Low,0,2026-09-09 16:08:04.852808
50933,0.1322,13.22,Low,0,2026-09-09 16:08:04.852808
50934,0.313,31.3,Low,0,2026-09-09 16:08:04.852808
50935,0.197,19.7,Low,0,2026-09-09 16:08:04.852808
50936,0.3784,37.84,Low,0,2026-09-09 16:08:04.852808
50937,0.5324,53.24,Medium,1,2026-09-09 16:08:04.852808
50938,0.1539,15.39,Low,0,2026-09-09 16:08:04.852808
50939,0.3068,30.68,Low,0,2026-09-09 16:08:04.852808
50940,0.274,27.4,Low,0,2026-09-09 16:08:04.852808
50941,0.1258,12.58,Low,0,2026-09-09 16:08:04.852808
50942,0.353,35.3,Low,0,2026-09-09 16:08:04.852808
50943,0.0748,7.48,Low,0,2026-09-09 16:08:04.852808
50944,0.8647,86.47,High,1,2026-09-09 16:08:04.852808
50945,0.1346,13.46,Low,0,2026-09-09 16:08:04.852808
50946,0.4223,42.23,Low,0,2026-09-09 16:08:04.852808
50947,0.4459,44.59,Low,0,2026-09-09 16:08:04.852808
50948,0.085,8.5,Low,0,2026-09-09 16:08:04.852808
50949,0.0939,9.39,Low,0,2026-09-09 16:08:04.852808
50950,0.2804,28.04,Low,0,2026-09-09 16:08:04.852808
50951,0.3246,32.46,Low,0,2026-09-09 16:08:04.852808
50952,0.1114,11.14,Low,0,2026-09-09 16:08:04.852808
50953,0.8958,89.58,High,1,2026-09-09 16:08:04.852808
50954,0.1439,14.39,Low,0,2026-09-09 16:08:04.852808
50955,0.4545,45.45,Low,0,2026-09-09 16:08:04.852808
50956,0.298,29.8,Low,0,2026-09-09 16:08:04.852808
50957,0.4276,42.76,Low,0,2026-09-09 16:08:04.852808
50958,0.3251,32.51,Low,0,2026-09-09 16:08:04.852808
50959,0.3608,36.08,Low,0,2026-09-09 16:08:04.852808
50960,0.0931,9.31,Low,0,2026-09-09 16:08:04.852808
50961,0.1868,18.68,Low,0,2026-09-09 16:08:04.852808
50962,0.1865,18.65,Low,0,2026-09-09 16:08:04.852808
50963,0.4329,43.29,Low,0,2026-09-09 16:08:04.852808
50964,0.2375,23.75,Low,0,2026-09-09 16:08:04.852808
50965,0.1817,18.17,Low,0,2026-09-09 16:08:04.852808
50966,0.1316,13.16,Low,0,2026-09-09 16:08:04.852808
50967,0.1874,18.74,Low,0,2026-09-09 16:08:04.852808
50968,0.3111,31.11,Low,0,2026-09-09 16:08:04.852808
50969,0.235,23.5,Low,0,2026-09-09 16:08:04.852808
50970,0.1801,18.01,Low,0,2026-09-09 16:08:04.852808
50971,0.1942,19.42,Low,0,2026-09-09 16:08:04.852808
50972,0.1394,13.94,Low,0,2026-09-09 16:08:04.852808
50973,0.089,8.9,Low,0,2026-09-09 16:08:04.852808
50974,0.4358,43.58,Low,0,2026-09-09 16:08:04.852808
50975,0.2322,23.22,Low,0,2026-09-09 16:08:04.852808
50976,0.2204,22.04,Low,0,2026-09-09 16:08:04.852808
50977,0.3937,39.37,Low,0,2026-09-09 16:08:04.852808
50978,0.2752,27.52,Low,0,2026-09-09 16:08:04.852808
50979,0.3156,31.56,Low,0,2026-09-09 16:08:04.852808
50980,0.4887,48.87,Low,0,2026-09-09 16:08:04.852808
50981,0.2313,23.13,Low,0,2026-09-09 16:08:04.852808
50982,0.2344,23.44,Low,0,2026-09-09 16:08:04.852808
50983,0.5081,50.81,Medium,1,2026-09-09 16:08:04.852808
50984,0.3825,38.25,Low,0,2026-09-09 16:08:04.852808
50985,0.1002,10.02,Low,0,2026-09-09 16:08:04.852808
50986,0.8265,82.65,High,1,2026-09-09 16:08:04.852808
50987,0.1964,19.64,Low,0,2026-09-09 16:08:04.852808
50988,0.3296,32.96,Low,0,2026-09-09 16:08:04.852808
50989,0.9003,90.03,High,1,2026-09-09 16:08:04.852808
50990,0.2109,21.09,Low,0,2026-09-09 16:08:04.852808
50991,0.1867,18.67,Low,0,2026-09-09 16:08:04.852808
50992,0.0524,5.24,Low,0,2026-09-09 16:08:04.852808
50993,0.3637,36.37,Low,0,2026-09-09 16:08:04.852808
50994,0.3398,33.98,Low,0,2026-09-09 16:08:04.852808
50995,0.2914,29.14,Low,0,2026-09-09 16:08:04.852808
50996,0.1856,18.56,Low,0,2026-09-09 16:08:04.852808
50997,0.0505,5.05,Low,0,2026-09-09 16:08:04.852808
50998,0.3195,31.95,Low,0,2026-09-09 16:08:04.852808
50999,0.101,10.1,Low,0,2026-09-09 16:08:04.852808
51000,0.4216,42.16,Low,0,2026-09-09 16:08:04.852808
51001,0.327,32.7,Low,0,2026-09-09 16:08:04.852808
51002,0.3437,34.37,Low,0,2026-09-09 16:08:04.852808
51003,0.0371,3.71,Low,0,2026-09-09 16:08:04.852808
51004,0.0873,8.73,Low,0,2026-09-09 16:08:04.852808
51005,0.1554,15.54,Low,0,2026-09-09 16:08:04.852808
51006,0.177,17.7,Low,0,2026-09-09 16:08:04.852808
51007,0.0914,9.14,Low,0,2026-09-09 16:08:04.852808
51008,0.0722,7.22,Low,0,2026-09-09 16:08:04.852808
51009,0.3883,38.83,Low,0,2026-09-09 16:08:04.852808
51010,0.1964,19.64,Low,0,2026-09-09 16:08:04.852808
51011,0.2434,24.34,Low,0,2026-09-09 16:08:04.852808
51012,0.0945,9.45,Low,0,2026-09-09 16:08:04.852808
51013,0.7338,73.38,Medium,1,2026-09-09 16:08:04.852808
51014,0.2419,24.19,Low,0,2026-09-09 16:08:04.852808
51015,0.0471,4.71,Low,0,2026-09-09 16:08:04.852808
51016,0.075,7.5,Low,0,2026-09-09 16:08:04.852808
51017,0.3445,34.45,Low,0,2026-09-09 16:08:04.852808
51018,0.272,27.2,Low,0,2026-09-09 16:08:04.852808
51019,0.0468,4.68,Low,0,2026-09-09 16:08:04.852808
51020,0.3843,38.43,Low,0,2026-09-09 16:08:04.852808
51021,0.1197,11.97,Low,0,2026-09-09 16:08:04.852808
51022,0.8316,83.16,High,1,2026-09-09 16:08:04.852808
51023,0.0564,5.64,Low,0,2026-09-09 16:08:04.852808
51024,0.1401,14.01,Low,0,2026-09-09 16:08:04.852808
51025,0.1123,11.23,Low,0,2026-09-09 16:08:04.852808
51026,0.3162,31.62,Low,0,2026-09-09 16:08:04.852808
51027,0.0647,6.47,Low,0,2026-09-09 16:08:04.852808
51028,0.0603,6.03,Low,0,2026-09-09 16:08:04.852808
51029,0.4595,45.95,Low,0,2026-09-09 16:08:04.852808
51030,0.1179,11.79,Low,0,2026-09-09 16:08:04.852808
51031,0.3788,37.88,Low,0,2026-09-09 16:08:04.852808
51032,0.1703,17.03,Low,0,2026-09-09 16:08:04.852808
51033,0.229,22.9,Low,0,2026-09-09 16:08:04.852808
51034,0.2878,28.78,Low,0,2026-09-09 16:08:04.852808
51035,0.5155,51.55,Medium,1,2026-09-09 16:08:04.852808
51036,0.6874,68.74,Medium,1,2026-09-09 16:08:04.852808
51037,0.4553,45.53,Low,0,2026-09-09 16:08:04.852808
51038,0.0385,3.85,Low,0,2026-09-09 16:08:04.852808
51039,0.3906,39.06,Low,0,2026-09-09 16:08:04.852808
51040,0.8662,86.62,High,1,2026-09-09 16:08:04.852808
51041,0.2189,21.89,Low,0,2026-09-09 16:08:04.852808
51042,0.0967,9.67,Low,0,2026-09-09 16:08:04.852808
51043,0.7633,76.33,Medium,1,2026-09-09 16:08:04.852808
51044,0.0879,8.79,Low,0,2026-09-09 16:08:04.852808
51045,0.108,10.8,Low,0,2026-09-09 16:08:04.852808
51046,0.7953,79.53,Medium,1,2026-09-09 16:08:04.852808
51047,0.2763,27.63,Low,0,2026-09-09 16:08:04.852808
51048,0.6005,60.05,Medium,1,2026-09-09 16:08:04.852808
51049,0.0256,2.56,Low,0,2026-09-09 16:08:04.852808
51050,0.2582,25.82,Low,0,2026-09-09 16:08:04.852808
51051,0.1732,17.32,Low,0,2026-09-09 16:08:04.852808
51052,0.2061,20.61,Low,0,2026-09-09 16:08:04.852808
51053,0.1987,19.87,Low,0,2026-09-09 16:08:04.852808
51054,0.0796,7.96,Low,0,2026-09-09 16:08:04.852808
51055,0.1846,18.46,Low,0,2026-09-09 16:08:04.852808
51056,0.3653,36.53,Low,0,2026-09-09 16:08:04.852808
51057,0.2497,24.97,Low,0,2026-09-09 16:08:04.852808
51058,0.4767,47.67,Low,0,2026-09-09 16:08:04.852808
51059,0.1695,16.95,Low,0,2026-09-09 16:08:04.852808
51060,0.1942,19.42,Low,0,2026-09-09 16:08:04.852808
51061,0.1304,13.04,Low,0,2026-09-09 16:08:04.852808
51062,0.0648,6.48,Low,0,2026-09-09 16:08:04.852808
51063,0.1332,13.32,Low,0,2026-09-09 16:08:04.852808
51064,0.3564,35.64,Low,0,2026-09-09 16:08:04.852808
51065,0.199,19.9,Low,0,2026-09-09 16:08:04.852808
51066,0.2421,24.21,Low,0,2026-09-09 16:08:04.852808
51067,0.2273,22.73,Low,0,2026-09-09 16:08:04.852808
51068,0.2632,26.32,Low,0,2026-09-09 16:08:04.852808
51069,0.5277,52.77,Medium,1,2026-09-09 16:08:04.852808
51070,0.2722,27.22,Low,0,2026-09-09 16:08:04.852808
51071,0.2227,22.27,Low,0,2026-09-09 16:08:04.852808
51072,0.2738,27.38,Low,0,2026-09-09 16:08:04.852808
51073,0.263,26.3,Low,0,2026-09-09 16:08:04.852808
51074,0.4091,40.91,Low,0,2026-09-09 16:08:04.852808
51075,0.0712,7.12,Low,0,2026-09-09 16:08:04.852808
51076,0.2018,20.18,Low,0,2026-09-09 16:08:04.852808
51077,0.3332,33.32,Low,0,2026-09-09 16:08:04.852808
51078,0.4538,45.38,Low,0,2026-09-09 16:08:04.852808
51079,0.2043,20.43,Low,0,2026-09-09 16:08:04.852808
51080,0.0729,7.29,Low,0,2026-09-09 16:08:04.852808
51081,0.3007,30.07,Low,0,2026-09-09 16:08:04.852808
51082,0.2067,20.67,Low,0,2026-09-09 16:08:04.852808
51083,0.4842,48.42,Low,0,2026-09-09 16:08:04.852808
51084,0.0496,4.96,Low,0,2026-09-09 16:08:04.852808
51085,0.0863,8.63,Low,0,2026-09-09 16:08:04.852808
51086,0.282,28.2,Low,0,2026-09-09 16:08:04.852808
51087,0.251,25.1,Low,0,2026-09-09 16:08:04.852808
51088,0.3275,32.75,Low,0,2026-09-09 16:08:04.852808
51089,0.0669,6.69,Low,0,2026-09-09 16:08:04.852808
51090,0.2821,28.21,Low,0,2026-09-09 16:08:04.852808
51091,0.1902,19.02,Low,0,2026-09-09 16:08:04.852808
51092,0.2116,21.16,Low,0,2026-09-09 16:08:04.852808
51093,0.3426,34.26,Low,0,2026-09-09 16:08:04.852808
51094,0.225,22.5,Low,0,2026-09-09 16:08:04.852808
51095,0.4362,43.62,Low,0,2026-09-09 16:08:04.852808
51096,0.4753,47.53,Low,0,2026-09-09 16:08:04.852808
51097,0.355,35.5,Low,0,2026-09-09 16:08:04.852808
51098,0.2208,22.08,Low,0,2026-09-09 16:08:04.852808
51099,0.0899,8.99,Low,0,2026-09-09 16:08:04.852808
51100,0.5839,58.39,Medium,1,2026-09-09 16:08:04.852808
51101,0.2853,28.53,Low,0,2026-09-09 16:08:04.852808
51102,0.0411,4.11,Low,0,2026-09-09 16:08:04.852808
51103,0.8794,87.94,High,1,2026-09-09 16:08:04.852808
51104,0.0555,5.55,Low,0,2026-09-09 16:08:04.852808
51105,0.1678,16.78,Low,0,2026-09-09 16:08:04.852808
51106,0.3898,38.98,Low,0,2026-09-09 16:08:04.852808
51107,0.3825,38.25,Low,0,2026-09-09 16:08:04.852808
51108,0.1005,10.05,Low,0,2026-09-09 16:08:04.852808
51109,0.2444,24.44,Low,0,2026-09-09 16:08:04.852808
51110,0.3013,30.13,Low,0,2026-09-09 16:08:04.852808
51111,0.1828,18.28,Low,0,2026-09-09 16:08:04.852808
51112,0.1812,18.12,Low,0,2026-09-09 16:08:04.852808
51113,0.3341,33.41,Low,0,2026-09-09 16:08:04.852808
51114,0.3582,35.82,Low,0,2026-09-09 16:08:04.852808
51115,0.2593,25.93,Low,0,2026-09-09 16:08:04.852808
51116,0.3463,34.63,Low,0,2026-09-09 16:08:04.852808
51117,0.4992,49.92,Low,0,2026-09-09 16:08:04.852808
51118,0.1679,16.79,Low,0,2026-09-09 16:08:04.852808
51119,0.7074,70.74,Medium,1,2026-09-09 16:08:04.852808
51120,0.4516,45.16,Low,0,2026-09-09 16:08:04.852808
51121,0.2699,26.99,Low,0,2026-09-09 16:08:04.852808
51122,0.0504,5.04,Low,0,2026-09-09 16:08:04.852808
51123,0.0851,8.51,Low,0,2026-09-09 16:08:04.852808
51124,0.2971,29.71,Low,0,2026-09-09 16:08:04.852808
51125,0.102,10.2,Low,0,2026-09-09 16:08:04.852808
51126,0.1932,19.32,Low,0,2026-09-09 16:08:04.852808
51127,0.4609,46.09,Low,0,2026-09-09 16:08:04.852808
51128,0.4803,48.03,Low,0,2026-09-09 16:08:04.852808
51129,0.3784,37.84,Low,0,2026-09-09 16:08:04.852808
51130,0.3313,33.13,Low,0,2026-09-09 16:08:04.852808
51131,0.0641,6.41,Low,0,2026-09-09 16:08:04.852808
51132,0.2129,21.29,Low,0,2026-09-09 16:08:04.852808
51133,0.3608,36.08,Low,0,2026-09-09 16:08:04.852808
51134,0.4502,45.02,Low,0,2026-09-09 16:08:04.852808
51135,0.2556,25.56,Low,0,2026-09-09 16:08:04.852808
51136,0.4107,41.07,Low,0,2026-09-09 16:08:04.852808
51137,0.1415,14.15,Low,0,2026-09-09 16:08:04.852808
51138,0.4802,48.02,Low,0,2026-09-09 16:08:04.852808
51139,0.2648,26.48,Low,0,2026-09-09 16:08:04.852808
51140,0.1778,17.78,Low,0,2026-09-09 16:08:04.852808
51141,0.0865,8.65,Low,0,2026-09-09 16:08:04.852808
51142,0.1941,19.41,Low,0,2026-09-09 16:08:04.852808
51143,0.5369,53.69,Medium,1,2026-09-09 16:08:04.852808
51144,0.1844,18.44,Low,0,2026-09-09 16:08:04.852808
51145,0.4449,44.49,Low,0,2026-09-09 16:08:04.852808
51146,0.0499,4.99,Low,0,2026-09-09 16:08:04.852808
51147,0.1531,15.31,Low,0,2026-09-09 16:08:04.852808
51148,0.1387,13.87,Low,0,2026-09-09 16:08:04.852808
51149,0.226,22.6,Low,0,2026-09-09 16:08:04.852808
51150,0.1768,17.68,Low,0,2026-09-09 16:08:04.852808
51151,0.1859,18.59,Low,0,2026-09-09 16:08:04.852808
51152,0.1265,12.65,Low,0,2026-09-09 16:08:04.852808
51153,0.3904,39.04,Low,0,2026-09-09 16:08:04.852808
51154,0.3462,34.62,Low,0,2026-09-09 16:08:04.852808
51155,0.8418,84.18,High,1,2026-09-09 16:08:04.852808
51156,0.0835,8.35,Low,0,2026-09-09 16:08:04.852808
51157,0.8545,85.45,High,1,2026-09-09 16:08:04.852808
51158,0.0584,5.84,Low,0,2026-09-09 16:08:04.852808
51159,0.045,4.5,Low,0,2026-09-09 16:08:04.852808
51160,0.8324,83.24,High,1,2026-09-09 16:08:04.852808
51161,0.3367,33.67,Low,0,2026-09-09 16:08:04.852808
51162,0.3893,38.93,Low,0,2026-09-09 16:08:04.852808
51163,0.4119,41.19,Low,0,2026-09-09 16:08:04.852808
51164,0.236,23.6,Low,0,2026-09-09 16:08:04.852808
51165,0.4939,49.39,Low,0,2026-09-09 16:08:04.852808
51166,0.1657,16.57,Low,0,2026-09-09 16:08:04.852808
51167,0.0404,4.04,Low,0,2026-09-09 16:08:04.852808
51168,0.3245,32.45,Low,0,2026-09-09 16:08:04.852808
51169,0.3345,33.45,Low,0,2026-09-09 16:08:04.852808
51170,0.5733,57.33,Medium,1,2026-09-09 16:08:04.852808
51171,0.6919,69.19,Medium,1,2026-09-09 16:08:04.852808
51172,0.049,4.9,Low,0,2026-09-09 16:08:04.852808
51173,0.3401,34.01,Low,0,2026-09-09 16:08:04.852808
51174,0.122,12.2,Low,0,2026-09-09 16:08:04.852808
51175,0.1549,15.49,Low,0,2026-09-09 16:08:04.852808
51176,0.313,31.3,Low,0,2026-09-09 16:08:04.852808
51177,0.1747,17.47,Low,0,2026-09-09 16:08:04.852808
51178,0.6925,69.25,Medium,1,2026-09-09 16:08:04.852808
51179,0.0603,6.03,Low,0,2026-09-09 16:08:04.852808
51180,0.1736,17.36,Low,0,2026-09-09 16:08:04.852808
51181,0.2012,20.12,Low,0,2026-09-09 16:08:04.852808
51182,0.3219,32.19,Low,0,2026-09-09 16:08:04.852808
51183,0.3556,35.56,Low,0,2026-09-09 16:08:04.852808
51184,0.0686,6.86,Low,0,2026-09-09 16:08:04.852808
51185,0.3655,36.55,Low,0,2026-09-09 16:08:04.852808
51186,0.1607,16.07,Low,0,2026-09-09 16:08:04.852808
51187,0.1346,13.46,Low,0,2026-09-09 16:08:04.852808
51188,0.3928,39.28,Low,0,2026-09-09 16:08:04.852808
51189,0.5698,56.98,Medium,1,2026-09-09 16:08:04.852808
51190,0.1132,11.32,Low,0,2026-09-09 16:08:04.852808
51191,0.9322,93.22,High,1,2026-09-09 16:08:04.852808
51192,0.2181,21.81,Low,0,2026-09-09 16:08:04.852808
51193,0.2105,21.05,Low,0,2026-09-09 16:08:04.852808
51194,0.8161,81.61,High,1,2026-09-09 16:08:04.852808
51195,0.2936,29.36,Low,0,2026-09-09 16:08:04.852808
51196,0.1599,15.99,Low,0,2026-09-09 16:08:04.852808
51197,0.1629,16.29,Low,0,2026-09-09 16:08:04.852808
51198,0.0513,5.13,Low,0,2026-09-09 16:08:04.852808
51199,0.213,21.3,Low,0,2026-09-09 16:08:04.852808
51200,0.3711,37.11,Low,0,2026-09-09 16:08:04.852808
51201,0.0979,9.79,Low,0,2026-09-09 16:08:04.852808
51202,0.4247,42.47,Low,0,2026-09-09 16:08:04.852808
51203,0.4748,47.48,Low,0,2026-09-09 16:08:04.852808
51204,0.284,28.4,Low,0,2026-09-09 16:08:04.852808
51205,0.3089,30.89,Low,0,2026-09-09 16:08:04.852808
51206,0.0668,6.68,Low,0,2026-09-09 16:08:04.852808
51207,0.1913,19.13,Low,0,2026-09-09 16:08:04.852808
51208,0.4499,44.99,Low,0,2026-09-09 16:08:04.852808
51209,0.1731,17.31,Low,0,2026-09-09 16:08:04.852808
51210,0.0532,5.32,Low,0,2026-09-09 16:08:04.852808
51211,0.1497,14.97,Low,0,2026-09-09 16:08:04.852808
51212,0.7666,76.66,Medium,1,2026-09-09 16:08:04.852808
51213,0.2565,25.65,Low,0,2026-09-09 16:08:04.852808
51214,0.2695,26.95,Low,0,2026-09-09 16:08:04.852808
51215,0.1528,15.28,Low,0,2026-09-09 16:08:04.852808
51216,0.3065,30.65,Low,0,2026-09-09 16:08:04.852808
51217,0.1599,15.99,Low,0,2026-09-09 16:08:04.852808
51218,0.2146,21.46,Low,0,2026-09-09 16:08:04.852808
51219,0.151,15.1,Low,0,2026-09-09 16:08:04.852808
51220,0.4619,46.19,Low,0,2026-09-09 16:08:04.852808
51221,0.7894,78.94,Medium,1,2026-09-09 16:08:04.852808
51222,0.3504,35.04,Low,0,2026-09-09 16:08:04.852808
51223,0.2173,21.73,Low,0,2026-09-09 16:08:04.852808
51224,0.714,71.4,Medium,1,2026-09-09 16:08:04.852808
51225,0.2161,21.61,Low,0,2026-09-09 16:08:04.852808
51226,0.2297,22.97,Low,0,2026-09-09 16:08:04.852808
51227,0.3061,30.61,Low,0,2026-09-09 16:08:04.852808
51228,0.614,61.4,Medium,1,2026-09-09 16:08:04.852808
51229,0.1018,10.18,Low,0,2026-09-09 16:08:04.852808
51230,0.8377,83.77,High,1,2026-09-09 16:08:04.852808
51231,0.1447,14.47,Low,0,2026-09-09 16:08:04.852808
51232,0.3389,33.89,Low,0,2026-09-09 16:08:04.852808
51233,0.2961,29.61,Low,0,2026-09-09 16:08:04.852808
51234,0.8169,81.69,High,1,2026-09-09 16:08:04.852808
51235,0.4001,40.01,Low,0,2026-09-09 16:08:04.852808
51236,0.5448,54.48,Medium,1,2026-09-09 16:08:04.852808
51237,0.0765,7.65,Low,0,2026-09-09 16:08:04.852808
51238,0.5077,50.77,Medium,1,2026-09-09 16:08:04.852808
51239,0.1212,12.12,Low,0,2026-09-09 16:08:04.852808
51240,0.8011,80.11,High,1,2026-09-09 16:08:04.852808
51241,0.1218,12.18,Low,0,2026-09-09 16:08:04.852808
51242,0.3289,32.89,Low,0,2026-09-09 16:08:04.852808
51243,0.0454,4.54,Low,0,2026-09-09 16:08:04.852808
51244,0.086,8.6,Low,0,2026-09-09 16:08:04.852808
51245,0.7529,75.29,Medium,1,2026-09-09 16:08:04.852808
51246,0.1682,16.82,Low,0,2026-09-09 16:08:04.852808
51247,0.3689,36.89,Low,0,2026-09-09 16:08:04.852808
51248,0.3192,31.92,Low,0,2026-09-09 16:08:04.852808
51249,0.2181,21.81,Low,0,2026-09-09 16:08:04.852808
51250,0.5012,50.12,Medium,1,2026-09-09 16:08:04.852808
51251,0.1985,19.85,Low,0,2026-09-09 16:08:04.852808
51252,0.3517,35.17,Low,0,2026-09-09 16:08:04.852808
51253,0.7141,71.41,Medium,1,2026-09-09 16:08:04.852808
51254,0.3371,33.71,Low,0,2026-09-09 16:08:04.852808
51255,0.047,4.7,Low,0,2026-09-09 16:08:04.852808
51256,0.4891,48.91,Low,0,2026-09-09 16:08:04.852808
51257,0.2048,20.48,Low,0,2026-09-09 16:08:04.852808
51258,0.789,78.9,Medium,1,2026-09-09 16:08:04.852808
51259,0.1784,17.84,Low,0,2026-09-09 16:08:04.852808
51260,0.2982,29.82,Low,0,2026-09-09 16:08:04.852808
51261,0.2374,23.74,Low,0,2026-09-09 16:08:04.852808
51262,0.1568,15.68,Low,0,2026-09-09 16:08:04.852808
51263,0.3642,36.42,Low,0,2026-09-09 16:08:04.852808
51264,0.1858,18.58,Low,0,2026-09-09 16:08:04.852808
51265,0.4076,40.76,Low,0,2026-09-09 16:08:04.852808
51266,0.9247,92.47,High,1,2026-09-09 16:08:04.852808
51267,0.3748,37.48,Low,0,2026-09-09 16:08:04.852808
51268,0.2004,20.04,Low,0,2026-09-09 16:08:04.852808
51269,0.2472,24.72,Low,0,2026-09-09 16:08:04.852808
51270,0.3887,38.87,Low,0,2026-09-09 16:08:04.852808
51271,0.1987,19.87,Low,0,2026-09-09 16:08:04.852808
51272,0.2211,22.11,Low,0,2026-09-09 16:08:04.852808
51273,0.4533,45.33,Low,0,2026-09-09 16:08:04.852808
51274,0.1421,14.21,Low,0,2026-09-09 16:08:04.852808
51275,0.3885,38.85,Low,0,2026-09-09 16:08:04.852808
51276,0.5146,51.46,Medium,1,2026-09-09 16:08:04.852808
51277,0.5301,53.01,Medium,1,2026-09-09 16:08:04.852808
51278,0.0787,7.87,Low,0,2026-09-09 16:08:04.852808
51279,0.8404,84.04,High,1,2026-09-09 16:08:04.852808
51280,0.407,40.7,Low,0,2026-09-09 16:08:04.852808
51281,0.1549,15.49,Low,0,2026-09-09 16:08:04.852808
51282,0.055,5.5,Low,0,2026-09-09 16:08:04.852808
51283,0.2056,20.56,Low,0,2026-09-09 16:08:04.852808
51284,0.8608,86.08,High,1,2026-09-09 16:08:04.852808
51285,0.2778,27.78,Low,0,2026-09-09 16:08:04.852808
51286,0.2805,28.05,Low,0,2026-09-09 16:08:04.852808
51287,0.1967,19.67,Low,0,2026-09-09 16:08:04.852808
51288,0.2686,26.86,Low,0,2026-09-09 16:08:04.852808
51289,0.2703,27.03,Low,0,2026-09-09 16:08:04.852808
51290,0.2415,24.15,Low,0,2026-09-09 16:08:04.852808
51291,0.3362,33.62,Low,0,2026-09-09 16:08:04.852808
51292,0.4874,48.74,Low,0,2026-09-09 16:08:04.852808
51293,0.2089,20.89,Low,0,2026-09-09 16:08:04.852808
51294,0.1363,13.63,Low,0,2026-09-09 16:08:04.852808
51295,0.0407,4.07,Low,0,2026-09-09 16:08:04.852808
51296,0.1285,12.85,Low,0,2026-09-09 16:08:04.852808
51297,0.2622,26.22,Low,0,2026-09-09 16:08:04.852808
51298,0.3675,36.75,Low,0,2026-09-09 16:08:04.852808
51299,0.2217,22.17,Low,0,2026-09-09 16:08:04.852808
51300,0.1808,18.08,Low,0,2026-09-09 16:08:04.852808
51301,0.189,18.9,Low,0,2026-09-09 16:08:04.852808
51302,0.0811,8.11,Low,0,2026-09-09 16:08:04.852808
51303,0.1598,15.98,Low,0,2026-09-09 16:08:04.852808
51304,0.219,21.9,Low,0,2026-09-09 16:08:04.852808
51305,0.1706,17.06,Low,0,2026-09-09 16:08:04.852808
51306,0.0627,6.27,Low,0,2026-09-09 16:08:04.852808
51307,0.1249,12.49,Low,0,2026-09-09 16:08:04.852808
51308,0.0492,4.92,Low,0,2026-09-09 16:08:04.852808
51309,0.2629,26.29,Low,0,2026-09-09 16:08:04.852808
51310,0.0398,3.98,Low,0,2026-09-09 16:08:04.852808
51311,0.3643,36.43,Low,0,2026-09-09 16:08:04.852808
51312,0.2181,21.81,Low,0,2026-09-09 16:08:04.852808
51313,0.4655,46.55,Low,0,2026-09-09 16:08:04.852808
51314,0.7321,73.21,Medium,1,2026-09-09 16:08:04.852808
51315,0.3037,30.37,Low,0,2026-09-09 16:08:04.852808
51316,0.1277,12.77,Low,0,2026-09-09 16:08:04.852808
51317,0.4597,45.97,Low,0,2026-09-09 16:08:04.852808
51318,0.1499,14.99,Low,0,2026-09-09 16:08:04.852808
51319,0.2956,29.56,Low,0,2026-09-09 16:08:04.852808
51320,0.1662,16.62,Low,0,2026-09-09 16:08:04.852808
51321,0.2788,27.88,Low,0,2026-09-09 16:08:04.852808
51322,0.5656,56.56,Medium,1,2026-09-09 16:08:04.852808
51323,0.1869,18.69,Low,0,2026-09-09 16:08:04.852808
51324,0.336,33.6,Low,0,2026-09-09 16:08:04.852808
51325,0.075,7.5,Low,0,2026-09-09 16:08:04.852808
51326,0.4832,48.32,Low,0,2026-09-09 16:08:04.852808
51327,0.7608,76.08,Medium,1,2026-09-09 16:08:04.852808
51328,0.8352,83.52,High,1,2026-09-09 16:08:04.852808
51329,0.0688,6.88,Low,0,2026-09-09 16:08:04.852808
51330,0.2689,26.89,Low,0,2026-09-09 16:08:04.852808
51331,0.1614,16.14,Low,0,2026-09-09 16:08:04.852808
51332,0.2185,21.85,Low,0,2026-09-09 16:08:04.852808
51333,0.245,24.5,Low,0,2026-09-09 16:08:04.852808
51334,0.0302,3.02,Low,0,2026-09-09 16:08:04.852808
51335,0.0913,9.13,Low,0,2026-09-09 16:08:04.852808
51336,0.3777,37.77,Low,0,2026-09-09 16:08:04.852808
51337,0.6334,63.34,Medium,1,2026-09-09 16:08:04.852808
51338,0.2058,20.58,Low,0,2026-09-09 16:08:04.852808
51339,0.8115,81.15,High,1,2026-09-09 16:08:04.852808
51340,0.5546,55.46,Medium,1,2026-09-09 16:08:04.852808
51341,0.3841,38.41,Low,0,2026-09-09 16:08:04.852808
51342,0.1746,17.46,Low,0,2026-09-09 16:08:04.852808
51343,0.1844,18.44,Low,0,2026-09-09 16:08:04.852808
51344,0.122,12.2,Low,0,2026-09-09 16:08:04.852808
51345,0.1557,15.57,Low,0,2026-09-09 16:08:04.852808
51346,0.1669,16.69,Low,0,2026-09-09 16:08:04.852808
51347,0.1779,17.79,Low,0,2026-09-09 16:08:04.852808
51348,0.1185,11.85,Low,0,2026-09-09 16:08:04.852808
51349,0.109,10.9,Low,0,2026-09-09 16:08:04.852808
51350,0.3284,32.84,Low,0,2026-09-09 16:08:04.852808
51351,0.0729,7.29,Low,0,2026-09-09 16:08:04.852808
51352,0.1042,10.42,Low,0,2026-09-09 16:08:04.852808
51353,0.69,69.0,Medium,1,2026-09-09 16:08:04.852808
51354,0.3078,30.78,Low,0,2026-09-09 16:08:04.852808
51355,0.161,16.1,Low,0,2026-09-09 16:08:04.852808
51356,0.1124,11.24,Low,0,2026-09-09 16:08:04.852808
51357,0.186,18.6,Low,0,2026-09-09 16:08:04.852808
51358,0.211,21.1,Low,0,2026-09-09 16:08:04.852808
51359,0.3991,39.91,Low,0,2026-09-09 16:08:04.852808
51360,0.2785,27.85,Low,0,2026-09-09 16:08:04.852808
51361,0.1326,13.26,Low,0,2026-09-09 16:08:04.852808
51362,0.322,32.2,Low,0,2026-09-09 16:08:04.852808
51363,0.3051,30.51,Low,0,2026-09-09 16:08:04.852808
51364,0.1725,17.25,Low,0,2026-09-09 16:08:04.852808
51365,0.2851,28.51,Low,0,2026-09-09 16:08:04.852808
51366,0.4402,44.02,Low,0,2026-09-09 16:08:04.852808
51367,0.1188,11.88,Low,0,2026-09-09 16:08:04.852808
51368,0.7721,77.21,Medium,1,2026-09-09 16:08:04.852808
51369,0.4243,42.43,Low,0,2026-09-09 16:08:04.852808
51370,0.2591,25.91,Low,0,2026-09-09 16:08:04.852808
51371,0.0866,8.66,Low,0,2026-09-09 16:08:04.852808
51372,0.4201,42.01,Low,0,2026-09-09 16:08:04.852808
51373,0.0246,2.46,Low,0,2026-09-09 16:08:04.852808
51374,0.2312,23.12,Low,0,2026-09-09 16:08:04.852808
51375,0.8089,80.89,High,1,2026-09-09 16:08:04.852808
51376,0.0675,6.75,Low,0,2026-09-09 16:08:04.852808
51377,0.1434,14.34,Low,0,2026-09-09 16:08:04.852808
51378,0.2021,20.21,Low,0,2026-09-09 16:08:04.852808
51379,0.3141,31.41,Low,0,2026-09-09 16:08:04.852808
51380,0.2499,24.99,Low,0,2026-09-09 16:08:04.852808
51381,0.4582,45.82,Low,0,2026-09-09 16:08:04.852808
51382,0.3334,33.34,Low,0,2026-09-09 16:08:04.852808
51383,0.0342,3.42,Low,0,2026-09-09 16:08:04.852808
51384,0.8569,85.69,High,1,2026-09-09 16:08:04.852808
51385,0.3554,35.54,Low,0,2026-09-09 16:08:04.852808
51386,0.3766,37.66,Low,0,2026-09-09 16:08:04.852808
51387,0.2085,20.85,Low,0,2026-09-09 16:08:04.852808
51388,0.2389,23.89,Low,0,2026-09-09 16:08:04.852808
51389,0.0504,5.04,Low,0,2026-09-09 16:08:04.852808
51390,0.3097,30.97,Low,0,2026-09-09 16:08:04.852808
51391,0.2449,24.49,Low,0,2026-09-09 16:08:04.852808
51392,0.3862,38.62,Low,0,2026-09-09 16:08:04.852808
51393,0.9236,92.36,High,1,2026-09-09 16:08:04.852808
51394,0.4257,42.57,Low,0,2026-09-09 16:08:04.852808
51395,0.5229,52.29,Medium,1,2026-09-09 16:08:04.852808
51396,0.1374,13.74,Low,0,2026-09-09 16:08:04.852808
51397,0.4079,40.79,Low,0,2026-09-09 16:08:04.852808
51398,0.38,38.0,Low,0,2026-09-09 16:08:04.852808
51399,0.2314,23.14,Low,0,2026-09-09 16:08:04.852808
51400,0.151,15.1,Low,0,2026-09-09 16:08:04.852808
51401,0.3042,30.42,Low,0,2026-09-09 16:08:04.852808
51402,0.3801,38.01,Low,0,2026-09-09 16:08:04.852808
51403,0.5249,52.49,Medium,1,2026-09-09 16:08:04.852808
51404,0.0738,7.38,Low,0,2026-09-09 16:08:04.852808
51405,0.2138,21.38,Low,0,2026-09-09 16:08:04.852808
51406,0.2854,28.54,Low,0,2026-09-09 16:08:04.852808
51407,0.1635,16.35,Low,0,2026-09-09 16:08:04.852808
51408,0.1836,18.36,Low,0,2026-09-09 16:08:04.852808
51409,0.2408,24.08,Low,0,2026-09-09 16:08:04.852808
51410,0.0464,4.64,Low,0,2026-09-09 16:08:04.852808
51411,0.3013,30.13,Low,0,2026-09-09 16:08:04.852808
51412,0.3227,32.27,Low,0,2026-09-09 16:08:04.852808
51413,0.4154,41.54,Low,0,2026-09-09 16:08:04.852808
51414,0.199,19.9,Low,0,2026-09-09 16:08:04.852808
51415,0.8757,87.57,High,1,2026-09-09 16:08:04.852808
51416,0.2884,28.84,Low,0,2026-09-09 16:08:04.852808
51417,0.3326,33.26,Low,0,2026-09-09 16:08:04.852808
51418,0.227,22.7,Low,0,2026-09-09 16:08:04.852808
51419,0.1528,15.28,Low,0,2026-09-09 16:08:04.852808
51420,0.0932,9.32,Low,0,2026-09-09 16:08:04.852808
51421,0.1867,18.67,Low,0,2026-09-09 16:08:04.852808
51422,0.569,56.9,Medium,1,2026-09-09 16:08:04.852808
51423,0.4076,40.76,Low,0,2026-09-09 16:08:04.852808
51424,0.2304,23.04,Low,0,2026-09-09 16:08:04.852808
51425,0.0316,3.16,Low,0,2026-09-09 16:08:04.852808
51426,0.1381,13.81,Low,0,2026-09-09 16:08:04.852808
51427,0.7009,70.09,Medium,1,2026-09-09 16:08:04.852808
51428,0.0946,9.46,Low,0,2026-09-09 16:08:04.852808
51429,0.0954,9.54,Low,0,2026-09-09 16:08:04.852808
51430,0.3036,30.36,Low,0,2026-09-09 16:08:04.852808
51431,0.2709,27.09,Low,0,2026-09-09 16:08:04.852808
51432,0.181,18.1,Low,0,2026-09-09 16:08:04.852808
51433,0.2434,24.34,Low,0,2026-09-09 16:08:04.852808
51434,0.3645,36.45,Low,0,2026-09-09 16:08:04.852808
51435,0.2167,21.67,Low,0,2026-09-09 16:08:04.852808
51436,0.2993,29.93,Low,0,2026-09-09 16:08:04.852808
51437,0.2469,24.69,Low,0,2026-09-09 16:08:04.852808
51438,0.2802,28.02,Low,0,2026-09-09 16:08:04.852808
51439,0.4715,47.15,Low,0,2026-09-09 16:08:04.852808
51440,0.4437,44.37,Low,0,2026-09-09 16:08:04.852808
51441,0.0682,6.82,Low,0,2026-09-09 16:08:04.852808
51442,0.5678,56.78,Medium,1,2026-09-09 16:08:04.852808
51443,0.2213,22.13,Low,0,2026-09-09 16:08:04.852808
51444,0.311,31.1,Low,0,2026-09-09 16:08:04.852808
51445,0.2434,24.34,Low,0,2026-09-09 16:08:04.852808
51446,0.3499,34.99,Low,0,2026-09-09 16:08:04.852808
51447,0.1864,18.64,Low,0,2026-09-09 16:08:04.852808
51448,0.1882,18.82,Low,0,2026-09-09 16:08:04.852808
51449,0.1133,11.33,Low,0,2026-09-09 16:08:04.852808
51450,0.1821,18.21,Low,0,2026-09-09 16:08:04.852808
51451,0.1409,14.09,Low,0,2026-09-09 16:08:04.852808
51452,0.3788,37.88,Low,0,2026-09-09 16:08:04.852808
51453,0.0339,3.39,Low,0,2026-09-09 16:08:04.852808
51454,0.5991,59.91,Medium,1,2026-09-09 16:08:04.852808
51455,0.4116,41.16,Low,0,2026-09-09 16:08:04.852808
51456,0.192,19.2,Low,0,2026-09-09 16:08:04.852808
51457,0.1325,13.25,Low,0,2026-09-09 16:08:04.852808
51458,0.2403,24.03,Low,0,2026-09-09 16:08:04.852808
51459,0.7204,72.04,Medium,1,2026-09-09 16:08:04.852808
51460,0.195,19.5,Low,0,2026-09-09 16:08:04.852808
51461,0.2534,25.34,Low,0,2026-09-09 16:08:04.852808
51462,0.3802,38.02,Low,0,2026-09-09 16:08:04.852808
51463,0.7559,75.59,Medium,1,2026-09-09 16:08:04.852808
51464,0.2976,29.76,Low,0,2026-09-09 16:08:04.852808
51465,0.1953,19.53,Low,0,2026-09-09 16:08:04.852808
51466,0.1977,19.77,Low,0,2026-09-09 16:08:04.852808
51467,0.1367,13.67,Low,0,2026-09-09 16:08:04.852808
51468,0.2064,20.64,Low,0,2026-09-09 16:08:04.852808
51469,0.0981,9.81,Low,0,2026-09-09 16:08:04.852808
51470,0.0418,4.18,Low,0,2026-09-09 16:08:04.852808
51471,0.2008,20.08,Low,0,2026-09-09 16:08:04.852808
51472,0.2909,29.09,Low,0,2026-09-09 16:08:04.852808
51473,0.0526,5.26,Low,0,2026-09-09 16:08:04.852808
51474,0.1346,13.46,Low,0,2026-09-09 16:08:04.852808
51475,0.8114,81.14,High,1,2026-09-09 16:08:04.852808
51476,0.7209,72.09,Medium,1,2026-09-09 16:08:04.852808
51477,0.1853,18.53,Low,0,2026-09-09 16:08:04.852808
51478,0.0692,6.92,Low,0,2026-09-09 16:08:04.852808
51479,0.1731,17.31,Low,0,2026-09-09 16:08:04.852808
51480,0.3521,35.21,Low,0,2026-09-09 16:08:04.852808
51481,0.1232,12.32,Low,0,2026-09-09 16:08:04.852808
51482,0.3155,31.55,Low,0,2026-09-09 16:08:04.852808
51483,0.2591,25.91,Low,0,2026-09-09 16:08:04.852808
51484,0.3559,35.59,Low,0,2026-09-09 16:08:04.852808
51485,0.3542,35.42,Low,0,2026-09-09 16:08:04.852808
51486,0.2858,28.58,Low,0,2026-09-09 16:08:04.852808
51487,0.284,28.4,Low,0,2026-09-09 16:08:04.852808
51488,0.1526,15.26,Low,0,2026-09-09 16:08:04.852808
51489,0.6981,69.81,Medium,1,2026-09-09 16:08:04.852808
51490,0.305,30.5,Low,0,2026-09-09 16:08:04.852808
51491,0.3945,39.45,Low,0,2026-09-09 16:08:04.852808
51492,0.1584,15.84,Low,0,2026-09-09 16:08:04.852808
51493,0.3563,35.63,Low,0,2026-09-09 16:08:04.852808
51494,0.8496,84.96,High,1,2026-09-09 16:08:04.852808
51495,0.3056,30.56,Low,0,2026-09-09 16:08:04.852808
51496,0.1096,10.96,Low,0,2026-09-09 16:08:04.852808
51497,0.2826,28.26,Low,0,2026-09-09 16:08:04.852808
51498,0.1734,17.34,Low,0,2026-09-09 16:08:04.852808
51499,0.32,32.0,Low,0,2026-09-09 16:08:04.852808
51500,0.0613,6.13,Low,0,2026-09-09 16:08:04.852808
51501,0.3354,33.54,Low,0,2026-09-09 16:08:04.852808
51502,0.2261,22.61,Low,0,2026-09-09 16:08:04.852808
51503,0.3038,30.38,Low,0,2026-09-09 16:08:04.852808
51504,0.6019,60.19,Medium,1,2026-09-09 16:08:04.852808
51505,0.4155,41.55,Low,0,2026-09-09 16:08:04.852808
51506,0.5784,57.84,Medium,1,2026-09-09 16:08:04.852808
51507,0.1742,17.42,Low,0,2026-09-09 16:08:04.852808
51508,0.1054,10.54,Low,0,2026-09-09 16:08:04.852808
51509,0.2571,25.71,Low,0,2026-09-09 16:08:04.852808
51510,0.1519,15.19,Low,0,2026-09-09 16:08:04.852808
51511,0.3374,33.74,Low,0,2026-09-09 16:08:04.852808
51512,0.3293,32.93,Low,0,2026-09-09 16:08:04.852808
51513,0.0796,7.96,Low,0,2026-09-09 16:08:04.852808
51514,0.3403,34.03,Low,0,2026-09-09 16:08:04.852808
51515,0.2177,21.77,Low,0,2026-09-09 16:08:04.852808
51516,0.3507,35.07,Low,0,2026-09-09 16:08:04.852808
51517,0.1987,19.87,Low,0,2026-09-09 16:08:04.852808
51518,0.1107,11.07,Low,0,2026-09-09 16:08:04.852808
51519,0.3633,36.33,Low,0,2026-09-09 16:08:04.852808
51520,0.0593,5.93,Low,0,2026-09-09 16:08:04.852808
51521,0.3374,33.74,Low,0,2026-09-09 16:08:04.852808
51522,0.173,17.3,Low,0,2026-09-09 16:08:04.852808
51523,0.2052,20.52,Low,0,2026-09-09 16:08:04.852808
51524,0.406,40.6,Low,0,2026-09-09 16:08:04.852808
51525,0.2591,25.91,Low,0,2026-09-09 16:08:04.852808
51526,0.3268,32.68,Low,0,2026-09-09 16:08:04.852808
51527,0.4386,43.86,Low,0,2026-09-09 16:08:04.852808
51528,0.3095,30.95,Low,0,2026-09-09 16:08:04.852808
51529,0.8452,84.52,High,1,2026-09-09 16:08:04.852808
51530,0.267,26.7,Low,0,2026-09-09 16:08:04.852808
51531,0.6509,65.09,Medium,1,2026-09-09 16:08:04.852808
51532,0.8598,85.98,High,1,2026-09-09 16:08:04.852808
51533,0.029,2.9,Low,0,2026-09-09 16:08:04.852808
51534,0.9354,93.54,High,1,2026-09-09 16:08:04.852808
51535,0.728,72.8,Medium,1,2026-09-09 16:08:04.852808
51536,0.3954,39.54,Low,0,2026-09-09 16:08:04.852808
51537,0.8197,81.97,High,1,2026-09-09 16:08:04.852808
51538,0.1516,15.16,Low,0,2026-09-09 16:08:04.852808
51539,0.2029,20.29,Low,0,2026-09-09 16:08:04.852808
51540,0.7205,72.05,Medium,1,2026-09-09 16:08:04.852808
51541,0.175,17.5,Low,0,2026-09-09 16:08:04.852808
51542,0.2426,24.26,Low,0,2026-09-09 16:08:04.852808
51543,0.7477,74.77,Medium,1,2026-09-09 16:08:04.852808
51544,0.2815,28.15,Low,0,2026-09-09 16:08:04.852808
51545,0.0739,7.39,Low,0,2026-09-09 16:08:04.852808
51546,0.2752,27.52,Low,0,2026-09-09 16:08:04.852808
51547,0.1127,11.27,Low,0,2026-09-09 16:08:04.852808
51548,0.4028,40.28,Low,0,2026-09-09 16:08:04.852808
51549,0.3237,32.37,Low,0,2026-09-09 16:08:04.852808
51550,0.1765,17.65,Low,0,2026-09-09 16:08:04.852808
51551,0.079,7.9,Low,0,2026-09-09 16:08:04.852808
51552,0.1049,10.49,Low,0,2026-09-09 16:08:04.852808
51553,0.1096,10.96,Low,0,2026-09-09 16:08:04.852808
51554,0.106,10.6,Low,0,2026-09-09 16:08:04.852808
51555,0.4143,41.43,Low,0,2026-09-09 16:08:04.852808
51556,0.2854,28.54,Low,0,2026-09-09 16:08:04.852808
51557,0.2522,25.22,Low,0,2026-09-09 16:08:04.852808
51558,0.8686,86.86,High,1,2026-09-09 16:08:04.852808
51559,0.0766,7.66,Low,0,2026-09-09 16:08:04.852808
51560,0.2028,20.28,Low,0,2026-09-09 16:08:04.852808
51561,0.438,43.8,Low,0,2026-09-09 16:08:04.852808
51562,0.2326,23.26,Low,0,2026-09-09 16:08:04.852808
51563,0.0797,7.97,Low,0,2026-09-09 16:08:04.852808
51564,0.4413,44.13,Low,0,2026-09-09 16:08:04.852808
51565,0.1501,15.01,Low,0,2026-09-09 16:08:04.852808
51566,0.6383,63.83,Medium,1,2026-09-09 16:08:04.852808
51567,0.1205,12.05,Low,0,2026-09-09 16:08:04.852808
51568,0.4038,40.38,Low,0,2026-09-09 16:08:04.852808
51569,0.399,39.9,Low,0,2026-09-09 16:08:04.852808
51570,0.0877,8.77,Low,0,2026-09-09 16:08:04.852808
51571,0.1201,12.01,Low,0,2026-09-09 16:08:04.852808
51572,0.4087,40.87,Low,0,2026-09-09 16:08:04.852808
51573,0.0526,5.26,Low,0,2026-09-09 16:08:04.852808
51574,0.0894,8.94,Low,0,2026-09-09 16:08:04.852808
51575,0.8454,84.54,High,1,2026-09-09 16:08:04.852808
51576,0.1209,12.09,Low,0,2026-09-09 16:08:04.852808
51577,0.1864,18.64,Low,0,2026-09-09 16:08:04.852808
51578,0.0831,8.31,Low,0,2026-09-09 16:08:04.852808
51579,0.2477,24.77,Low,0,2026-09-09 16:08:04.852808
51580,0.6563,65.63,Medium,1,2026-09-09 16:08:04.852808
51581,0.2403,24.03,Low,0,2026-09-09 16:08:04.852808
51582,0.6495,64.95,Medium,1,2026-09-09 16:08:04.852808
51583,0.2088,20.88,Low,0,2026-09-09 16:08:04.852808
51584,0.4136,41.36,Low,0,2026-09-09 16:08:04.852808
51585,0.1202,12.02,Low,0,2026-09-09 16:08:04.852808
51586,0.2495,24.95,Low,0,2026-09-09 16:08:04.852808
51587,0.8598,85.98,High,1,2026-09-09 16:08:04.852808
51588,0.2248,22.48,Low,0,2026-09-09 16:08:04.852808
51589,0.2648,26.48,Low,0,2026-09-09 16:08:04.852808
51590,0.1377,13.77,Low,0,2026-09-09 16:08:04.852808
51591,0.2045,20.45,Low,0,2026-09-09 16:08:04.852808
51592,0.1191,11.91,Low,0,2026-09-09 16:08:04.852808
51593,0.8285,82.85,High,1,2026-09-09 16:08:04.852808
51594,0.3289,32.89,Low,0,2026-09-09 16:08:04.852808
51595,0.1439,14.39,Low,0,2026-09-09 16:08:04.852808
51596,0.4333,43.33,Low,0,2026-09-09 16:08:04.852808
51597,0.1415,14.15,Low,0,2026-09-09 16:08:04.852808
51598,0.1981,19.81,Low,0,2026-09-09 16:08:04.852808
51599,0.1787,17.87,Low,0,2026-09-09 16:08:04.852808
51600,0.469,46.9,Low,0,2026-09-09 16:08:04.852808
51601,0.2819,28.19,Low,0,2026-09-09 16:08:04.852808
51602,0.8479,84.79,High,1,2026-09-09 16:08:04.852808
51603,0.7385,73.85,Medium,1,2026-09-09 16:08:04.852808
51604,0.3829,38.29,Low,0,2026-09-09 16:08:04.852808
51605,0.7141,71.41,Medium,1,2026-09-09 16:08:04.852808
51606,0.3425,34.25,Low,0,2026-09-09 16:08:04.852808
51607,0.6915,69.15,Medium,1,2026-09-09 16:08:04.852808
51608,0.1636,16.36,Low,0,2026-09-09 16:08:04.852808
51609,0.2217,22.17,Low,0,2026-09-09 16:08:04.852808
51610,0.3409,34.09,Low,0,2026-09-09 16:08:04.852808
51611,0.1212,12.12,Low,0,2026-09-09 16:08:04.852808
51612,0.4707,47.07,Low,0,2026-09-09 16:08:04.852808
51613,0.126,12.6,Low,0,2026-09-09 16:08:04.852808
51614,0.5508,55.08,Medium,1,2026-09-09 16:08:04.852808
51615,0.3764,37.64,Low,0,2026-09-09 16:08:04.852808
51616,0.1604,16.04,Low,0,2026-09-09 16:08:04.852808
51617,0.1052,10.52,Low,0,2026-09-09 16:08:04.852808
51618,0.3832,38.32,Low,0,2026-09-09 16:08:04.852808
51619,0.297,29.7,Low,0,2026-09-09 16:08:04.852808
51620,0.0833,8.33,Low,0,2026-09-09 16:08:04.852808
51621,0.1567,15.67,Low,0,2026-09-09 16:08:04.852808
51622,0.2576,25.76,Low,0,2026-09-09 16:08:04.852808
51623,0.3618,36.18,Low,0,2026-09-09 16:08:04.852808
51624,0.0503,5.03,Low,0,2026-09-09 16:08:04.852808
51625,0.4078,40.78,Low,0,2026-09-09 16:08:04.852808
51626,0.3518,35.18,Low,0,2026-09-09 16:08:04.852808
51627,0.286,28.6,Low,0,2026-09-09 16:08:04.852808
51628,0.2759,27.59,Low,0,2026-09-09 16:08:04.852808
51629,0.3071,30.71,Low,0,2026-09-09 16:08:04.852808
51630,0.2627,26.27,Low,0,2026-09-09 16:08:04.852808
51631,0.0984,9.84,Low,0,2026-09-09 16:08:04.852808
51632,0.1607,16.07,Low,0,2026-09-09 16:08:04.852808
51633,0.8509,85.09,High,1,2026-09-09 16:08:04.852808
51634,0.4187,41.87,Low,0,2026-09-09 16:08:04.852808
51635,0.0616,6.16,Low,0,2026-09-09 16:08:04.852808
51636,0.1471,14.71,Low,0,2026-09-09 16:08:04.852808
51637,0.3692,36.92,Low,0,2026-09-09 16:08:04.852808
51638,0.4315,43.15,Low,0,2026-09-09 16:08:04.852808
51639,0.1558,15.58,Low,0,2026-09-09 16:08:04.852808
51640,0.0819,8.19,Low,0,2026-09-09 16:08:04.852808
51641,0.2003,20.03,Low,0,2026-09-09 16:08:04.852808
51642,0.0622,6.22,Low,0,2026-09-09 16:08:04.852808
51643,0.2652,26.52,Low,0,2026-09-09 16:08:04.852808
51644,0.4656,46.56,Low,0,2026-09-09 16:08:04.852808
51645,0.7619,76.19,Medium,1,2026-09-09 16:08:04.852808
51646,0.1546,15.46,Low,0,2026-09-09 16:08:04.852808
51647,0.5831,58.31,Medium,1,2026-09-09 16:08:04.852808
51648,0.1938,19.38,Low,0,2026-09-09 16:08:04.852808
51649,0.1481,14.81,Low,0,2026-09-09 16:08:04.852808
51650,0.2927,29.27,Low,0,2026-09-09 16:08:04.852808
51651,0.1276,12.76,Low,0,2026-09-09 16:08:04.852808
51652,0.7887,78.87,Medium,1,2026-09-09 16:08:04.852808
51653,0.2329,23.29,Low,0,2026-09-09 16:08:04.852808
51654,0.0884,8.84,Low,0,2026-09-09 16:08:04.852808
51655,0.8432,84.32,High,1,2026-09-09 16:08:04.852808
51656,0.0481,4.81,Low,0,2026-09-09 16:08:04.852808
51657,0.2478,24.78,Low,0,2026-09-09 16:08:04.852808
51658,0.2124,21.24,Low,0,2026-09-09 16:08:04.852808
51659,0.8738,87.38,High,1,2026-09-09 16:08:04.852808
51660,0.3435,34.35,Low,0,2026-09-09 16:08:04.852808
51661,0.2178,21.78,Low,0,2026-09-09 16:08:04.852808
51662,0.8426,84.26,High,1,2026-09-09 16:08:04.852808
51663,0.0631,6.31,Low,0,2026-09-09 16:08:04.852808
51664,0.8881,88.81,High,1,2026-09-09 16:08:04.852808
51665,0.0677,6.77,Low,0,2026-09-09 16:08:04.852808
51666,0.2788,27.88,Low,0,2026-09-09 16:08:04.852808
51667,0.3962,39.62,Low,0,2026-09-09 16:08:04.852808
51668,0.0553,5.53,Low,0,2026-09-09 16:08:04.852808
51669,0.2109,21.09,Low,0,2026-09-09 16:08:04.852808
51670,0.1285,12.85,Low,0,2026-09-09 16:08:04.852808
51671,0.6298,62.98,Medium,1,2026-09-09 16:08:04.852808
51672,0.1025,10.25,Low,0,2026-09-09 16:08:04.852808
51673,0.2911,29.11,Low,0,2026-09-09 16:08:04.852808
51674,0.6873,68.73,Medium,1,2026-09-09 16:08:04.852808
51675,0.3343,33.43,Low,0,2026-09-09 16:08:04.852808
51676,0.2761,27.61,Low,0,2026-09-09 16:08:04.852808
51677,0.7064,70.64,Medium,1,2026-09-09 16:08:04.852808
51678,0.2412,24.12,Low,0,2026-09-09 16:08:04.852808
51679,0.2741,27.41,Low,0,2026-09-09 16:08:04.852808
51680,0.144,14.4,Low,0,2026-09-09 16:08:04.852808
51681,0.4472,44.72,Low,0,2026-09-09 16:08:04.852808
51682,0.0511,5.11,Low,0,2026-09-09 16:08:04.852808
51683,0.3198,31.98,Low,0,2026-09-09 16:08:04.852808
51684,0.0358,3.58,Low,0,2026-09-09 16:08:04.852808
51685,0.2562,25.62,Low,0,2026-09-09 16:08:04.852808
51686,0.0711,7.11,Low,0,2026-09-09 16:08:04.852808
51687,0.088,8.8,Low,0,2026-09-09 16:08:04.852808
51688,0.1715,17.15,Low,0,2026-09-09 16:08:04.852808
51689,0.5986,59.86,Medium,1,2026-09-09 16:08:04.852808
51690,0.2431,24.31,Low,0,2026-09-09 16:08:04.852808
51691,0.3124,31.24,Low,0,2026-09-09 16:08:04.852808
51692,0.8441,84.41,High,1,2026-09-09 16:08:04.852808
51693,0.1689,16.89,Low,0,2026-09-09 16:08:04.852808
51694,0.5421,54.21,Medium,1,2026-09-09 16:08:04.852808
51695,0.4817,48.17,Low,0,2026-09-09 16:08:04.852808
51696,0.5174,51.74,Medium,1,2026-09-09 16:08:04.852808
51697,0.655,65.5,Medium,1,2026-09-09 16:08:04.852808
51698,0.1988,19.88,Low,0,2026-09-09 16:08:04.852808
51699,0.0271,2.71,Low,0,2026-09-09 16:08:04.852808
51700,0.822,82.2,High,1,2026-09-09 16:08:04.852808
51701,0.241,24.1,Low,0,2026-09-09 16:08:04.852808
51702,0.3653,36.53,Low,0,2026-09-09 16:08:04.852808
51703,0.368,36.8,Low,0,2026-09-09 16:08:04.852808
51704,0.2474,24.74,Low,0,2026-09-09 16:08:04.852808
51705,0.1777,17.77,Low,0,2026-09-09 16:08:04.852808
51706,0.3134,31.34,Low,0,2026-09-09 16:08:04.852808
51707,0.4684,46.84,Low,0,2026-09-09 16:08:04.852808
51708,0.1678,16.78,Low,0,2026-09-09 16:08:04.852808
51709,0.1722,17.22,Low,0,2026-09-09 16:08:04.852808
51710,0.2229,22.29,Low,0,2026-09-09 16:08:04.852808
51711,0.4214,42.14,Low,0,2026-09-09 16:08:04.852808
51712,0.4036,40.36,Low,0,2026-09-09 16:08:04.852808
51713,0.1391,13.91,Low,0,2026-09-09 16:08:04.852808
51714,0.3682,36.82,Low,0,2026-09-09 16:08:04.852808
51715,0.866,86.6,High,1,2026-09-09 16:08:04.852808
51716,0.0732,7.32,Low,0,2026-09-09 16:08:04.852808
51717,0.438,43.8,Low,0,2026-09-09 16:08:04.852808
51718,0.1094,10.94,Low,0,2026-09-09 16:08:04.852808
51719,0.1162,11.62,Low,0,2026-09-09 16:08:04.852808
51720,0.7148,71.48,Medium,1,2026-09-09 16:08:04.852808
51721,0.5678,56.78,Medium,1,2026-09-09 16:08:04.852808
51722,0.2933,29.33,Low,0,2026-09-09 16:08:04.852808
51723,0.4727,47.27,Low,0,2026-09-09 16:08:04.852808
51724,0.5059,50.59,Medium,1,2026-09-09 16:08:04.852808
51725,0.7376,73.76,Medium,1,2026-09-09 16:08:04.852808
51726,0.5174,51.74,Medium,1,2026-09-09 16:08:04.852808
51727,0.6138,61.38,Medium,1,2026-09-09 16:08:04.852808
51728,0.0672,6.72,Low,0,2026-09-09 16:08:04.852808
51729,0.133,13.3,Low,0,2026-09-09 16:08:04.852808
51730,0.3402,34.02,Low,0,2026-09-09 16:08:04.852808
51731,0.2219,22.19,Low,0,2026-09-09 16:08:04.852808
51732,0.2197,21.97,Low,0,2026-09-09 16:08:04.852808
51733,0.3417,34.17,Low,0,2026-09-09 16:08:04.852808
51734,0.1845,18.45,Low,0,2026-09-09 16:08:04.852808
51735,0.2171,21.71,Low,0,2026-09-09 16:08:04.852808
51736,0.1219,12.19,Low,0,2026-09-09 16:08:04.852808
51737,0.1133,11.33,Low,0,2026-09-09 16:08:04.852808
51738,0.3573,35.73,Low,0,2026-09-09 16:08:04.852808
51739,0.2068,20.68,Low,0,2026-09-09 16:08:04.852808
51740,0.3153,31.53,Low,0,2026-09-09 16:08:04.852808
51741,0.0942,9.42,Low,0,2026-09-09 16:08:04.852808
51742,0.3007,30.07,Low,0,2026-09-09 16:08:04.852808
51743,0.4406,44.06,Low,0,2026-09-09 16:08:04.852808
51744,0.6849,68.49,Medium,1,2026-09-09 16:08:04.852808
51745,0.3684,36.84,Low,0,2026-09-09 16:08:04.852808
51746,0.1904,19.04,Low,0,2026-09-09 16:08:04.852808
51747,0.2338,23.38,Low,0,2026-09-09 16:08:04.852808
51748,0.3747,37.47,Low,0,2026-09-09 16:08:04.852808
51749,0.1996,19.96,Low,0,2026-09-09 16:08:04.852808
51750,0.1915,19.15,Low,0,2026-09-09 16:08:04.852808
51751,0.9076,90.76,High,1,2026-09-09 16:08:04.852808
51752,0.4892,48.92,Low,0,2026-09-09 16:08:04.852808
51753,0.2601,26.01,Low,0,2026-09-09 16:08:04.852808
51754,0.2633,26.33,Low,0,2026-09-09 16:08:04.852808
51755,0.1437,14.37,Low,0,2026-09-09 16:08:04.852808
51756,0.1526,15.26,Low,0,2026-09-09 16:08:04.852808
51757,0.1253,12.53,Low,0,2026-09-09 16:08:04.852808
51758,0.3201,32.01,Low,0,2026-09-09 16:08:04.852808
51759,0.3759,37.59,Low,0,2026-09-09 16:08:04.852808
51760,0.3115,31.15,Low,0,2026-09-09 16:08:04.852808
51761,0.2718,27.18,Low,0,2026-09-09 16:08:04.852808
51762,0.2857,28.57,Low,0,2026-09-09 16:08:04.852808
51763,0.5368,53.68,Medium,1,2026-09-09 16:08:04.852808
51764,0.5521,55.21,Medium,1,2026-09-09 16:08:04.852808
51765,0.6473,64.73,Medium,1,2026-09-09 16:08:04.852808
51766,0.2523,25.23,Low,0,2026-09-09 16:08:04.852808
51767,0.0693,6.93,Low,0,2026-09-09 16:08:04.852808
51768,0.2262,22.62,Low,0,2026-09-09 16:08:04.852808
51769,0.2309,23.09,Low,0,2026-09-09 16:08:04.852808
51770,0.2344,23.44,Low,0,2026-09-09 16:08:04.852808
51771,0.2856,28.56,Low,0,2026-09-09 16:08:04.852808
51772,0.1204,12.04,Low,0,2026-09-09 16:08:04.852808
51773,0.0457,4.57,Low,0,2026-09-09 16:08:04.852808
51774,0.1951,19.51,Low,0,2026-09-09 16:08:04.852808
51775,0.0553,5.53,Low,0,2026-09-09 16:08:04.852808
51776,0.201,20.1,Low,0,2026-09-09 16:08:04.852808
51777,0.0283,2.83,Low,0,2026-09-09 16:08:04.852808
51778,0.3133,31.33,Low,0,2026-09-09 16:08:04.852808
51779,0.182,18.2,Low,0,2026-09-09 16:08:04.852808
51780,0.0742,7.42,Low,0,2026-09-09 16:08:04.852808
51781,0.3417,34.17,Low,0,2026-09-09 16:08:04.852808
51782,0.0841,8.41,Low,0,2026-09-09 16:08:04.852808
51783,0.1781,17.81,Low,0,2026-09-09 16:08:04.852808
51784,0.1587,15.87,Low,0,2026-09-09 16:08:04.852808
51785,0.1893,18.93,Low,0,2026-09-09 16:08:04.852808
51786,0.1967,19.67,Low,0,2026-09-09 16:08:04.852808
51787,0.1049,10.49,Low,0,2026-09-09 16:08:04.852808
51788,0.5463,54.63,Medium,1,2026-09-09 16:08:04.852808
51789,0.7752,77.52,Medium,1,2026-09-09 16:08:04.852808
51790,0.3534,35.34,Low,0,2026-09-09 16:08:04.852808
51791,0.2339,23.39,Low,0,2026-09-09 16:08:04.852808
51792,0.1928,19.28,Low,0,2026-09-09 16:08:04.852808
51793,0.3436,34.36,Low,0,2026-09-09 16:08:04.852808
51794,0.1762,17.62,Low,0,2026-09-09 16:08:04.852808
51795,0.199,19.9,Low,0,2026-09-09 16:08:04.852808
51796,0.2978,29.78,Low,0,2026-09-09 16:08:04.852808
51797,0.1016,10.16,Low,0,2026-09-09 16:08:04.852808
51798,0.2987,29.87,Low,0,2026-09-09 16:08:04.852808
51799,0.5928,59.28,Medium,1,2026-09-09 16:08:04.852808
51800,0.7266,72.66,Medium,1,2026-09-09 16:08:04.852808
51801,0.1045,10.45,Low,0,2026-09-09 16:08:04.852808
51802,0.462,46.2,Low,0,2026-09-09 16:08:04.852808
51803,0.3068,30.68,Low,0,2026-09-09 16:08:04.852808
51804,0.87,87.0,High,1,2026-09-09 16:08:04.852808
51805,0.8454,84.54,High,1,2026-09-09 16:08:04.852808
51806,0.0583,5.83,Low,0,2026-09-09 16:08:04.852808
51807,0.1263,12.63,Low,0,2026-09-09 16:08:04.852808
51808,0.344,34.4,Low,0,2026-09-09 16:08:04.852808
51809,0.4971,49.71,Low,0,2026-09-09 16:08:04.852808
51810,0.308,30.8,Low,0,2026-09-09 16:08:04.852808
51811,0.8768,87.68,High,1,2026-09-09 16:08:04.852808
51812,0.3758,37.58,Low,0,2026-09-09 16:08:04.852808
51813,0.2827,28.27,Low,0,2026-09-09 16:08:04.852808
51814,0.4422,44.22,Low,0,2026-09-09 16:08:04.852808
51815,0.2222,22.22,Low,0,2026-09-09 16:08:04.852808
51816,0.1174,11.74,Low,0,2026-09-09 16:08:04.852808
51817,0.2462,24.62,Low,0,2026-09-09 16:08:04.852808
51818,0.2044,20.44,Low,0,2026-09-09 16:08:04.852808
51819,0.74,74.0,Medium,1,2026-09-09 16:08:04.852808
51820,0.8481,84.81,High,1,2026-09-09 16:08:04.852808
51821,0.2594,25.94,Low,0,2026-09-09 16:08:04.852808
51822,0.5972,59.72,Medium,1,2026-09-09 16:08:04.852808
51823,0.1522,15.22,Low,0,2026-09-09 16:08:04.852808
51824,0.0876,8.76,Low,0,2026-09-09 16:08:04.852808
51825,0.388,38.8,Low,0,2026-09-09 16:08:04.852808
51826,0.2241,22.41,Low,0,2026-09-09 16:08:04.852808
51827,0.2109,21.09,Low,0,2026-09-09 16:08:04.852808
51828,0.0797,7.97,Low,0,2026-09-09 16:08:04.852808
51829,0.2458,24.58,Low,0,2026-09-09 16:08:04.852808
51830,0.4461,44.61,Low,0,2026-09-09 16:08:04.852808
51831,0.0753,7.53,Low,0,2026-09-09 16:08:04.852808
51832,0.3338,33.38,Low,0,2026-09-09 16:08:04.852808
51833,0.4902,49.02,Low,0,2026-09-09 16:08:04.852808
51834,0.1573,15.73,Low,0,2026-09-09 16:08:04.852808
51835,0.1575,15.75,Low,0,2026-09-09 16:08:04.852808
51836,0.1618,16.18,Low,0,2026-09-09 16:08:04.852808
51837,0.882,88.2,High,1,2026-09-09 16:08:04.852808
51838,0.6762,67.62,Medium,1,2026-09-09 16:08:04.852808
51839,0.1142,11.42,Low,0,2026-09-09 16:08:04.852808
51840,0.2231,22.31,Low,0,2026-09-09 16:08:04.852808
51841,0.5049,50.49,Medium,1,2026-09-09 16:08:04.852808
51842,0.3039,30.39,Low,0,2026-09-09 16:08:04.852808
51843,0.4592,45.92,Low,0,2026-09-09 16:08:04.852808
51844,0.3215,32.15,Low,0,2026-09-09 16:08:04.852808
51845,0.0598,5.98,Low,0,2026-09-09 16:08:04.852808
51846,0.2425,24.25,Low,0,2026-09-09 16:08:04.852808
51847,0.3045,30.45,Low,0,2026-09-09 16:08:04.852808
51848,0.337,33.7,Low,0,2026-09-09 16:08:04.852808
51849,0.2178,21.78,Low,0,2026-09-09 16:08:04.852808
51850,0.1998,19.98,Low,0,2026-09-09 16:08:04.852808
51851,0.311,31.1,Low,0,2026-09-09 16:08:04.852808
51852,0.6933,69.33,Medium,1,2026-09-09 16:08:04.852808
51853,0.1334,13.34,Low,0,2026-09-09 16:08:04.852808
51854,0.0847,8.47,Low,0,2026-09-09 16:08:04.852808
51855,0.1039,10.39,Low,0,2026-09-09 16:08:04.852808
51856,0.1942,19.42,Low,0,2026-09-09 16:08:04.852808
51857,0.2638,26.38,Low,0,2026-09-09 16:08:04.852808
51858,0.3415,34.15,Low,0,2026-09-09 16:08:04.852808
51859,0.1262,12.62,Low,0,2026-09-09 16:08:04.852808
51860,0.4137,41.37,Low,0,2026-09-09 16:08:04.852808
51861,0.1924,19.24,Low,0,2026-09-09 16:08:04.852808
51862,0.1584,15.84,Low,0,2026-09-09 16:08:04.852808
51863,0.3158,31.58,Low,0,2026-09-09 16:08:04.852808
51864,0.2719,27.19,Low,0,2026-09-09 16:08:04.852808
51865,0.0707,7.07,Low,0,2026-09-09 16:08:04.852808
51866,0.1413,14.13,Low,0,2026-09-09 16:08:04.852808
51867,0.7052,70.52,Medium,1,2026-09-09 16:08:04.852808
51868,0.6634,66.34,Medium,1,2026-09-09 16:08:04.852808
51869,0.1432,14.32,Low,0,2026-09-09 16:08:04.852808
51870,0.2461,24.61,Low,0,2026-09-09 16:08:04.852808
51871,0.299,29.9,Low,0,2026-09-09 16:08:04.852808
51872,0.7008,70.08,Medium,1,2026-09-09 16:08:04.852808
51873,0.2984,29.84,Low,0,2026-09-09 16:08:04.852808
51874,0.0962,9.62,Low,0,2026-09-09 16:08:04.852808
51875,0.4245,42.45,Low,0,2026-09-09 16:08:04.852808
51876,0.1267,12.67,Low,0,2026-09-09 16:08:04.852808
51877,0.437,43.7,Low,0,2026-09-09 16:08:04.852808
51878,0.4621,46.21,Low,0,2026-09-09 16:08:04.852808
51879,0.3788,37.88,Low,0,2026-09-09 16:08:04.852808
51880,0.3187,31.87,Low,0,2026-09-09 16:08:04.852808
51881,0.3402,34.02,Low,0,2026-09-09 16:08:04.852808
51882,0.1877,18.77,Low,0,2026-09-09 16:08:04.852808
51883,0.3457,34.57,Low,0,2026-09-09 16:08:04.852808
51884,0.1102,11.02,Low,0,2026-09-09 16:08:04.852808
51885,0.1273,12.73,Low,0,2026-09-09 16:08:04.852808
51886,0.3264,32.64,Low,0,2026-09-09 16:08:04.852808
51887,0.3007,30.07,Low,0,2026-09-09 16:08:04.852808
51888,0.2478,24.78,Low,0,2026-09-09 16:08:04.852808
51889,0.1096,10.96,Low,0,2026-09-09 16:08:04.852808
51890,0.0618,6.18,Low,0,2026-09-09 16:08:04.852808
51891,0.145,14.5,Low,0,2026-09-09 16:08:04.852808
51892,0.3672,36.72,Low,0,2026-09-09 16:08:04.852808
51893,0.3878,38.78,Low,0,2026-09-09 16:08:04.852808
51894,0.2831,28.31,Low,0,2026-09-09 16:08:04.852808
51895,0.4125,41.25,Low,0,2026-09-09 16:08:04.852808
51896,0.1918,19.18,Low,0,2026-09-09 16:08:04.852808
51897,0.2142,21.42,Low,0,2026-09-09 16:08:04.852808
51898,0.3823,38.23,Low,0,2026-09-09 16:08:04.852808
51899,0.3295,32.95,Low,0,2026-09-09 16:08:04.852808
51900,0.1639,16.39,Low,0,2026-09-09 16:08:04.852808
51901,0.38,38.0,Low,0,2026-09-09 16:08:04.852808
51902,0.3232,32.32,Low,0,2026-09-09 16:08:04.852808
51903,0.0763,7.63,Low,0,2026-09-09 16:08:04.852808
51904,0.3604,36.04,Low,0,2026-09-09 16:08:04.852808
51905,0.0838,8.38,Low,0,2026-09-09 16:08:04.852808
51906,0.7522,75.22,Medium,1,2026-09-09 16:08:04.852808
51907,0.0417,4.17,Low,0,2026-09-09 16:08:04.852808
51908,0.1514,15.14,Low,0,2026-09-09 16:08:04.852808
51909,0.4599,45.99,Low,0,2026-09-09 16:08:04.852808
51910,0.3744,37.44,Low,0,2026-09-09 16:08:04.852808
51911,0.3585,35.85,Low,0,2026-09-09 16:08:04.852808
51912,0.845,84.5,High,1,2026-09-09 16:08:04.852808
51913,0.0356,3.56,Low,0,2026-09-09 16:08:04.852808
51914,0.6932,69.32,Medium,1,2026-09-09 16:08:04.852808
51915,0.3135,31.35,Low,0,2026-09-09 16:08:04.852808
51916,0.0778,7.78,Low,0,2026-09-09 16:08:04.852808
51917,0.3335,33.35,Low,0,2026-09-09 16:08:04.852808
51918,0.8535,85.35,High,1,2026-09-09 16:08:04.852808
51919,0.4378,43.78,Low,0,2026-09-09 16:08:04.852808
51920,0.246,24.6,Low,0,2026-09-09 16:08:04.852808
51921,0.8106,81.06,High,1,2026-09-09 16:08:04.852808
51922,0.3014,30.14,Low,0,2026-09-09 16:08:04.852808
51923,0.1267,12.67,Low,0,2026-09-09 16:08:04.852808
51924,0.3816,38.16,Low,0,2026-09-09 16:08:04.852808
51925,0.0901,9.01,Low,0,2026-09-09 16:08:04.852808
51926,0.3153,31.53,Low,0,2026-09-09 16:08:04.852808
51927,0.1863,18.63,Low,0,2026-09-09 16:08:04.852808
51928,0.2888,28.88,Low,0,2026-09-09 16:08:04.852808
51929,0.1631,16.31,Low,0,2026-09-09 16:08:04.852808
51930,0.3169,31.69,Low,0,2026-09-09 16:08:04.852808
51931,0.5769,57.69,Medium,1,2026-09-09 16:08:04.852808
51932,0.4403,44.03,Low,0,2026-09-09 16:08:04.852808
51933,0.3089,30.89,Low,0,2026-09-09 16:08:04.852808
51934,0.2071,20.71,Low,0,2026-09-09 16:08:04.852808
51935,0.0479,4.79,Low,0,2026-09-09 16:08:04.852808
51936,0.1832,18.32,Low,0,2026-09-09 16:08:04.852808
51937,0.3236,32.36,Low,0,2026-09-09 16:08:04.852808
51938,0.3501,35.01,Low,0,2026-09-09 16:08:04.852808
51939,0.2252,22.52,Low,0,2026-09-09 16:08:04.852808
51940,0.7868,78.68,Medium,1,2026-09-09 16:08:04.852808
51941,0.3266,32.66,Low,0,2026-09-09 16:08:04.852808
51942,0.6672,66.72,Medium,1,2026-09-09 16:08:04.852808
51943,0.1472,14.72,Low,0,2026-09-09 16:08:04.852808
51944,0.3451,34.51,Low,0,2026-09-09 16:08:04.852808
51945,0.1174,11.74,Low,0,2026-09-09 16:08:04.852808
51946,0.862,86.2,High,1,2026-09-09 16:08:04.852808
51947,0.2723,27.23,Low,0,2026-09-09 16:08:04.852808
51948,0.8054,80.54,High,1,2026-09-09 16:08:04.852808
51949,0.1398,13.98,Low,0,2026-09-09 16:08:04.852808
51950,0.3482,34.82,Low,0,2026-09-09 16:08:04.852808
51951,0.2061,20.61,Low,0,2026-09-09 16:08:04.852808
51952,0.464,46.4,Low,0,2026-09-09 16:08:04.852808
51953,0.4467,44.67,Low,0,2026-09-09 16:08:04.852808
51954,0.0642,6.42,Low,0,2026-09-09 16:08:04.852808
51955,0.1885,18.85,Low,0,2026-09-09 16:08:04.852808
51956,0.119,11.9,Low,0,2026-09-09 16:08:04.852808
51957,0.3079,30.79,Low,0,2026-09-09 16:08:04.852808
51958,0.1805,18.05,Low,0,2026-09-09 16:08:04.852808
51959,0.6639,66.39,Medium,1,2026-09-09 16:08:04.852808
51960,0.0475,4.75,Low,0,2026-09-09 16:08:04.852808
51961,0.3609,36.09,Low,0,2026-09-09 16:08:04.852808
51962,0.479,47.9,Low,0,2026-09-09 16:08:04.852808
51963,0.1265,12.65,Low,0,2026-09-09 16:08:04.852808
51964,0.7587,75.87,Medium,1,2026-09-09 16:08:04.852808
51965,0.2478,24.78,Low,0,2026-09-09 16:08:04.852808
51966,0.8018,80.18,High,1,2026-09-09 16:08:04.852808
51967,0.1256,12.56,Low,0,2026-09-09 16:08:04.852808
51968,0.2775,27.75,Low,0,2026-09-09 16:08:04.852808
51969,0.3928,39.28,Low,0,2026-09-09 16:08:04.852808
51970,0.267,26.7,Low,0,2026-09-09 16:08:04.852808
51971,0.4139,41.39,Low,0,2026-09-09 16:08:04.852808
51972,0.0858,8.58,Low,0,2026-09-09 16:08:04.852808
51973,0.458,45.8,Low,0,2026-09-09 16:08:04.852808
51974,0.2966,29.66,Low,0,2026-09-09 16:08:04.852808
51975,0.2645,26.45,Low,0,2026-09-09 16:08:04.852808
51976,0.0709,7.09,Low,0,2026-09-09 16:08:04.852808
51977,0.4548,45.48,Low,0,2026-09-09 16:08:04.852808
51978,0.4297,42.97,Low,0,2026-09-09 16:08:04.852808
51979,0.0787,7.87,Low,0,2026-09-09 16:08:04.852808
51980,0.1388,13.88,Low,0,2026-09-09 16:08:04.852808
51981,0.4083,40.83,Low,0,2026-09-09 16:08:04.852808
51982,0.3243,32.43,Low,0,2026-09-09 16:08:04.852808
51983,0.4118,41.18,Low,0,2026-09-09 16:08:04.852808
51984,0.7538,75.38,Medium,1,2026-09-09 16:08:04.852808
51985,0.3244,32.44,Low,0,2026-09-09 16:08:04.852808
51986,0.4688,46.88,Low,0,2026-09-09 16:08:04.852808
51987,0.0947,9.47,Low,0,2026-09-09 16:08:04.852808
51988,0.7783,77.83,Medium,1,2026-09-09 16:08:04.852808
51989,0.1337,13.37,Low,0,2026-09-09 16:08:04.852808
51990,0.1291,12.91,Low,0,2026-09-09 16:08:04.852808
51991,0.0728,7.28,Low,0,2026-09-09 16:08:04.852808
51992,0.2608,26.08,Low,0,2026-09-09 16:08:04.852808
51993,0.1914,19.14,Low,0,2026-09-09 16:08:04.852808
51994,0.3128,31.28,Low,0,2026-09-09 16:08:04.852808
51995,0.1715,17.15,Low,0,2026-09-09 16:08:04.852808
51996,0.4497,44.97,Low,0,2026-09-09 16:08:04.852808
51997,0.0217,2.17,Low,0,2026-09-09 16:08:04.852808
51998,0.3012,30.12,Low,0,2026-09-09 16:08:04.852808
51999,0.2939,29.39,Low,0,2026-09-09 16:08:04.852808
52000,0.2402,24.02,Low,0,2026-09-09 16:08:04.852808
52001,0.4343,43.43,Low,0,2026-09-09 16:08:04.852808
52002,0.1877,18.77,Low,0,2026-09-09 16:08:04.852808
52003,0.0826,8.26,Low,0,2026-09-09 16:08:04.852808
52004,0.3217,32.17,Low,0,2026-09-09 16:08:04.852808
52005,0.2312,23.12,Low,0,2026-09-09 16:08:04.852808
52006,0.2228,22.28,Low,0,2026-09-09 16:08:04.852808
52007,0.1335,13.35,Low,0,2026-09-09 16:08:04.852808
52008,0.291,29.1,Low,0,2026-09-09 16:08:04.852808
52009,0.4385,43.85,Low,0,2026-09-09 16:08:04.852808
52010,0.2303,23.03,Low,0,2026-09-09 16:08:04.852808
52011,0.3696,36.96,Low,0,2026-09-09 16:08:04.852808
52012,0.4601,46.01,Low,0,2026-09-09 16:08:04.852808
52013,0.1619,16.19,Low,0,2026-09-09 16:08:04.852808
52014,0.7935,79.35,Medium,1,2026-09-09 16:08:04.852808
52015,0.181,18.1,Low,0,2026-09-09 16:08:04.852808
52016,0.4948,49.48,Low,0,2026-09-09 16:08:04.852808
52017,0.6766,67.66,Medium,1,2026-09-09 16:08:04.852808
52018,0.0552,5.52,Low,0,2026-09-09 16:08:04.852808
52019,0.3811,38.11,Low,0,2026-09-09 16:08:04.852808
52020,0.5848,58.48,Medium,1,2026-09-09 16:08:04.852808
52021,0.2266,22.66,Low,0,2026-09-09 16:08:04.852808
52022,0.6235,62.35,Medium,1,2026-09-09 16:08:04.852808
52023,0.1681,16.81,Low,0,2026-09-09 16:08:04.852808
52024,0.0897,8.97,Low,0,2026-09-09 16:08:04.852808
52025,0.8003,80.03,High,1,2026-09-09 16:08:04.852808
52026,0.3489,34.89,Low,0,2026-09-09 16:08:04.852808
52027,0.1662,16.62,Low,0,2026-09-09 16:08:04.852808
52028,0.0743,7.43,Low,0,2026-09-09 16:08:04.852808
52029,0.3335,33.35,Low,0,2026-09-09 16:08:04.852808
52030,0.101,10.1,Low,0,2026-09-09 16:08:04.852808
52031,0.3329,33.29,Low,0,2026-09-09 16:08:04.852808
52032,0.1311,13.11,Low,0,2026-09-09 16:08:04.852808
52033,0.2161,21.61,Low,0,2026-09-09 16:08:04.852808
52034,0.0773,7.73,Low,0,2026-09-09 16:08:04.852808
52035,0.2022,20.22,Low,0,2026-09-09 16:08:04.852808
52036,0.3519,35.19,Low,0,2026-09-09 16:08:04.852808
52037,0.2599,25.99,Low,0,2026-09-09 16:08:04.852808
52038,0.3895,38.95,Low,0,2026-09-09 16:08:04.852808
52039,0.5218,52.18,Medium,1,2026-09-09 16:08:04.852808
52040,0.3628,36.28,Low,0,2026-09-09 16:08:04.852808
52041,0.2942,29.42,Low,0,2026-09-09 16:08:04.852808
52042,0.3479,34.79,Low,0,2026-09-09 16:08:04.852808
52043,0.2519,25.19,Low,0,2026-09-09 16:08:04.852808
52044,0.4112,41.12,Low,0,2026-09-09 16:08:04.852808
52045,0.3072,30.72,Low,0,2026-09-09 16:08:04.852808
52046,0.0306,3.06,Low,0,2026-09-09 16:08:04.852808
52047,0.3536,35.36,Low,0,2026-09-09 16:08:04.852808
52048,0.8797,87.97,High,1,2026-09-09 16:08:04.852808
52049,0.2742,27.42,Low,0,2026-09-09 16:08:04.852808
52050,0.3134,31.34,Low,0,2026-09-09 16:08:04.852808
52051,0.6739,67.39,Medium,1,2026-09-09 16:08:04.852808
52052,0.3316,33.16,Low,0,2026-09-09 16:08:04.852808
52053,0.2187,21.87,Low,0,2026-09-09 16:08:04.852808
52054,0.2352,23.52,Low,0,2026-09-09 16:08:04.852808
52055,0.2589,25.89,Low,0,2026-09-09 16:08:04.852808
52056,0.2546,25.46,Low,0,2026-09-09 16:08:04.852808
52057,0.5894,58.94,Medium,1,2026-09-09 16:08:04.852808
52058,0.3152,31.52,Low,0,2026-09-09 16:08:04.852808
52059,0.401,40.1,Low,0,2026-09-09 16:08:04.852808
52060,0.3091,30.91,Low,0,2026-09-09 16:08:04.852808
52061,0.3053,30.53,Low,0,2026-09-09 16:08:04.852808
52062,0.3153,31.53,Low,0,2026-09-09 16:08:04.852808
52063,0.0746,7.46,Low,0,2026-09-09 16:08:04.852808
52064,0.1974,19.74,Low,0,2026-09-09 16:08:04.852808
52065,0.3867,38.67,Low,0,2026-09-09 16:08:04.852808
52066,0.0568,5.68,Low,0,2026-09-09 16:08:04.852808
52067,0.5667,56.67,Medium,1,2026-09-09 16:08:04.852808
52068,0.5108,51.08,Medium,1,2026-09-09 16:08:04.852808
52069,0.4343,43.43,Low,0,2026-09-09 16:08:04.852808
52070,0.4739,47.39,Low,0,2026-09-09 16:08:04.852808
52071,0.3341,33.41,Low,0,2026-09-09 16:08:04.852808
52072,0.1346,13.46,Low,0,2026-09-09 16:08:04.852808
52073,0.5171,51.71,Medium,1,2026-09-09 16:08:04.852808
52074,0.21,21.0,Low,0,2026-09-09 16:08:04.852808
52075,0.3014,30.14,Low,0,2026-09-09 16:08:04.852808
52076,0.1581,15.81,Low,0,2026-09-09 16:08:04.852808
52077,0.3394,33.94,Low,0,2026-09-09 16:08:04.852808
52078,0.1696,16.96,Low,0,2026-09-09 16:08:04.852808
52079,0.0516,5.16,Low,0,2026-09-09 16:08:04.852808
52080,0.1367,13.67,Low,0,2026-09-09 16:08:04.852808
52081,0.538,53.8,Medium,1,2026-09-09 16:08:04.852808
52082,0.7629,76.29,Medium,1,2026-09-09 16:08:04.852808
52083,0.181,18.1,Low,0,2026-09-09 16:08:04.852808
52084,0.0907,9.07,Low,0,2026-09-09 16:08:04.852808
52085,0.7643,76.43,Medium,1,2026-09-09 16:08:04.852808
52086,0.3612,36.12,Low,0,2026-09-09 16:08:04.852808
52087,0.4381,43.81,Low,0,2026-09-09 16:08:04.852808
52088,0.1357,13.57,Low,0,2026-09-09 16:08:04.852808
52089,0.2263,22.63,Low,0,2026-09-09 16:08:04.852808
52090,0.4254,42.54,Low,0,2026-09-09 16:08:04.852808
52091,0.0611,6.11,Low,0,2026-09-09 16:08:04.852808
52092,0.1615,16.15,Low,0,2026-09-09 16:08:04.852808
52093,0.2428,24.28,Low,0,2026-09-09 16:08:04.852808
52094,0.1272,12.72,Low,0,2026-09-09 16:08:04.852808
52095,0.3379,33.79,Low,0,2026-09-09 16:08:04.852808
52096,0.2794,27.94,Low,0,2026-09-09 16:08:04.852808
52097,0.1268,12.68,Low,0,2026-09-09 16:08:04.852808
52098,0.7596,75.96,Medium,1,2026-09-09 16:08:04.852808
52099,0.1103,11.03,Low,0,2026-09-09 16:08:04.852808
52100,0.4225,42.25,Low,0,2026-09-09 16:08:04.852808
52101,0.0644,6.44,Low,0,2026-09-09 16:08:04.852808
52102,0.2587,25.87,Low,0,2026-09-09 16:08:04.852808
52103,0.5078,50.78,Medium,1,2026-09-09 16:08:04.852808
52104,0.3345,33.45,Low,0,2026-09-09 16:08:04.852808
52105,0.1538,15.38,Low,0,2026-09-09 16:08:04.852808
52106,0.3194,31.94,Low,0,2026-09-09 16:08:04.852808
52107,0.0769,7.69,Low,0,2026-09-09 16:08:04.852808
52108,0.1791,17.91,Low,0,2026-09-09 16:08:04.852808
52109,0.7793,77.93,Medium,1,2026-09-09 16:08:04.852808
52110,0.1377,13.77,Low,0,2026-09-09 16:08:04.852808
52111,0.2127,21.27,Low,0,2026-09-09 16:08:04.852808
52112,0.3384,33.84,Low,0,2026-09-09 16:08:04.852808
52113,0.7624,76.24,Medium,1,2026-09-09 16:08:04.852808
52114,0.0751,7.51,Low,0,2026-09-09 16:08:04.852808
52115,0.3721,37.21,Low,0,2026-09-09 16:08:04.852808
52116,0.2926,29.26,Low,0,2026-09-09 16:08:04.852808
52117,0.6106,61.06,Medium,1,2026-09-09 16:08:04.852808
52118,0.8609,86.09,High,1,2026-09-09 16:08:04.852808
52119,0.4401,44.01,Low,0,2026-09-09 16:08:04.852808
52120,0.2527,25.27,Low,0,2026-09-09 16:08:04.852808
52121,0.151,15.1,Low,0,2026-09-09 16:08:04.852808
52122,0.6762,67.62,Medium,1,2026-09-09 16:08:04.852808
52123,0.2519,25.19,Low,0,2026-09-09 16:08:04.852808
52124,0.2875,28.75,Low,0,2026-09-09 16:08:04.852808
52125,0.0952,9.52,Low,0,2026-09-09 16:08:04.852808
52126,0.3671,36.71,Low,0,2026-09-09 16:08:04.852808
52127,0.133,13.3,Low,0,2026-09-09 16:08:04.852808
52128,0.7813,78.13,Medium,1,2026-09-09 16:08:04.852808
52129,0.0363,3.63,Low,0,2026-09-09 16:08:04.852808
52130,0.2944,29.44,Low,0,2026-09-09 16:08:04.852808
52131,0.8594,85.94,High,1,2026-09-09 16:08:04.852808
52132,0.8624,86.24,High,1,2026-09-09 16:08:04.852808
52133,0.2173,21.73,Low,0,2026-09-09 16:08:04.852808
52134,0.3463,34.63,Low,0,2026-09-09 16:08:04.852808
52135,0.1068,10.68,Low,0,2026-09-09 16:08:04.852808
52136,0.0473,4.73,Low,0,2026-09-09 16:08:04.852808
52137,0.428,42.8,Low,0,2026-09-09 16:08:04.852808
52138,0.1817,18.17,Low,0,2026-09-09 16:08:04.852808
52139,0.2707,27.07,Low,0,2026-09-09 16:08:04.852808
52140,0.0695,6.95,Low,0,2026-09-09 16:08:04.852808
52141,0.072,7.2,Low,0,2026-09-09 16:08:04.852808
52142,0.3663,36.63,Low,0,2026-09-09 16:08:04.852808
52143,0.2643,26.43,Low,0,2026-09-09 16:08:04.852808
52144,0.3252,32.52,Low,0,2026-09-09 16:08:04.852808
52145,0.1439,14.39,Low,0,2026-09-09 16:08:04.852808
52146,0.2038,20.38,Low,0,2026-09-09 16:08:04.852808
52147,0.1732,17.32,Low,0,2026-09-09 16:08:04.852808
52148,0.3439,34.39,Low,0,2026-09-09 16:08:04.852808
52149,0.1965,19.65,Low,0,2026-09-09 16:08:04.852808
52150,0.3554,35.54,Low,0,2026-09-09 16:08:04.852808
52151,0.6036,60.36,Medium,1,2026-09-09 16:08:04.852808
52152,0.2296,22.96,Low,0,2026-09-09 16:08:04.852808
52153,0.0864,8.64,Low,0,2026-09-09 16:08:04.852808
52154,0.2017,20.17,Low,0,2026-09-09 16:08:04.852808
52155,0.248,24.8,Low,0,2026-09-09 16:08:04.852808
52156,0.4665,46.65,Low,0,2026-09-09 16:08:04.852808
52157,0.4509,45.09,Low,0,2026-09-09 16:08:04.852808
52158,0.3162,31.62,Low,0,2026-09-09 16:08:04.852808
52159,0.2281,22.81,Low,0,2026-09-09 16:08:04.852808
52160,0.0397,3.97,Low,0,2026-09-09 16:08:04.852808
52161,0.2082,20.82,Low,0,2026-09-09 16:08:04.852808
52162,0.1379,13.79,Low,0,2026-09-09 16:08:04.852808
52163,0.3099,30.99,Low,0,2026-09-09 16:08:04.852808
52164,0.1839,18.39,Low,0,2026-09-09 16:08:04.852808
52165,0.411,41.1,Low,0,2026-09-09 16:08:04.852808
52166,0.1447,14.47,Low,0,2026-09-09 16:08:04.852808
52167,0.0867,8.67,Low,0,2026-09-09 16:08:04.852808
52168,0.3214,32.14,Low,0,2026-09-09 16:08:04.852808
52169,0.1171,11.71,Low,0,2026-09-09 16:08:04.852808
52170,0.839,83.9,High,1,2026-09-09 16:08:04.852808
52171,0.0903,9.03,Low,0,2026-09-09 16:08:04.852808
52172,0.8468,84.68,High,1,2026-09-09 16:08:04.852808
52173,0.5746,57.46,Medium,1,2026-09-09 16:08:04.852808
52174,0.0803,8.03,Low,0,2026-09-09 16:08:04.852808
52175,0.5412,54.12,Medium,1,2026-09-09 16:08:04.852808
52176,0.2584,25.84,Low,0,2026-09-09 16:08:04.852808
52177,0.5251,52.51,Medium,1,2026-09-09 16:08:04.852808
52178,0.8563,85.63,High,1,2026-09-09 16:08:04.852808
52179,0.3217,32.17,Low,0,2026-09-09 16:08:04.852808
52180,0.8605,86.05,High,1,2026-09-09 16:08:04.852808
52181,0.8184,81.84,High,1,2026-09-09 16:08:04.852808
52182,0.2504,25.04,Low,0,2026-09-09 16:08:04.852808
52183,0.7298,72.98,Medium,1,2026-09-09 16:08:04.852808
52184,0.9186,91.86,High,1,2026-09-09 16:08:04.852808
52185,0.1311,13.11,Low,0,2026-09-09 16:08:04.852808
52186,0.1248,12.48,Low,0,2026-09-09 16:08:04.852808
52187,0.0956,9.56,Low,0,2026-09-09 16:08:04.852808
52188,0.1102,11.02,Low,0,2026-09-09 16:08:04.852808
52189,0.3038,30.38,Low,0,2026-09-09 16:08:04.852808
52190,0.8881,88.81,High,1,2026-09-09 16:08:04.852808
52191,0.8445,84.45,High,1,2026-09-09 16:08:04.852808
52192,0.0609,6.09,Low,0,2026-09-09 16:08:04.852808
52193,0.1343,13.43,Low,0,2026-09-09 16:08:04.852808
52194,0.6968,69.68,Medium,1,2026-09-09 16:08:04.852808
52195,0.4412,44.12,Low,0,2026-09-09 16:08:04.852808
52196,0.4024,40.24,Low,0,2026-09-09 16:08:04.852808
52197,0.8434,84.34,High,1,2026-09-09 16:08:04.852808
52198,0.276,27.6,Low,0,2026-09-09 16:08:04.852808
52199,0.7987,79.87,Medium,1,2026-09-09 16:08:04.852808
52200,0.2004,20.04,Low,0,2026-09-09 16:08:04.852808
52201,0.1091,10.91,Low,0,2026-09-09 16:08:04.852808
52202,0.5135,51.35,Medium,1,2026-09-09 16:08:04.852808
52203,0.524,52.4,Medium,1,2026-09-09 16:08:04.852808
52204,0.407,40.7,Low,0,2026-09-09 16:08:04.852808
52205,0.1427,14.27,Low,0,2026-09-09 16:08:04.852808
52206,0.1338,13.38,Low,0,2026-09-09 16:08:04.852808
52207,0.1745,17.45,Low,0,2026-09-09 16:08:04.852808
52208,0.1413,14.13,Low,0,2026-09-09 16:08:04.852808
52209,0.487,48.7,Low,0,2026-09-09 16:08:04.852808
52210,0.0922,9.22,Low,0,2026-09-09 16:08:04.852808
52211,0.2048,20.48,Low,0,2026-09-09 16:08:04.852808
52212,0.1056,10.56,Low,0,2026-09-09 16:08:04.852808
52213,0.6346,63.46,Medium,1,2026-09-09 16:08:04.852808
52214,0.142,14.2,Low,0,2026-09-09 16:08:04.852808
52215,0.3895,38.95,Low,0,2026-09-09 16:08:04.852808
52216,0.2086,20.86,Low,0,2026-09-09 16:08:04.852808
52217,0.1357,13.57,Low,0,2026-09-09 16:08:04.852808
52218,0.8457,84.57,High,1,2026-09-09 16:08:04.852808
52219,0.0716,7.16,Low,0,2026-09-09 16:08:04.852808
52220,0.8793,87.93,High,1,2026-09-09 16:08:04.852808
52221,0.1942,19.42,Low,0,2026-09-09 16:08:04.852808
52222,0.1579,15.79,Low,0,2026-09-09 16:08:04.852808
52223,0.4858,48.58,Low,0,2026-09-09 16:08:04.852808
52224,0.2535,25.35,Low,0,2026-09-09 16:08:04.852808
52225,0.3801,38.01,Low,0,2026-09-09 16:08:04.852808
52226,0.4275,42.75,Low,0,2026-09-09 16:08:04.852808
52227,0.493,49.3,Low,0,2026-09-09 16:08:04.852808
52228,0.16,16.0,Low,0,2026-09-09 16:08:04.852808
52229,0.3174,31.74,Low,0,2026-09-09 16:08:04.852808
52230,0.2147,21.47,Low,0,2026-09-09 16:08:04.852808
52231,0.1238,12.38,Low,0,2026-09-09 16:08:04.852808
52232,0.4915,49.15,Low,0,2026-09-09 16:08:04.852808
52233,0.2318,23.18,Low,0,2026-09-09 16:08:04.852808
52234,0.0359,3.59,Low,0,2026-09-09 16:08:04.852808
52235,0.9344,93.44,High,1,2026-09-09 16:08:04.852808
52236,0.1392,13.92,Low,0,2026-09-09 16:08:04.852808
52237,0.7248,72.48,Medium,1,2026-09-09 16:08:04.852808
52238,0.2955,29.55,Low,0,2026-09-09 16:08:04.852808
52239,0.6599,65.99,Medium,1,2026-09-09 16:08:04.852808
52240,0.6147,61.47,Medium,1,2026-09-09 16:08:04.852808
52241,0.1504,15.04,Low,0,2026-09-09 16:08:04.852808
52242,0.2454,24.54,Low,0,2026-09-09 16:08:04.852808
52243,0.316,31.6,Low,0,2026-09-09 16:08:04.852808
52244,0.1282,12.82,Low,0,2026-09-09 16:08:04.852808
52245,0.1197,11.97,Low,0,2026-09-09 16:08:04.852808
52246,0.4601,46.01,Low,0,2026-09-09 16:08:04.852808
52247,0.3995,39.95,Low,0,2026-09-09 16:08:04.852808
52248,0.0931,9.31,Low,0,2026-09-09 16:08:04.852808
52249,0.4644,46.44,Low,0,2026-09-09 16:08:04.852808
52250,0.3506,35.06,Low,0,2026-09-09 16:08:04.852808
52251,0.6868,68.68,Medium,1,2026-09-09 16:08:04.852808
52252,0.0941,9.41,Low,0,2026-09-09 16:08:04.852808
52253,0.0395,3.95,Low,0,2026-09-09 16:08:04.852808
52254,0.067,6.7,Low,0,2026-09-09 16:08:04.852808
52255,0.1392,13.92,Low,0,2026-09-09 16:08:04.852808
52256,0.2842,28.42,Low,0,2026-09-09 16:08:04.852808
52257,0.3138,31.38,Low,0,2026-09-09 16:08:04.852808
52258,0.3478,34.78,Low,0,2026-09-09 16:08:04.852808
52259,0.8481,84.81,High,1,2026-09-09 16:08:04.852808
52260,0.1406,14.06,Low,0,2026-09-09 16:08:04.852808
52261,0.1521,15.21,Low,0,2026-09-09 16:08:04.852808
52262,0.3124,31.24,Low,0,2026-09-09 16:08:04.852808
52263,0.2046,20.46,Low,0,2026-09-09 16:08:04.852808
52264,0.2373,23.73,Low,0,2026-09-09 16:08:04.852808
52265,0.3267,32.67,Low,0,2026-09-09 16:08:04.852808
52266,0.2916,29.16,Low,0,2026-09-09 16:08:04.852808
52267,0.4314,43.14,Low,0,2026-09-09 16:08:04.852808
52268,0.0911,9.11,Low,0,2026-09-09 16:08:04.852808
52269,0.2347,23.47,Low,0,2026-09-09 16:08:04.852808
52270,0.1486,14.86,Low,0,2026-09-09 16:08:04.852808
52271,0.3079,30.79,Low,0,2026-09-09 16:08:04.852808
52272,0.1997,19.97,Low,0,2026-09-09 16:08:04.852808
52273,0.5697,56.97,Medium,1,2026-09-09 16:08:04.852808
52274,0.1565,15.65,Low,0,2026-09-09 16:08:04.852808
52275,0.2,20.0,Low,0,2026-09-09 16:08:04.852808
52276,0.6752,67.52,Medium,1,2026-09-09 16:08:04.852808
52277,0.0784,7.84,Low,0,2026-09-09 16:08:04.852808
52278,0.2738,27.38,Low,0,2026-09-09 16:08:04.852808
52279,0.8578,85.78,High,1,2026-09-09 16:08:04.852808
52280,0.347,34.7,Low,0,2026-09-09 16:08:04.852808
52281,0.3036,30.36,Low,0,2026-09-09 16:08:04.852808
52282,0.4614,46.14,Low,0,2026-09-09 16:08:04.852808
52283,0.2402,24.02,Low,0,2026-09-09 16:08:04.852808
52284,0.502,50.2,Medium,1,2026-09-09 16:08:04.852808
52285,0.2536,25.36,Low,0,2026-09-09 16:08:04.852808
52286,0.3304,33.04,Low,0,2026-09-09 16:08:04.852808
52287,0.0969,9.69,Low,0,2026-09-09 16:08:04.852808
52288,0.1817,18.17,Low,0,2026-09-09 16:08:04.852808
52289,0.3136,31.36,Low,0,2026-09-09 16:08:04.852808
52290,0.4452,44.52,Low,0,2026-09-09 16:08:04.852808
52291,0.2266,22.66,Low,0,2026-09-09 16:08:04.852808
52292,0.8719,87.19,High,1,2026-09-09 16:08:04.852808
52293,0.2558,25.58,Low,0,2026-09-09 16:08:04.852808
52294,0.3727,37.27,Low,0,2026-09-09 16:08:04.852808
52295,0.2836,28.36,Low,0,2026-09-09 16:08:04.852808
52296,0.2659,26.59,Low,0,2026-09-09 16:08:04.852808
52297,0.4924,49.24,Low,0,2026-09-09 16:08:04.852808
52298,0.5256,52.56,Medium,1,2026-09-09 16:08:04.852808
52299,0.779,77.9,Medium,1,2026-09-09 16:08:04.852808
52300,0.932,93.2,High,1,2026-09-09 16:08:04.852808
52301,0.1036,10.36,Low,0,2026-09-09 16:08:04.852808
52302,0.4006,40.06,Low,0,2026-09-09 16:08:04.852808
52303,0.2986,29.86,Low,0,2026-09-09 16:08:04.852808
52304,0.8298,82.98,High,1,2026-09-09 16:08:04.852808
52305,0.1476,14.76,Low,0,2026-09-09 16:08:04.852808
52306,0.2764,27.64,Low,0,2026-09-09 16:08:04.852808
52307,0.4004,40.04,Low,0,2026-09-09 16:08:04.852808
52308,0.8758,87.58,High,1,2026-09-09 16:08:04.852808
52309,0.2041,20.41,Low,0,2026-09-09 16:08:04.852808
52310,0.9439,94.39,High,1,2026-09-09 16:08:04.852808
52311,0.2974,29.74,Low,0,2026-09-09 16:08:04.852808
52312,0.1591,15.91,Low,0,2026-09-09 16:08:04.852808
52313,0.3357,33.57,Low,0,2026-09-09 16:08:04.852808
52314,0.1645,16.45,Low,0,2026-09-09 16:08:04.852808
52315,0.1933,19.33,Low,0,2026-09-09 16:08:04.852808
52316,0.458,45.8,Low,0,2026-09-09 16:08:04.852808
52317,0.438,43.8,Low,0,2026-09-09 16:08:04.852808
52318,0.2406,24.06,Low,0,2026-09-09 16:08:04.852808
52319,0.8195,81.95,High,1,2026-09-09 16:08:04.852808
52320,0.2292,22.92,Low,0,2026-09-09 16:08:04.852808
52321,0.1527,15.27,Low,0,2026-09-09 16:08:04.852808
52322,0.1154,11.54,Low,0,2026-09-09 16:08:04.852808
52323,0.8826,88.26,High,1,2026-09-09 16:08:04.852808
52324,0.1704,17.04,Low,0,2026-09-09 16:08:04.852808
52325,0.7959,79.59,Medium,1,2026-09-09 16:08:04.852808
52326,0.0759,7.59,Low,0,2026-09-09 16:08:04.852808
52327,0.0641,6.41,Low,0,2026-09-09 16:08:04.852808
52328,0.7901,79.01,Medium,1,2026-09-09 16:08:04.852808
52329,0.2731,27.31,Low,0,2026-09-09 16:08:04.852808
52330,0.6365,63.65,Medium,1,2026-09-09 16:08:04.852808
52331,0.3405,34.05,Low,0,2026-09-09 16:08:04.852808
52332,0.4363,43.63,Low,0,2026-09-09 16:08:04.852808
52333,0.2431,24.31,Low,0,2026-09-09 16:08:04.852808
52334,0.0949,9.49,Low,0,2026-09-09 16:08:04.852808
52335,0.769,76.9,Medium,1,2026-09-09 16:08:04.852808
52336,0.3412,34.12,Low,0,2026-09-09 16:08:04.852808
52337,0.2666,26.66,Low,0,2026-09-09 16:08:04.852808
52338,0.2593,25.93,Low,0,2026-09-09 16:08:04.852808
52339,0.4751,47.51,Low,0,2026-09-09 16:08:04.852808
52340,0.2629,26.29,Low,0,2026-09-09 16:08:04.852808
52341,0.1306,13.06,Low,0,2026-09-09 16:08:04.852808
52342,0.561,56.1,Medium,1,2026-09-09 16:08:04.852808
52343,0.3093,30.93,Low,0,2026-09-09 16:08:04.852808
52344,0.637,63.7,Medium,1,2026-09-09 16:08:04.852808
52345,0.0632,6.32,Low,0,2026-09-09 16:08:04.852808
52346,0.14,14.0,Low,0,2026-09-09 16:08:04.852808
52347,0.119,11.9,Low,0,2026-09-09 16:08:04.852808
52348,0.1927,19.27,Low,0,2026-09-09 16:08:04.852808
52349,0.226,22.6,Low,0,2026-09-09 16:08:04.852808
52350,0.2139,21.39,Low,0,2026-09-09 16:08:04.852808
52351,0.1276,12.76,Low,0,2026-09-09 16:08:04.852808
52352,0.0913,9.13,Low,0,2026-09-09 16:08:04.852808
52353,0.2542,25.42,Low,0,2026-09-09 16:08:04.852808
52354,0.2821,28.21,Low,0,2026-09-09 16:08:04.852808
52355,0.3028,30.28,Low,0,2026-09-09 16:08:04.852808
52356,0.2638,26.38,Low,0,2026-09-09 16:08:04.852808
52357,0.1551,15.51,Low,0,2026-09-09 16:08:04.852808
52358,0.3902,39.02,Low,0,2026-09-09 16:08:04.852808
52359,0.22,22.0,Low,0,2026-09-09 16:08:04.852808
52360,0.4922,49.22,Low,0,2026-09-09 16:08:04.852808
52361,0.426,42.6,Low,0,2026-09-09 16:08:04.852808
52362,0.2228,22.28,Low,0,2026-09-09 16:08:04.852808
52363,0.3669,36.69,Low,0,2026-09-09 16:08:04.852808
52364,0.212,21.2,Low,0,2026-09-09 16:08:04.852808
52365,0.3701,37.01,Low,0,2026-09-09 16:08:04.852808
52366,0.3577,35.77,Low,0,2026-09-09 16:08:04.852808
52367,0.5717,57.17,Medium,1,2026-09-09 16:08:04.852808
52368,0.2361,23.61,Low,0,2026-09-09 16:08:04.852808
52369,0.242,24.2,Low,0,2026-09-09 16:08:04.852808
52370,0.1356,13.56,Low,0,2026-09-09 16:08:04.852808
52371,0.0999,9.99,Low,0,2026-09-09 16:08:04.852808
52372,0.0709,7.09,Low,0,2026-09-09 16:08:04.852808
52373,0.0815,8.15,Low,0,2026-09-09 16:08:04.852808
52374,0.2029,20.29,Low,0,2026-09-09 16:08:04.852808
52375,0.0891,8.91,Low,0,2026-09-09 16:08:04.852808
52376,0.6222,62.22,Medium,1,2026-09-09 16:08:04.852808
52377,0.3957,39.57,Low,0,2026-09-09 16:08:04.852808
52378,0.1849,18.49,Low,0,2026-09-09 16:08:04.852808
52379,0.1434,14.34,Low,0,2026-09-09 16:08:04.852808
52380,0.1915,19.15,Low,0,2026-09-09 16:08:04.852808
52381,0.1337,13.37,Low,0,2026-09-09 16:08:04.852808
52382,0.8653,86.53,High,1,2026-09-09 16:08:04.852808
52383,0.0337,3.37,Low,0,2026-09-09 16:08:04.852808
52384,0.3345,33.45,Low,0,2026-09-09 16:08:04.852808
52385,0.8776,87.76,High,1,2026-09-09 16:08:04.852808
52386,0.1752,17.52,Low,0,2026-09-09 16:08:04.852808
52387,0.224,22.4,Low,0,2026-09-09 16:08:04.852808
52388,0.624,62.4,Medium,1,2026-09-09 16:08:04.852808
52389,0.3068,30.68,Low,0,2026-09-09 16:08:04.852808
52390,0.1426,14.26,Low,0,2026-09-09 16:08:04.852808
52391,0.2419,24.19,Low,0,2026-09-09 16:08:04.852808
52392,0.5414,54.14,Medium,1,2026-09-09 16:08:04.852808
52393,0.4961,49.61,Low,0,2026-09-09 16:08:04.852808
52394,0.4664,46.64,Low,0,2026-09-09 16:08:04.852808
52395,0.422,42.2,Low,0,2026-09-09 16:08:04.852808
52396,0.4425,44.25,Low,0,2026-09-09 16:08:04.852808
52397,0.2667,26.67,Low,0,2026-09-09 16:08:04.852808
52398,0.1581,15.81,Low,0,2026-09-09 16:08:04.852808
52399,0.2149,21.49,Low,0,2026-09-09 16:08:04.852808
52400,0.9167,91.67,High,1,2026-09-09 16:08:04.852808
52401,0.221,22.1,Low,0,2026-09-09 16:08:04.852808
52402,0.407,40.7,Low,0,2026-09-09 16:08:04.852808
52403,0.3773,37.73,Low,0,2026-09-09 16:08:04.852808
52404,0.2259,22.59,Low,0,2026-09-09 16:08:04.852808
52405,0.472,47.2,Low,0,2026-09-09 16:08:04.852808
52406,0.4693,46.93,Low,0,2026-09-09 16:08:04.852808
52407,0.3499,34.99,Low,0,2026-09-09 16:08:04.852808
52408,0.7158,71.58,Medium,1,2026-09-09 16:08:04.852808
52409,0.1491,14.91,Low,0,2026-09-09 16:08:04.852808
52410,0.3191,31.91,Low,0,2026-09-09 16:08:04.852808
52411,0.3711,37.11,Low,0,2026-09-09 16:08:04.852808
52412,0.4723,47.23,Low,0,2026-09-09 16:08:04.852808
52413,0.2358,23.58,Low,0,2026-09-09 16:08:04.852808
52414,0.6193,61.93,Medium,1,2026-09-09 16:08:04.852808
52415,0.1479,14.79,Low,0,2026-09-09 16:08:04.852808
52416,0.0473,4.73,Low,0,2026-09-09 16:08:04.852808
52417,0.8027,80.27,High,1,2026-09-09 16:08:04.852808
52418,0.1666,16.66,Low,0,2026-09-09 16:08:04.852808
52419,0.3293,32.93,Low,0,2026-09-09 16:08:04.852808
52420,0.1835,18.35,Low,0,2026-09-09 16:08:04.852808
52421,0.2271,22.71,Low,0,2026-09-09 16:08:04.852808
52422,0.2611,26.11,Low,0,2026-09-09 16:08:04.852808
52423,0.084,8.4,Low,0,2026-09-09 16:08:04.852808
52424,0.3615,36.15,Low,0,2026-09-09 16:08:04.852808
52425,0.4107,41.07,Low,0,2026-09-09 16:08:04.852808
52426,0.0375,3.75,Low,0,2026-09-09 16:08:04.852808
52427,0.3326,33.26,Low,0,2026-09-09 16:08:04.852808
52428,0.0826,8.26,Low,0,2026-09-09 16:08:04.852808
52429,0.4916,49.16,Low,0,2026-09-09 16:08:04.852808
52430,0.0877,8.77,Low,0,2026-09-09 16:08:04.852808
52431,0.2341,23.41,Low,0,2026-09-09 16:08:04.852808
52432,0.1208,12.08,Low,0,2026-09-09 16:08:04.852808
52433,0.1006,10.06,Low,0,2026-09-09 16:08:04.852808
52434,0.1478,14.78,Low,0,2026-09-09 16:08:04.852808
52435,0.2137,21.37,Low,0,2026-09-09 16:08:04.852808
52436,0.2509,25.09,Low,0,2026-09-09 16:08:04.852808
52437,0.2122,21.22,Low,0,2026-09-09 16:08:04.852808
52438,0.7563,75.63,Medium,1,2026-09-09 16:08:04.852808
52439,0.175,17.5,Low,0,2026-09-09 16:08:04.852808
52440,0.226,22.6,Low,0,2026-09-09 16:08:04.852808
52441,0.1593,15.93,Low,0,2026-09-09 16:08:04.852808
52442,0.1562,15.62,Low,0,2026-09-09 16:08:04.852808
52443,0.3786,37.86,Low,0,2026-09-09 16:08:04.852808
52444,0.1518,15.18,Low,0,2026-09-09 16:08:04.852808
52445,0.2032,20.32,Low,0,2026-09-09 16:08:04.852808
52446,0.3097,30.97,Low,0,2026-09-09 16:08:04.852808
52447,0.7872,78.72,Medium,1,2026-09-09 16:08:04.852808
52448,0.5062,50.62,Medium,1,2026-09-09 16:08:04.852808
52449,0.3159,31.59,Low,0,2026-09-09 16:08:04.852808
52450,0.1686,16.86,Low,0,2026-09-09 16:08:04.852808
52451,0.2324,23.24,Low,0,2026-09-09 16:08:04.852808
52452,0.0489,4.89,Low,0,2026-09-09 16:08:04.852808
52453,0.1906,19.06,Low,0,2026-09-09 16:08:04.852808
52454,0.5755,57.55,Medium,1,2026-09-09 16:08:04.852808
52455,0.1165,11.65,Low,0,2026-09-09 16:08:04.852808
52456,0.5104,51.04,Medium,1,2026-09-09 16:08:04.852808
52457,0.2928,29.28,Low,0,2026-09-09 16:08:04.852808
52458,0.3116,31.16,Low,0,2026-09-09 16:08:04.852808
52459,0.3078,30.78,Low,0,2026-09-09 16:08:04.852808
52460,0.3594,35.94,Low,0,2026-09-09 16:08:04.852808
52461,0.0288,2.88,Low,0,2026-09-09 16:08:04.852808
52462,0.1158,11.58,Low,0,2026-09-09 16:08:04.852808
52463,0.4528,45.28,Low,0,2026-09-09 16:08:04.852808
52464,0.1868,18.68,Low,0,2026-09-09 16:08:04.852808
52465,0.0656,6.56,Low,0,2026-09-09 16:08:04.852808
52466,0.9334,93.34,High,1,2026-09-09 16:08:04.852808
52467,0.2551,25.51,Low,0,2026-09-09 16:08:04.852808
52468,0.1381,13.81,Low,0,2026-09-09 16:08:04.852808
52469,0.4081,40.81,Low,0,2026-09-09 16:08:04.852808
52470,0.2753,27.53,Low,0,2026-09-09 16:08:04.852808
52471,0.3809,38.09,Low,0,2026-09-09 16:08:04.852808
52472,0.095,9.5,Low,0,2026-09-09 16:08:04.852808
52473,0.1057,10.57,Low,0,2026-09-09 16:08:04.852808
52474,0.4377,43.77,Low,0,2026-09-09 16:08:04.852808
52475,0.1889,18.89,Low,0,2026-09-09 16:08:04.852808
52476,0.0898,8.98,Low,0,2026-09-09 16:08:04.852808
52477,0.3034,30.34,Low,0,2026-09-09 16:08:04.852808
52478,0.6282,62.82,Medium,1,2026-09-09 16:08:04.852808
52479,0.6617,66.17,Medium,1,2026-09-09 16:08:04.852808
52480,0.8442,84.42,High,1,2026-09-09 16:08:04.852808
52481,0.3128,31.28,Low,0,2026-09-09 16:08:04.852808
52482,0.0344,3.44,Low,0,2026-09-09 16:08:04.852808
52483,0.1008,10.08,Low,0,2026-09-09 16:08:04.852808
52484,0.2725,27.25,Low,0,2026-09-09 16:08:04.852808
52485,0.2233,22.33,Low,0,2026-09-09 16:08:04.852808
52486,0.1177,11.77,Low,0,2026-09-09 16:08:04.852808
52487,0.6777,67.77,Medium,1,2026-09-09 16:08:04.852808
52488,0.2134,21.34,Low,0,2026-09-09 16:08:04.852808
52489,0.2303,23.03,Low,0,2026-09-09 16:08:04.852808
52490,0.2224,22.24,Low,0,2026-09-09 16:08:04.852808
52491,0.302,30.2,Low,0,2026-09-09 16:08:04.852808
52492,0.8955,89.55,High,1,2026-09-09 16:08:04.852808
52493,0.3701,37.01,Low,0,2026-09-09 16:08:04.852808
52494,0.194,19.4,Low,0,2026-09-09 16:08:04.852808
52495,0.5852,58.52,Medium,1,2026-09-09 16:08:04.852808
52496,0.2477,24.77,Low,0,2026-09-09 16:08:04.852808
52497,0.2953,29.53,Low,0,2026-09-09 16:08:04.852808
52498,0.3086,30.86,Low,0,2026-09-09 16:08:04.852808
52499,0.1651,16.51,Low,0,2026-09-09 16:08:04.852808
52500,0.2014,20.14,Low,0,2026-09-09 16:08:04.852808
52501,0.119,11.9,Low,0,2026-09-09 16:08:04.852808
52502,0.1988,19.88,Low,0,2026-09-09 16:08:04.852808
52503,0.3738,37.38,Low,0,2026-09-09 16:08:04.852808
52504,0.2269,22.69,Low,0,2026-09-09 16:08:04.852808
52505,0.5427,54.27,Medium,1,2026-09-09 16:08:04.852808
52506,0.4835,48.35,Low,0,2026-09-09 16:08:04.852808
52507,0.0897,8.97,Low,0,2026-09-09 16:08:04.852808
52508,0.3729,37.29,Low,0,2026-09-09 16:08:04.852808
52509,0.0649,6.49,Low,0,2026-09-09 16:08:04.852808
52510,0.2723,27.23,Low,0,2026-09-09 16:08:04.852808
52511,0.1634,16.34,Low,0,2026-09-09 16:08:04.852808
52512,0.0383,3.83,Low,0,2026-09-09 16:08:04.852808
52513,0.3632,36.32,Low,0,2026-09-09 16:08:04.852808
52514,0.2474,24.74,Low,0,2026-09-09 16:08:04.852808
52515,0.3439,34.39,Low,0,2026-09-09 16:08:04.852808
52516,0.1133,11.33,Low,0,2026-09-09 16:08:04.852808
52517,0.2261,22.61,Low,0,2026-09-09 16:08:04.852808
52518,0.4538,45.38,Low,0,2026-09-09 16:08:04.852808
52519,0.2616,26.16,Low,0,2026-09-09 16:08:04.852808
52520,0.2012,20.12,Low,0,2026-09-09 16:08:04.852808
52521,0.1207,12.07,Low,0,2026-09-09 16:08:04.852808
52522,0.3394,33.94,Low,0,2026-09-09 16:08:04.852808
52523,0.1124,11.24,Low,0,2026-09-09 16:08:04.852808
52524,0.2806,28.06,Low,0,2026-09-09 16:08:04.852808
52525,0.2723,27.23,Low,0,2026-09-09 16:08:04.852808
52526,0.4822,48.22,Low,0,2026-09-09 16:08:04.852808
52527,0.2322,23.22,Low,0,2026-09-09 16:08:04.852808
52528,0.083,8.3,Low,0,2026-09-09 16:08:04.852808
52529,0.4207,42.07,Low,0,2026-09-09 16:08:04.852808
52530,0.1066,10.66,Low,0,2026-09-09 16:08:04.852808
52531,0.4662,46.62,Low,0,2026-09-09 16:08:04.852808
52532,0.3113,31.13,Low,0,2026-09-09 16:08:04.852808
52533,0.725,72.5,Medium,1,2026-09-09 16:08:04.852808
52534,0.8214,82.14,High,1,2026-09-09 16:08:04.852808
52535,0.1316,13.16,Low,0,2026-09-09 16:08:04.852808
52536,0.1079,10.79,Low,0,2026-09-09 16:08:04.852808
52537,0.2785,27.85,Low,0,2026-09-09 16:08:04.852808
52538,0.8877,88.77,High,1,2026-09-09 16:08:04.852808
52539,0.0856,8.56,Low,0,2026-09-09 16:08:04.852808
52540,0.2446,24.46,Low,0,2026-09-09 16:08:04.852808
52541,0.2528,25.28,Low,0,2026-09-09 16:08:04.852808
52542,0.0475,4.75,Low,0,2026-09-09 16:08:04.852808
52543,0.0775,7.75,Low,0,2026-09-09 16:08:04.852808
52544,0.6901,69.01,Medium,1,2026-09-09 16:08:04.852808
52545,0.6972,69.72,Medium,1,2026-09-09 16:08:04.852808
52546,0.4168,41.68,Low,0,2026-09-09 16:08:04.852808
52547,0.1729,17.29,Low,0,2026-09-09 16:08:04.852808
52548,0.7958,79.58,Medium,1,2026-09-09 16:08:04.852808
52549,0.1833,18.33,Low,0,2026-09-09 16:08:04.852808
52550,0.2452,24.52,Low,0,2026-09-09 16:08:04.852808
52551,0.2362,23.62,Low,0,2026-09-09 16:08:04.852808
52552,0.3097,30.97,Low,0,2026-09-09 16:08:04.852808
52553,0.0571,5.71,Low,0,2026-09-09 16:08:04.852808
52554,0.1238,12.38,Low,0,2026-09-09 16:08:04.852808
52555,0.2294,22.94,Low,0,2026-09-09 16:08:04.852808
52556,0.1142,11.42,Low,0,2026-09-09 16:08:04.852808
52557,0.5148,51.48,Medium,1,2026-09-09 16:08:04.852808
52558,0.382,38.2,Low,0,2026-09-09 16:08:04.852808
52559,0.2486,24.86,Low,0,2026-09-09 16:08:04.852808
52560,0.3248,32.48,Low,0,2026-09-09 16:08:04.852808
52561,0.0734,7.34,Low,0,2026-09-09 16:08:04.852808
52562,0.0695,6.95,Low,0,2026-09-09 16:08:04.852808
52563,0.3872,38.72,Low,0,2026-09-09 16:08:04.852808
52564,0.5245,52.45,Medium,1,2026-09-09 16:08:04.852808
52565,0.2792,27.92,Low,0,2026-09-09 16:08:04.852808
52566,0.2376,23.76,Low,0,2026-09-09 16:08:04.852808
52567,0.8783,87.83,High,1,2026-09-09 16:08:04.852808
52568,0.2673,26.73,Low,0,2026-09-09 16:08:04.852808
52569,0.3265,32.65,Low,0,2026-09-09 16:08:04.852808
52570,0.1369,13.69,Low,0,2026-09-09 16:08:04.852808
52571,0.3102,31.02,Low,0,2026-09-09 16:08:04.852808
52572,0.061,6.1,Low,0,2026-09-09 16:08:04.852808
52573,0.3827,38.27,Low,0,2026-09-09 16:08:04.852808
52574,0.2575,25.75,Low,0,2026-09-09 16:08:04.852808
52575,0.0888,8.88,Low,0,2026-09-09 16:08:04.852808
52576,0.1006,10.06,Low,0,2026-09-09 16:08:04.852808
52577,0.1141,11.41,Low,0,2026-09-09 16:08:04.852808
52578,0.8802,88.02,High,1,2026-09-09 16:08:04.852808
52579,0.3051,30.51,Low,0,2026-09-09 16:08:04.852808
52580,0.7457,74.57,Medium,1,2026-09-09 16:08:04.852808
52581,0.82,82.0,High,1,2026-09-09 16:08:04.852808
52582,0.0845,8.45,Low,0,2026-09-09 16:08:04.852808
52583,0.305,30.5,Low,0,2026-09-09 16:08:04.852808
52584,0.1735,17.35,Low,0,2026-09-09 16:08:04.852808
52585,0.3389,33.89,Low,0,2026-09-09 16:08:04.852808
52586,0.5606,56.06,Medium,1,2026-09-09 16:08:04.852808
52587,0.2655,26.55,Low,0,2026-09-09 16:08:04.852808
52588,0.0508,5.08,Low,0,2026-09-09 16:08:04.852808
52589,0.3258,32.58,Low,0,2026-09-09 16:08:04.852808
52590,0.1565,15.65,Low,0,2026-09-09 16:08:04.852808
52591,0.0958,9.58,Low,0,2026-09-09 16:08:04.852808
52592,0.2783,27.83,Low,0,2026-09-09 16:08:04.852808
52593,0.4842,48.42,Low,0,2026-09-09 16:08:04.852808
52594,0.1784,17.84,Low,0,2026-09-09 16:08:04.852808
52595,0.4143,41.43,Low,0,2026-09-09 16:08:04.852808
52596,0.0729,7.29,Low,0,2026-09-09 16:08:04.852808
52597,0.3596,35.96,Low,0,2026-09-09 16:08:04.852808
52598,0.2412,24.12,Low,0,2026-09-09 16:08:04.852808
52599,0.1918,19.18,Low,0,2026-09-09 16:08:04.852808
52600,0.7847,78.47,Medium,1,2026-09-09 16:08:04.852808
52601,0.2763,27.63,Low,0,2026-09-09 16:08:04.852808
52602,0.3856,38.56,Low,0,2026-09-09 16:08:04.852808
52603,0.0551,5.51,Low,0,2026-09-09 16:08:04.852808
52604,0.4251,42.51,Low,0,2026-09-09 16:08:04.852808
52605,0.1981,19.81,Low,0,2026-09-09 16:08:04.852808
52606,0.9366,93.66,High,1,2026-09-09 16:08:04.852808
52607,0.3846,38.46,Low,0,2026-09-09 16:08:04.852808
52608,0.8198,81.98,High,1,2026-09-09 16:08:04.852808
52609,0.103,10.3,Low,0,2026-09-09 16:08:04.852808
52610,0.2738,27.38,Low,0,2026-09-09 16:08:04.852808
52611,0.0946,9.46,Low,0,2026-09-09 16:08:04.852808
52612,0.4482,44.82,Low,0,2026-09-09 16:08:04.852808
52613,0.2307,23.07,Low,0,2026-09-09 16:08:04.852808
52614,0.1454,14.54,Low,0,2026-09-09 16:08:04.852808
52615,0.4716,47.16,Low,0,2026-09-09 16:08:04.852808
52616,0.4264,42.64,Low,0,2026-09-09 16:08:04.852808
52617,0.8481,84.81,High,1,2026-09-09 16:08:04.852808
52618,0.2532,25.32,Low,0,2026-09-09 16:08:04.852808
52619,0.032,3.2,Low,0,2026-09-09 16:08:04.852808
52620,0.7212,72.12,Medium,1,2026-09-09 16:08:04.852808
52621,0.0296,2.96,Low,0,2026-09-09 16:08:04.852808
52622,0.0294,2.94,Low,0,2026-09-09 16:08:04.852808
52623,0.2148,21.48,Low,0,2026-09-09 16:08:04.852808
52624,0.1671,16.71,Low,0,2026-09-09 16:08:04.852808
52625,0.3349,33.49,Low,0,2026-09-09 16:08:04.852808
52626,0.2114,21.14,Low,0,2026-09-09 16:08:04.852808
52627,0.6861,68.61,Medium,1,2026-09-09 16:08:04.852808
52628,0.1897,18.97,Low,0,2026-09-09 16:08:04.852808
52629,0.2684,26.84,Low,0,2026-09-09 16:08:04.852808
52630,0.3665,36.65,Low,0,2026-09-09 16:08:04.852808
52631,0.1647,16.47,Low,0,2026-09-09 16:08:04.852808
52632,0.2258,22.58,Low,0,2026-09-09 16:08:04.852808
52633,0.6297,62.97,Medium,1,2026-09-09 16:08:04.852808
52634,0.541,54.1,Medium,1,2026-09-09 16:08:04.852808
52635,0.2518,25.18,Low,0,2026-09-09 16:08:04.852808
52636,0.2002,20.02,Low,0,2026-09-09 16:08:04.852808
52637,0.0515,5.15,Low,0,2026-09-09 16:08:04.852808
52638,0.1006,10.06,Low,0,2026-09-09 16:08:04.852808
52639,0.074,7.4,Low,0,2026-09-09 16:08:04.852808
52640,0.0644,6.44,Low,0,2026-09-09 16:08:04.852808
52641,0.8657,86.57,High,1,2026-09-09 16:08:04.852808
52642,0.2144,21.44,Low,0,2026-09-09 16:08:04.852808
52643,0.1047,10.47,Low,0,2026-09-09 16:08:04.852808
52644,0.2454,24.54,Low,0,2026-09-09 16:08:04.852808
52645,0.8713,87.13,High,1,2026-09-09 16:08:04.852808
52646,0.6185,61.85,Medium,1,2026-09-09 16:08:04.852808
52647,0.0496,4.96,Low,0,2026-09-09 16:08:04.852808
52648,0.3221,32.21,Low,0,2026-09-09 16:08:04.852808
52649,0.1441,14.41,Low,0,2026-09-09 16:08:04.852808
52650,0.3004,30.04,Low,0,2026-09-09 16:08:04.852808
52651,0.2919,29.19,Low,0,2026-09-09 16:08:04.852808
52652,0.2286,22.86,Low,0,2026-09-09 16:08:04.852808
52653,0.3008,30.08,Low,0,2026-09-09 16:08:04.852808
52654,0.3041,30.41,Low,0,2026-09-09 16:08:04.852808
52655,0.1079,10.79,Low,0,2026-09-09 16:08:04.852808
52656,0.3413,34.13,Low,0,2026-09-09 16:08:04.852808
52657,0.1469,14.69,Low,0,2026-09-09 16:08:04.852808
52658,0.0889,8.89,Low,0,2026-09-09 16:08:04.852808
52659,0.3637,36.37,Low,0,2026-09-09 16:08:04.852808
52660,0.4054,40.54,Low,0,2026-09-09 16:08:04.852808
52661,0.1562,15.62,Low,0,2026-09-09 16:08:04.852808
52662,0.0886,8.86,Low,0,2026-09-09 16:08:04.852808
52663,0.4252,42.52,Low,0,2026-09-09 16:08:04.852808
52664,0.2573,25.73,Low,0,2026-09-09 16:08:04.852808
52665,0.1827,18.27,Low,0,2026-09-09 16:08:04.852808
52666,0.514,51.4,Medium,1,2026-09-09 16:08:04.852808
52667,0.3012,30.12,Low,0,2026-09-09 16:08:04.852808
52668,0.2402,24.02,Low,0,2026-09-09 16:08:04.852808
52669,0.0993,9.93,Low,0,2026-09-09 16:08:04.852808
52670,0.2212,22.12,Low,0,2026-09-09 16:08:04.852808
52671,0.2851,28.51,Low,0,2026-09-09 16:08:04.852808
52672,0.2835,28.35,Low,0,2026-09-09 16:08:04.852808
52673,0.342,34.2,Low,0,2026-09-09 16:08:04.852808
52674,0.7748,77.48,Medium,1,2026-09-09 16:08:04.852808
52675,0.153,15.3,Low,0,2026-09-09 16:08:04.852808
52676,0.3715,37.15,Low,0,2026-09-09 16:08:04.852808
52677,0.5621,56.21,Medium,1,2026-09-09 16:08:04.852808
52678,0.1562,15.62,Low,0,2026-09-09 16:08:04.852808
52679,0.4568,45.68,Low,0,2026-09-09 16:08:04.852808
52680,0.2649,26.49,Low,0,2026-09-09 16:08:04.852808
52681,0.6741,67.41,Medium,1,2026-09-09 16:08:04.852808
52682,0.2587,25.87,Low,0,2026-09-09 16:08:04.852808
52683,0.2109,21.09,Low,0,2026-09-09 16:08:04.852808
52684,0.4313,43.13,Low,0,2026-09-09 16:08:04.852808
52685,0.3017,30.17,Low,0,2026-09-09 16:08:04.852808
52686,0.4641,46.41,Low,0,2026-09-09 16:08:04.852808
52687,0.5993,59.93,Medium,1,2026-09-09 16:08:04.852808
52688,0.2793,27.93,Low,0,2026-09-09 16:08:04.852808
52689,0.2049,20.49,Low,0,2026-09-09 16:08:04.852808
52690,0.4217,42.17,Low,0,2026-09-09 16:08:04.852808
52691,0.393,39.3,Low,0,2026-09-09 16:08:04.852808
52692,0.3705,37.05,Low,0,2026-09-09 16:08:04.852808
52693,0.7961,79.61,Medium,1,2026-09-09 16:08:04.852808
52694,0.3988,39.88,Low,0,2026-09-09 16:08:04.852808
52695,0.1377,13.77,Low,0,2026-09-09 16:08:04.852808
52696,0.286,28.6,Low,0,2026-09-09 16:08:04.852808
52697,0.2198,21.98,Low,0,2026-09-09 16:08:04.852808
52698,0.344,34.4,Low,0,2026-09-09 16:08:04.852808
52699,0.3746,37.46,Low,0,2026-09-09 16:08:04.852808
52700,0.057,5.7,Low,0,2026-09-09 16:08:04.852808
52701,0.721,72.1,Medium,1,2026-09-09 16:08:04.852808
52702,0.0694,6.94,Low,0,2026-09-09 16:08:04.852808
52703,0.5933,59.33,Medium,1,2026-09-09 16:08:04.852808
52704,0.1423,14.23,Low,0,2026-09-09 16:08:04.852808
52705,0.0574,5.74,Low,0,2026-09-09 16:08:04.852808
52706,0.2777,27.77,Low,0,2026-09-09 16:08:04.852808
52707,0.5276,52.76,Medium,1,2026-09-09 16:08:04.852808
52708,0.3324,33.24,Low,0,2026-09-09 16:08:04.852808
52709,0.3752,37.52,Low,0,2026-09-09 16:08:04.852808
52710,0.4119,41.19,Low,0,2026-09-09 16:08:04.852808
52711,0.071,7.1,Low,0,2026-09-09 16:08:04.852808
52712,0.7481,74.81,Medium,1,2026-09-09 16:08:04.852808
52713,0.6823,68.23,Medium,1,2026-09-09 16:08:04.852808
52714,0.3824,38.24,Low,0,2026-09-09 16:08:04.852808
52715,0.6016,60.16,Medium,1,2026-09-09 16:08:04.852808
52716,0.2038,20.38,Low,0,2026-09-09 16:08:04.852808
52717,0.8699,86.99,High,1,2026-09-09 16:08:04.852808
52718,0.1102,11.02,Low,0,2026-09-09 16:08:04.852808
52719,0.1125,11.25,Low,0,2026-09-09 16:08:04.852808
52720,0.3409,34.09,Low,0,2026-09-09 16:08:04.852808
52721,0.4488,44.88,Low,0,2026-09-09 16:08:04.852808
52722,0.287,28.7,Low,0,2026-09-09 16:08:04.852808
52723,0.0417,4.17,Low,0,2026-09-09 16:08:04.852808
52724,0.228,22.8,Low,0,2026-09-09 16:08:04.852808
52725,0.3298,32.98,Low,0,2026-09-09 16:08:04.852808
52726,0.2243,22.43,Low,0,2026-09-09 16:08:04.852808
52727,0.3243,32.43,Low,0,2026-09-09 16:08:04.852808
52728,0.4992,49.92,Low,0,2026-09-09 16:08:04.852808
52729,0.85,85.0,High,1,2026-09-09 16:08:04.852808
52730,0.266,26.6,Low,0,2026-09-09 16:08:04.852808
52731,0.1413,14.13,Low,0,2026-09-09 16:08:04.852808
52732,0.4444,44.44,Low,0,2026-09-09 16:08:04.852808
52733,0.3431,34.31,Low,0,2026-09-09 16:08:04.852808
52734,0.05,5.0,Low,0,2026-09-09 16:08:04.852808
52735,0.244,24.4,Low,0,2026-09-09 16:08:04.852808
52736,0.0422,4.22,Low,0,2026-09-09 16:08:04.852808
52737,0.1449,14.49,Low,0,2026-09-09 16:08:04.852808
52738,0.1453,14.53,Low,0,2026-09-09 16:08:04.852808
52739,0.1098,10.98,Low,0,2026-09-09 16:08:04.852808
52740,0.4703,47.03,Low,0,2026-09-09 16:08:04.852808
52741,0.8881,88.81,High,1,2026-09-09 16:08:04.852808
52742,0.4025,40.25,Low,0,2026-09-09 16:08:04.852808
52743,0.8932,89.32,High,1,2026-09-09 16:08:04.852808
52744,0.4142,41.42,Low,0,2026-09-09 16:08:04.852808
52745,0.3989,39.89,Low,0,2026-09-09 16:08:04.852808
52746,0.1712,17.12,Low,0,2026-09-09 16:08:04.852808
52747,0.4641,46.41,Low,0,2026-09-09 16:08:04.852808
52748,0.6845,68.45,Medium,1,2026-09-09 16:08:04.852808
52749,0.2826,28.26,Low,0,2026-09-09 16:08:04.852808
52750,0.7045,70.45,Medium,1,2026-09-09 16:08:04.852808
52751,0.3594,35.94,Low,0,2026-09-09 16:08:04.852808
52752,0.3645,36.45,Low,0,2026-09-09 16:08:04.852808
52753,0.2425,24.25,Low,0,2026-09-09 16:08:04.852808
52754,0.9305,93.05,High,1,2026-09-09 16:08:04.852808
52755,0.082,8.2,Low,0,2026-09-09 16:08:04.852808
52756,0.2707,27.07,Low,0,2026-09-09 16:08:04.852808
52757,0.2447,24.47,Low,0,2026-09-09 16:08:04.852808
52758,0.1499,14.99,Low,0,2026-09-09 16:08:04.852808
52759,0.177,17.7,Low,0,2026-09-09 16:08:04.852808
52760,0.8627,86.27,High,1,2026-09-09 16:08:04.852808
52761,0.4305,43.05,Low,0,2026-09-09 16:08:04.852808
52762,0.5877,58.77,Medium,1,2026-09-09 16:08:04.852808
52763,0.7095,70.95,Medium,1,2026-09-09 16:08:04.852808
52764,0.4564,45.64,Low,0,2026-09-09 16:08:04.852808
52765,0.4514,45.14,Low,0,2026-09-09 16:08:04.852808
52766,0.0359,3.59,Low,0,2026-09-09 16:08:04.852808
52767,0.1453,14.53,Low,0,2026-09-09 16:08:04.852808
52768,0.1559,15.59,Low,0,2026-09-09 16:08:04.852808
52769,0.3891,38.91,Low,0,2026-09-09 16:08:04.852808
52770,0.2056,20.56,Low,0,2026-09-09 16:08:04.852808
52771,0.3376,33.76,Low,0,2026-09-09 16:08:04.852808
52772,0.29,29.0,Low,0,2026-09-09 16:08:04.852808
52773,0.1527,15.27,Low,0,2026-09-09 16:08:04.852808
52774,0.3845,38.45,Low,0,2026-09-09 16:08:04.852808
52775,0.9154,91.54,High,1,2026-09-09 16:08:04.852808
52776,0.3119,31.19,Low,0,2026-09-09 16:08:04.852808
52777,0.1726,17.26,Low,0,2026-09-09 16:08:04.852808
52778,0.1808,18.08,Low,0,2026-09-09 16:08:04.852808
52779,0.4057,40.57,Low,0,2026-09-09 16:08:04.852808
52780,0.872,87.2,High,1,2026-09-09 16:08:04.852808
52781,0.4065,40.65,Low,0,2026-09-09 16:08:04.852808
52782,0.0514,5.14,Low,0,2026-09-09 16:08:04.852808
52783,0.0716,7.16,Low,0,2026-09-09 16:08:04.852808
52784,0.1236,12.36,Low,0,2026-09-09 16:08:04.852808
52785,0.064,6.4,Low,0,2026-09-09 16:08:04.852808
52786,0.6784,67.84,Medium,1,2026-09-09 16:08:04.852808
52787,0.0747,7.47,Low,0,2026-09-09 16:08:04.852808
52788,0.4235,42.35,Low,0,2026-09-09 16:08:04.852808
52789,0.0765,7.65,Low,0,2026-09-09 16:08:04.852808
52790,0.0664,6.64,Low,0,2026-09-09 16:08:04.852808
52791,0.3726,37.26,Low,0,2026-09-09 16:08:04.852808
52792,0.0992,9.92,Low,0,2026-09-09 16:08:04.852808
52793,0.3273,32.73,Low,0,2026-09-09 16:08:04.852808
52794,0.2792,27.92,Low,0,2026-09-09 16:08:04.852808
52795,0.4081,40.81,Low,0,2026-09-09 16:08:04.852808
52796,0.2923,29.23,Low,0,2026-09-09 16:08:04.852808
52797,0.347,34.7,Low,0,2026-09-09 16:08:04.852808
52798,0.2363,23.63,Low,0,2026-09-09 16:08:04.852808
52799,0.1842,18.42,Low,0,2026-09-09 16:08:04.852808
52800,0.4911,49.11,Low,0,2026-09-09 16:08:04.852808
52801,0.2025,20.25,Low,0,2026-09-09 16:08:04.852808
52802,0.2265,22.65,Low,0,2026-09-09 16:08:04.852808
52803,0.0836,8.36,Low,0,2026-09-09 16:08:04.852808
52804,0.0448,4.48,Low,0,2026-09-09 16:08:04.852808
52805,0.9415,94.15,High,1,2026-09-09 16:08:04.852808
52806,0.1089,10.89,Low,0,2026-09-09 16:08:04.852808
52807,0.1381,13.81,Low,0,2026-09-09 16:08:04.852808
52808,0.3626,36.26,Low,0,2026-09-09 16:08:04.852808
52809,0.5918,59.18,Medium,1,2026-09-09 16:08:04.852808
52810,0.4481,44.81,Low,0,2026-09-09 16:08:04.852808
52811,0.6459,64.59,Medium,1,2026-09-09 16:08:04.852808
52812,0.1481,14.81,Low,0,2026-09-09 16:08:04.852808
52813,0.1803,18.03,Low,0,2026-09-09 16:08:04.852808
52814,0.2854,28.54,Low,0,2026-09-09 16:08:04.852808
52815,0.3076,30.76,Low,0,2026-09-09 16:08:04.852808
52816,0.7409,74.09,Medium,1,2026-09-09 16:08:04.852808
52817,0.883,88.3,High,1,2026-09-09 16:08:04.852808
52818,0.1723,17.23,Low,0,2026-09-09 16:08:04.852808
52819,0.2528,25.28,Low,0,2026-09-09 16:08:04.852808
52820,0.3123,31.23,Low,0,2026-09-09 16:08:04.852808
52821,0.1834,18.34,Low,0,2026-09-09 16:08:04.852808
52822,0.1162,11.62,Low,0,2026-09-09 16:08:04.852808
52823,0.4717,47.17,Low,0,2026-09-09 16:08:04.852808
52824,0.2778,27.78,Low,0,2026-09-09 16:08:04.852808
52825,0.2446,24.46,Low,0,2026-09-09 16:08:04.852808
52826,0.0818,8.18,Low,0,2026-09-09 16:08:04.852808
52827,0.0677,6.77,Low,0,2026-09-09 16:08:04.852808
52828,0.4025,40.25,Low,0,2026-09-09 16:08:04.852808
52829,0.2559,25.59,Low,0,2026-09-09 16:08:04.852808
52830,0.2402,24.02,Low,0,2026-09-09 16:08:04.852808
52831,0.2857,28.57,Low,0,2026-09-09 16:08:04.852808
52832,0.4648,46.48,Low,0,2026-09-09 16:08:04.852808
52833,0.3228,32.28,Low,0,2026-09-09 16:08:04.852808
52834,0.2273,22.73,Low,0,2026-09-09 16:08:04.852808
52835,0.4113,41.13,Low,0,2026-09-09 16:08:04.852808
52836,0.1925,19.25,Low,0,2026-09-09 16:08:04.852808
52837,0.1182,11.82,Low,0,2026-09-09 16:08:04.852808
52838,0.2254,22.54,Low,0,2026-09-09 16:08:04.852808
52839,0.3144,31.44,Low,0,2026-09-09 16:08:04.852808
52840,0.2114,21.14,Low,0,2026-09-09 16:08:04.852808
52841,0.2465,24.65,Low,0,2026-09-09 16:08:04.852808
52842,0.1124,11.24,Low,0,2026-09-09 16:08:04.852808
52843,0.1285,12.85,Low,0,2026-09-09 16:08:04.852808
52844,0.0622,6.22,Low,0,2026-09-09 16:08:04.852808
52845,0.2206,22.06,Low,0,2026-09-09 16:08:04.852808
52846,0.2786,27.86,Low,0,2026-09-09 16:08:04.852808
52847,0.0264,2.64,Low,0,2026-09-09 16:08:04.852808
52848,0.2146,21.46,Low,0,2026-09-09 16:08:04.852808
52849,0.7789,77.89,Medium,1,2026-09-09 16:08:04.852808
52850,0.2213,22.13,Low,0,2026-09-09 16:08:04.852808
52851,0.0975,9.75,Low,0,2026-09-09 16:08:04.852808
52852,0.2532,25.32,Low,0,2026-09-09 16:08:04.852808
52853,0.504,50.4,Medium,1,2026-09-09 16:08:04.852808
52854,0.1503,15.03,Low,0,2026-09-09 16:08:04.852808
52855,0.1988,19.88,Low,0,2026-09-09 16:08:04.852808
52856,0.4686,46.86,Low,0,2026-09-09 16:08:04.852808
52857,0.5762,57.62,Medium,1,2026-09-09 16:08:04.852808
52858,0.3435,34.35,Low,0,2026-09-09 16:08:04.852808
52859,0.7819,78.19,Medium,1,2026-09-09 16:08:04.852808
52860,0.2274,22.74,Low,0,2026-09-09 16:08:04.852808
52861,0.1273,12.73,Low,0,2026-09-09 16:08:04.852808
52862,0.323,32.3,Low,0,2026-09-09 16:08:04.852808
52863,0.0668,6.68,Low,0,2026-09-09 16:08:04.852808
52864,0.2767,27.67,Low,0,2026-09-09 16:08:04.852808
52865,0.4936,49.36,Low,0,2026-09-09 16:08:04.852808
52866,0.2815,28.15,Low,0,2026-09-09 16:08:04.852808
52867,0.191,19.1,Low,0,2026-09-09 16:08:04.852808
52868,0.1899,18.99,Low,0,2026-09-09 16:08:04.852808
52869,0.5393,53.93,Medium,1,2026-09-09 16:08:04.852808
52870,0.8849,88.49,High,1,2026-09-09 16:08:04.852808
52871,0.13,13.0,Low,0,2026-09-09 16:08:04.852808
52872,0.2335,23.35,Low,0,2026-09-09 16:08:04.852808
52873,0.7975,79.75,Medium,1,2026-09-09 16:08:04.852808
52874,0.3795,37.95,Low,0,2026-09-09 16:08:04.852808
52875,0.0514,5.14,Low,0,2026-09-09 16:08:04.852808
52876,0.3783,37.83,Low,0,2026-09-09 16:08:04.852808
52877,0.5478,54.78,Medium,1,2026-09-09 16:08:04.852808
52878,0.15,15.0,Low,0,2026-09-09 16:08:04.852808
52879,0.149,14.9,Low,0,2026-09-09 16:08:04.852808
52880,0.3845,38.45,Low,0,2026-09-09 16:08:04.852808
52881,0.4797,47.97,Low,0,2026-09-09 16:08:04.852808
52882,0.0367,3.67,Low,0,2026-09-09 16:08:04.852808
52883,0.8128,81.28,High,1,2026-09-09 16:08:04.852808
52884,0.2041,20.41,Low,0,2026-09-09 16:08:04.852808
52885,0.3689,36.89,Low,0,2026-09-09 16:08:04.852808
52886,0.1768,17.68,Low,0,2026-09-09 16:08:04.852808
52887,0.1624,16.24,Low,0,2026-09-09 16:08:04.852808
52888,0.3302,33.02,Low,0,2026-09-09 16:08:04.852808
52889,0.2063,20.63,Low,0,2026-09-09 16:08:04.852808
52890,0.0606,6.06,Low,0,2026-09-09 16:08:04.852808
52891,0.7037,70.37,Medium,1,2026-09-09 16:08:04.852808
52892,0.1523,15.23,Low,0,2026-09-09 16:08:04.852808
52893,0.1013,10.13,Low,0,2026-09-09 16:08:04.852808
52894,0.2227,22.27,Low,0,2026-09-09 16:08:04.852808
52895,0.4361,43.61,Low,0,2026-09-09 16:08:04.852808
52896,0.1575,15.75,Low,0,2026-09-09 16:08:04.852808
52897,0.3593,35.93,Low,0,2026-09-09 16:08:04.852808
52898,0.8222,82.22,High,1,2026-09-09 16:08:04.852808
52899,0.308,30.8,Low,0,2026-09-09 16:08:04.852808
52900,0.2619,26.19,Low,0,2026-09-09 16:08:04.852808
52901,0.3645,36.45,Low,0,2026-09-09 16:08:04.852808
52902,0.7294,72.94,Medium,1,2026-09-09 16:08:04.852808
52903,0.482,48.2,Low,0,2026-09-09 16:08:04.852808
52904,0.241,24.1,Low,0,2026-09-09 16:08:04.852808
52905,0.8375,83.75,High,1,2026-09-09 16:08:04.852808
52906,0.8273,82.73,High,1,2026-09-09 16:08:04.852808
52907,0.172,17.2,Low,0,2026-09-09 16:08:04.852808
52908,0.2306,23.06,Low,0,2026-09-09 16:08:04.852808
52909,0.2892,28.92,Low,0,2026-09-09 16:08:04.852808
52910,0.5221,52.21,Medium,1,2026-09-09 16:08:04.852808
52911,0.3262,32.62,Low,0,2026-09-09 16:08:04.852808
52912,0.5886,58.86,Medium,1,2026-09-09 16:08:04.852808
52913,0.3578,35.78,Low,0,2026-09-09 16:08:04.852808
52914,0.1111,11.11,Low,0,2026-09-09 16:08:04.852808
52915,0.2689,26.89,Low,0,2026-09-09 16:08:04.852808
52916,0.1703,17.03,Low,0,2026-09-09 16:08:04.852808
52917,0.1292,12.92,Low,0,2026-09-09 16:08:04.852808
52918,0.0691,6.91,Low,0,2026-09-09 16:08:04.852808
52919,0.363,36.3,Low,0,2026-09-09 16:08:04.852808
52920,0.2164,21.64,Low,0,2026-09-09 16:08:04.852808
52921,0.3949,39.49,Low,0,2026-09-09 16:08:04.852808
52922,0.0997,9.97,Low,0,2026-09-09 16:08:04.852808
52923,0.0839,8.39,Low,0,2026-09-09 16:08:04.852808
52924,0.8585,85.85,High,1,2026-09-09 16:08:04.852808
52925,0.8744,87.44,High,1,2026-09-09 16:08:04.852808
52926,0.0584,5.84,Low,0,2026-09-09 16:08:04.852808
52927,0.3923,39.23,Low,0,2026-09-09 16:08:04.852808
52928,0.1323,13.23,Low,0,2026-09-09 16:08:04.852808
52929,0.0883,8.83,Low,0,2026-09-09 16:08:04.852808
52930,0.5394,53.94,Medium,1,2026-09-09 16:08:04.852808
52931,0.2701,27.01,Low,0,2026-09-09 16:08:04.852808
52932,0.0533,5.33,Low,0,2026-09-09 16:08:04.852808
52933,0.1862,18.62,Low,0,2026-09-09 16:08:04.852808
52934,0.1788,17.88,Low,0,2026-09-09 16:08:04.852808
52935,0.1667,16.67,Low,0,2026-09-09 16:08:04.852808
52936,0.1999,19.99,Low,0,2026-09-09 16:08:04.852808
52937,0.2412,24.12,Low,0,2026-09-09 16:08:04.852808
52938,0.2034,20.34,Low,0,2026-09-09 16:08:04.852808
52939,0.1697,16.97,Low,0,2026-09-09 16:08:04.852808
52940,0.1494,14.94,Low,0,2026-09-09 16:08:04.852808
52941,0.4797,47.97,Low,0,2026-09-09 16:08:04.852808
52942,0.2107,21.07,Low,0,2026-09-09 16:08:04.852808
52943,0.343,34.3,Low,0,2026-09-09 16:08:04.852808
52944,0.1156,11.56,Low,0,2026-09-09 16:08:04.852808
52945,0.1952,19.52,Low,0,2026-09-09 16:08:04.852808
52946,0.1526,15.26,Low,0,2026-09-09 16:08:04.852808
52947,0.3413,34.13,Low,0,2026-09-09 16:08:04.852808
52948,0.263,26.3,Low,0,2026-09-09 16:08:04.852808
52949,0.4129,41.29,Low,0,2026-09-09 16:08:04.852808
52950,0.2226,22.26,Low,0,2026-09-09 16:08:04.852808
52951,0.1174,11.74,Low,0,2026-09-09 16:08:04.852808
52952,0.2206,22.06,Low,0,2026-09-09 16:08:04.852808
52953,0.0733,7.33,Low,0,2026-09-09 16:08:04.852808
52954,0.2786,27.86,Low,0,2026-09-09 16:08:04.852808
52955,0.0702,7.02,Low,0,2026-09-09 16:08:04.852808
52956,0.8081,80.81,High,1,2026-09-09 16:08:04.852808
52957,0.3791,37.91,Low,0,2026-09-09 16:08:04.852808
52958,0.2444,24.44,Low,0,2026-09-09 16:08:04.852808
52959,0.7449,74.49,Medium,1,2026-09-09 16:08:04.852808
52960,0.0488,4.88,Low,0,2026-09-09 16:08:04.852808
52961,0.2004,20.04,Low,0,2026-09-09 16:08:04.852808
52962,0.2807,28.07,Low,0,2026-09-09 16:08:04.852808
52963,0.5719,57.19,Medium,1,2026-09-09 16:08:04.852808
52964,0.2224,22.24,Low,0,2026-09-09 16:08:04.852808
52965,0.0605,6.05,Low,0,2026-09-09 16:08:04.852808
52966,0.31,31.0,Low,0,2026-09-09 16:08:04.852808
52967,0.2698,26.98,Low,0,2026-09-09 16:08:04.852808
52968,0.2286,22.86,Low,0,2026-09-09 16:08:04.852808
52969,0.1061,10.61,Low,0,2026-09-09 16:08:04.852808
52970,0.4451,44.51,Low,0,2026-09-09 16:08:04.852808
52971,0.4772,47.72,Low,0,2026-09-09 16:08:04.852808
52972,0.2243,22.43,Low,0,2026-09-09 16:08:04.852808
52973,0.8166,81.66,High,1,2026-09-09 16:08:04.852808
52974,0.0803,8.03,Low,0,2026-09-09 16:08:04.852808
52975,0.2539,25.39,Low,0,2026-09-09 16:08:04.852808
52976,0.3234,32.34,Low,0,2026-09-09 16:08:04.852808
52977,0.2376,23.76,Low,0,2026-09-09 16:08:04.852808
52978,0.5707,57.07,Medium,1,2026-09-09 16:08:04.852808
52979,0.2524,25.24,Low,0,2026-09-09 16:08:04.852808
52980,0.0159,1.59,Low,0,2026-09-09 16:08:04.852808
52981,0.6511,65.11,Medium,1,2026-09-09 16:08:04.852808
52982,0.2194,21.94,Low,0,2026-09-09 16:08:04.852808
52983,0.3934,39.34,Low,0,2026-09-09 16:08:04.852808
52984,0.1042,10.42,Low,0,2026-09-09 16:08:04.852808
52985,0.2065,20.65,Low,0,2026-09-09 16:08:04.852808
52986,0.0897,8.97,Low,0,2026-09-09 16:08:04.852808
52987,0.7158,71.58,Medium,1,2026-09-09 16:08:04.852808
52988,0.2224,22.24,Low,0,2026-09-09 16:08:04.852808
52989,0.3492,34.92,Low,0,2026-09-09 16:08:04.852808
52990,0.1734,17.34,Low,0,2026-09-09 16:08:04.852808
52991,0.3466,34.66,Low,0,2026-09-09 16:08:04.852808
52992,0.1025,10.25,Low,0,2026-09-09 16:08:04.852808
52993,0.3623,36.23,Low,0,2026-09-09 16:08:04.852808
52994,0.2582,25.82,Low,0,2026-09-09 16:08:04.852808
52995,0.8883,88.83,High,1,2026-09-09 16:08:04.852808
52996,0.0763,7.63,Low,0,2026-09-09 16:08:04.852808
52997,0.6425,64.25,Medium,1,2026-09-09 16:08:04.852808
52998,0.3017,30.17,Low,0,2026-09-09 16:08:04.852808
52999,0.2836,28.36,Low,0,2026-09-09 16:08:04.852808
53000,0.0841,8.41,Low,0,2026-09-09 16:08:04.852808
53001,0.2934,29.34,Low,0,2026-09-09 16:08:04.852808
53002,0.2876,28.76,Low,0,2026-09-09 16:08:04.852808
53003,0.3188,31.88,Low,0,2026-09-09 16:08:04.852808
53004,0.4946,49.46,Low,0,2026-09-09 16:08:04.852808
53005,0.8088,80.88,High,1,2026-09-09 16:08:04.852808
53006,0.2091,20.91,Low,0,2026-09-09 16:08:04.852808
53007,0.3239,32.39,Low,0,2026-09-09 16:08:04.852808
53008,0.4118,41.18,Low,0,2026-09-09 16:08:04.852808
53009,0.2006,20.06,Low,0,2026-09-09 16:08:04.852808
53010,0.4252,42.52,Low,0,2026-09-09 16:08:04.852808
53011,0.9061,90.61,High,1,2026-09-09 16:08:04.852808
53012,0.6392,63.92,Medium,1,2026-09-09 16:08:04.852808
53013,0.172,17.2,Low,0,2026-09-09 16:08:04.852808
53014,0.6351,63.51,Medium,1,2026-09-09 16:08:04.852808
53015,0.4775,47.75,Low,0,2026-09-09 16:08:04.852808
53016,0.4014,40.14,Low,0,2026-09-09 16:08:04.852808
53017,0.1282,12.82,Low,0,2026-09-09 16:08:04.852808
53018,0.2276,22.76,Low,0,2026-09-09 16:08:04.852808
53019,0.2969,29.69,Low,0,2026-09-09 16:08:04.852808
53020,0.0755,7.55,Low,0,2026-09-09 16:08:04.852808
53021,0.8236,82.36,High,1,2026-09-09 16:08:04.852808
53022,0.2619,26.19,Low,0,2026-09-09 16:08:04.852808
53023,0.1413,14.13,Low,0,2026-09-09 16:08:04.852808
53024,0.2421,24.21,Low,0,2026-09-09 16:08:04.852808
53025,0.3469,34.69,Low,0,2026-09-09 16:08:04.852808
53026,0.4808,48.08,Low,0,2026-09-09 16:08:04.852808
53027,0.1792,17.92,Low,0,2026-09-09 16:08:04.852808
53028,0.2438,24.38,Low,0,2026-09-09 16:08:04.852808
53029,0.104,10.4,Low,0,2026-09-09 16:08:04.852808
53030,0.4518,45.18,Low,0,2026-09-09 16:08:04.852808
53031,0.3265,32.65,Low,0,2026-09-09 16:08:04.852808
53032,0.2806,28.06,Low,0,2026-09-09 16:08:04.852808
53033,0.6998,69.98,Medium,1,2026-09-09 16:08:04.852808
53034,0.2755,27.55,Low,0,2026-09-09 16:08:04.852808
53035,0.5556,55.56,Medium,1,2026-09-09 16:08:04.852808
53036,0.2327,23.27,Low,0,2026-09-09 16:08:04.852808
53037,0.4778,47.78,Low,0,2026-09-09 16:08:04.852808
53038,0.0555,5.55,Low,0,2026-09-09 16:08:04.852808
53039,0.3023,30.23,Low,0,2026-09-09 16:08:04.852808
53040,0.1052,10.52,Low,0,2026-09-09 16:08:04.852808
53041,0.8762,87.62,High,1,2026-09-09 16:08:04.852808
53042,0.0999,9.99,Low,0,2026-09-09 16:08:04.852808
53043,0.2742,27.42,Low,0,2026-09-09 16:08:04.852808
53044,0.2822,28.22,Low,0,2026-09-09 16:08:04.852808
53045,0.1872,18.72,Low,0,2026-09-09 16:08:04.852808
53046,0.0896,8.96,Low,0,2026-09-09 16:08:04.852808
53047,0.1541,15.41,Low,0,2026-09-09 16:08:04.852808
53048,0.1534,15.34,Low,0,2026-09-09 16:08:04.852808
53049,0.1745,17.45,Low,0,2026-09-09 16:08:04.852808
53050,0.1823,18.23,Low,0,2026-09-09 16:08:04.852808
53051,0.8811,88.11,High,1,2026-09-09 16:08:04.852808
53052,0.2237,22.37,Low,0,2026-09-09 16:08:04.852808
53053,0.2276,22.76,Low,0,2026-09-09 16:08:04.852808
53054,0.2954,29.54,Low,0,2026-09-09 16:08:04.852808
53055,0.122,12.2,Low,0,2026-09-09 16:08:04.852808
53056,0.0917,9.17,Low,0,2026-09-09 16:08:04.852808
53057,0.2584,25.84,Low,0,2026-09-09 16:08:04.852808
53058,0.9023,90.23,High,1,2026-09-09 16:08:04.852808
53059,0.3344,33.44,Low,0,2026-09-09 16:08:04.852808
53060,0.0824,8.24,Low,0,2026-09-09 16:08:04.852808
53061,0.5201,52.01,Medium,1,2026-09-09 16:08:04.852808
53062,0.3091,30.91,Low,0,2026-09-09 16:08:04.852808
53063,0.1115,11.15,Low,0,2026-09-09 16:08:04.852808
53064,0.2681,26.81,Low,0,2026-09-09 16:08:04.852808
53065,0.2156,21.56,Low,0,2026-09-09 16:08:04.852808
53066,0.2768,27.68,Low,0,2026-09-09 16:08:04.852808
53067,0.3022,30.22,Low,0,2026-09-09 16:08:04.852808
53068,0.0735,7.35,Low,0,2026-09-09 16:08:04.852808
53069,0.8672,86.72,High,1,2026-09-09 16:08:04.852808
53070,0.1378,13.78,Low,0,2026-09-09 16:08:04.852808
53071,0.129,12.9,Low,0,2026-09-09 16:08:04.852808
53072,0.2928,29.28,Low,0,2026-09-09 16:08:04.852808
53073,0.5363,53.63,Medium,1,2026-09-09 16:08:04.852808
53074,0.3159,31.59,Low,0,2026-09-09 16:08:04.852808
53075,0.2423,24.23,Low,0,2026-09-09 16:08:04.852808
53076,0.1854,18.54,Low,0,2026-09-09 16:08:04.852808
53077,0.0454,4.54,Low,0,2026-09-09 16:08:04.852808
53078,0.1312,13.12,Low,0,2026-09-09 16:08:04.852808
53079,0.2832,28.32,Low,0,2026-09-09 16:08:04.852808
53080,0.1132,11.32,Low,0,2026-09-09 16:08:04.852808
53081,0.0887,8.87,Low,0,2026-09-09 16:08:04.852808
53082,0.1908,19.08,Low,0,2026-09-09 16:08:04.852808
53083,0.4568,45.68,Low,0,2026-09-09 16:08:04.852808
53084,0.3131,31.31,Low,0,2026-09-09 16:08:04.852808
53085,0.203,20.3,Low,0,2026-09-09 16:08:04.852808
53086,0.1183,11.83,Low,0,2026-09-09 16:08:04.852808
53087,0.4201,42.01,Low,0,2026-09-09 16:08:04.852808
53088,0.3538,35.38,Low,0,2026-09-09 16:08:04.852808
53089,0.1543,15.43,Low,0,2026-09-09 16:08:04.852808
53090,0.1815,18.15,Low,0,2026-09-09 16:08:04.852808
53091,0.3035,30.35,Low,0,2026-09-09 16:08:04.852808
53092,0.0636,6.36,Low,0,2026-09-09 16:08:04.852808
53093,0.8772,87.72,High,1,2026-09-09 16:08:04.852808
53094,0.1567,15.67,Low,0,2026-09-09 16:08:04.852808
53095,0.4123,41.23,Low,0,2026-09-09 16:08:04.852808
53096,0.0493,4.93,Low,0,2026-09-09 16:08:04.852808
53097,0.192,19.2,Low,0,2026-09-09 16:08:04.852808
53098,0.2834,28.34,Low,0,2026-09-09 16:08:04.852808
53099,0.4758,47.58,Low,0,2026-09-09 16:08:04.852808
53100,0.2382,23.82,Low,0,2026-09-09 16:08:04.852808
53101,0.3189,31.89,Low,0,2026-09-09 16:08:04.852808
53102,0.1111,11.11,Low,0,2026-09-09 16:08:04.852808
53103,0.056,5.6,Low,0,2026-09-09 16:08:04.852808
53104,0.2645,26.45,Low,0,2026-09-09 16:08:04.852808
53105,0.159,15.9,Low,0,2026-09-09 16:08:04.852808
53106,0.287,28.7,Low,0,2026-09-09 16:08:04.852808
53107,0.1891,18.91,Low,0,2026-09-09 16:08:04.852808
53108,0.5276,52.76,Medium,1,2026-09-09 16:08:04.852808
53109,0.4024,40.24,Low,0,2026-09-09 16:08:04.852808
53110,0.2516,25.16,Low,0,2026-09-09 16:08:04.852808
53111,0.4999,49.99,Low,0,2026-09-09 16:08:04.852808
53112,0.2042,20.42,Low,0,2026-09-09 16:08:04.852808
53113,0.2086,20.86,Low,0,2026-09-09 16:08:04.852808
53114,0.1852,18.52,Low,0,2026-09-09 16:08:04.852808
53115,0.1733,17.33,Low,0,2026-09-09 16:08:04.852808
53116,0.1958,19.58,Low,0,2026-09-09 16:08:04.852808
53117,0.2478,24.78,Low,0,2026-09-09 16:08:04.852808
53118,0.5381,53.81,Medium,1,2026-09-09 16:08:04.852808
53119,0.4241,42.41,Low,0,2026-09-09 16:08:04.852808
53120,0.4342,43.42,Low,0,2026-09-09 16:08:04.852808
53121,0.2922,29.22,Low,0,2026-09-09 16:08:04.852808
53122,0.7936,79.36,Medium,1,2026-09-09 16:08:04.852808
53123,0.5232,52.32,Medium,1,2026-09-09 16:08:04.852808
53124,0.2881,28.81,Low,0,2026-09-09 16:08:04.852808
53125,0.1747,17.47,Low,0,2026-09-09 16:08:04.852808
53126,0.3008,30.08,Low,0,2026-09-09 16:08:04.852808
53127,0.2041,20.41,Low,0,2026-09-09 16:08:04.852808
53128,0.6873,68.73,Medium,1,2026-09-09 16:08:04.852808
53129,0.0869,8.69,Low,0,2026-09-09 16:08:04.852808
53130,0.0403,4.03,Low,0,2026-09-09 16:08:04.852808
53131,0.084,8.4,Low,0,2026-09-09 16:08:04.852808
53132,0.0823,8.23,Low,0,2026-09-09 16:08:04.852808
53133,0.053,5.3,Low,0,2026-09-09 16:08:04.852808
53134,0.8079,80.79,High,1,2026-09-09 16:08:04.852808
53135,0.1948,19.48,Low,0,2026-09-09 16:08:04.852808
53136,0.1247,12.47,Low,0,2026-09-09 16:08:04.852808
53137,0.8045,80.45,High,1,2026-09-09 16:08:04.852808
53138,0.1278,12.78,Low,0,2026-09-09 16:08:04.852808
53139,0.4772,47.72,Low,0,2026-09-09 16:08:04.852808
53140,0.2434,24.34,Low,0,2026-09-09 16:08:04.852808
53141,0.3195,31.95,Low,0,2026-09-09 16:08:04.852808
53142,0.292,29.2,Low,0,2026-09-09 16:08:04.852808
53143,0.2026,20.26,Low,0,2026-09-09 16:08:04.852808
53144,0.8192,81.92,High,1,2026-09-09 16:08:04.852808
53145,0.2612,26.12,Low,0,2026-09-09 16:08:04.852808
53146,0.1389,13.89,Low,0,2026-09-09 16:08:04.852808
53147,0.1086,10.86,Low,0,2026-09-09 16:08:04.852808
53148,0.1906,19.06,Low,0,2026-09-09 16:08:04.852808
53149,0.2257,22.57,Low,0,2026-09-09 16:08:04.852808
53150,0.7779,77.79,Medium,1,2026-09-09 16:08:04.852808
53151,0.1068,10.68,Low,0,2026-09-09 16:08:04.852808
53152,0.3233,32.33,Low,0,2026-09-09 16:08:04.852808
53153,0.176,17.6,Low,0,2026-09-09 16:08:04.852808
53154,0.2637,26.37,Low,0,2026-09-09 16:08:04.852808
53155,0.335,33.5,Low,0,2026-09-09 16:08:04.852808
53156,0.1512,15.12,Low,0,2026-09-09 16:08:04.852808
53157,0.0629,6.29,Low,0,2026-09-09 16:08:04.852808
53158,0.2683,26.83,Low,0,2026-09-09 16:08:04.852808
53159,0.1227,12.27,Low,0,2026-09-09 16:08:04.852808
53160,0.1452,14.52,Low,0,2026-09-09 16:08:04.852808
53161,0.4133,41.33,Low,0,2026-09-09 16:08:04.852808
53162,0.2626,26.26,Low,0,2026-09-09 16:08:04.852808
53163,0.4307,43.07,Low,0,2026-09-09 16:08:04.852808
53164,0.735,73.5,Medium,1,2026-09-09 16:08:04.852808
53165,0.7237,72.37,Medium,1,2026-09-09 16:08:04.852808
53166,0.2848,28.48,Low,0,2026-09-09 16:08:04.852808
53167,0.172,17.2,Low,0,2026-09-09 16:08:04.852808
53168,0.1976,19.76,Low,0,2026-09-09 16:08:04.852808
53169,0.0631,6.31,Low,0,2026-09-09 16:08:04.852808
53170,0.2275,22.75,Low,0,2026-09-09 16:08:04.852808
53171,0.4029,40.29,Low,0,2026-09-09 16:08:04.852808
53172,0.4695,46.95,Low,0,2026-09-09 16:08:04.852808
53173,0.259,25.9,Low,0,2026-09-09 16:08:04.852808
53174,0.5585,55.85,Medium,1,2026-09-09 16:08:04.852808
53175,0.7955,79.55,Medium,1,2026-09-09 16:08:04.852808
53176,0.3354,33.54,Low,0,2026-09-09 16:08:04.852808
53177,0.4695,46.95,Low,0,2026-09-09 16:08:04.852808
53178,0.0645,6.45,Low,0,2026-09-09 16:08:04.852808
53179,0.195,19.5,Low,0,2026-09-09 16:08:04.852808
53180,0.2318,23.18,Low,0,2026-09-09 16:08:04.852808
53181,0.2413,24.13,Low,0,2026-09-09 16:08:04.852808
53182,0.3541,35.41,Low,0,2026-09-09 16:08:04.852808
53183,0.4129,41.29,Low,0,2026-09-09 16:08:04.852808
53184,0.2396,23.96,Low,0,2026-09-09 16:08:04.852808
53185,0.2547,25.47,Low,0,2026-09-09 16:08:04.852808
53186,0.2478,24.78,Low,0,2026-09-09 16:08:04.852808
53187,0.2887,28.87,Low,0,2026-09-09 16:08:04.852808
53188,0.2472,24.72,Low,0,2026-09-09 16:08:04.852808
53189,0.0415,4.15,Low,0,2026-09-09 16:08:04.852808
53190,0.0388,3.88,Low,0,2026-09-09 16:08:04.852808
53191,0.4068,40.68,Low,0,2026-09-09 16:08:04.852808
53192,0.1055,10.55,Low,0,2026-09-09 16:08:04.852808
53193,0.1376,13.76,Low,0,2026-09-09 16:08:04.852808
53194,0.1677,16.77,Low,0,2026-09-09 16:08:04.852808
53195,0.5895,58.95,Medium,1,2026-09-09 16:08:04.852808
53196,0.4229,42.29,Low,0,2026-09-09 16:08:04.852808
53197,0.061,6.1,Low,0,2026-09-09 16:08:04.852808
53198,0.344,34.4,Low,0,2026-09-09 16:08:04.852808
53199,0.3085,30.85,Low,0,2026-09-09 16:08:04.852808
53200,0.3594,35.94,Low,0,2026-09-09 16:08:04.852808
53201,0.8965,89.65,High,1,2026-09-09 16:08:04.852808
53202,0.5222,52.22,Medium,1,2026-09-09 16:08:04.852808
53203,0.3083,30.83,Low,0,2026-09-09 16:08:04.852808
53204,0.1161,11.61,Low,0,2026-09-09 16:08:04.852808
53205,0.2418,24.18,Low,0,2026-09-09 16:08:04.852808
53206,0.0346,3.46,Low,0,2026-09-09 16:08:04.852808
53207,0.0346,3.46,Low,0,2026-09-09 16:08:04.852808
53208,0.1312,13.12,Low,0,2026-09-09 16:08:04.852808
53209,0.3445,34.45,Low,0,2026-09-09 16:08:04.852808
53210,0.2787,27.87,Low,0,2026-09-09 16:08:04.852808
53211,0.204,20.4,Low,0,2026-09-09 16:08:04.852808
53212,0.1518,15.18,Low,0,2026-09-09 16:08:04.852808
53213,0.2452,24.52,Low,0,2026-09-09 16:08:04.852808
53214,0.1823,18.23,Low,0,2026-09-09 16:08:04.852808
53215,0.2436,24.36,Low,0,2026-09-09 16:08:04.852808
53216,0.3559,35.59,Low,0,2026-09-09 16:08:04.852808
53217,0.7892,78.92,Medium,1,2026-09-09 16:08:04.852808
53218,0.3771,37.71,Low,0,2026-09-09 16:08:04.852808
53219,0.0667,6.67,Low,0,2026-09-09 16:08:04.852808
53220,0.2629,26.29,Low,0,2026-09-09 16:08:04.852808
53221,0.6755,67.55,Medium,1,2026-09-09 16:08:04.852808
53222,0.3456,34.56,Low,0,2026-09-09 16:08:04.852808
53223,0.3106,31.06,Low,0,2026-09-09 16:08:04.852808
53224,0.3315,33.15,Low,0,2026-09-09 16:08:04.852808
53225,0.2592,25.92,Low,0,2026-09-09 16:08:04.852808
53226,0.2232,22.32,Low,0,2026-09-09 16:08:04.852808
53227,0.3356,33.56,Low,0,2026-09-09 16:08:04.852808
53228,0.4226,42.26,Low,0,2026-09-09 16:08:04.852808
53229,0.1276,12.76,Low,0,2026-09-09 16:08:04.852808
53230,0.2718,27.18,Low,0,2026-09-09 16:08:04.852808
53231,0.5926,59.26,Medium,1,2026-09-09 16:08:04.852808
53232,0.8211,82.11,High,1,2026-09-09 16:08:04.852808
53233,0.2638,26.38,Low,0,2026-09-09 16:08:04.852808
53234,0.4455,44.55,Low,0,2026-09-09 16:08:04.852808
53235,0.227,22.7,Low,0,2026-09-09 16:08:04.852808
53236,0.2148,21.48,Low,0,2026-09-09 16:08:04.852808
53237,0.721,72.1,Medium,1,2026-09-09 16:08:04.852808
53238,0.0281,2.81,Low,0,2026-09-09 16:08:04.852808
53239,0.3187,31.87,Low,0,2026-09-09 16:08:04.852808
53240,0.7653,76.53,Medium,1,2026-09-09 16:08:04.852808
53241,0.8022,80.22,High,1,2026-09-09 16:08:04.852808
53242,0.2241,22.41,Low,0,2026-09-09 16:08:04.852808
53243,0.1765,17.65,Low,0,2026-09-09 16:08:04.852808
53244,0.119,11.9,Low,0,2026-09-09 16:08:04.852808
53245,0.0737,7.37,Low,0,2026-09-09 16:08:04.852808
53246,0.418,41.8,Low,0,2026-09-09 16:08:04.852808
53247,0.8327,83.27,High,1,2026-09-09 16:08:04.852808
53248,0.2123,21.23,Low,0,2026-09-09 16:08:04.852808
53249,0.1128,11.28,Low,0,2026-09-09 16:08:04.852808
53250,0.8734,87.34,High,1,2026-09-09 16:08:04.852808
53251,0.1634,16.34,Low,0,2026-09-09 16:08:04.852808
53252,0.8721,87.21,High,1,2026-09-09 16:08:04.852808
53253,0.5858,58.58,Medium,1,2026-09-09 16:08:04.852808
53254,0.8416,84.16,High,1,2026-09-09 16:08:04.852808
53255,0.2713,27.13,Low,0,2026-09-09 16:08:04.852808
53256,0.616,61.6,Medium,1,2026-09-09 16:08:04.852808
53257,0.1408,14.08,Low,0,2026-09-09 16:08:04.852808
53258,0.4352,43.52,Low,0,2026-09-09 16:08:04.852808
53259,0.2993,29.93,Low,0,2026-09-09 16:08:04.852808
53260,0.1451,14.51,Low,0,2026-09-09 16:08:04.852808
53261,0.4013,40.13,Low,0,2026-09-09 16:08:04.852808
53262,0.3431,34.31,Low,0,2026-09-09 16:08:04.852808
53263,0.1919,19.19,Low,0,2026-09-09 16:08:04.852808
53264,0.8865,88.65,High,1,2026-09-09 16:08:04.852808
53265,0.1154,11.54,Low,0,2026-09-09 16:08:04.852808
53266,0.4734,47.34,Low,0,2026-09-09 16:08:04.852808
53267,0.3989,39.89,Low,0,2026-09-09 16:08:04.852808
53268,0.4537,45.37,Low,0,2026-09-09 16:08:04.852808
53269,0.1809,18.09,Low,0,2026-09-09 16:08:04.852808
53270,0.108,10.8,Low,0,2026-09-09 16:08:04.852808
53271,0.3114,31.14,Low,0,2026-09-09 16:08:04.852808
53272,0.7951,79.51,Medium,1,2026-09-09 16:08:04.852808
53273,0.0992,9.92,Low,0,2026-09-09 16:08:04.852808
53274,0.3516,35.16,Low,0,2026-09-09 16:08:04.852808
53275,0.135,13.5,Low,0,2026-09-09 16:08:04.852808
53276,0.0709,7.09,Low,0,2026-09-09 16:08:04.852808
53277,0.2687,26.87,Low,0,2026-09-09 16:08:04.852808
53278,0.4818,48.18,Low,0,2026-09-09 16:08:04.852808
53279,0.1519,15.19,Low,0,2026-09-09 16:08:04.852808
53280,0.0662,6.62,Low,0,2026-09-09 16:08:04.852808
53281,0.1581,15.81,Low,0,2026-09-09 16:08:04.852808
53282,0.3747,37.47,Low,0,2026-09-09 16:08:04.852808
53283,0.2042,20.42,Low,0,2026-09-09 16:08:04.852808
53284,0.2506,25.06,Low,0,2026-09-09 16:08:04.852808
53285,0.3596,35.96,Low,0,2026-09-09 16:08:04.852808
53286,0.3848,38.48,Low,0,2026-09-09 16:08:04.852808
53287,0.2921,29.21,Low,0,2026-09-09 16:08:04.852808
53288,0.1002,10.02,Low,0,2026-09-09 16:08:04.852808
53289,0.2133,21.33,Low,0,2026-09-09 16:08:04.852808
53290,0.6664,66.64,Medium,1,2026-09-09 16:08:04.852808
53291,0.2851,28.51,Low,0,2026-09-09 16:08:04.852808
53292,0.0618,6.18,Low,0,2026-09-09 16:08:04.852808
53293,0.1829,18.29,Low,0,2026-09-09 16:08:04.852808
53294,0.3759,37.59,Low,0,2026-09-09 16:08:04.852808
53295,0.1499,14.99,Low,0,2026-09-09 16:08:04.852808
53296,0.6905,69.05,Medium,1,2026-09-09 16:08:04.852808
53297,0.1202,12.02,Low,0,2026-09-09 16:08:04.852808
53298,0.2364,23.64,Low,0,2026-09-09 16:08:04.852808
53299,0.4684,46.84,Low,0,2026-09-09 16:08:04.852808
53300,0.0899,8.99,Low,0,2026-09-09 16:08:04.852808
53301,0.4995,49.95,Low,0,2026-09-09 16:08:04.852808
53302,0.1872,18.72,Low,0,2026-09-09 16:08:04.852808
53303,0.2334,23.34,Low,0,2026-09-09 16:08:04.852808
53304,0.794,79.4,Medium,1,2026-09-09 16:08:04.852808
53305,0.1687,16.87,Low,0,2026-09-09 16:08:04.852808
53306,0.2785,27.85,Low,0,2026-09-09 16:08:04.852808
53307,0.9175,91.75,High,1,2026-09-09 16:08:04.852808
53308,0.8613,86.13,High,1,2026-09-09 16:08:04.852808
53309,0.4108,41.08,Low,0,2026-09-09 16:08:04.852808
53310,0.1923,19.23,Low,0,2026-09-09 16:08:04.852808
53311,0.2032,20.32,Low,0,2026-09-09 16:08:04.852808
53312,0.2044,20.44,Low,0,2026-09-09 16:08:04.852808
53313,0.9101,91.01,High,1,2026-09-09 16:08:04.852808
53314,0.801,80.1,High,1,2026-09-09 16:08:04.852808
53315,0.861,86.1,High,1,2026-09-09 16:08:04.852808
53316,0.8675,86.75,High,1,2026-09-09 16:08:04.852808
53317,0.3764,37.64,Low,0,2026-09-09 16:08:04.852808
53318,0.2192,21.92,Low,0,2026-09-09 16:08:04.852808
53319,0.2079,20.79,Low,0,2026-09-09 16:08:04.852808
53320,0.0819,8.19,Low,0,2026-09-09 16:08:04.852808
53321,0.5326,53.26,Medium,1,2026-09-09 16:08:04.852808
53322,0.2059,20.59,Low,0,2026-09-09 16:08:04.852808
53323,0.1889,18.89,Low,0,2026-09-09 16:08:04.852808
53324,0.2366,23.66,Low,0,2026-09-09 16:08:04.852808
53325,0.0921,9.21,Low,0,2026-09-09 16:08:04.852808
53326,0.1923,19.23,Low,0,2026-09-09 16:08:04.852808
53327,0.1146,11.46,Low,0,2026-09-09 16:08:04.852808
53328,0.283,28.3,Low,0,2026-09-09 16:08:04.852808
53329,0.2179,21.79,Low,0,2026-09-09 16:08:04.852808
53330,0.509,50.9,Medium,1,2026-09-09 16:08:04.852808
53331,0.1709,17.09,Low,0,2026-09-09 16:08:04.852808
53332,0.8815,88.15,High,1,2026-09-09 16:08:04.852808
53333,0.3415,34.15,Low,0,2026-09-09 16:08:04.852808
53334,0.3338,33.38,Low,0,2026-09-09 16:08:04.852808
53335,0.2175,21.75,Low,0,2026-09-09 16:08:04.852808
53336,0.1431,14.31,Low,0,2026-09-09 16:08:04.852808
53337,0.0971,9.71,Low,0,2026-09-09 16:08:04.852808
53338,0.2077,20.77,Low,0,2026-09-09 16:08:04.852808
53339,0.4258,42.58,Low,0,2026-09-09 16:08:04.852808
53340,0.1405,14.05,Low,0,2026-09-09 16:08:04.852808
53341,0.0357,3.57,Low,0,2026-09-09 16:08:04.852808
53342,0.146,14.6,Low,0,2026-09-09 16:08:04.852808
53343,0.2196,21.96,Low,0,2026-09-09 16:08:04.852808
53344,0.4127,41.27,Low,0,2026-09-09 16:08:04.852808
53345,0.5441,54.41,Medium,1,2026-09-09 16:08:04.852808
53346,0.0507,5.07,Low,0,2026-09-09 16:08:04.852808
53347,0.2418,24.18,Low,0,2026-09-09 16:08:04.852808
53348,0.292,29.2,Low,0,2026-09-09 16:08:04.852808
53349,0.8165,81.65,High,1,2026-09-09 16:08:04.852808
53350,0.3059,30.59,Low,0,2026-09-09 16:08:04.852808
53351,0.5654,56.54,Medium,1,2026-09-09 16:08:04.852808
53352,0.1996,19.96,Low,0,2026-09-09 16:08:04.852808
53353,0.0576,5.76,Low,0,2026-09-09 16:08:04.852808
53354,0.3824,38.24,Low,0,2026-09-09 16:08:04.852808
53355,0.3026,30.26,Low,0,2026-09-09 16:08:04.852808
53356,0.1491,14.91,Low,0,2026-09-09 16:08:04.852808
53357,0.1169,11.69,Low,0,2026-09-09 16:08:04.852808
53358,0.8223,82.23,High,1,2026-09-09 16:08:04.852808
53359,0.076,7.6,Low,0,2026-09-09 16:08:04.852808
53360,0.1347,13.47,Low,0,2026-09-09 16:08:04.852808
53361,0.2105,21.05,Low,0,2026-09-09 16:08:04.852808
53362,0.1781,17.81,Low,0,2026-09-09 16:08:04.852808
53363,0.39,39.0,Low,0,2026-09-09 16:08:04.852808
53364,0.8809,88.09,High,1,2026-09-09 16:08:04.852808
53365,0.1735,17.35,Low,0,2026-09-09 16:08:04.852808
53366,0.239,23.9,Low,0,2026-09-09 16:08:04.852808
53367,0.3475,34.75,Low,0,2026-09-09 16:08:04.852808
53368,0.4659,46.59,Low,0,2026-09-09 16:08:04.852808
53369,0.5177,51.77,Medium,1,2026-09-09 16:08:04.852808
53370,0.1425,14.25,Low,0,2026-09-09 16:08:04.852808
53371,0.8515,85.15,High,1,2026-09-09 16:08:04.852808
53372,0.4155,41.55,Low,0,2026-09-09 16:08:04.852808
53373,0.2121,21.21,Low,0,2026-09-09 16:08:04.852808
53374,0.1749,17.49,Low,0,2026-09-09 16:08:04.852808
53375,0.1358,13.58,Low,0,2026-09-09 16:08:04.852808
53376,0.1107,11.07,Low,0,2026-09-09 16:08:04.852808
53377,0.1686,16.86,Low,0,2026-09-09 16:08:04.852808
53378,0.3417,34.17,Low,0,2026-09-09 16:08:04.852808
53379,0.5134,51.34,Medium,1,2026-09-09 16:08:04.852808
53380,0.0623,6.23,Low,0,2026-09-09 16:08:04.852808
53381,0.2402,24.02,Low,0,2026-09-09 16:08:04.852808
53382,0.1394,13.94,Low,0,2026-09-09 16:08:04.852808
53383,0.1687,16.87,Low,0,2026-09-09 16:08:04.852808
53384,0.3586,35.86,Low,0,2026-09-09 16:08:04.852808
53385,0.2105,21.05,Low,0,2026-09-09 16:08:04.852808
53386,0.0739,7.39,Low,0,2026-09-09 16:08:04.852808
53387,0.2653,26.53,Low,0,2026-09-09 16:08:04.852808
53388,0.1768,17.68,Low,0,2026-09-09 16:08:04.852808
53389,0.2744,27.44,Low,0,2026-09-09 16:08:04.852808
53390,0.2456,24.56,Low,0,2026-09-09 16:08:04.852808
53391,0.1397,13.97,Low,0,2026-09-09 16:08:04.852808
53392,0.1886,18.86,Low,0,2026-09-09 16:08:04.852808
53393,0.1172,11.72,Low,0,2026-09-09 16:08:04.852808
53394,0.1782,17.82,Low,0,2026-09-09 16:08:04.852808
53395,0.1345,13.45,Low,0,2026-09-09 16:08:04.852808
53396,0.0663,6.63,Low,0,2026-09-09 16:08:04.852808
53397,0.2047,20.47,Low,0,2026-09-09 16:08:04.852808
53398,0.1693,16.93,Low,0,2026-09-09 16:08:04.852808
53399,0.3161,31.61,Low,0,2026-09-09 16:08:04.852808
53400,0.2995,29.95,Low,0,2026-09-09 16:08:04.852808
53401,0.6473,64.73,Medium,1,2026-09-09 16:08:04.852808
53402,0.3236,32.36,Low,0,2026-09-09 16:08:04.852808
53403,0.0664,6.64,Low,0,2026-09-09 16:08:04.852808
53404,0.3401,34.01,Low,0,2026-09-09 16:08:04.852808
53405,0.6647,66.47,Medium,1,2026-09-09 16:08:04.852808
53406,0.1868,18.68,Low,0,2026-09-09 16:08:04.852808
53407,0.2469,24.69,Low,0,2026-09-09 16:08:04.852808
53408,0.0523,5.23,Low,0,2026-09-09 16:08:04.852808
53409,0.4799,47.99,Low,0,2026-09-09 16:08:04.852808
53410,0.3915,39.15,Low,0,2026-09-09 16:08:04.852808
53411,0.2141,21.41,Low,0,2026-09-09 16:08:04.852808
53412,0.2613,26.13,Low,0,2026-09-09 16:08:04.852808
53413,0.6408,64.08,Medium,1,2026-09-09 16:08:04.852808
53414,0.2505,25.05,Low,0,2026-09-09 16:08:04.852808
53415,0.212,21.2,Low,0,2026-09-09 16:08:04.852808
53416,0.2212,22.12,Low,0,2026-09-09 16:08:04.852808
53417,0.3217,32.17,Low,0,2026-09-09 16:08:04.852808
53418,0.1868,18.68,Low,0,2026-09-09 16:08:04.852808
53419,0.846,84.6,High,1,2026-09-09 16:08:04.852808
53420,0.2851,28.51,Low,0,2026-09-09 16:08:04.852808
53421,0.1281,12.81,Low,0,2026-09-09 16:08:04.852808
53422,0.7625,76.25,Medium,1,2026-09-09 16:08:04.852808
53423,0.0951,9.51,Low,0,2026-09-09 16:08:04.852808
53424,0.3303,33.03,Low,0,2026-09-09 16:08:04.852808
53425,0.0617,6.17,Low,0,2026-09-09 16:08:04.852808
53426,0.2868,28.68,Low,0,2026-09-09 16:08:04.852808
53427,0.2477,24.77,Low,0,2026-09-09 16:08:04.852808
53428,0.1676,16.76,Low,0,2026-09-09 16:08:04.852808
53429,0.9107,91.07,High,1,2026-09-09 16:08:04.852808
53430,0.4485,44.85,Low,0,2026-09-09 16:08:04.852808
53431,0.2008,20.08,Low,0,2026-09-09 16:08:04.852808
53432,0.1201,12.01,Low,0,2026-09-09 16:08:04.852808
53433,0.0652,6.52,Low,0,2026-09-09 16:08:04.852808
53434,0.26,26.0,Low,0,2026-09-09 16:08:04.852808
53435,0.2792,27.92,Low,0,2026-09-09 16:08:04.852808
53436,0.3144,31.44,Low,0,2026-09-09 16:08:04.852808
53437,0.5602,56.02,Medium,1,2026-09-09 16:08:04.852808
53438,0.1504,15.04,Low,0,2026-09-09 16:08:04.852808
53439,0.2602,26.02,Low,0,2026-09-09 16:08:04.852808
53440,0.0648,6.48,Low,0,2026-09-09 16:08:04.852808
53441,0.2564,25.64,Low,0,2026-09-09 16:08:04.852808
53442,0.1836,18.36,Low,0,2026-09-09 16:08:04.852808
53443,0.3304,33.04,Low,0,2026-09-09 16:08:04.852808
53444,0.0437,4.37,Low,0,2026-09-09 16:08:04.852808
53445,0.2744,27.44,Low,0,2026-09-09 16:08:04.852808
53446,0.541,54.1,Medium,1,2026-09-09 16:08:04.852808
53447,0.1818,18.18,Low,0,2026-09-09 16:08:04.852808
53448,0.4575,45.75,Low,0,2026-09-09 16:08:04.852808
53449,0.2471,24.71,Low,0,2026-09-09 16:08:04.852808
53450,0.3695,36.95,Low,0,2026-09-09 16:08:04.852808
53451,0.1737,17.37,Low,0,2026-09-09 16:08:04.852808
53452,0.342,34.2,Low,0,2026-09-09 16:08:04.852808
53453,0.1029,10.29,Low,0,2026-09-09 16:08:04.852808
53454,0.3141,31.41,Low,0,2026-09-09 16:08:04.852808
53455,0.0578,5.78,Low,0,2026-09-09 16:08:04.852808
53456,0.8079,80.79,High,1,2026-09-09 16:08:04.852808
53457,0.1676,16.76,Low,0,2026-09-09 16:08:04.852808
53458,0.1462,14.62,Low,0,2026-09-09 16:08:04.852808
53459,0.07,7.0,Low,0,2026-09-09 16:08:04.852808
53460,0.2918,29.18,Low,0,2026-09-09 16:08:04.852808
53461,0.4499,44.99,Low,0,2026-09-09 16:08:04.852808
53462,0.3099,30.99,Low,0,2026-09-09 16:08:04.852808
53463,0.1595,15.95,Low,0,2026-09-09 16:08:04.852808
53464,0.2637,26.37,Low,0,2026-09-09 16:08:04.852808
53465,0.1683,16.83,Low,0,2026-09-09 16:08:04.852808
53466,0.3342,33.42,Low,0,2026-09-09 16:08:04.852808
53467,0.4476,44.76,Low,0,2026-09-09 16:08:04.852808
53468,0.2035,20.35,Low,0,2026-09-09 16:08:04.852808
53469,0.0959,9.59,Low,0,2026-09-09 16:08:04.852808
53470,0.4272,42.72,Low,0,2026-09-09 16:08:04.852808
53471,0.3596,35.96,Low,0,2026-09-09 16:08:04.852808
53472,0.2351,23.51,Low,0,2026-09-09 16:08:04.852808
53473,0.1688,16.88,Low,0,2026-09-09 16:08:04.852808
53474,0.0602,6.02,Low,0,2026-09-09 16:08:04.852808
53475,0.2614,26.14,Low,0,2026-09-09 16:08:04.852808
53476,0.1265,12.65,Low,0,2026-09-09 16:08:04.852808
53477,0.0567,5.67,Low,0,2026-09-09 16:08:04.852808
53478,0.4045,40.45,Low,0,2026-09-09 16:08:04.852808
53479,0.2846,28.46,Low,0,2026-09-09 16:08:04.852808
53480,0.3522,35.22,Low,0,2026-09-09 16:08:04.852808
53481,0.4251,42.51,Low,0,2026-09-09 16:08:04.852808
53482,0.3576,35.76,Low,0,2026-09-09 16:08:04.852808
53483,0.3529,35.29,Low,0,2026-09-09 16:08:04.852808
53484,0.1291,12.91,Low,0,2026-09-09 16:08:04.852808
53485,0.7364,73.64,Medium,1,2026-09-09 16:08:04.852808
53486,0.8657,86.57,High,1,2026-09-09 16:08:04.852808
53487,0.1909,19.09,Low,0,2026-09-09 16:08:04.852808
53488,0.9045,90.45,High,1,2026-09-09 16:08:04.852808
53489,0.3333,33.33,Low,0,2026-09-09 16:08:04.852808
53490,0.4338,43.38,Low,0,2026-09-09 16:08:04.852808
53491,0.3312,33.12,Low,0,2026-09-09 16:08:04.852808
53492,0.3159,31.59,Low,0,2026-09-09 16:08:04.852808
53493,0.084,8.4,Low,0,2026-09-09 16:08:04.852808
53494,0.2226,22.26,Low,0,2026-09-09 16:08:04.852808
53495,0.2098,20.98,Low,0,2026-09-09 16:08:04.852808
53496,0.3112,31.12,Low,0,2026-09-09 16:08:04.852808
53497,0.2777,27.77,Low,0,2026-09-09 16:08:04.852808
53498,0.0569,5.69,Low,0,2026-09-09 16:08:04.852808
53499,0.4575,45.75,Low,0,2026-09-09 16:08:04.852808
53500,0.0686,6.86,Low,0,2026-09-09 16:08:04.852808
53501,0.1133,11.33,Low,0,2026-09-09 16:08:04.852808
53502,0.1001,10.01,Low,0,2026-09-09 16:08:04.852808
53503,0.1282,12.82,Low,0,2026-09-09 16:08:04.852808
53504,0.2121,21.21,Low,0,2026-09-09 16:08:04.852808
53505,0.1781,17.81,Low,0,2026-09-09 16:08:04.852808
53506,0.2559,25.59,Low,0,2026-09-09 16:08:04.852808
53507,0.1519,15.19,Low,0,2026-09-09 16:08:04.852808
53508,0.418,41.8,Low,0,2026-09-09 16:08:04.852808
53509,0.1582,15.82,Low,0,2026-09-09 16:08:04.852808
53510,0.4811,48.11,Low,0,2026-09-09 16:08:04.852808
53511,0.2688,26.88,Low,0,2026-09-09 16:08:04.852808
53512,0.2941,29.41,Low,0,2026-09-09 16:08:04.852808
53513,0.0712,7.12,Low,0,2026-09-09 16:08:04.852808
53514,0.1457,14.57,Low,0,2026-09-09 16:08:04.852808
53515,0.079,7.9,Low,0,2026-09-09 16:08:04.852808
53516,0.209,20.9,Low,0,2026-09-09 16:08:04.852808
53517,0.3549,35.49,Low,0,2026-09-09 16:08:04.852808
53518,0.1621,16.21,Low,0,2026-09-09 16:08:04.852808
53519,0.6979,69.79,Medium,1,2026-09-09 16:08:04.852808
53520,0.587,58.7,Medium,1,2026-09-09 16:08:04.852808
53521,0.8687,86.87,High,1,2026-09-09 16:08:04.852808
53522,0.4902,49.02,Low,0,2026-09-09 16:08:04.852808
53523,0.3008,30.08,Low,0,2026-09-09 16:08:04.852808
53524,0.2393,23.93,Low,0,2026-09-09 16:08:04.852808
53525,0.4244,42.44,Low,0,2026-09-09 16:08:04.852808
53526,0.4599,45.99,Low,0,2026-09-09 16:08:04.852808
53527,0.0632,6.32,Low,0,2026-09-09 16:08:04.852808
53528,0.0461,4.61,Low,0,2026-09-09 16:08:04.852808
53529,0.1725,17.25,Low,0,2026-09-09 16:08:04.852808
53530,0.2987,29.87,Low,0,2026-09-09 16:08:04.852808
53531,0.5036,50.36,Medium,1,2026-09-09 16:08:04.852808
53532,0.0846,8.46,Low,0,2026-09-09 16:08:04.852808
53533,0.4539,45.39,Low,0,2026-09-09 16:08:04.852808
53534,0.2461,24.61,Low,0,2026-09-09 16:08:04.852808
53535,0.4223,42.23,Low,0,2026-09-09 16:08:04.852808
53536,0.3348,33.48,Low,0,2026-09-09 16:08:04.852808
53537,0.8523,85.23,High,1,2026-09-09 16:08:04.852808
53538,0.4157,41.57,Low,0,2026-09-09 16:08:04.852808
53539,0.7909,79.09,Medium,1,2026-09-09 16:08:04.852808
53540,0.345,34.5,Low,0,2026-09-09 16:08:04.852808
53541,0.1886,18.86,Low,0,2026-09-09 16:08:04.852808
53542,0.0554,5.54,Low,0,2026-09-09 16:08:04.852808
53543,0.4127,41.27,Low,0,2026-09-09 16:08:04.852808
53544,0.3071,30.71,Low,0,2026-09-09 16:08:04.852808
53545,0.0375,3.75,Low,0,2026-09-09 16:08:04.852808
53546,0.2786,27.86,Low,0,2026-09-09 16:08:04.852808
53547,0.2913,29.13,Low,0,2026-09-09 16:08:04.852808
53548,0.9254,92.54,High,1,2026-09-09 16:08:04.852808
53549,0.2844,28.44,Low,0,2026-09-09 16:08:04.852808
53550,0.2418,24.18,Low,0,2026-09-09 16:08:04.852808
53551,0.1005,10.05,Low,0,2026-09-09 16:08:04.852808
53552,0.3505,35.05,Low,0,2026-09-09 16:08:04.852808
53553,0.2588,25.88,Low,0,2026-09-09 16:08:04.852808
53554,0.89,89.0,High,1,2026-09-09 16:08:04.852808
53555,0.3534,35.34,Low,0,2026-09-09 16:08:04.852808
53556,0.3379,33.79,Low,0,2026-09-09 16:08:04.852808
53557,0.4151,41.51,Low,0,2026-09-09 16:08:04.852808
53558,0.1649,16.49,Low,0,2026-09-09 16:08:04.852808
53559,0.3462,34.62,Low,0,2026-09-09 16:08:04.852808
53560,0.2507,25.07,Low,0,2026-09-09 16:08:04.852808
53561,0.3178,31.78,Low,0,2026-09-09 16:08:04.852808
53562,0.1044,10.44,Low,0,2026-09-09 16:08:04.852808
53563,0.3827,38.27,Low,0,2026-09-09 16:08:04.852808
53564,0.5098,50.98,Medium,1,2026-09-09 16:08:04.852808
53565,0.3785,37.85,Low,0,2026-09-09 16:08:04.852808
53566,0.1062,10.62,Low,0,2026-09-09 16:08:04.852808
53567,0.1943,19.43,Low,0,2026-09-09 16:08:04.852808
53568,0.098,9.8,Low,0,2026-09-09 16:08:04.852808
53569,0.2482,24.82,Low,0,2026-09-09 16:08:04.852808
53570,0.039,3.9,Low,0,2026-09-09 16:08:04.852808
53571,0.2834,28.34,Low,0,2026-09-09 16:08:04.852808
53572,0.3828,38.28,Low,0,2026-09-09 16:08:04.852808
53573,0.1079,10.79,Low,0,2026-09-09 16:08:04.852808
53574,0.2844,28.44,Low,0,2026-09-09 16:08:04.852808
53575,0.0828,8.28,Low,0,2026-09-09 16:08:04.852808
53576,0.4121,41.21,Low,0,2026-09-09 16:08:04.852808
53577,0.1994,19.94,Low,0,2026-09-09 16:08:04.852808
53578,0.1296,12.96,Low,0,2026-09-09 16:08:04.852808
53579,0.218,21.8,Low,0,2026-09-09 16:08:04.852808
53580,0.3682,36.82,Low,0,2026-09-09 16:08:04.852808
53581,0.614,61.4,Medium,1,2026-09-09 16:08:04.852808
53582,0.0607,6.07,Low,0,2026-09-09 16:08:04.852808
53583,0.2825,28.25,Low,0,2026-09-09 16:08:04.852808
53584,0.119,11.9,Low,0,2026-09-09 16:08:04.852808
53585,0.3029,30.29,Low,0,2026-09-09 16:08:04.852808
53586,0.2871,28.71,Low,0,2026-09-09 16:08:04.852808
53587,0.5809,58.09,Medium,1,2026-09-09 16:08:04.852808
53588,0.8009,80.09,High,1,2026-09-09 16:08:04.852808
53589,0.3745,37.45,Low,0,2026-09-09 16:08:04.852808
53590,0.3551,35.51,Low,0,2026-09-09 16:08:04.852808
53591,0.0522,5.22,Low,0,2026-09-09 16:08:04.852808
53592,0.2074,20.74,Low,0,2026-09-09 16:08:04.852808
53593,0.4975,49.75,Low,0,2026-09-09 16:08:04.852808
53594,0.4879,48.79,Low,0,2026-09-09 16:08:04.852808
53595,0.157,15.7,Low,0,2026-09-09 16:08:04.852808
53596,0.4031,40.31,Low,0,2026-09-09 16:08:04.852808
53597,0.4506,45.06,Low,0,2026-09-09 16:08:04.852808
53598,0.226,22.6,Low,0,2026-09-09 16:08:04.852808
53599,0.0838,8.38,Low,0,2026-09-09 16:08:04.852808
53600,0.2555,25.55,Low,0,2026-09-09 16:08:04.852808
53601,0.5009,50.09,Medium,1,2026-09-09 16:08:04.852808
53602,0.3855,38.55,Low,0,2026-09-09 16:08:04.852808
53603,0.3824,38.24,Low,0,2026-09-09 16:08:04.852808
53604,0.3957,39.57,Low,0,2026-09-09 16:08:04.852808
53605,0.3935,39.35,Low,0,2026-09-09 16:08:04.852808
53606,0.3655,36.55,Low,0,2026-09-09 16:08:04.852808
53607,0.326,32.6,Low,0,2026-09-09 16:08:04.852808
53608,0.3253,32.53,Low,0,2026-09-09 16:08:04.852808
53609,0.1557,15.57,Low,0,2026-09-09 16:08:04.852808
53610,0.0622,6.22,Low,0,2026-09-09 16:08:04.852808
53611,0.618,61.8,Medium,1,2026-09-09 16:08:04.852808
53612,0.4087,40.87,Low,0,2026-09-09 16:08:04.852808
53613,0.8449,84.49,High,1,2026-09-09 16:08:04.852808
53614,0.0845,8.45,Low,0,2026-09-09 16:08:04.852808
53615,0.2046,20.46,Low,0,2026-09-09 16:08:04.852808
53616,0.9024,90.24,High,1,2026-09-09 16:08:04.852808
53617,0.3619,36.19,Low,0,2026-09-09 16:08:04.852808
53618,0.1821,18.21,Low,0,2026-09-09 16:08:04.852808
53619,0.0761,7.61,Low,0,2026-09-09 16:08:04.852808
53620,0.2003,20.03,Low,0,2026-09-09 16:08:04.852808
53621,0.7614,76.14,Medium,1,2026-09-09 16:08:04.852808
53622,0.1899,18.99,Low,0,2026-09-09 16:08:04.852808
53623,0.4218,42.18,Low,0,2026-09-09 16:08:04.852808
53624,0.1308,13.08,Low,0,2026-09-09 16:08:04.852808
53625,0.3671,36.71,Low,0,2026-09-09 16:08:04.852808
53626,0.4928,49.28,Low,0,2026-09-09 16:08:04.852808
53627,0.1741,17.41,Low,0,2026-09-09 16:08:04.852808
53628,0.1195,11.95,Low,0,2026-09-09 16:08:04.852808
53629,0.1163,11.63,Low,0,2026-09-09 16:08:04.852808
53630,0.224,22.4,Low,0,2026-09-09 16:08:04.852808
53631,0.1659,16.59,Low,0,2026-09-09 16:08:04.852808
53632,0.2902,29.02,Low,0,2026-09-09 16:08:04.852808
53633,0.4411,44.11,Low,0,2026-09-09 16:08:04.852808
53634,0.7152,71.52,Medium,1,2026-09-09 16:08:04.852808
53635,0.7738,77.38,Medium,1,2026-09-09 16:08:04.852808
53636,0.241,24.1,Low,0,2026-09-09 16:08:04.852808
53637,0.0346,3.46,Low,0,2026-09-09 16:08:04.852808
53638,0.2766,27.66,Low,0,2026-09-09 16:08:04.852808
53639,0.2053,20.53,Low,0,2026-09-09 16:08:04.852808
53640,0.2878,28.78,Low,0,2026-09-09 16:08:04.852808
53641,0.7113,71.13,Medium,1,2026-09-09 16:08:04.852808
53642,0.1068,10.68,Low,0,2026-09-09 16:08:04.852808
53643,0.3008,30.08,Low,0,2026-09-09 16:08:04.852808
53644,0.7892,78.92,Medium,1,2026-09-09 16:08:04.852808
53645,0.0903,9.03,Low,0,2026-09-09 16:08:04.852808
53646,0.2854,28.54,Low,0,2026-09-09 16:08:04.852808
53647,0.1549,15.49,Low,0,2026-09-09 16:08:04.852808
53648,0.4116,41.16,Low,0,2026-09-09 16:08:04.852808
53649,0.5909,59.09,Medium,1,2026-09-09 16:08:04.852808
53650,0.0568,5.68,Low,0,2026-09-09 16:08:04.852808
53651,0.0828,8.28,Low,0,2026-09-09 16:08:04.852808
53652,0.4372,43.72,Low,0,2026-09-09 16:08:04.852808
53653,0.0506,5.06,Low,0,2026-09-09 16:08:04.852808
53654,0.5698,56.98,Medium,1,2026-09-09 16:08:04.852808
53655,0.565,56.5,Medium,1,2026-09-09 16:08:04.852808
53656,0.3024,30.24,Low,0,2026-09-09 16:08:04.852808
53657,0.588,58.8,Medium,1,2026-09-09 16:08:04.852808
53658,0.48,48.0,Low,0,2026-09-09 16:08:04.852808
53659,0.159,15.9,Low,0,2026-09-09 16:08:04.852808
53660,0.0937,9.37,Low,0,2026-09-09 16:08:04.852808
53661,0.2046,20.46,Low,0,2026-09-09 16:08:04.852808
53662,0.4881,48.81,Low,0,2026-09-09 16:08:04.852808
53663,0.196,19.6,Low,0,2026-09-09 16:08:04.852808
53664,0.1586,15.86,Low,0,2026-09-09 16:08:04.852808
53665,0.3022,30.22,Low,0,2026-09-09 16:08:04.852808
53666,0.5031,50.31,Medium,1,2026-09-09 16:08:04.852808
53667,0.0561,5.61,Low,0,2026-09-09 16:08:04.852808
53668,0.296,29.6,Low,0,2026-09-09 16:08:04.852808
53669,0.2326,23.26,Low,0,2026-09-09 16:08:04.852808
53670,0.3028,30.28,Low,0,2026-09-09 16:08:04.852808
53671,0.3699,36.99,Low,0,2026-09-09 16:08:04.852808
53672,0.4815,48.15,Low,0,2026-09-09 16:08:04.852808
53673,0.1166,11.66,Low,0,2026-09-09 16:08:04.852808
53674,0.5325,53.25,Medium,1,2026-09-09 16:08:04.852808
53675,0.827,82.7,High,1,2026-09-09 16:08:04.852808
53676,0.2784,27.84,Low,0,2026-09-09 16:08:04.852808
53677,0.1683,16.83,Low,0,2026-09-09 16:08:04.852808
53678,0.5992,59.92,Medium,1,2026-09-09 16:08:04.852808
53679,0.2297,22.97,Low,0,2026-09-09 16:08:04.852808
53680,0.6201,62.01,Medium,1,2026-09-09 16:08:04.852808
53681,0.0913,9.13,Low,0,2026-09-09 16:08:04.852808
53682,0.156,15.6,Low,0,2026-09-09 16:08:04.852808
53683,0.1135,11.35,Low,0,2026-09-09 16:08:04.852808
53684,0.3778,37.78,Low,0,2026-09-09 16:08:04.852808
53685,0.7918,79.18,Medium,1,2026-09-09 16:08:04.852808
53686,0.403,40.3,Low,0,2026-09-09 16:08:04.852808
53687,0.7831,78.31,Medium,1,2026-09-09 16:08:04.852808
53688,0.6411,64.11,Medium,1,2026-09-09 16:08:04.852808
53689,0.4757,47.57,Low,0,2026-09-09 16:08:04.852808
53690,0.415,41.5,Low,0,2026-09-09 16:08:04.852808
53691,0.0613,6.13,Low,0,2026-09-09 16:08:04.852808
53692,0.3092,30.92,Low,0,2026-09-09 16:08:04.852808
53693,0.0605,6.05,Low,0,2026-09-09 16:08:04.852808
53694,0.2086,20.86,Low,0,2026-09-09 16:08:04.852808
53695,0.2799,27.99,Low,0,2026-09-09 16:08:04.852808
53696,0.9014,90.14,High,1,2026-09-09 16:08:04.852808
53697,0.1539,15.39,Low,0,2026-09-09 16:08:04.852808
53698,0.1039,10.39,Low,0,2026-09-09 16:08:04.852808
53699,0.0594,5.94,Low,0,2026-09-09 16:08:04.852808
53700,0.788,78.8,Medium,1,2026-09-09 16:08:04.852808
53701,0.7048,70.48,Medium,1,2026-09-09 16:08:04.852808
53702,0.2642,26.42,Low,0,2026-09-09 16:08:04.852808
53703,0.2745,27.45,Low,0,2026-09-09 16:08:04.852808
53704,0.1121,11.21,Low,0,2026-09-09 16:08:04.852808
53705,0.0478,4.78,Low,0,2026-09-09 16:08:04.852808
53706,0.2161,21.61,Low,0,2026-09-09 16:08:04.852808
53707,0.233,23.3,Low,0,2026-09-09 16:08:04.852808
53708,0.2219,22.19,Low,0,2026-09-09 16:08:04.852808
53709,0.4159,41.59,Low,0,2026-09-09 16:08:04.852808
53710,0.1217,12.17,Low,0,2026-09-09 16:08:04.852808
53711,0.8984,89.84,High,1,2026-09-09 16:08:04.852808
53712,0.8423,84.23,High,1,2026-09-09 16:08:04.852808
53713,0.434,43.4,Low,0,2026-09-09 16:08:04.852808
53714,0.5444,54.44,Medium,1,2026-09-09 16:08:04.852808
53715,0.0618,6.18,Low,0,2026-09-09 16:08:04.852808
53716,0.7444,74.44,Medium,1,2026-09-09 16:08:04.852808
53717,0.3157,31.57,Low,0,2026-09-09 16:08:04.852808
53718,0.5546,55.46,Medium,1,2026-09-09 16:08:04.852808
53719,0.229,22.9,Low,0,2026-09-09 16:08:04.852808
53720,0.2615,26.15,Low,0,2026-09-09 16:08:04.852808
53721,0.1712,17.12,Low,0,2026-09-09 16:08:04.852808
53722,0.1015,10.15,Low,0,2026-09-09 16:08:04.852808
53723,0.1346,13.46,Low,0,2026-09-09 16:08:04.852808
53724,0.8268,82.68,High,1,2026-09-09 16:08:04.852808
53725,0.0982,9.82,Low,0,2026-09-09 16:08:04.852808
53726,0.1793,17.93,Low,0,2026-09-09 16:08:04.852808
53727,0.3315,33.15,Low,0,2026-09-09 16:08:04.852808
53728,0.3413,34.13,Low,0,2026-09-09 16:08:04.852808
53729,0.2627,26.27,Low,0,2026-09-09 16:08:04.852808
53730,0.3586,35.86,Low,0,2026-09-09 16:08:04.852808
53731,0.1681,16.81,Low,0,2026-09-09 16:08:04.852808
53732,0.0152,1.52,Low,0,2026-09-09 16:08:04.852808
53733,0.1911,19.11,Low,0,2026-09-09 16:08:04.852808
53734,0.1774,17.74,Low,0,2026-09-09 16:08:04.852808
53735,0.2774,27.74,Low,0,2026-09-09 16:08:04.852808
53736,0.3417,34.17,Low,0,2026-09-09 16:08:04.852808
53737,0.2041,20.41,Low,0,2026-09-09 16:08:04.852808
53738,0.0347,3.47,Low,0,2026-09-09 16:08:04.852808
53739,0.0694,6.94,Low,0,2026-09-09 16:08:04.852808
53740,0.2106,21.06,Low,0,2026-09-09 16:08:04.852808
53741,0.157,15.7,Low,0,2026-09-09 16:08:04.852808
53742,0.0541,5.41,Low,0,2026-09-09 16:08:04.852808
53743,0.3435,34.35,Low,0,2026-09-09 16:08:04.852808
53744,0.493,49.3,Low,0,2026-09-09 16:08:04.852808
53745,0.2243,22.43,Low,0,2026-09-09 16:08:04.852808
53746,0.4087,40.87,Low,0,2026-09-09 16:08:04.852808
53747,0.4747,47.47,Low,0,2026-09-09 16:08:04.852808
53748,0.2946,29.46,Low,0,2026-09-09 16:08:04.852808
53749,0.2657,26.57,Low,0,2026-09-09 16:08:04.852808
53750,0.0733,7.33,Low,0,2026-09-09 16:08:04.852808
53751,0.1633,16.33,Low,0,2026-09-09 16:08:04.852808
53752,0.1057,10.57,Low,0,2026-09-09 16:08:04.852808
53753,0.3869,38.69,Low,0,2026-09-09 16:08:04.852808
53754,0.1505,15.05,Low,0,2026-09-09 16:08:04.852808
53755,0.1969,19.69,Low,0,2026-09-09 16:08:04.852808
53756,0.1905,19.05,Low,0,2026-09-09 16:08:04.852808
53757,0.2209,22.09,Low,0,2026-09-09 16:08:04.852808
53758,0.2925,29.25,Low,0,2026-09-09 16:08:04.852808
53759,0.5305,53.05,Medium,1,2026-09-09 16:08:04.852808
53760,0.0418,4.18,Low,0,2026-09-09 16:08:04.852808
53761,0.9321,93.21,High,1,2026-09-09 16:08:04.852808
53762,0.0575,5.75,Low,0,2026-09-09 16:08:04.852808
53763,0.2482,24.82,Low,0,2026-09-09 16:08:04.852808
53764,0.312,31.2,Low,0,2026-09-09 16:08:04.852808
53765,0.2566,25.66,Low,0,2026-09-09 16:08:04.852808
53766,0.568,56.8,Medium,1,2026-09-09 16:08:04.852808
53767,0.2064,20.64,Low,0,2026-09-09 16:08:04.852808
53768,0.4199,41.99,Low,0,2026-09-09 16:08:04.852808
53769,0.337,33.7,Low,0,2026-09-09 16:08:04.852808
53770,0.8251,82.51,High,1,2026-09-09 16:08:04.852808
53771,0.4399,43.99,Low,0,2026-09-09 16:08:04.852808
53772,0.1639,16.39,Low,0,2026-09-09 16:08:04.852808
53773,0.2882,28.82,Low,0,2026-09-09 16:08:04.852808
53774,0.2513,25.13,Low,0,2026-09-09 16:08:04.852808
53775,0.5173,51.73,Medium,1,2026-09-09 16:08:04.852808
53776,0.1972,19.72,Low,0,2026-09-09 16:08:04.852808
53777,0.0822,8.22,Low,0,2026-09-09 16:08:04.852808
53778,0.4189,41.89,Low,0,2026-09-09 16:08:04.852808
53779,0.1425,14.25,Low,0,2026-09-09 16:08:04.852808
53780,0.0519,5.19,Low,0,2026-09-09 16:08:04.852808
53781,0.5492,54.92,Medium,1,2026-09-09 16:08:04.852808
53782,0.3381,33.81,Low,0,2026-09-09 16:08:04.852808
53783,0.6977,69.77,Medium,1,2026-09-09 16:08:04.852808
53784,0.2194,21.94,Low,0,2026-09-09 16:08:04.852808
53785,0.2418,24.18,Low,0,2026-09-09 16:08:04.852808
53786,0.747,74.7,Medium,1,2026-09-09 16:08:04.852808
53787,0.3546,35.46,Low,0,2026-09-09 16:08:04.852808
53788,0.4063,40.63,Low,0,2026-09-09 16:08:04.852808
53789,0.2579,25.79,Low,0,2026-09-09 16:08:04.852808
53790,0.0524,5.24,Low,0,2026-09-09 16:08:04.852808
53791,0.6952,69.52,Medium,1,2026-09-09 16:08:04.852808
53792,0.22,22.0,Low,0,2026-09-09 16:08:04.852808
53793,0.2708,27.08,Low,0,2026-09-09 16:08:04.852808
53794,0.1893,18.93,Low,0,2026-09-09 16:08:04.852808
53795,0.273,27.3,Low,0,2026-09-09 16:08:04.852808
53796,0.1618,16.18,Low,0,2026-09-09 16:08:04.852808
53797,0.3354,33.54,Low,0,2026-09-09 16:08:04.852808
53798,0.2044,20.44,Low,0,2026-09-09 16:08:04.852808
53799,0.287,28.7,Low,0,2026-09-09 16:08:04.852808
53800,0.3008,30.08,Low,0,2026-09-09 16:08:04.852808
53801,0.2573,25.73,Low,0,2026-09-09 16:08:04.852808
53802,0.1856,18.56,Low,0,2026-09-09 16:08:04.852808
53803,0.0436,4.36,Low,0,2026-09-09 16:08:04.852808
53804,0.0404,4.04,Low,0,2026-09-09 16:08:04.852808
53805,0.1718,17.18,Low,0,2026-09-09 16:08:04.852808
53806,0.0889,8.89,Low,0,2026-09-09 16:08:04.852808
53807,0.1277,12.77,Low,0,2026-09-09 16:08:04.852808
53808,0.4185,41.85,Low,0,2026-09-09 16:08:04.852808
53809,0.2676,26.76,Low,0,2026-09-09 16:08:04.852808
53810,0.3392,33.92,Low,0,2026-09-09 16:08:04.852808
53811,0.1836,18.36,Low,0,2026-09-09 16:08:04.852808
53812,0.2905,29.05,Low,0,2026-09-09 16:08:04.852808
53813,0.3989,39.89,Low,0,2026-09-09 16:08:04.852808
53814,0.175,17.5,Low,0,2026-09-09 16:08:04.852808
53815,0.2645,26.45,Low,0,2026-09-09 16:08:04.852808
53816,0.3432,34.32,Low,0,2026-09-09 16:08:04.852808
53817,0.4224,42.24,Low,0,2026-09-09 16:08:04.852808
53818,0.1801,18.01,Low,0,2026-09-09 16:08:04.852808
53819,0.4309,43.09,Low,0,2026-09-09 16:08:04.852808
53820,0.2202,22.02,Low,0,2026-09-09 16:08:04.852808
53821,0.2023,20.23,Low,0,2026-09-09 16:08:04.852808
53822,0.2892,28.92,Low,0,2026-09-09 16:08:04.852808
53823,0.6725,67.25,Medium,1,2026-09-09 16:08:04.852808
53824,0.303,30.3,Low,0,2026-09-09 16:08:04.852808
53825,0.3674,36.74,Low,0,2026-09-09 16:08:04.852808
53826,0.4409,44.09,Low,0,2026-09-09 16:08:04.852808
53827,0.5217,52.17,Medium,1,2026-09-09 16:08:04.852808
53828,0.274,27.4,Low,0,2026-09-09 16:08:04.852808
53829,0.0773,7.73,Low,0,2026-09-09 16:08:04.852808
53830,0.1924,19.24,Low,0,2026-09-09 16:08:04.852808
53831,0.1534,15.34,Low,0,2026-09-09 16:08:04.852808
53832,0.2936,29.36,Low,0,2026-09-09 16:08:04.852808
53833,0.1688,16.88,Low,0,2026-09-09 16:08:04.852808
53834,0.2676,26.76,Low,0,2026-09-09 16:08:04.852808
53835,0.2758,27.58,Low,0,2026-09-09 16:08:04.852808
53836,0.3707,37.07,Low,0,2026-09-09 16:08:04.852808
53837,0.1182,11.82,Low,0,2026-09-09 16:08:04.852808
53838,0.3185,31.85,Low,0,2026-09-09 16:08:04.852808
53839,0.1167,11.67,Low,0,2026-09-09 16:08:04.852808
53840,0.1371,13.71,Low,0,2026-09-09 16:08:04.852808
53841,0.839,83.9,High,1,2026-09-09 16:08:04.852808
53842,0.8472,84.72,High,1,2026-09-09 16:08:04.852808
53843,0.484,48.4,Low,0,2026-09-09 16:08:04.852808
53844,0.7614,76.14,Medium,1,2026-09-09 16:08:04.852808
53845,0.8087,80.87,High,1,2026-09-09 16:08:04.852808
53846,0.1135,11.35,Low,0,2026-09-09 16:08:04.852808
53847,0.0477,4.77,Low,0,2026-09-09 16:08:04.852808
53848,0.8215,82.15,High,1,2026-09-09 16:08:04.852808
53849,0.1249,12.49,Low,0,2026-09-09 16:08:04.852808
53850,0.2739,27.39,Low,0,2026-09-09 16:08:04.852808
53851,0.2419,24.19,Low,0,2026-09-09 16:08:04.852808
53852,0.3348,33.48,Low,0,2026-09-09 16:08:04.852808
53853,0.6943,69.43,Medium,1,2026-09-09 16:08:04.852808
53854,0.1315,13.15,Low,0,2026-09-09 16:08:04.852808
53855,0.2292,22.92,Low,0,2026-09-09 16:08:04.852808
53856,0.2005,20.05,Low,0,2026-09-09 16:08:04.852808
53857,0.8219,82.19,High,1,2026-09-09 16:08:04.852808
53858,0.3309,33.09,Low,0,2026-09-09 16:08:04.852808
53859,0.4316,43.16,Low,0,2026-09-09 16:08:04.852808
53860,0.0711,7.11,Low,0,2026-09-09 16:08:04.852808
53861,0.1173,11.73,Low,0,2026-09-09 16:08:04.852808
53862,0.1451,14.51,Low,0,2026-09-09 16:08:04.852808
53863,0.454,45.4,Low,0,2026-09-09 16:08:04.852808
53864,0.5365,53.65,Medium,1,2026-09-09 16:08:04.852808
53865,0.7071,70.71,Medium,1,2026-09-09 16:08:04.852808
53866,0.2118,21.18,Low,0,2026-09-09 16:08:04.852808
53867,0.3271,32.71,Low,0,2026-09-09 16:08:04.852808
53868,0.3675,36.75,Low,0,2026-09-09 16:08:04.852808
53869,0.2293,22.93,Low,0,2026-09-09 16:08:04.852808
53870,0.2489,24.89,Low,0,2026-09-09 16:08:04.852808
53871,0.8068,80.68,High,1,2026-09-09 16:08:04.852808
53872,0.3179,31.79,Low,0,2026-09-09 16:08:04.852808
53873,0.5786,57.86,Medium,1,2026-09-09 16:08:04.852808
53874,0.1178,11.78,Low,0,2026-09-09 16:08:04.852808
53875,0.425,42.5,Low,0,2026-09-09 16:08:04.852808
53876,0.2559,25.59,Low,0,2026-09-09 16:08:04.852808
53877,0.1944,19.44,Low,0,2026-09-09 16:08:04.852808
53878,0.0322,3.22,Low,0,2026-09-09 16:08:04.852808
53879,0.2018,20.18,Low,0,2026-09-09 16:08:04.852808
53880,0.4268,42.68,Low,0,2026-09-09 16:08:04.852808
53881,0.9244,92.44,High,1,2026-09-09 16:08:04.852808
53882,0.3519,35.19,Low,0,2026-09-09 16:08:04.852808
53883,0.1676,16.76,Low,0,2026-09-09 16:08:04.852808
53884,0.1614,16.14,Low,0,2026-09-09 16:08:04.852808
53885,0.2271,22.71,Low,0,2026-09-09 16:08:04.852808
53886,0.0746,7.46,Low,0,2026-09-09 16:08:04.852808
53887,0.0579,5.79,Low,0,2026-09-09 16:08:04.852808
53888,0.1815,18.15,Low,0,2026-09-09 16:08:04.852808
53889,0.1344,13.44,Low,0,2026-09-09 16:08:04.852808
53890,0.4018,40.18,Low,0,2026-09-09 16:08:04.852808
53891,0.2524,25.24,Low,0,2026-09-09 16:08:04.852808
53892,0.635,63.5,Medium,1,2026-09-09 16:08:04.852808
53893,0.1687,16.87,Low,0,2026-09-09 16:08:04.852808
53894,0.3608,36.08,Low,0,2026-09-09 16:08:04.852808
53895,0.6697,66.97,Medium,1,2026-09-09 16:08:04.852808
53896,0.0472,4.72,Low,0,2026-09-09 16:08:04.852808
53897,0.3402,34.02,Low,0,2026-09-09 16:08:04.852808
53898,0.1188,11.88,Low,0,2026-09-09 16:08:04.852808
53899,0.5514,55.14,Medium,1,2026-09-09 16:08:04.852808
53900,0.0841,8.41,Low,0,2026-09-09 16:08:04.852808
53901,0.1123,11.23,Low,0,2026-09-09 16:08:04.852808
53902,0.209,20.9,Low,0,2026-09-09 16:08:04.852808
53903,0.0867,8.67,Low,0,2026-09-09 16:08:04.852808
53904,0.4515,45.15,Low,0,2026-09-09 16:08:04.852808
53905,0.1651,16.51,Low,0,2026-09-09 16:08:04.852808
53906,0.3292,32.92,Low,0,2026-09-09 16:08:04.852808
53907,0.1189,11.89,Low,0,2026-09-09 16:08:04.852808
53908,0.2474,24.74,Low,0,2026-09-09 16:08:04.852808
53909,0.334,33.4,Low,0,2026-09-09 16:08:04.852808
53910,0.1418,14.18,Low,0,2026-09-09 16:08:04.852808
53911,0.3598,35.98,Low,0,2026-09-09 16:08:04.852808
53912,0.2919,29.19,Low,0,2026-09-09 16:08:04.852808
53913,0.35,35.0,Low,0,2026-09-09 16:08:04.852808
53914,0.0709,7.09,Low,0,2026-09-09 16:08:04.852808
53915,0.1388,13.88,Low,0,2026-09-09 16:08:04.852808
53916,0.4289,42.89,Low,0,2026-09-09 16:08:04.852808
53917,0.3381,33.81,Low,0,2026-09-09 16:08:04.852808
53918,0.4394,43.94,Low,0,2026-09-09 16:08:04.852808
53919,0.1077,10.77,Low,0,2026-09-09 16:08:04.852808
53920,0.148,14.8,Low,0,2026-09-09 16:08:04.852808
53921,0.2695,26.95,Low,0,2026-09-09 16:08:04.852808
53922,0.2839,28.39,Low,0,2026-09-09 16:08:04.852808
53923,0.0781,7.81,Low,0,2026-09-09 16:08:04.852808
53924,0.2401,24.01,Low,0,2026-09-09 16:08:04.852808
53925,0.0814,8.14,Low,0,2026-09-09 16:08:04.852808
53926,0.8583,85.83,High,1,2026-09-09 16:08:04.852808
53927,0.4871,48.71,Low,0,2026-09-09 16:08:04.852808
53928,0.1277,12.77,Low,0,2026-09-09 16:08:04.852808
53929,0.199,19.9,Low,0,2026-09-09 16:08:04.852808
53930,0.8683,86.83,High,1,2026-09-09 16:08:04.852808
53931,0.0537,5.37,Low,0,2026-09-09 16:08:04.852808
53932,0.1748,17.48,Low,0,2026-09-09 16:08:04.852808
53933,0.1289,12.89,Low,0,2026-09-09 16:08:04.852808
53934,0.2998,29.98,Low,0,2026-09-09 16:08:04.852808
53935,0.2615,26.15,Low,0,2026-09-09 16:08:04.852808
53936,0.2311,23.11,Low,0,2026-09-09 16:08:04.852808
53937,0.8784,87.84,High,1,2026-09-09 16:08:04.852808
53938,0.3004,30.04,Low,0,2026-09-09 16:08:04.852808
53939,0.3231,32.31,Low,0,2026-09-09 16:08:04.852808
53940,0.4798,47.98,Low,0,2026-09-09 16:08:04.852808
53941,0.2287,22.87,Low,0,2026-09-09 16:08:04.852808
53942,0.0713,7.13,Low,0,2026-09-09 16:08:04.852808
53943,0.5405,54.05,Medium,1,2026-09-09 16:08:04.852808
53944,0.183,18.3,Low,0,2026-09-09 16:08:04.852808
53945,0.2417,24.17,Low,0,2026-09-09 16:08:04.852808
53946,0.1776,17.76,Low,0,2026-09-09 16:08:04.852808
53947,0.4118,41.18,Low,0,2026-09-09 16:08:04.852808
53948,0.5562,55.62,Medium,1,2026-09-09 16:08:04.852808
53949,0.2366,23.66,Low,0,2026-09-09 16:08:04.852808
53950,0.2901,29.01,Low,0,2026-09-09 16:08:04.852808
53951,0.8768,87.68,High,1,2026-09-09 16:08:04.852808
53952,0.0485,4.85,Low,0,2026-09-09 16:08:04.852808
53953,0.2206,22.06,Low,0,2026-09-09 16:08:04.852808
53954,0.3995,39.95,Low,0,2026-09-09 16:08:04.852808
53955,0.2063,20.63,Low,0,2026-09-09 16:08:04.852808
53956,0.0913,9.13,Low,0,2026-09-09 16:08:04.852808
53957,0.1941,19.41,Low,0,2026-09-09 16:08:04.852808
53958,0.2014,20.14,Low,0,2026-09-09 16:08:04.852808
53959,0.2174,21.74,Low,0,2026-09-09 16:08:04.852808
53960,0.8583,85.83,High,1,2026-09-09 16:08:04.852808
53961,0.1429,14.29,Low,0,2026-09-09 16:08:04.852808
53962,0.6134,61.34,Medium,1,2026-09-09 16:08:04.852808
53963,0.8063,80.63,High,1,2026-09-09 16:08:04.852808
53964,0.4119,41.19,Low,0,2026-09-09 16:08:04.852808
53965,0.3887,38.87,Low,0,2026-09-09 16:08:04.852808
53966,0.131,13.1,Low,0,2026-09-09 16:08:04.852808
53967,0.8495,84.95,High,1,2026-09-09 16:08:04.852808
53968,0.2357,23.57,Low,0,2026-09-09 16:08:04.852808
53969,0.2096,20.96,Low,0,2026-09-09 16:08:04.852808
53970,0.2723,27.23,Low,0,2026-09-09 16:08:04.852808
53971,0.1094,10.94,Low,0,2026-09-09 16:08:04.852808
53972,0.3559,35.59,Low,0,2026-09-09 16:08:04.852808
53973,0.8567,85.67,High,1,2026-09-09 16:08:04.852808
53974,0.1624,16.24,Low,0,2026-09-09 16:08:04.852808
53975,0.4025,40.25,Low,0,2026-09-09 16:08:04.852808
53976,0.2347,23.47,Low,0,2026-09-09 16:08:04.852808
53977,0.2582,25.82,Low,0,2026-09-09 16:08:04.852808
53978,0.3496,34.96,Low,0,2026-09-09 16:08:04.852808
53979,0.3193,31.93,Low,0,2026-09-09 16:08:04.852808
53980,0.8317,83.17,High,1,2026-09-09 16:08:04.852808
53981,0.331,33.1,Low,0,2026-09-09 16:08:04.852808
53982,0.1206,12.06,Low,0,2026-09-09 16:08:04.852808
53983,0.3538,35.38,Low,0,2026-09-09 16:08:04.852808
53984,0.566,56.6,Medium,1,2026-09-09 16:08:04.852808
53985,0.0497,4.97,Low,0,2026-09-09 16:08:04.852808
53986,0.1205,12.05,Low,0,2026-09-09 16:08:04.852808
53987,0.803,80.3,High,1,2026-09-09 16:08:04.852808
53988,0.3136,31.36,Low,0,2026-09-09 16:08:04.852808
53989,0.3655,36.55,Low,0,2026-09-09 16:08:04.852808
53990,0.0941,9.41,Low,0,2026-09-09 16:08:04.852808
53991,0.6649,66.49,Medium,1,2026-09-09 16:08:04.852808
53992,0.6314,63.14,Medium,1,2026-09-09 16:08:04.852808
53993,0.7556,75.56,Medium,1,2026-09-09 16:08:04.852808
53994,0.4475,44.75,Low,0,2026-09-09 16:08:04.852808
53995,0.1777,17.77,Low,0,2026-09-09 16:08:04.852808
53996,0.2807,28.07,Low,0,2026-09-09 16:08:04.852808
53997,0.2491,24.91,Low,0,2026-09-09 16:08:04.852808
53998,0.9261,92.61,High,1,2026-09-09 16:08:04.852808
53999,0.7627,76.27,Medium,1,2026-09-09 16:08:04.852808
54000,0.2343,23.43,Low,0,2026-09-09 16:08:04.852808
54001,0.1661,16.61,Low,0,2026-09-09 16:08:04.852808
54002,0.7596,75.96,Medium,1,2026-09-09 16:08:04.852808
54003,0.3323,33.23,Low,0,2026-09-09 16:08:04.852808
54004,0.594,59.4,Medium,1,2026-09-09 16:08:04.852808
54005,0.1548,15.48,Low,0,2026-09-09 16:08:04.852808
54006,0.4896,48.96,Low,0,2026-09-09 16:08:04.852808
54007,0.6353,63.53,Medium,1,2026-09-09 16:08:04.852808
54008,0.7356,73.56,Medium,1,2026-09-09 16:08:04.852808
54009,0.1346,13.46,Low,0,2026-09-09 16:08:04.852808
54010,0.8439,84.39,High,1,2026-09-09 16:08:04.852808
54011,0.168,16.8,Low,0,2026-09-09 16:08:04.852808
54012,0.6243,62.43,Medium,1,2026-09-09 16:08:04.852808
54013,0.1477,14.77,Low,0,2026-09-09 16:08:04.852808
54014,0.2324,23.24,Low,0,2026-09-09 16:08:04.852808
54015,0.2885,28.85,Low,0,2026-09-09 16:08:04.852808
54016,0.8407,84.07,High,1,2026-09-09 16:08:04.852808
54017,0.0991,9.91,Low,0,2026-09-09 16:08:04.852808
54018,0.186,18.6,Low,0,2026-09-09 16:08:04.852808
54019,0.2413,24.13,Low,0,2026-09-09 16:08:04.852808
54020,0.2375,23.75,Low,0,2026-09-09 16:08:04.852808
54021,0.5495,54.95,Medium,1,2026-09-09 16:08:04.852808
54022,0.6482,64.82,Medium,1,2026-09-09 16:08:04.852808
54023,0.1443,14.43,Low,0,2026-09-09 16:08:04.852808
54024,0.1808,18.08,Low,0,2026-09-09 16:08:04.852808
54025,0.627,62.7,Medium,1,2026-09-09 16:08:04.852808
54026,0.0535,5.35,Low,0,2026-09-09 16:08:04.852808
54027,0.2192,21.92,Low,0,2026-09-09 16:08:04.852808
54028,0.5935,59.35,Medium,1,2026-09-09 16:08:04.852808
54029,0.0725,7.25,Low,0,2026-09-09 16:08:04.852808
54030,0.3776,37.76,Low,0,2026-09-09 16:08:04.852808
54031,0.1182,11.82,Low,0,2026-09-09 16:08:04.852808
54032,0.3426,34.26,Low,0,2026-09-09 16:08:04.852808
54033,0.1821,18.21,Low,0,2026-09-09 16:08:04.852808
54034,0.0582,5.82,Low,0,2026-09-09 16:08:04.852808
54035,0.2059,20.59,Low,0,2026-09-09 16:08:04.852808
54036,0.1043,10.43,Low,0,2026-09-09 16:08:04.852808
54037,0.0817,8.17,Low,0,2026-09-09 16:08:04.852808
54038,0.0747,7.47,Low,0,2026-09-09 16:08:04.852808
54039,0.8021,80.21,High,1,2026-09-09 16:08:04.852808
54040,0.1727,17.27,Low,0,2026-09-09 16:08:04.852808
54041,0.6375,63.75,Medium,1,2026-09-09 16:08:04.852808
54042,0.2323,23.23,Low,0,2026-09-09 16:08:04.852808
54043,0.811,81.1,High,1,2026-09-09 16:08:04.852808
54044,0.0964,9.64,Low,0,2026-09-09 16:08:04.852808
54045,0.5377,53.77,Medium,1,2026-09-09 16:08:04.852808
54046,0.3555,35.55,Low,0,2026-09-09 16:08:04.852808
54047,0.2753,27.53,Low,0,2026-09-09 16:08:04.852808
54048,0.2494,24.94,Low,0,2026-09-09 16:08:04.852808
54049,0.0718,7.18,Low,0,2026-09-09 16:08:04.852808
54050,0.2952,29.52,Low,0,2026-09-09 16:08:04.852808
54051,0.0892,8.92,Low,0,2026-09-09 16:08:04.852808
54052,0.1515,15.15,Low,0,2026-09-09 16:08:04.852808
54053,0.6706,67.06,Medium,1,2026-09-09 16:08:04.852808
54054,0.7352,73.52,Medium,1,2026-09-09 16:08:04.852808
54055,0.1407,14.07,Low,0,2026-09-09 16:08:04.852808
54056,0.3745,37.45,Low,0,2026-09-09 16:08:04.852808
54057,0.116,11.6,Low,0,2026-09-09 16:08:04.852808
54058,0.6965,69.65,Medium,1,2026-09-09 16:08:04.852808
54059,0.2749,27.49,Low,0,2026-09-09 16:08:04.852808
54060,0.0502,5.02,Low,0,2026-09-09 16:08:04.852808
54061,0.1531,15.31,Low,0,2026-09-09 16:08:04.852808
54062,0.2604,26.04,Low,0,2026-09-09 16:08:04.852808
54063,0.0956,9.56,Low,0,2026-09-09 16:08:04.852808
54064,0.9261,92.61,High,1,2026-09-09 16:08:04.852808
54065,0.0338,3.38,Low,0,2026-09-09 16:08:04.852808
54066,0.6135,61.35,Medium,1,2026-09-09 16:08:04.852808
54067,0.7332,73.32,Medium,1,2026-09-09 16:08:04.852808
54068,0.099,9.9,Low,0,2026-09-09 16:08:04.852808
54069,0.7977,79.77,Medium,1,2026-09-09 16:08:04.852808
54070,0.8505,85.05,High,1,2026-09-09 16:08:04.852808
54071,0.4363,43.63,Low,0,2026-09-09 16:08:04.852808
54072,0.8988,89.88,High,1,2026-09-09 16:08:04.852808
54073,0.2252,22.52,Low,0,2026-09-09 16:08:04.852808
54074,0.7886,78.86,Medium,1,2026-09-09 16:08:04.852808
54075,0.4572,45.72,Low,0,2026-09-09 16:08:04.852808
54076,0.2185,21.85,Low,0,2026-09-09 16:08:04.852808
54077,0.9522,95.22,High,1,2026-09-09 16:08:04.852808
54078,0.1698,16.98,Low,0,2026-09-09 16:08:04.852808
54079,0.0988,9.88,Low,0,2026-09-09 16:08:04.852808
54080,0.3778,37.78,Low,0,2026-09-09 16:08:04.852808
54081,0.2704,27.04,Low,0,2026-09-09 16:08:04.852808
54082,0.3763,37.63,Low,0,2026-09-09 16:08:04.852808
54083,0.2615,26.15,Low,0,2026-09-09 16:08:04.852808
54084,0.0975,9.75,Low,0,2026-09-09 16:08:04.852808
54085,0.1813,18.13,Low,0,2026-09-09 16:08:04.852808
54086,0.1978,19.78,Low,0,2026-09-09 16:08:04.852808
54087,0.6152,61.52,Medium,1,2026-09-09 16:08:04.852808
54088,0.6501,65.01,Medium,1,2026-09-09 16:08:04.852808
54089,0.0775,7.75,Low,0,2026-09-09 16:08:04.852808
54090,0.3066,30.66,Low,0,2026-09-09 16:08:04.852808
54091,0.2166,21.66,Low,0,2026-09-09 16:08:04.852808
54092,0.3596,35.96,Low,0,2026-09-09 16:08:04.852808
54093,0.288,28.8,Low,0,2026-09-09 16:08:04.852808
54094,0.1373,13.73,Low,0,2026-09-09 16:08:04.852808
54095,0.1809,18.09,Low,0,2026-09-09 16:08:04.852808
54096,0.5493,54.93,Medium,1,2026-09-09 16:08:04.852808
54097,0.2023,20.23,Low,0,2026-09-09 16:08:04.852808
54098,0.344,34.4,Low,0,2026-09-09 16:08:04.852808
54099,0.1445,14.45,Low,0,2026-09-09 16:08:04.852808
54100,0.1859,18.59,Low,0,2026-09-09 16:08:04.852808
54101,0.2318,23.18,Low,0,2026-09-09 16:08:04.852808
54102,0.2911,29.11,Low,0,2026-09-09 16:08:04.852808
54103,0.334,33.4,Low,0,2026-09-09 16:08:04.852808
54104,0.2417,24.17,Low,0,2026-09-09 16:08:04.852808
54105,0.4485,44.85,Low,0,2026-09-09 16:08:04.852808
54106,0.1814,18.14,Low,0,2026-09-09 16:08:04.852808
54107,0.1406,14.06,Low,0,2026-09-09 16:08:04.852808
54108,0.2159,21.59,Low,0,2026-09-09 16:08:04.852808
54109,0.097,9.7,Low,0,2026-09-09 16:08:04.852808
54110,0.2247,22.47,Low,0,2026-09-09 16:08:04.852808
54111,0.3519,35.19,Low,0,2026-09-09 16:08:04.852808
54112,0.3582,35.82,Low,0,2026-09-09 16:08:04.852808
54113,0.8887,88.87,High,1,2026-09-09 16:08:04.852808
54114,0.3764,37.64,Low,0,2026-09-09 16:08:04.852808
54115,0.1866,18.66,Low,0,2026-09-09 16:08:04.852808
54116,0.4304,43.04,Low,0,2026-09-09 16:08:04.852808
54117,0.0813,8.13,Low,0,2026-09-09 16:08:04.852808
54118,0.3182,31.82,Low,0,2026-09-09 16:08:04.852808
54119,0.3966,39.66,Low,0,2026-09-09 16:08:04.852808
54120,0.1333,13.33,Low,0,2026-09-09 16:08:04.852808
54121,0.2864,28.64,Low,0,2026-09-09 16:08:04.852808
54122,0.2627,26.27,Low,0,2026-09-09 16:08:04.852808
54123,0.0424,4.24,Low,0,2026-09-09 16:08:04.852808
54124,0.4661,46.61,Low,0,2026-09-09 16:08:04.852808
54125,0.1257,12.57,Low,0,2026-09-09 16:08:04.852808
54126,0.1834,18.34,Low,0,2026-09-09 16:08:04.852808
54127,0.205,20.5,Low,0,2026-09-09 16:08:04.852808
54128,0.1238,12.38,Low,0,2026-09-09 16:08:04.852808
54129,0.3131,31.31,Low,0,2026-09-09 16:08:04.852808
54130,0.333,33.3,Low,0,2026-09-09 16:08:04.852808
54131,0.3711,37.11,Low,0,2026-09-09 16:08:04.852808
54132,0.2833,28.33,Low,0,2026-09-09 16:08:04.852808
54133,0.2046,20.46,Low,0,2026-09-09 16:08:04.852808
54134,0.3449,34.49,Low,0,2026-09-09 16:08:04.852808
54135,0.2134,21.34,Low,0,2026-09-09 16:08:04.852808
54136,0.1566,15.66,Low,0,2026-09-09 16:08:04.852808
54137,0.2629,26.29,Low,0,2026-09-09 16:08:04.852808
54138,0.4297,42.97,Low,0,2026-09-09 16:08:04.852808
54139,0.0815,8.15,Low,0,2026-09-09 16:08:04.852808
54140,0.6061,60.61,Medium,1,2026-09-09 16:08:04.852808
54141,0.8676,86.76,High,1,2026-09-09 16:08:04.852808
54142,0.5044,50.44,Medium,1,2026-09-09 16:08:04.852808
54143,0.3166,31.66,Low,0,2026-09-09 16:08:04.852808
54144,0.1911,19.11,Low,0,2026-09-09 16:08:04.852808
54145,0.7612,76.12,Medium,1,2026-09-09 16:08:04.852808
54146,0.2304,23.04,Low,0,2026-09-09 16:08:04.852808
54147,0.2907,29.07,Low,0,2026-09-09 16:08:04.852808
54148,0.3913,39.13,Low,0,2026-09-09 16:08:04.852808
54149,0.096,9.6,Low,0,2026-09-09 16:08:04.852808
54150,0.0794,7.94,Low,0,2026-09-09 16:08:04.852808
54151,0.8458,84.58,High,1,2026-09-09 16:08:04.852808
54152,0.1671,16.71,Low,0,2026-09-09 16:08:04.852808
54153,0.9278,92.78,High,1,2026-09-09 16:08:04.852808
54154,0.2801,28.01,Low,0,2026-09-09 16:08:04.852808
54155,0.3095,30.95,Low,0,2026-09-09 16:08:04.852808
54156,0.5101,51.01,Medium,1,2026-09-09 16:08:04.852808
54157,0.695,69.5,Medium,1,2026-09-09 16:08:04.852808
54158,0.14,14.0,Low,0,2026-09-09 16:08:04.852808
54159,0.207,20.7,Low,0,2026-09-09 16:08:04.852808
54160,0.3219,32.19,Low,0,2026-09-09 16:08:04.852808
54161,0.6253,62.53,Medium,1,2026-09-09 16:08:04.852808
54162,0.1795,17.95,Low,0,2026-09-09 16:08:04.852808
54163,0.1484,14.84,Low,0,2026-09-09 16:08:04.852808
54164,0.2103,21.03,Low,0,2026-09-09 16:08:04.852808
54165,0.3837,38.37,Low,0,2026-09-09 16:08:04.852808
54166,0.2439,24.39,Low,0,2026-09-09 16:08:04.852808
54167,0.5469,54.69,Medium,1,2026-09-09 16:08:04.852808
54168,0.536,53.6,Medium,1,2026-09-09 16:08:04.852808
54169,0.222,22.2,Low,0,2026-09-09 16:08:04.852808
54170,0.7507,75.07,Medium,1,2026-09-09 16:08:04.852808
54171,0.4931,49.31,Low,0,2026-09-09 16:08:04.852808
54172,0.057,5.7,Low,0,2026-09-09 16:08:04.852808
54173,0.6632,66.32,Medium,1,2026-09-09 16:08:04.852808
54174,0.171,17.1,Low,0,2026-09-09 16:08:04.852808
54175,0.108,10.8,Low,0,2026-09-09 16:08:04.852808
54176,0.1675,16.75,Low,0,2026-09-09 16:08:04.852808
54177,0.3416,34.16,Low,0,2026-09-09 16:08:04.852808
54178,0.0998,9.98,Low,0,2026-09-09 16:08:04.852808
54179,0.4179,41.79,Low,0,2026-09-09 16:08:04.852808
54180,0.7255,72.55,Medium,1,2026-09-09 16:08:04.852808
54181,0.2813,28.13,Low,0,2026-09-09 16:08:04.852808
54182,0.1678,16.78,Low,0,2026-09-09 16:08:04.852808
54183,0.2893,28.93,Low,0,2026-09-09 16:08:04.852808
54184,0.8781,87.81,High,1,2026-09-09 16:08:04.852808
54185,0.3819,38.19,Low,0,2026-09-09 16:08:04.852808
54186,0.2511,25.11,Low,0,2026-09-09 16:08:04.852808
54187,0.8027,80.27,High,1,2026-09-09 16:08:04.852808
54188,0.4098,40.98,Low,0,2026-09-09 16:08:04.852808
54189,0.1083,10.83,Low,0,2026-09-09 16:08:04.852808
54190,0.1286,12.86,Low,0,2026-09-09 16:08:04.852808
54191,0.0849,8.49,Low,0,2026-09-09 16:08:04.852808
54192,0.1027,10.27,Low,0,2026-09-09 16:08:04.852808
54193,0.4271,42.71,Low,0,2026-09-09 16:08:04.852808
54194,0.1082,10.82,Low,0,2026-09-09 16:08:04.852808
54195,0.1909,19.09,Low,0,2026-09-09 16:08:04.852808
54196,0.8909,89.09,High,1,2026-09-09 16:08:04.852808
54197,0.3192,31.92,Low,0,2026-09-09 16:08:04.852808
54198,0.2772,27.72,Low,0,2026-09-09 16:08:04.852808
54199,0.1975,19.75,Low,0,2026-09-09 16:08:04.852808
54200,0.169,16.9,Low,0,2026-09-09 16:08:04.852808
54201,0.1559,15.59,Low,0,2026-09-09 16:08:04.852808
54202,0.6902,69.02,Medium,1,2026-09-09 16:08:04.852808
54203,0.2918,29.18,Low,0,2026-09-09 16:08:04.852808
54204,0.0527,5.27,Low,0,2026-09-09 16:08:04.852808
54205,0.2767,27.67,Low,0,2026-09-09 16:08:04.852808
54206,0.2458,24.58,Low,0,2026-09-09 16:08:04.852808
54207,0.28,28.0,Low,0,2026-09-09 16:08:04.852808
54208,0.4018,40.18,Low,0,2026-09-09 16:08:04.852808
54209,0.386,38.6,Low,0,2026-09-09 16:08:04.852808
54210,0.8669,86.69,High,1,2026-09-09 16:08:04.852808
54211,0.2847,28.47,Low,0,2026-09-09 16:08:04.852808
54212,0.1987,19.87,Low,0,2026-09-09 16:08:04.852808
54213,0.2005,20.05,Low,0,2026-09-09 16:08:04.852808
54214,0.8374,83.74,High,1,2026-09-09 16:08:04.852808
54215,0.4884,48.84,Low,0,2026-09-09 16:08:04.852808
54216,0.1779,17.79,Low,0,2026-09-09 16:08:04.852808
54217,0.3104,31.04,Low,0,2026-09-09 16:08:04.852808
54218,0.1908,19.08,Low,0,2026-09-09 16:08:04.852808
54219,0.2398,23.98,Low,0,2026-09-09 16:08:04.852808
54220,0.1897,18.97,Low,0,2026-09-09 16:08:04.852808
54221,0.8406,84.06,High,1,2026-09-09 16:08:04.852808
54222,0.1703,17.03,Low,0,2026-09-09 16:08:04.852808
54223,0.0437,4.37,Low,0,2026-09-09 16:08:04.852808
54224,0.0869,8.69,Low,0,2026-09-09 16:08:04.852808
54225,0.3702,37.02,Low,0,2026-09-09 16:08:04.852808
54226,0.2687,26.87,Low,0,2026-09-09 16:08:04.852808
54227,0.7477,74.77,Medium,1,2026-09-09 16:08:04.852808
54228,0.3518,35.18,Low,0,2026-09-09 16:08:04.852808
54229,0.3796,37.96,Low,0,2026-09-09 16:08:04.852808
54230,0.2665,26.65,Low,0,2026-09-09 16:08:04.852808
54231,0.2588,25.88,Low,0,2026-09-09 16:08:04.852808
54232,0.1366,13.66,Low,0,2026-09-09 16:08:04.852808
54233,0.8194,81.94,High,1,2026-09-09 16:08:04.852808
54234,0.1319,13.19,Low,0,2026-09-09 16:08:04.852808
54235,0.4507,45.07,Low,0,2026-09-09 16:08:04.852808
54236,0.1904,19.04,Low,0,2026-09-09 16:08:04.852808
54237,0.4409,44.09,Low,0,2026-09-09 16:08:04.852808
54238,0.072,7.2,Low,0,2026-09-09 16:08:04.852808
54239,0.2213,22.13,Low,0,2026-09-09 16:08:04.852808
54240,0.2721,27.21,Low,0,2026-09-09 16:08:04.852808
54241,0.3943,39.43,Low,0,2026-09-09 16:08:04.852808
54242,0.8145,81.45,High,1,2026-09-09 16:08:04.852808
54243,0.1951,19.51,Low,0,2026-09-09 16:08:04.852808
54244,0.3963,39.63,Low,0,2026-09-09 16:08:04.852808
54245,0.7607,76.07,Medium,1,2026-09-09 16:08:04.852808
54246,0.1516,15.16,Low,0,2026-09-09 16:08:04.852808
54247,0.3571,35.71,Low,0,2026-09-09 16:08:04.852808
54248,0.3858,38.58,Low,0,2026-09-09 16:08:04.852808
54249,0.7942,79.42,Medium,1,2026-09-09 16:08:04.852808
54250,0.058,5.8,Low,0,2026-09-09 16:08:04.852808
54251,0.4339,43.39,Low,0,2026-09-09 16:08:04.852808
54252,0.2127,21.27,Low,0,2026-09-09 16:08:04.852808
54253,0.2684,26.84,Low,0,2026-09-09 16:08:04.852808
54254,0.9303,93.03,High,1,2026-09-09 16:08:04.852808
54255,0.1933,19.33,Low,0,2026-09-09 16:08:04.852808
54256,0.2917,29.17,Low,0,2026-09-09 16:08:04.852808
54257,0.1293,12.93,Low,0,2026-09-09 16:08:04.852808
54258,0.2138,21.38,Low,0,2026-09-09 16:08:04.852808
54259,0.4093,40.93,Low,0,2026-09-09 16:08:04.852808
54260,0.3514,35.14,Low,0,2026-09-09 16:08:04.852808
54261,0.3564,35.64,Low,0,2026-09-09 16:08:04.852808
54262,0.1412,14.12,Low,0,2026-09-09 16:08:04.852808
54263,0.2374,23.74,Low,0,2026-09-09 16:08:04.852808
54264,0.42,42.0,Low,0,2026-09-09 16:08:04.852808
54265,0.2627,26.27,Low,0,2026-09-09 16:08:04.852808
54266,0.4695,46.95,Low,0,2026-09-09 16:08:04.852808
54267,0.2083,20.83,Low,0,2026-09-09 16:08:04.852808
54268,0.285,28.5,Low,0,2026-09-09 16:08:04.852808
54269,0.1416,14.16,Low,0,2026-09-09 16:08:04.852808
54270,0.164,16.4,Low,0,2026-09-09 16:08:04.852808
54271,0.1616,16.16,Low,0,2026-09-09 16:08:04.852808
54272,0.1646,16.46,Low,0,2026-09-09 16:08:04.852808
54273,0.758,75.8,Medium,1,2026-09-09 16:08:04.852808
54274,0.4786,47.86,Low,0,2026-09-09 16:08:04.852808
54275,0.8088,80.88,High,1,2026-09-09 16:08:04.852808
54276,0.1342,13.42,Low,0,2026-09-09 16:08:04.852808
54277,0.3073,30.73,Low,0,2026-09-09 16:08:04.852808
54278,0.2143,21.43,Low,0,2026-09-09 16:08:04.852808
54279,0.3015,30.15,Low,0,2026-09-09 16:08:04.852808
54280,0.7789,77.89,Medium,1,2026-09-09 16:08:04.852808
54281,0.3203,32.03,Low,0,2026-09-09 16:08:04.852808
54282,0.2471,24.71,Low,0,2026-09-09 16:08:04.852808
54283,0.264,26.4,Low,0,2026-09-09 16:08:04.852808
54284,0.3897,38.97,Low,0,2026-09-09 16:08:04.852808
54285,0.2995,29.95,Low,0,2026-09-09 16:08:04.852808
54286,0.5099,50.99,Medium,1,2026-09-09 16:08:04.852808
54287,0.1215,12.15,Low,0,2026-09-09 16:08:04.852808
54288,0.5518,55.18,Medium,1,2026-09-09 16:08:04.852808
54289,0.4049,40.49,Low,0,2026-09-09 16:08:04.852808
54290,0.1236,12.36,Low,0,2026-09-09 16:08:04.852808
54291,0.0908,9.08,Low,0,2026-09-09 16:08:04.852808
54292,0.7482,74.82,Medium,1,2026-09-09 16:08:04.852808
54293,0.2719,27.19,Low,0,2026-09-09 16:08:04.852808
54294,0.0988,9.88,Low,0,2026-09-09 16:08:04.852808
54295,0.8871,88.71,High,1,2026-09-09 16:08:04.852808
54296,0.3737,37.37,Low,0,2026-09-09 16:08:04.852808
54297,0.1434,14.34,Low,0,2026-09-09 16:08:04.852808
54298,0.1554,15.54,Low,0,2026-09-09 16:08:04.852808
54299,0.5737,57.37,Medium,1,2026-09-09 16:08:04.852808
54300,0.4579,45.79,Low,0,2026-09-09 16:08:04.852808
54301,0.6105,61.05,Medium,1,2026-09-09 16:08:04.852808
54302,0.2264,22.64,Low,0,2026-09-09 16:08:04.852808
54303,0.4856,48.56,Low,0,2026-09-09 16:08:04.852808
54304,0.2637,26.37,Low,0,2026-09-09 16:08:04.852808
54305,0.1447,14.47,Low,0,2026-09-09 16:08:04.852808
54306,0.3119,31.19,Low,0,2026-09-09 16:08:04.852808
54307,0.4393,43.93,Low,0,2026-09-09 16:08:04.852808
54308,0.4299,42.99,Low,0,2026-09-09 16:08:04.852808
54309,0.1764,17.64,Low,0,2026-09-09 16:08:04.852808
54310,0.2074,20.74,Low,0,2026-09-09 16:08:04.852808
54311,0.2873,28.73,Low,0,2026-09-09 16:08:04.852808
54312,0.1526,15.26,Low,0,2026-09-09 16:08:04.852808
54313,0.9757,97.57,High,1,2026-09-09 16:08:04.852808
54314,0.0552,5.52,Low,0,2026-09-09 16:08:04.852808
54315,0.1478,14.78,Low,0,2026-09-09 16:08:04.852808
54316,0.6501,65.01,Medium,1,2026-09-09 16:08:04.852808
54317,0.0721,7.21,Low,0,2026-09-09 16:08:04.852808
54318,0.3439,34.39,Low,0,2026-09-09 16:08:04.852808
54319,0.2891,28.91,Low,0,2026-09-09 16:08:04.852808
54320,0.1898,18.98,Low,0,2026-09-09 16:08:04.852808
54321,0.8712,87.12,High,1,2026-09-09 16:08:04.852808
54322,0.0806,8.06,Low,0,2026-09-09 16:08:04.852808
54323,0.1325,13.25,Low,0,2026-09-09 16:08:04.852808
54324,0.7082,70.82,Medium,1,2026-09-09 16:08:04.852808
54325,0.0595,5.95,Low,0,2026-09-09 16:08:04.852808
54326,0.1678,16.78,Low,0,2026-09-09 16:08:04.852808
54327,0.3861,38.61,Low,0,2026-09-09 16:08:04.852808
54328,0.0672,6.72,Low,0,2026-09-09 16:08:04.852808
54329,0.3049,30.49,Low,0,2026-09-09 16:08:04.852808
54330,0.0841,8.41,Low,0,2026-09-09 16:08:04.852808
54331,0.1629,16.29,Low,0,2026-09-09 16:08:04.852808
54332,0.28,28.0,Low,0,2026-09-09 16:08:04.852808
54333,0.2219,22.19,Low,0,2026-09-09 16:08:04.852808
54334,0.2978,29.78,Low,0,2026-09-09 16:08:04.852808
54335,0.8817,88.17,High,1,2026-09-09 16:08:04.852808
54336,0.4518,45.18,Low,0,2026-09-09 16:08:04.852808
54337,0.1755,17.55,Low,0,2026-09-09 16:08:04.852808
54338,0.2778,27.78,Low,0,2026-09-09 16:08:04.852808
54339,0.0922,9.22,Low,0,2026-09-09 16:08:04.852808
54340,0.2169,21.69,Low,0,2026-09-09 16:08:04.852808
54341,0.6827,68.27,Medium,1,2026-09-09 16:08:04.852808
54342,0.49,49.0,Low,0,2026-09-09 16:08:04.852808
54343,0.053,5.3,Low,0,2026-09-09 16:08:04.852808
54344,0.2233,22.33,Low,0,2026-09-09 16:08:04.852808
54345,0.8591,85.91,High,1,2026-09-09 16:08:04.852808
54346,0.4333,43.33,Low,0,2026-09-09 16:08:04.852808
54347,0.0783,7.83,Low,0,2026-09-09 16:08:04.852808
54348,0.8472,84.72,High,1,2026-09-09 16:08:04.852808
54349,0.1963,19.63,Low,0,2026-09-09 16:08:04.852808
54350,0.2531,25.31,Low,0,2026-09-09 16:08:04.852808
54351,0.3819,38.19,Low,0,2026-09-09 16:08:04.852808
54352,0.8928,89.28,High,1,2026-09-09 16:08:04.852808
54353,0.0877,8.77,Low,0,2026-09-09 16:08:04.852808
54354,0.0696,6.96,Low,0,2026-09-09 16:08:04.852808
54355,0.1574,15.74,Low,0,2026-09-09 16:08:04.852808
54356,0.2306,23.06,Low,0,2026-09-09 16:08:04.852808
54357,0.1437,14.37,Low,0,2026-09-09 16:08:04.852808
54358,0.2528,25.28,Low,0,2026-09-09 16:08:04.852808
54359,0.2298,22.98,Low,0,2026-09-09 16:08:04.852808
54360,0.7311,73.11,Medium,1,2026-09-09 16:08:04.852808
54361,0.277,27.7,Low,0,2026-09-09 16:08:04.852808
54362,0.2558,25.58,Low,0,2026-09-09 16:08:04.852808
54363,0.2396,23.96,Low,0,2026-09-09 16:08:04.852808
54364,0.3096,30.96,Low,0,2026-09-09 16:08:04.852808
54365,0.2106,21.06,Low,0,2026-09-09 16:08:04.852808
54366,0.1705,17.05,Low,0,2026-09-09 16:08:04.852808
54367,0.4355,43.55,Low,0,2026-09-09 16:08:04.852808
54368,0.4005,40.05,Low,0,2026-09-09 16:08:04.852808
54369,0.198,19.8,Low,0,2026-09-09 16:08:04.852808
54370,0.2369,23.69,Low,0,2026-09-09 16:08:04.852808
54371,0.6208,62.08,Medium,1,2026-09-09 16:08:04.852808
54372,0.3632,36.32,Low,0,2026-09-09 16:08:04.852808
54373,0.6112,61.12,Medium,1,2026-09-09 16:08:04.852808
54374,0.7272,72.72,Medium,1,2026-09-09 16:08:04.852808
54375,0.6146,61.46,Medium,1,2026-09-09 16:08:04.852808
54376,0.275,27.5,Low,0,2026-09-09 16:08:04.852808
54377,0.3343,33.43,Low,0,2026-09-09 16:08:04.852808
54378,0.0452,4.52,Low,0,2026-09-09 16:08:04.852808
54379,0.3692,36.92,Low,0,2026-09-09 16:08:04.852808
54380,0.4369,43.69,Low,0,2026-09-09 16:08:04.852808
54381,0.3068,30.68,Low,0,2026-09-09 16:08:04.852808
54382,0.4265,42.65,Low,0,2026-09-09 16:08:04.852808
54383,0.2559,25.59,Low,0,2026-09-09 16:08:04.852808
54384,0.2706,27.06,Low,0,2026-09-09 16:08:04.852808
54385,0.1408,14.08,Low,0,2026-09-09 16:08:04.852808
54386,0.3585,35.85,Low,0,2026-09-09 16:08:04.852808
54387,0.0658,6.58,Low,0,2026-09-09 16:08:04.852808
54388,0.3521,35.21,Low,0,2026-09-09 16:08:04.852808
54389,0.3439,34.39,Low,0,2026-09-09 16:08:04.852808
54390,0.277,27.7,Low,0,2026-09-09 16:08:04.852808
54391,0.3211,32.11,Low,0,2026-09-09 16:08:04.852808
54392,0.3632,36.32,Low,0,2026-09-09 16:08:04.852808
54393,0.8441,84.41,High,1,2026-09-09 16:08:04.852808
54394,0.1785,17.85,Low,0,2026-09-09 16:08:04.852808
54395,0.0424,4.24,Low,0,2026-09-09 16:08:04.852808
54396,0.3049,30.49,Low,0,2026-09-09 16:08:04.852808
54397,0.302,30.2,Low,0,2026-09-09 16:08:04.852808
54398,0.4599,45.99,Low,0,2026-09-09 16:08:04.852808
54399,0.1911,19.11,Low,0,2026-09-09 16:08:04.852808
54400,0.5407,54.07,Medium,1,2026-09-09 16:08:04.852808
54401,0.3039,30.39,Low,0,2026-09-09 16:08:04.852808
54402,0.7121,71.21,Medium,1,2026-09-09 16:08:04.852808
54403,0.1308,13.08,Low,0,2026-09-09 16:08:04.852808
54404,0.2611,26.11,Low,0,2026-09-09 16:08:04.852808
54405,0.1418,14.18,Low,0,2026-09-09 16:08:04.852808
54406,0.2233,22.33,Low,0,2026-09-09 16:08:04.852808
54407,0.1841,18.41,Low,0,2026-09-09 16:08:04.852808
54408,0.4051,40.51,Low,0,2026-09-09 16:08:04.852808
54409,0.3792,37.92,Low,0,2026-09-09 16:08:04.852808
54410,0.4555,45.55,Low,0,2026-09-09 16:08:04.852808
54411,0.2111,21.11,Low,0,2026-09-09 16:08:04.852808
54412,0.291,29.1,Low,0,2026-09-09 16:08:04.852808
54413,0.0611,6.11,Low,0,2026-09-09 16:08:04.852808
54414,0.8387,83.87,High,1,2026-09-09 16:08:04.852808
54415,0.6672,66.72,Medium,1,2026-09-09 16:08:04.852808
54416,0.4186,41.86,Low,0,2026-09-09 16:08:04.852808
54417,0.4728,47.28,Low,0,2026-09-09 16:08:04.852808
54418,0.1511,15.11,Low,0,2026-09-09 16:08:04.852808
54419,0.3207,32.07,Low,0,2026-09-09 16:08:04.852808
54420,0.5078,50.78,Medium,1,2026-09-09 16:08:04.852808
54421,0.2592,25.92,Low,0,2026-09-09 16:08:04.852808
54422,0.0463,4.63,Low,0,2026-09-09 16:08:04.852808
54423,0.381,38.1,Low,0,2026-09-09 16:08:04.852808
54424,0.0783,7.83,Low,0,2026-09-09 16:08:04.852808
54425,0.4101,41.01,Low,0,2026-09-09 16:08:04.852808
54426,0.3671,36.71,Low,0,2026-09-09 16:08:04.852808
54427,0.5032,50.32,Medium,1,2026-09-09 16:08:04.852808
54428,0.6966,69.66,Medium,1,2026-09-09 16:08:04.852808
54429,0.2651,26.51,Low,0,2026-09-09 16:08:04.852808
54430,0.2154,21.54,Low,0,2026-09-09 16:08:04.852808
54431,0.0642,6.42,Low,0,2026-09-09 16:08:04.852808
54432,0.9025,90.25,High,1,2026-09-09 16:08:04.852808
54433,0.235,23.5,Low,0,2026-09-09 16:08:04.852808
54434,0.1185,11.85,Low,0,2026-09-09 16:08:04.852808
54435,0.4079,40.79,Low,0,2026-09-09 16:08:04.852808
54436,0.1406,14.06,Low,0,2026-09-09 16:08:04.852808
54437,0.4258,42.58,Low,0,2026-09-09 16:08:04.852808
54438,0.3048,30.48,Low,0,2026-09-09 16:08:04.852808
54439,0.0632,6.32,Low,0,2026-09-09 16:08:04.852808
54440,0.5913,59.13,Medium,1,2026-09-09 16:08:04.852808
54441,0.0749,7.49,Low,0,2026-09-09 16:08:04.852808
54442,0.1959,19.59,Low,0,2026-09-09 16:08:04.852808
54443,0.8469,84.69,High,1,2026-09-09 16:08:04.852808
54444,0.3342,33.42,Low,0,2026-09-09 16:08:04.852808
54445,0.9044,90.44,High,1,2026-09-09 16:08:04.852808
54446,0.0376,3.76,Low,0,2026-09-09 16:08:04.852808
54447,0.63,63.0,Medium,1,2026-09-09 16:08:04.852808
54448,0.3363,33.63,Low,0,2026-09-09 16:08:04.852808
54449,0.787,78.7,Medium,1,2026-09-09 16:08:04.852808
54450,0.1521,15.21,Low,0,2026-09-09 16:08:04.852808
54451,0.1235,12.35,Low,0,2026-09-09 16:08:04.852808
54452,0.4282,42.82,Low,0,2026-09-09 16:08:04.852808
54453,0.0653,6.53,Low,0,2026-09-09 16:08:04.852808
54454,0.3096,30.96,Low,0,2026-09-09 16:08:04.852808
54455,0.2535,25.35,Low,0,2026-09-09 16:08:04.852808
54456,0.2571,25.71,Low,0,2026-09-09 16:08:04.852808
54457,0.054,5.4,Low,0,2026-09-09 16:08:04.852808
54458,0.2895,28.95,Low,0,2026-09-09 16:08:04.852808
54459,0.8504,85.04,High,1,2026-09-09 16:08:04.852808
54460,0.8085,80.85,High,1,2026-09-09 16:08:04.852808
54461,0.343,34.3,Low,0,2026-09-09 16:08:04.852808
54462,0.1818,18.18,Low,0,2026-09-09 16:08:04.852808
54463,0.2099,20.99,Low,0,2026-09-09 16:08:04.852808
54464,0.2914,29.14,Low,0,2026-09-09 16:08:04.852808
54465,0.1161,11.61,Low,0,2026-09-09 16:08:04.852808
54466,0.4988,49.88,Low,0,2026-09-09 16:08:04.852808
54467,0.2632,26.32,Low,0,2026-09-09 16:08:04.852808
54468,0.3157,31.57,Low,0,2026-09-09 16:08:04.852808
54469,0.0614,6.14,Low,0,2026-09-09 16:08:04.852808
54470,0.1793,17.93,Low,0,2026-09-09 16:08:04.852808
54471,0.0909,9.09,Low,0,2026-09-09 16:08:04.852808
54472,0.0752,7.52,Low,0,2026-09-09 16:08:04.852808
54473,0.2791,27.91,Low,0,2026-09-09 16:08:04.852808
54474,0.1172,11.72,Low,0,2026-09-09 16:08:04.852808
54475,0.3315,33.15,Low,0,2026-09-09 16:08:04.852808
54476,0.1382,13.82,Low,0,2026-09-09 16:08:04.852808
54477,0.3747,37.47,Low,0,2026-09-09 16:08:04.852808
54478,0.1537,15.37,Low,0,2026-09-09 16:08:04.852808
54479,0.1733,17.33,Low,0,2026-09-09 16:08:04.852808
54480,0.7864,78.64,Medium,1,2026-09-09 16:08:04.852808
54481,0.2091,20.91,Low,0,2026-09-09 16:08:04.852808
54482,0.3818,38.18,Low,0,2026-09-09 16:08:04.852808
54483,0.2552,25.52,Low,0,2026-09-09 16:08:04.852808
54484,0.2213,22.13,Low,0,2026-09-09 16:08:04.852808
54485,0.5779,57.79,Medium,1,2026-09-09 16:08:04.852808
54486,0.2608,26.08,Low,0,2026-09-09 16:08:04.852808
54487,0.3025,30.25,Low,0,2026-09-09 16:08:04.852808
54488,0.319,31.9,Low,0,2026-09-09 16:08:04.852808
54489,0.1019,10.19,Low,0,2026-09-09 16:08:04.852808
54490,0.1997,19.97,Low,0,2026-09-09 16:08:04.852808
54491,0.3155,31.55,Low,0,2026-09-09 16:08:04.852808
54492,0.2011,20.11,Low,0,2026-09-09 16:08:04.852808
54493,0.5116,51.16,Medium,1,2026-09-09 16:08:04.852808
54494,0.1371,13.71,Low,0,2026-09-09 16:08:04.852808
54495,0.1175,11.75,Low,0,2026-09-09 16:08:04.852808
54496,0.214,21.4,Low,0,2026-09-09 16:08:04.852808
54497,0.2015,20.15,Low,0,2026-09-09 16:08:04.852808
54498,0.2143,21.43,Low,0,2026-09-09 16:08:04.852808
54499,0.2854,28.54,Low,0,2026-09-09 16:08:04.852808
54500,0.4471,44.71,Low,0,2026-09-09 16:08:04.852808
54501,0.1966,19.66,Low,0,2026-09-09 16:08:04.852808
54502,0.4347,43.47,Low,0,2026-09-09 16:08:04.852808
54503,0.319,31.9,Low,0,2026-09-09 16:08:04.852808
54504,0.309,30.9,Low,0,2026-09-09 16:08:04.852808
54505,0.4487,44.87,Low,0,2026-09-09 16:08:04.852808
54506,0.2316,23.16,Low,0,2026-09-09 16:08:04.852808
54507,0.3093,30.93,Low,0,2026-09-09 16:08:04.852808
54508,0.798,79.8,Medium,1,2026-09-09 16:08:04.852808
54509,0.2962,29.62,Low,0,2026-09-09 16:08:04.852808
54510,0.1856,18.56,Low,0,2026-09-09 16:08:04.852808
54511,0.2602,26.02,Low,0,2026-09-09 16:08:04.852808
54512,0.3283,32.83,Low,0,2026-09-09 16:08:04.852808
54513,0.1805,18.05,Low,0,2026-09-09 16:08:04.852808
54514,0.2854,28.54,Low,0,2026-09-09 16:08:04.852808
54515,0.1933,19.33,Low,0,2026-09-09 16:08:04.852808
54516,0.5454,54.54,Medium,1,2026-09-09 16:08:04.852808
54517,0.1802,18.02,Low,0,2026-09-09 16:08:04.852808
54518,0.0829,8.29,Low,0,2026-09-09 16:08:04.852808
54519,0.2069,20.69,Low,0,2026-09-09 16:08:04.852808
54520,0.3569,35.69,Low,0,2026-09-09 16:08:04.852808
54521,0.1478,14.78,Low,0,2026-09-09 16:08:04.852808
54522,0.2455,24.55,Low,0,2026-09-09 16:08:04.852808
54523,0.2379,23.79,Low,0,2026-09-09 16:08:04.852808
54524,0.2149,21.49,Low,0,2026-09-09 16:08:04.852808
54525,0.134,13.4,Low,0,2026-09-09 16:08:04.852808
54526,0.4417,44.17,Low,0,2026-09-09 16:08:04.852808
54527,0.1337,13.37,Low,0,2026-09-09 16:08:04.852808
54528,0.044,4.4,Low,0,2026-09-09 16:08:04.852808
54529,0.2446,24.46,Low,0,2026-09-09 16:08:04.852808
54530,0.2677,26.77,Low,0,2026-09-09 16:08:04.852808
54531,0.316,31.6,Low,0,2026-09-09 16:08:04.852808
54532,0.2002,20.02,Low,0,2026-09-09 16:08:04.852808
54533,0.2526,25.26,Low,0,2026-09-09 16:08:04.852808
54534,0.1784,17.84,Low,0,2026-09-09 16:08:04.852808
54535,0.3568,35.68,Low,0,2026-09-09 16:08:04.852808
54536,0.1983,19.83,Low,0,2026-09-09 16:08:04.852808
54537,0.3741,37.41,Low,0,2026-09-09 16:08:04.852808
54538,0.1453,14.53,Low,0,2026-09-09 16:08:04.852808
54539,0.3283,32.83,Low,0,2026-09-09 16:08:04.852808
54540,0.9071,90.71,High,1,2026-09-09 16:08:04.852808
54541,0.4849,48.49,Low,0,2026-09-09 16:08:04.852808
54542,0.362,36.2,Low,0,2026-09-09 16:08:04.852808
54543,0.2071,20.71,Low,0,2026-09-09 16:08:04.852808
54544,0.1874,18.74,Low,0,2026-09-09 16:08:04.852808
54545,0.2121,21.21,Low,0,2026-09-09 16:08:04.852808
54546,0.0848,8.48,Low,0,2026-09-09 16:08:04.852808
54547,0.4264,42.64,Low,0,2026-09-09 16:08:04.852808
54548,0.1921,19.21,Low,0,2026-09-09 16:08:04.852808
54549,0.2357,23.57,Low,0,2026-09-09 16:08:04.852808
54550,0.0636,6.36,Low,0,2026-09-09 16:08:04.852808
54551,0.1193,11.93,Low,0,2026-09-09 16:08:04.852808
54552,0.1337,13.37,Low,0,2026-09-09 16:08:04.852808
54553,0.2951,29.51,Low,0,2026-09-09 16:08:04.852808
54554,0.2401,24.01,Low,0,2026-09-09 16:08:04.852808
54555,0.2996,29.96,Low,0,2026-09-09 16:08:04.852808
54556,0.4658,46.58,Low,0,2026-09-09 16:08:04.852808
54557,0.3998,39.98,Low,0,2026-09-09 16:08:04.852808
54558,0.3726,37.26,Low,0,2026-09-09 16:08:04.852808
54559,0.1545,15.45,Low,0,2026-09-09 16:08:04.852808
54560,0.1682,16.82,Low,0,2026-09-09 16:08:04.852808
54561,0.0587,5.87,Low,0,2026-09-09 16:08:04.852808
54562,0.16,16.0,Low,0,2026-09-09 16:08:04.852808
54563,0.041,4.1,Low,0,2026-09-09 16:08:04.852808
54564,0.7464,74.64,Medium,1,2026-09-09 16:08:04.852808
54565,0.3627,36.27,Low,0,2026-09-09 16:08:04.852808
54566,0.069,6.9,Low,0,2026-09-09 16:08:04.852808
54567,0.7662,76.62,Medium,1,2026-09-09 16:08:04.852808
54568,0.4005,40.05,Low,0,2026-09-09 16:08:04.852808
54569,0.315,31.5,Low,0,2026-09-09 16:08:04.852808
54570,0.0882,8.82,Low,0,2026-09-09 16:08:04.852808
54571,0.7884,78.84,Medium,1,2026-09-09 16:08:04.852808
54572,0.8242,82.42,High,1,2026-09-09 16:08:04.852808
54573,0.5001,50.01,Medium,1,2026-09-09 16:08:04.852808
54574,0.1333,13.33,Low,0,2026-09-09 16:08:04.852808
54575,0.1699,16.99,Low,0,2026-09-09 16:08:04.852808
54576,0.1919,19.19,Low,0,2026-09-09 16:08:04.852808
54577,0.427,42.7,Low,0,2026-09-09 16:08:04.852808
54578,0.2913,29.13,Low,0,2026-09-09 16:08:04.852808
54579,0.1397,13.97,Low,0,2026-09-09 16:08:04.852808
54580,0.1341,13.41,Low,0,2026-09-09 16:08:04.852808
54581,0.0614,6.14,Low,0,2026-09-09 16:08:04.852808
54582,0.2867,28.67,Low,0,2026-09-09 16:08:04.852808
54583,0.08,8.0,Low,0,2026-09-09 16:08:04.852808
54584,0.1075,10.75,Low,0,2026-09-09 16:08:04.852808
54585,0.4091,40.91,Low,0,2026-09-09 16:08:04.852808
54586,0.1009,10.09,Low,0,2026-09-09 16:08:04.852808
54587,0.8212,82.12,High,1,2026-09-09 16:08:04.852808
54588,0.2001,20.01,Low,0,2026-09-09 16:08:04.852808
54589,0.2598,25.98,Low,0,2026-09-09 16:08:04.852808
54590,0.2403,24.03,Low,0,2026-09-09 16:08:04.852808
54591,0.3357,33.57,Low,0,2026-09-09 16:08:04.852808
54592,0.1749,17.49,Low,0,2026-09-09 16:08:04.852808
54593,0.1384,13.84,Low,0,2026-09-09 16:08:04.852808
54594,0.6146,61.46,Medium,1,2026-09-09 16:08:04.852808
54595,0.2448,24.48,Low,0,2026-09-09 16:08:04.852808
54596,0.2069,20.69,Low,0,2026-09-09 16:08:04.852808
54597,0.084,8.4,Low,0,2026-09-09 16:08:04.852808
54598,0.7921,79.21,Medium,1,2026-09-09 16:08:04.852808
54599,0.7112,71.12,Medium,1,2026-09-09 16:08:04.852808
54600,0.4086,40.86,Low,0,2026-09-09 16:08:04.852808
54601,0.2709,27.09,Low,0,2026-09-09 16:08:04.852808
54602,0.1475,14.75,Low,0,2026-09-09 16:08:04.852808
54603,0.0774,7.74,Low,0,2026-09-09 16:08:04.852808
54604,0.49,49.0,Low,0,2026-09-09 16:08:04.852808
54605,0.2979,29.79,Low,0,2026-09-09 16:08:04.852808
54606,0.0335,3.35,Low,0,2026-09-09 16:08:04.852808
54607,0.047,4.7,Low,0,2026-09-09 16:08:04.852808
54608,0.2876,28.76,Low,0,2026-09-09 16:08:04.852808
54609,0.0695,6.95,Low,0,2026-09-09 16:08:04.852808
54610,0.321,32.1,Low,0,2026-09-09 16:08:04.852808
54611,0.66,66.0,Medium,1,2026-09-09 16:08:04.852808
54612,0.5921,59.21,Medium,1,2026-09-09 16:08:04.852808
54613,0.2465,24.65,Low,0,2026-09-09 16:08:04.852808
54614,0.4489,44.89,Low,0,2026-09-09 16:08:04.852808
54615,0.3898,38.98,Low,0,2026-09-09 16:08:04.852808
54616,0.2191,21.91,Low,0,2026-09-09 16:08:04.852808
54617,0.0732,7.32,Low,0,2026-09-09 16:08:04.852808
54618,0.0213,2.13,Low,0,2026-09-09 16:08:04.852808
54619,0.2982,29.82,Low,0,2026-09-09 16:08:04.852808
54620,0.0368,3.68,Low,0,2026-09-09 16:08:04.852808
54621,0.1999,19.99,Low,0,2026-09-09 16:08:04.852808
54622,0.2054,20.54,Low,0,2026-09-09 16:08:04.852808
54623,0.4071,40.71,Low,0,2026-09-09 16:08:04.852808
54624,0.058,5.8,Low,0,2026-09-09 16:08:04.852808
54625,0.0869,8.69,Low,0,2026-09-09 16:08:04.852808
54626,0.1895,18.95,Low,0,2026-09-09 16:08:04.852808
54627,0.5235,52.35,Medium,1,2026-09-09 16:08:04.852808
54628,0.2196,21.96,Low,0,2026-09-09 16:08:04.852808
54629,0.2807,28.07,Low,0,2026-09-09 16:08:04.852808
54630,0.3492,34.92,Low,0,2026-09-09 16:08:04.852808
54631,0.1713,17.13,Low,0,2026-09-09 16:08:04.852808
54632,0.3439,34.39,Low,0,2026-09-09 16:08:04.852808
54633,0.1905,19.05,Low,0,2026-09-09 16:08:04.852808
54634,0.165,16.5,Low,0,2026-09-09 16:08:04.852808
54635,0.7528,75.28,Medium,1,2026-09-09 16:08:04.852808
54636,0.1723,17.23,Low,0,2026-09-09 16:08:04.852808
54637,0.3862,38.62,Low,0,2026-09-09 16:08:04.852808
54638,0.3735,37.35,Low,0,2026-09-09 16:08:04.852808
54639,0.1349,13.49,Low,0,2026-09-09 16:08:04.852808
54640,0.139,13.9,Low,0,2026-09-09 16:08:04.852808
54641,0.2261,22.61,Low,0,2026-09-09 16:08:04.852808
54642,0.3983,39.83,Low,0,2026-09-09 16:08:04.852808
54643,0.106,10.6,Low,0,2026-09-09 16:08:04.852808
54644,0.4303,43.03,Low,0,2026-09-09 16:08:04.852808
54645,0.1297,12.97,Low,0,2026-09-09 16:08:04.852808
54646,0.2024,20.24,Low,0,2026-09-09 16:08:04.852808
54647,0.3775,37.75,Low,0,2026-09-09 16:08:04.852808
54648,0.1696,16.96,Low,0,2026-09-09 16:08:04.852808
54649,0.139,13.9,Low,0,2026-09-09 16:08:04.852808
54650,0.2351,23.51,Low,0,2026-09-09 16:08:04.852808
54651,0.4552,45.52,Low,0,2026-09-09 16:08:04.852808
54652,0.0973,9.73,Low,0,2026-09-09 16:08:04.852808
54653,0.2548,25.48,Low,0,2026-09-09 16:08:04.852808
54654,0.1378,13.78,Low,0,2026-09-09 16:08:04.852808
54655,0.2291,22.91,Low,0,2026-09-09 16:08:04.852808
54656,0.6106,61.06,Medium,1,2026-09-09 16:08:04.852808
54657,0.0794,7.94,Low,0,2026-09-09 16:08:04.852808
54658,0.2766,27.66,Low,0,2026-09-09 16:08:04.852808
54659,0.6401,64.01,Medium,1,2026-09-09 16:08:04.852808
54660,0.3793,37.93,Low,0,2026-09-09 16:08:04.852808
54661,0.4453,44.53,Low,0,2026-09-09 16:08:04.852808
54662,0.7029,70.29,Medium,1,2026-09-09 16:08:04.852808
54663,0.3212,32.12,Low,0,2026-09-09 16:08:04.852808
54664,0.0579,5.79,Low,0,2026-09-09 16:08:04.852808
54665,0.2663,26.63,Low,0,2026-09-09 16:08:04.852808
54666,0.2889,28.89,Low,0,2026-09-09 16:08:04.852808
54667,0.297,29.7,Low,0,2026-09-09 16:08:04.852808
54668,0.7758,77.58,Medium,1,2026-09-09 16:08:04.852808
54669,0.1284,12.84,Low,0,2026-09-09 16:08:04.852808
54670,0.7957,79.57,Medium,1,2026-09-09 16:08:04.852808
54671,0.5771,57.71,Medium,1,2026-09-09 16:08:04.852808
54672,0.0853,8.53,Low,0,2026-09-09 16:08:04.852808
54673,0.1251,12.51,Low,0,2026-09-09 16:08:04.852808
54674,0.1645,16.45,Low,0,2026-09-09 16:08:04.852808
54675,0.2687,26.87,Low,0,2026-09-09 16:08:04.852808
54676,0.1847,18.47,Low,0,2026-09-09 16:08:04.852808
54677,0.4562,45.62,Low,0,2026-09-09 16:08:04.852808
54678,0.0958,9.58,Low,0,2026-09-09 16:08:04.852808
54679,0.6835,68.35,Medium,1,2026-09-09 16:08:04.852808
54680,0.2147,21.47,Low,0,2026-09-09 16:08:04.852808
54681,0.2495,24.95,Low,0,2026-09-09 16:08:04.852808
54682,0.2423,24.23,Low,0,2026-09-09 16:08:04.852808
54683,0.0772,7.72,Low,0,2026-09-09 16:08:04.852808
54684,0.7445,74.45,Medium,1,2026-09-09 16:08:04.852808
54685,0.1175,11.75,Low,0,2026-09-09 16:08:04.852808
54686,0.318,31.8,Low,0,2026-09-09 16:08:04.852808
54687,0.3305,33.05,Low,0,2026-09-09 16:08:04.852808
54688,0.3767,37.67,Low,0,2026-09-09 16:08:04.852808
54689,0.0956,9.56,Low,0,2026-09-09 16:08:04.852808
54690,0.178,17.8,Low,0,2026-09-09 16:08:04.852808
54691,0.3894,38.94,Low,0,2026-09-09 16:08:04.852808
54692,0.2671,26.71,Low,0,2026-09-09 16:08:04.852808
54693,0.1445,14.45,Low,0,2026-09-09 16:08:04.852808
54694,0.1494,14.94,Low,0,2026-09-09 16:08:04.852808
54695,0.3557,35.57,Low,0,2026-09-09 16:08:04.852808
54696,0.1771,17.71,Low,0,2026-09-09 16:08:04.852808
54697,0.4793,47.93,Low,0,2026-09-09 16:08:04.852808
54698,0.6896,68.96,Medium,1,2026-09-09 16:08:04.852808
54699,0.256,25.6,Low,0,2026-09-09 16:08:04.852808
54700,0.1719,17.19,Low,0,2026-09-09 16:08:04.852808
54701,0.1713,17.13,Low,0,2026-09-09 16:08:04.852808
54702,0.2733,27.33,Low,0,2026-09-09 16:08:04.852808
54703,0.1658,16.58,Low,0,2026-09-09 16:08:04.852808
54704,0.2765,27.65,Low,0,2026-09-09 16:08:04.852808
54705,0.3053,30.53,Low,0,2026-09-09 16:08:04.852808
54706,0.1747,17.47,Low,0,2026-09-09 16:08:04.852808
54707,0.2081,20.81,Low,0,2026-09-09 16:08:04.852808
54708,0.3004,30.04,Low,0,2026-09-09 16:08:04.852808
54709,0.1329,13.29,Low,0,2026-09-09 16:08:04.852808
54710,0.6423,64.23,Medium,1,2026-09-09 16:08:04.852808
54711,0.8832,88.32,High,1,2026-09-09 16:08:04.852808
54712,0.1926,19.26,Low,0,2026-09-09 16:08:04.852808
54713,0.5669,56.69,Medium,1,2026-09-09 16:08:04.852808
54714,0.2654,26.54,Low,0,2026-09-09 16:08:04.852808
54715,0.4597,45.97,Low,0,2026-09-09 16:08:04.852808
54716,0.2654,26.54,Low,0,2026-09-09 16:08:04.852808
54717,0.1918,19.18,Low,0,2026-09-09 16:08:04.852808
54718,0.074,7.4,Low,0,2026-09-09 16:08:04.852808
54719,0.2827,28.27,Low,0,2026-09-09 16:08:04.852808
54720,0.2136,21.36,Low,0,2026-09-09 16:08:04.852808
54721,0.2601,26.01,Low,0,2026-09-09 16:08:04.852808
54722,0.2961,29.61,Low,0,2026-09-09 16:08:04.852808
54723,0.191,19.1,Low,0,2026-09-09 16:08:04.852808
54724,0.8671,86.71,High,1,2026-09-09 16:08:04.852808
54725,0.1699,16.99,Low,0,2026-09-09 16:08:04.852808
54726,0.2047,20.47,Low,0,2026-09-09 16:08:04.852808
54727,0.1335,13.35,Low,0,2026-09-09 16:08:04.852808
54728,0.2184,21.84,Low,0,2026-09-09 16:08:04.852808
54729,0.1024,10.24,Low,0,2026-09-09 16:08:04.852808
54730,0.3523,35.23,Low,0,2026-09-09 16:08:04.852808
54731,0.8642,86.42,High,1,2026-09-09 16:08:04.852808
54732,0.2485,24.85,Low,0,2026-09-09 16:08:04.852808
54733,0.2247,22.47,Low,0,2026-09-09 16:08:04.852808
54734,0.1032,10.32,Low,0,2026-09-09 16:08:04.852808
54735,0.2528,25.28,Low,0,2026-09-09 16:08:04.852808
54736,0.3532,35.32,Low,0,2026-09-09 16:08:04.852808
54737,0.2276,22.76,Low,0,2026-09-09 16:08:04.852808
54738,0.2078,20.78,Low,0,2026-09-09 16:08:04.852808
54739,0.2714,27.14,Low,0,2026-09-09 16:08:04.852808
54740,0.2171,21.71,Low,0,2026-09-09 16:08:04.852808
54741,0.3002,30.02,Low,0,2026-09-09 16:08:04.852808
54742,0.4956,49.56,Low,0,2026-09-09 16:08:04.852808
54743,0.3019,30.19,Low,0,2026-09-09 16:08:04.852808
54744,0.1675,16.75,Low,0,2026-09-09 16:08:04.852808
54745,0.2506,25.06,Low,0,2026-09-09 16:08:04.852808
54746,0.2355,23.55,Low,0,2026-09-09 16:08:04.852808
54747,0.1915,19.15,Low,0,2026-09-09 16:08:04.852808
54748,0.2513,25.13,Low,0,2026-09-09 16:08:04.852808
54749,0.216,21.6,Low,0,2026-09-09 16:08:04.852808
54750,0.2419,24.19,Low,0,2026-09-09 16:08:04.852808
54751,0.9389,93.89,High,1,2026-09-09 16:08:04.852808
54752,0.2967,29.67,Low,0,2026-09-09 16:08:04.852808
54753,0.1189,11.89,Low,0,2026-09-09 16:08:04.852808
54754,0.4075,40.75,Low,0,2026-09-09 16:08:04.852808
54755,0.0314,3.14,Low,0,2026-09-09 16:08:04.852808
54756,0.0902,9.02,Low,0,2026-09-09 16:08:04.852808
54757,0.3797,37.97,Low,0,2026-09-09 16:08:04.852808
54758,0.0369,3.69,Low,0,2026-09-09 16:08:04.852808
54759,0.2584,25.84,Low,0,2026-09-09 16:08:04.852808
54760,0.1857,18.57,Low,0,2026-09-09 16:08:04.852808
54761,0.3514,35.14,Low,0,2026-09-09 16:08:04.852808
54762,0.0875,8.75,Low,0,2026-09-09 16:08:04.852808
54763,0.2495,24.95,Low,0,2026-09-09 16:08:04.852808
54764,0.3155,31.55,Low,0,2026-09-09 16:08:04.852808
54765,0.4138,41.38,Low,0,2026-09-09 16:08:04.852808
54766,0.0277,2.77,Low,0,2026-09-09 16:08:04.852808
54767,0.1714,17.14,Low,0,2026-09-09 16:08:04.852808
54768,0.3147,31.47,Low,0,2026-09-09 16:08:04.852808
54769,0.129,12.9,Low,0,2026-09-09 16:08:04.852808
54770,0.6089,60.89,Medium,1,2026-09-09 16:08:04.852808
54771,0.7942,79.42,Medium,1,2026-09-09 16:08:04.852808
54772,0.5939,59.39,Medium,1,2026-09-09 16:08:04.852808
54773,0.1851,18.51,Low,0,2026-09-09 16:08:04.852808
54774,0.0359,3.59,Low,0,2026-09-09 16:08:04.852808
54775,0.8948,89.48,High,1,2026-09-09 16:08:04.852808
54776,0.1433,14.33,Low,0,2026-09-09 16:08:04.852808
54777,0.1854,18.54,Low,0,2026-09-09 16:08:04.852808
54778,0.2089,20.89,Low,0,2026-09-09 16:08:04.852808
54779,0.2111,21.11,Low,0,2026-09-09 16:08:04.852808
54780,0.2018,20.18,Low,0,2026-09-09 16:08:04.852808
54781,0.3294,32.94,Low,0,2026-09-09 16:08:04.852808
54782,0.9087,90.87,High,1,2026-09-09 16:08:04.852808
54783,0.3506,35.06,Low,0,2026-09-09 16:08:04.852808
54784,0.4246,42.46,Low,0,2026-09-09 16:08:04.852808
54785,0.4487,44.87,Low,0,2026-09-09 16:08:04.852808
54786,0.1447,14.47,Low,0,2026-09-09 16:08:04.852808
54787,0.2476,24.76,Low,0,2026-09-09 16:08:04.852808
54788,0.1093,10.93,Low,0,2026-09-09 16:08:04.852808
54789,0.8564,85.64,High,1,2026-09-09 16:08:04.852808
54790,0.3165,31.65,Low,0,2026-09-09 16:08:04.852808
54791,0.5609,56.09,Medium,1,2026-09-09 16:08:04.852808
54792,0.0876,8.76,Low,0,2026-09-09 16:08:04.852808
54793,0.2633,26.33,Low,0,2026-09-09 16:08:04.852808
54794,0.1754,17.54,Low,0,2026-09-09 16:08:04.852808
54795,0.3064,30.64,Low,0,2026-09-09 16:08:04.852808
54796,0.9117,91.17,High,1,2026-09-09 16:08:04.852808
54797,0.6254,62.54,Medium,1,2026-09-09 16:08:04.852808
54798,0.2005,20.05,Low,0,2026-09-09 16:08:04.852808
54799,0.4775,47.75,Low,0,2026-09-09 16:08:04.852808
54800,0.1891,18.91,Low,0,2026-09-09 16:08:04.852808
54801,0.2836,28.36,Low,0,2026-09-09 16:08:04.852808
54802,0.421,42.1,Low,0,2026-09-09 16:08:04.852808
54803,0.0457,4.57,Low,0,2026-09-09 16:08:04.852808
54804,0.8777,87.77,High,1,2026-09-09 16:08:04.852808
54805,0.1066,10.66,Low,0,2026-09-09 16:08:04.852808
54806,0.5612,56.12,Medium,1,2026-09-09 16:08:04.852808
54807,0.4215,42.15,Low,0,2026-09-09 16:08:04.852808
54808,0.0621,6.21,Low,0,2026-09-09 16:08:04.852808
54809,0.5659,56.59,Medium,1,2026-09-09 16:08:04.852808
54810,0.0639,6.39,Low,0,2026-09-09 16:08:04.852808
54811,0.1958,19.58,Low,0,2026-09-09 16:08:04.852808
54812,0.172,17.2,Low,0,2026-09-09 16:08:04.852808
54813,0.2454,24.54,Low,0,2026-09-09 16:08:04.852808
54814,0.7609,76.09,Medium,1,2026-09-09 16:08:04.852808
54815,0.2683,26.83,Low,0,2026-09-09 16:08:04.852808
54816,0.1148,11.48,Low,0,2026-09-09 16:08:04.852808
54817,0.4041,40.41,Low,0,2026-09-09 16:08:04.852808
54818,0.2755,27.55,Low,0,2026-09-09 16:08:04.852808
54819,0.1112,11.12,Low,0,2026-09-09 16:08:04.852808
54820,0.4641,46.41,Low,0,2026-09-09 16:08:04.852808
54821,0.1469,14.69,Low,0,2026-09-09 16:08:04.852808
54822,0.25,25.0,Low,0,2026-09-09 16:08:04.852808
54823,0.2497,24.97,Low,0,2026-09-09 16:08:04.852808
54824,0.3971,39.71,Low,0,2026-09-09 16:08:04.852808
54825,0.3184,31.84,Low,0,2026-09-09 16:08:04.852808
54826,0.2479,24.79,Low,0,2026-09-09 16:08:04.852808
54827,0.0808,8.08,Low,0,2026-09-09 16:08:04.852808
54828,0.4861,48.61,Low,0,2026-09-09 16:08:04.852808
54829,0.3589,35.89,Low,0,2026-09-09 16:08:04.852808
54830,0.3697,36.97,Low,0,2026-09-09 16:08:04.852808
54831,0.8654,86.54,High,1,2026-09-09 16:08:04.852808
54832,0.053,5.3,Low,0,2026-09-09 16:08:04.852808
54833,0.2684,26.84,Low,0,2026-09-09 16:08:04.852808
54834,0.2765,27.65,Low,0,2026-09-09 16:08:04.852808
54835,0.3482,34.82,Low,0,2026-09-09 16:08:04.852808
54836,0.7368,73.68,Medium,1,2026-09-09 16:08:04.852808
54837,0.2592,25.92,Low,0,2026-09-09 16:08:04.852808
54838,0.198,19.8,Low,0,2026-09-09 16:08:04.852808
54839,0.5021,50.21,Medium,1,2026-09-09 16:08:04.852808
54840,0.3279,32.79,Low,0,2026-09-09 16:08:04.852808
54841,0.0713,7.13,Low,0,2026-09-09 16:08:04.852808
54842,0.0679,6.79,Low,0,2026-09-09 16:08:04.852808
54843,0.1802,18.02,Low,0,2026-09-09 16:08:04.852808
54844,0.2277,22.77,Low,0,2026-09-09 16:08:04.852808
54845,0.5804,58.04,Medium,1,2026-09-09 16:08:04.852808
54846,0.1716,17.16,Low,0,2026-09-09 16:08:04.852808
54847,0.1231,12.31,Low,0,2026-09-09 16:08:04.852808
54848,0.3907,39.07,Low,0,2026-09-09 16:08:04.852808
54849,0.3141,31.41,Low,0,2026-09-09 16:08:04.852808
54850,0.4914,49.14,Low,0,2026-09-09 16:08:04.852808
54851,0.1211,12.11,Low,0,2026-09-09 16:08:04.852808
54852,0.3357,33.57,Low,0,2026-09-09 16:08:04.852808
54853,0.2682,26.82,Low,0,2026-09-09 16:08:04.852808
54854,0.1888,18.88,Low,0,2026-09-09 16:08:04.852808
54855,0.1689,16.89,Low,0,2026-09-09 16:08:04.852808
54856,0.3223,32.23,Low,0,2026-09-09 16:08:04.852808
54857,0.7415,74.15,Medium,1,2026-09-09 16:08:04.852808
54858,0.0472,4.72,Low,0,2026-09-09 16:08:04.852808
54859,0.0518,5.18,Low,0,2026-09-09 16:08:04.852808
54860,0.0593,5.93,Low,0,2026-09-09 16:08:04.852808
54861,0.3187,31.87,Low,0,2026-09-09 16:08:04.852808
54862,0.2042,20.42,Low,0,2026-09-09 16:08:04.852808
54863,0.37,37.0,Low,0,2026-09-09 16:08:04.852808
54864,0.3932,39.32,Low,0,2026-09-09 16:08:04.852808
54865,0.4447,44.47,Low,0,2026-09-09 16:08:04.852808
54866,0.1986,19.86,Low,0,2026-09-09 16:08:04.852808
54867,0.9353,93.53,High,1,2026-09-09 16:08:04.852808
54868,0.2523,25.23,Low,0,2026-09-09 16:08:04.852808
54869,0.3333,33.33,Low,0,2026-09-09 16:08:04.852808
54870,0.1427,14.27,Low,0,2026-09-09 16:08:04.852808
54871,0.2614,26.14,Low,0,2026-09-09 16:08:04.852808
54872,0.3044,30.44,Low,0,2026-09-09 16:08:04.852808
54873,0.4154,41.54,Low,0,2026-09-09 16:08:04.852808
54874,0.2731,27.31,Low,0,2026-09-09 16:08:04.852808
54875,0.3554,35.54,Low,0,2026-09-09 16:08:04.852808
54876,0.2488,24.88,Low,0,2026-09-09 16:08:04.852808
54877,0.4109,41.09,Low,0,2026-09-09 16:08:04.852808
54878,0.1159,11.59,Low,0,2026-09-09 16:08:04.852808
54879,0.2285,22.85,Low,0,2026-09-09 16:08:04.852808
54880,0.1343,13.43,Low,0,2026-09-09 16:08:04.852808
54881,0.3121,31.21,Low,0,2026-09-09 16:08:04.852808
54882,0.2612,26.12,Low,0,2026-09-09 16:08:04.852808
54883,0.1862,18.62,Low,0,2026-09-09 16:08:04.852808
54884,0.2502,25.02,Low,0,2026-09-09 16:08:04.852808
54885,0.4583,45.83,Low,0,2026-09-09 16:08:04.852808
54886,0.1281,12.81,Low,0,2026-09-09 16:08:04.852808
54887,0.2652,26.52,Low,0,2026-09-09 16:08:04.852808
54888,0.1123,11.23,Low,0,2026-09-09 16:08:04.852808
54889,0.2631,26.31,Low,0,2026-09-09 16:08:04.852808
54890,0.1208,12.08,Low,0,2026-09-09 16:08:04.852808
54891,0.2057,20.57,Low,0,2026-09-09 16:08:04.852808
54892,0.3713,37.13,Low,0,2026-09-09 16:08:04.852808
54893,0.3285,32.85,Low,0,2026-09-09 16:08:04.852808
54894,0.2988,29.88,Low,0,2026-09-09 16:08:04.852808
54895,0.3239,32.39,Low,0,2026-09-09 16:08:04.852808
54896,0.758,75.8,Medium,1,2026-09-09 16:08:04.852808
54897,0.8024,80.24,High,1,2026-09-09 16:08:04.852808
54898,0.705,70.5,Medium,1,2026-09-09 16:08:04.852808
54899,0.466,46.6,Low,0,2026-09-09 16:08:04.852808
54900,0.0541,5.41,Low,0,2026-09-09 16:08:04.852808
54901,0.4328,43.28,Low,0,2026-09-09 16:08:04.852808
54902,0.5678,56.78,Medium,1,2026-09-09 16:08:04.852808
54903,0.3705,37.05,Low,0,2026-09-09 16:08:04.852808
54904,0.2484,24.84,Low,0,2026-09-09 16:08:04.852808
54905,0.0688,6.88,Low,0,2026-09-09 16:08:04.852808
54906,0.3673,36.73,Low,0,2026-09-09 16:08:04.852808
54907,0.041,4.1,Low,0,2026-09-09 16:08:04.852808
54908,0.3893,38.93,Low,0,2026-09-09 16:08:04.852808
54909,0.0936,9.36,Low,0,2026-09-09 16:08:04.852808
54910,0.3518,35.18,Low,0,2026-09-09 16:08:04.852808
54911,0.0722,7.22,Low,0,2026-09-09 16:08:04.852808
54912,0.3492,34.92,Low,0,2026-09-09 16:08:04.852808
54913,0.7426,74.26,Medium,1,2026-09-09 16:08:04.852808
54914,0.2059,20.59,Low,0,2026-09-09 16:08:04.852808
54915,0.8829,88.29,High,1,2026-09-09 16:08:04.852808
54916,0.1449,14.49,Low,0,2026-09-09 16:08:04.852808
54917,0.5902,59.02,Medium,1,2026-09-09 16:08:04.852808
54918,0.2519,25.19,Low,0,2026-09-09 16:08:04.852808
54919,0.0578,5.78,Low,0,2026-09-09 16:08:04.852808
54920,0.3785,37.85,Low,0,2026-09-09 16:08:04.852808
54921,0.1967,19.67,Low,0,2026-09-09 16:08:04.852808
54922,0.2295,22.95,Low,0,2026-09-09 16:08:04.852808
54923,0.4166,41.66,Low,0,2026-09-09 16:08:04.852808
54924,0.0651,6.51,Low,0,2026-09-09 16:08:04.852808
54925,0.4159,41.59,Low,0,2026-09-09 16:08:04.852808
54926,0.4214,42.14,Low,0,2026-09-09 16:08:04.852808
54927,0.2227,22.27,Low,0,2026-09-09 16:08:04.852808
54928,0.2509,25.09,Low,0,2026-09-09 16:08:04.852808
54929,0.1224,12.24,Low,0,2026-09-09 16:08:04.852808
54930,0.3004,30.04,Low,0,2026-09-09 16:08:04.852808
54931,0.3276,32.76,Low,0,2026-09-09 16:08:04.852808
54932,0.1448,14.48,Low,0,2026-09-09 16:08:04.852808
54933,0.1009,10.09,Low,0,2026-09-09 16:08:04.852808
54934,0.5205,52.05,Medium,1,2026-09-09 16:08:04.852808
54935,0.2734,27.34,Low,0,2026-09-09 16:08:04.852808
54936,0.1533,15.33,Low,0,2026-09-09 16:08:04.852808
54937,0.0709,7.09,Low,0,2026-09-09 16:08:04.852808
54938,0.6707,67.07,Medium,1,2026-09-09 16:08:04.852808
54939,0.0374,3.74,Low,0,2026-09-09 16:08:04.852808
54940,0.1078,10.78,Low,0,2026-09-09 16:08:04.852808
54941,0.2344,23.44,Low,0,2026-09-09 16:08:04.852808
54942,0.2117,21.17,Low,0,2026-09-09 16:08:04.852808
54943,0.0993,9.93,Low,0,2026-09-09 16:08:04.852808
54944,0.3569,35.69,Low,0,2026-09-09 16:08:04.852808
54945,0.2676,26.76,Low,0,2026-09-09 16:08:04.852808
54946,0.3534,35.34,Low,0,2026-09-09 16:08:04.852808
54947,0.3688,36.88,Low,0,2026-09-09 16:08:04.852808
54948,0.23,23.0,Low,0,2026-09-09 16:08:04.852808
54949,0.3733,37.33,Low,0,2026-09-09 16:08:04.852808
54950,0.0955,9.55,Low,0,2026-09-09 16:08:04.852808
54951,0.5306,53.06,Medium,1,2026-09-09 16:08:04.852808
54952,0.2456,24.56,Low,0,2026-09-09 16:08:04.852808
54953,0.2571,25.71,Low,0,2026-09-09 16:08:04.852808
54954,0.2001,20.01,Low,0,2026-09-09 16:08:04.852808
54955,0.1087,10.87,Low,0,2026-09-09 16:08:04.852808
54956,0.1257,12.57,Low,0,2026-09-09 16:08:04.852808
54957,0.4102,41.02,Low,0,2026-09-09 16:08:04.852808
54958,0.3328,33.28,Low,0,2026-09-09 16:08:04.852808
54959,0.9195,91.95,High,1,2026-09-09 16:08:04.852808
54960,0.3847,38.47,Low,0,2026-09-09 16:08:04.852808
54961,0.1888,18.88,Low,0,2026-09-09 16:08:04.852808
54962,0.4856,48.56,Low,0,2026-09-09 16:08:04.852808
54963,0.2018,20.18,Low,0,2026-09-09 16:08:04.852808
54964,0.2249,22.49,Low,0,2026-09-09 16:08:04.852808
54965,0.7569,75.69,Medium,1,2026-09-09 16:08:04.852808
54966,0.3167,31.67,Low,0,2026-09-09 16:08:04.852808
54967,0.0915,9.15,Low,0,2026-09-09 16:08:04.852808
54968,0.092,9.2,Low,0,2026-09-09 16:08:04.852808
54969,0.1015,10.15,Low,0,2026-09-09 16:08:04.852808
54970,0.7568,75.68,Medium,1,2026-09-09 16:08:04.852808
54971,0.8533,85.33,High,1,2026-09-09 16:08:04.852808
54972,0.073,7.3,Low,0,2026-09-09 16:08:04.852808
54973,0.7762,77.62,Medium,1,2026-09-09 16:08:04.852808
54974,0.7698,76.98,Medium,1,2026-09-09 16:08:04.852808
54975,0.1758,17.58,Low,0,2026-09-09 16:08:04.852808
54976,0.2421,24.21,Low,0,2026-09-09 16:08:04.852808
54977,0.8931,89.31,High,1,2026-09-09 16:08:04.852808
54978,0.301,30.1,Low,0,2026-09-09 16:08:04.852808
54979,0.4049,40.49,Low,0,2026-09-09 16:08:04.852808
54980,0.8659,86.59,High,1,2026-09-09 16:08:04.852808
54981,0.2698,26.98,Low,0,2026-09-09 16:08:04.852808
54982,0.3052,30.52,Low,0,2026-09-09 16:08:04.852808
54983,0.2559,25.59,Low,0,2026-09-09 16:08:04.852808
54984,0.811,81.1,High,1,2026-09-09 16:08:04.852808
54985,0.2238,22.38,Low,0,2026-09-09 16:08:04.852808
54986,0.3329,33.29,Low,0,2026-09-09 16:08:04.852808
54987,0.1921,19.21,Low,0,2026-09-09 16:08:04.852808
54988,0.3838,38.38,Low,0,2026-09-09 16:08:04.852808
54989,0.1961,19.61,Low,0,2026-09-09 16:08:04.852808
54990,0.0957,9.57,Low,0,2026-09-09 16:08:04.852808
54991,0.082,8.2,Low,0,2026-09-09 16:08:04.852808
54992,0.2962,29.62,Low,0,2026-09-09 16:08:04.852808
54993,0.4963,49.63,Low,0,2026-09-09 16:08:04.852808
54994,0.1573,15.73,Low,0,2026-09-09 16:08:04.852808
54995,0.1828,18.28,Low,0,2026-09-09 16:08:04.852808
54996,0.114,11.4,Low,0,2026-09-09 16:08:04.852808
54997,0.1891,18.91,Low,0,2026-09-09 16:08:04.852808
54998,0.2926,29.26,Low,0,2026-09-09 16:08:04.852808
54999,0.2107,21.07,Low,0,2026-09-09 16:08:04.852808
55000,0.085,8.5,Low,0,2026-09-09 16:08:04.852808
55001,0.2342,23.42,Low,0,2026-09-09 16:08:04.852808
55002,0.3176,31.76,Low,0,2026-09-09 16:08:04.852808
55003,0.16,16.0,Low,0,2026-09-09 16:08:04.852808
55004,0.7153,71.53,Medium,1,2026-09-09 16:08:04.852808
55005,0.8481,84.81,High,1,2026-09-09 16:08:04.852808
55006,0.4325,43.25,Low,0,2026-09-09 16:08:04.852808
55007,0.7615,76.15,Medium,1,2026-09-09 16:08:04.852808
55008,0.2848,28.48,Low,0,2026-09-09 16:08:04.852808
55009,0.2651,26.51,Low,0,2026-09-09 16:08:04.852808
55010,0.2631,26.31,Low,0,2026-09-09 16:08:04.852808
55011,0.3708,37.08,Low,0,2026-09-09 16:08:04.852808
55012,0.0566,5.66,Low,0,2026-09-09 16:08:04.852808
55013,0.2398,23.98,Low,0,2026-09-09 16:08:04.852808
55014,0.613,61.3,Medium,1,2026-09-09 16:08:04.852808
55015,0.3802,38.02,Low,0,2026-09-09 16:08:04.852808
55016,0.2096,20.96,Low,0,2026-09-09 16:08:04.852808
55017,0.303,30.3,Low,0,2026-09-09 16:08:04.852808
55018,0.3499,34.99,Low,0,2026-09-09 16:08:04.852808
55019,0.2527,25.27,Low,0,2026-09-09 16:08:04.852808
55020,0.1233,12.33,Low,0,2026-09-09 16:08:04.852808
55021,0.1658,16.58,Low,0,2026-09-09 16:08:04.852808
55022,0.8598,85.98,High,1,2026-09-09 16:08:04.852808
55023,0.0462,4.62,Low,0,2026-09-09 16:08:04.852808
55024,0.0927,9.27,Low,0,2026-09-09 16:08:04.852808
55025,0.1265,12.65,Low,0,2026-09-09 16:08:04.852808
55026,0.7581,75.81,Medium,1,2026-09-09 16:08:04.852808
55027,0.249,24.9,Low,0,2026-09-09 16:08:04.852808
55028,0.3845,38.45,Low,0,2026-09-09 16:08:04.852808
55029,0.8406,84.06,High,1,2026-09-09 16:08:04.852808
55030,0.3763,37.63,Low,0,2026-09-09 16:08:04.852808
55031,0.7597,75.97,Medium,1,2026-09-09 16:08:04.852808
55032,0.3587,35.87,Low,0,2026-09-09 16:08:04.852808
55033,0.4076,40.76,Low,0,2026-09-09 16:08:04.852808
55034,0.1699,16.99,Low,0,2026-09-09 16:08:04.852808
55035,0.3781,37.81,Low,0,2026-09-09 16:08:04.852808
55036,0.2336,23.36,Low,0,2026-09-09 16:08:04.852808
55037,0.3129,31.29,Low,0,2026-09-09 16:08:04.852808
55038,0.1326,13.26,Low,0,2026-09-09 16:08:04.852808
55039,0.0436,4.36,Low,0,2026-09-09 16:08:04.852808
55040,0.1539,15.39,Low,0,2026-09-09 16:08:04.852808
55041,0.2715,27.15,Low,0,2026-09-09 16:08:04.852808
55042,0.424,42.4,Low,0,2026-09-09 16:08:04.852808
55043,0.7448,74.48,Medium,1,2026-09-09 16:08:04.852808
55044,0.193,19.3,Low,0,2026-09-09 16:08:04.852808
55045,0.1276,12.76,Low,0,2026-09-09 16:08:04.852808
55046,0.1198,11.98,Low,0,2026-09-09 16:08:04.852808
55047,0.2598,25.98,Low,0,2026-09-09 16:08:04.852808
55048,0.4062,40.62,Low,0,2026-09-09 16:08:04.852808
55049,0.4563,45.63,Low,0,2026-09-09 16:08:04.852808
55050,0.1813,18.13,Low,0,2026-09-09 16:08:04.852808
55051,0.9081,90.81,High,1,2026-09-09 16:08:04.852808
55052,0.2174,21.74,Low,0,2026-09-09 16:08:04.852808
55053,0.29,29.0,Low,0,2026-09-09 16:08:04.852808
55054,0.8798,87.98,High,1,2026-09-09 16:08:04.852808
55055,0.2233,22.33,Low,0,2026-09-09 16:08:04.852808
55056,0.2287,22.87,Low,0,2026-09-09 16:08:04.852808
55057,0.307,30.7,Low,0,2026-09-09 16:08:04.852808
55058,0.4298,42.98,Low,0,2026-09-09 16:08:04.852808
55059,0.1868,18.68,Low,0,2026-09-09 16:08:04.852808
55060,0.2637,26.37,Low,0,2026-09-09 16:08:04.852808
55061,0.0619,6.19,Low,0,2026-09-09 16:08:04.852808
55062,0.0449,4.49,Low,0,2026-09-09 16:08:04.852808
55063,0.1692,16.92,Low,0,2026-09-09 16:08:04.852808
55064,0.4073,40.73,Low,0,2026-09-09 16:08:04.852808
55065,0.7991,79.91,Medium,1,2026-09-09 16:08:04.852808
55066,0.4796,47.96,Low,0,2026-09-09 16:08:04.852808
55067,0.2535,25.35,Low,0,2026-09-09 16:08:04.852808
55068,0.3621,36.21,Low,0,2026-09-09 16:08:04.852808
55069,0.07,7.0,Low,0,2026-09-09 16:08:04.852808
55070,0.948,94.8,High,1,2026-09-09 16:08:04.852808
55071,0.629,62.9,Medium,1,2026-09-09 16:08:04.852808
55072,0.2059,20.59,Low,0,2026-09-09 16:08:04.852808
55073,0.5955,59.55,Medium,1,2026-09-09 16:08:04.852808
55074,0.2602,26.02,Low,0,2026-09-09 16:08:04.852808
55075,0.3009,30.09,Low,0,2026-09-09 16:08:04.852808
55076,0.2618,26.18,Low,0,2026-09-09 16:08:04.852808
55077,0.2662,26.62,Low,0,2026-09-09 16:08:04.852808
55078,0.5157,51.57,Medium,1,2026-09-09 16:08:04.852808
55079,0.4026,40.26,Low,0,2026-09-09 16:08:04.852808
55080,0.3793,37.93,Low,0,2026-09-09 16:08:04.852808
55081,0.8312,83.12,High,1,2026-09-09 16:08:04.852808
55082,0.682,68.2,Medium,1,2026-09-09 16:08:04.852808
55083,0.0397,3.97,Low,0,2026-09-09 16:08:04.852808
55084,0.2397,23.97,Low,0,2026-09-09 16:08:04.852808
55085,0.5983,59.83,Medium,1,2026-09-09 16:08:04.852808
55086,0.6991,69.91,Medium,1,2026-09-09 16:08:04.852808
55087,0.0687,6.87,Low,0,2026-09-09 16:08:04.852808
55088,0.3213,32.13,Low,0,2026-09-09 16:08:04.852808
55089,0.1378,13.78,Low,0,2026-09-09 16:08:04.852808
55090,0.8274,82.74,High,1,2026-09-09 16:08:04.852808
55091,0.1684,16.84,Low,0,2026-09-09 16:08:04.852808
55092,0.2739,27.39,Low,0,2026-09-09 16:08:04.852808
55093,0.0373,3.73,Low,0,2026-09-09 16:08:04.852808
55094,0.6718,67.18,Medium,1,2026-09-09 16:08:04.852808
55095,0.6104,61.04,Medium,1,2026-09-09 16:08:04.852808
55096,0.4352,43.52,Low,0,2026-09-09 16:08:04.852808
55097,0.2019,20.19,Low,0,2026-09-09 16:08:04.852808
55098,0.3862,38.62,Low,0,2026-09-09 16:08:04.852808
55099,0.2993,29.93,Low,0,2026-09-09 16:08:04.852808
55100,0.28,28.0,Low,0,2026-09-09 16:08:04.852808
55101,0.2817,28.17,Low,0,2026-09-09 16:08:04.852808
55102,0.4584,45.84,Low,0,2026-09-09 16:08:04.852808
55103,0.2047,20.47,Low,0,2026-09-09 16:08:04.852808
55104,0.2324,23.24,Low,0,2026-09-09 16:08:04.852808
55105,0.4157,41.57,Low,0,2026-09-09 16:08:04.852808
55106,0.3111,31.11,Low,0,2026-09-09 16:08:04.852808
55107,0.2004,20.04,Low,0,2026-09-09 16:08:04.852808
55108,0.3454,34.54,Low,0,2026-09-09 16:08:04.852808
55109,0.0841,8.41,Low,0,2026-09-09 16:08:04.852808
55110,0.0545,5.45,Low,0,2026-09-09 16:08:04.852808
55111,0.0447,4.47,Low,0,2026-09-09 16:08:04.852808
55112,0.0683,6.83,Low,0,2026-09-09 16:08:04.852808
55113,0.3908,39.08,Low,0,2026-09-09 16:08:04.852808
55114,0.101,10.1,Low,0,2026-09-09 16:08:04.852808
55115,0.2514,25.14,Low,0,2026-09-09 16:08:04.852808
55116,0.1857,18.57,Low,0,2026-09-09 16:08:04.852808
55117,0.2273,22.73,Low,0,2026-09-09 16:08:04.852808
55118,0.3309,33.09,Low,0,2026-09-09 16:08:04.852808
55119,0.1236,12.36,Low,0,2026-09-09 16:08:04.852808
55120,0.3624,36.24,Low,0,2026-09-09 16:08:04.852808
55121,0.5527,55.27,Medium,1,2026-09-09 16:08:04.852808
55122,0.0672,6.72,Low,0,2026-09-09 16:08:04.852808
55123,0.8059,80.59,High,1,2026-09-09 16:08:04.852808
55124,0.3252,32.52,Low,0,2026-09-09 16:08:04.852808
55125,0.1092,10.92,Low,0,2026-09-09 16:08:04.852808
55126,0.1767,17.67,Low,0,2026-09-09 16:08:04.852808
55127,0.1945,19.45,Low,0,2026-09-09 16:08:04.852808
55128,0.5548,55.48,Medium,1,2026-09-09 16:08:04.852808
55129,0.2253,22.53,Low,0,2026-09-09 16:08:04.852808
55130,0.1189,11.89,Low,0,2026-09-09 16:08:04.852808
55131,0.3999,39.99,Low,0,2026-09-09 16:08:04.852808
55132,0.3245,32.45,Low,0,2026-09-09 16:08:04.852808
55133,0.3113,31.13,Low,0,2026-09-09 16:08:04.852808
55134,0.4187,41.87,Low,0,2026-09-09 16:08:04.852808
55135,0.1185,11.85,Low,0,2026-09-09 16:08:04.852808
55136,0.3428,34.28,Low,0,2026-09-09 16:08:04.852808
55137,0.353,35.3,Low,0,2026-09-09 16:08:04.852808
55138,0.4502,45.02,Low,0,2026-09-09 16:08:04.852808
55139,0.1021,10.21,Low,0,2026-09-09 16:08:04.852808
55140,0.263,26.3,Low,0,2026-09-09 16:08:04.852808
55141,0.3814,38.14,Low,0,2026-09-09 16:08:04.852808
55142,0.8139,81.39,High,1,2026-09-09 16:08:04.852808
55143,0.158,15.8,Low,0,2026-09-09 16:08:04.852808
55144,0.118,11.8,Low,0,2026-09-09 16:08:04.852808
55145,0.3458,34.58,Low,0,2026-09-09 16:08:04.852808
55146,0.3964,39.64,Low,0,2026-09-09 16:08:04.852808
55147,0.1642,16.42,Low,0,2026-09-09 16:08:04.852808
55148,0.0556,5.56,Low,0,2026-09-09 16:08:04.852808
55149,0.1979,19.79,Low,0,2026-09-09 16:08:04.852808
55150,0.3411,34.11,Low,0,2026-09-09 16:08:04.852808
55151,0.298,29.8,Low,0,2026-09-09 16:08:04.852808
55152,0.1562,15.62,Low,0,2026-09-09 16:08:04.852808
55153,0.1066,10.66,Low,0,2026-09-09 16:08:04.852808
55154,0.1474,14.74,Low,0,2026-09-09 16:08:04.852808
55155,0.2211,22.11,Low,0,2026-09-09 16:08:04.852808
55156,0.2132,21.32,Low,0,2026-09-09 16:08:04.852808
55157,0.3561,35.61,Low,0,2026-09-09 16:08:04.852808
55158,0.1183,11.83,Low,0,2026-09-09 16:08:04.852808
55159,0.256,25.6,Low,0,2026-09-09 16:08:04.852808
55160,0.4942,49.42,Low,0,2026-09-09 16:08:04.852808
55161,0.8322,83.22,High,1,2026-09-09 16:08:04.852808
55162,0.2755,27.55,Low,0,2026-09-09 16:08:04.852808
55163,0.7433,74.33,Medium,1,2026-09-09 16:08:04.852808
55164,0.5034,50.34,Medium,1,2026-09-09 16:08:04.852808
55165,0.2868,28.68,Low,0,2026-09-09 16:08:04.852808
55166,0.1262,12.62,Low,0,2026-09-09 16:08:04.852808
55167,0.8881,88.81,High,1,2026-09-09 16:08:04.852808
55168,0.2659,26.59,Low,0,2026-09-09 16:08:04.852808
55169,0.1483,14.83,Low,0,2026-09-09 16:08:04.852808
55170,0.1356,13.56,Low,0,2026-09-09 16:08:04.852808
55171,0.3458,34.58,Low,0,2026-09-09 16:08:04.852808
55172,0.3941,39.41,Low,0,2026-09-09 16:08:04.852808
55173,0.2672,26.72,Low,0,2026-09-09 16:08:04.852808
55174,0.6677,66.77,Medium,1,2026-09-09 16:08:04.852808
55175,0.1951,19.51,Low,0,2026-09-09 16:08:04.852808
55176,0.2544,25.44,Low,0,2026-09-09 16:08:04.852808
55177,0.0344,3.44,Low,0,2026-09-09 16:08:04.852808
55178,0.3284,32.84,Low,0,2026-09-09 16:08:04.852808
55179,0.3748,37.48,Low,0,2026-09-09 16:08:04.852808
55180,0.1974,19.74,Low,0,2026-09-09 16:08:04.852808
55181,0.1711,17.11,Low,0,2026-09-09 16:08:04.852808
55182,0.1083,10.83,Low,0,2026-09-09 16:08:04.852808
55183,0.3149,31.49,Low,0,2026-09-09 16:08:04.852808
55184,0.0912,9.12,Low,0,2026-09-09 16:08:04.852808
55185,0.0576,5.76,Low,0,2026-09-09 16:08:04.852808
55186,0.1426,14.26,Low,0,2026-09-09 16:08:04.852808
55187,0.2764,27.64,Low,0,2026-09-09 16:08:04.852808
55188,0.7109,71.09,Medium,1,2026-09-09 16:08:04.852808
55189,0.0956,9.56,Low,0,2026-09-09 16:08:04.852808
55190,0.3465,34.65,Low,0,2026-09-09 16:08:04.852808
55191,0.2252,22.52,Low,0,2026-09-09 16:08:04.852808
55192,0.1294,12.94,Low,0,2026-09-09 16:08:04.852808
55193,0.7131,71.31,Medium,1,2026-09-09 16:08:04.852808
55194,0.1648,16.48,Low,0,2026-09-09 16:08:04.852808
55195,0.1489,14.89,Low,0,2026-09-09 16:08:04.852808
55196,0.1092,10.92,Low,0,2026-09-09 16:08:04.852808
55197,0.4763,47.63,Low,0,2026-09-09 16:08:04.852808
55198,0.8498,84.98,High,1,2026-09-09 16:08:04.852808
55199,0.5602,56.02,Medium,1,2026-09-09 16:08:04.852808
55200,0.4248,42.48,Low,0,2026-09-09 16:08:04.852808
55201,0.4331,43.31,Low,0,2026-09-09 16:08:04.852808
55202,0.1604,16.04,Low,0,2026-09-09 16:08:04.852808
55203,0.8612,86.12,High,1,2026-09-09 16:08:04.852808
55204,0.1603,16.03,Low,0,2026-09-09 16:08:04.852808
55205,0.1352,13.52,Low,0,2026-09-09 16:08:04.852808
55206,0.4421,44.21,Low,0,2026-09-09 16:08:04.852808
55207,0.0501,5.01,Low,0,2026-09-09 16:08:04.852808
55208,0.1524,15.24,Low,0,2026-09-09 16:08:04.852808
55209,0.5213,52.13,Medium,1,2026-09-09 16:08:04.852808
55210,0.6729,67.29,Medium,1,2026-09-09 16:08:04.852808
55211,0.1457,14.57,Low,0,2026-09-09 16:08:04.852808
55212,0.3603,36.03,Low,0,2026-09-09 16:08:04.852808
55213,0.4079,40.79,Low,0,2026-09-09 16:08:04.852808
55214,0.0303,3.03,Low,0,2026-09-09 16:08:04.852808
55215,0.3197,31.97,Low,0,2026-09-09 16:08:04.852808
55216,0.2777,27.77,Low,0,2026-09-09 16:08:04.852808
55217,0.1472,14.72,Low,0,2026-09-09 16:08:04.852808
55218,0.0782,7.82,Low,0,2026-09-09 16:08:04.852808
55219,0.7435,74.35,Medium,1,2026-09-09 16:08:04.852808
55220,0.4954,49.54,Low,0,2026-09-09 16:08:04.852808
55221,0.466,46.6,Low,0,2026-09-09 16:08:04.852808
55222,0.8477,84.77,High,1,2026-09-09 16:08:04.852808
55223,0.1414,14.14,Low,0,2026-09-09 16:08:04.852808
55224,0.4998,49.98,Low,0,2026-09-09 16:08:04.852808
55225,0.2271,22.71,Low,0,2026-09-09 16:08:04.852808
55226,0.8686,86.86,High,1,2026-09-09 16:08:04.852808
55227,0.5847,58.47,Medium,1,2026-09-09 16:08:04.852808
55228,0.0941,9.41,Low,0,2026-09-09 16:08:04.852808
55229,0.7675,76.75,Medium,1,2026-09-09 16:08:04.852808
55230,0.4263,42.63,Low,0,2026-09-09 16:08:04.852808
55231,0.1026,10.26,Low,0,2026-09-09 16:08:04.852808
55232,0.4902,49.02,Low,0,2026-09-09 16:08:04.852808
55233,0.1594,15.94,Low,0,2026-09-09 16:08:04.852808
55234,0.2109,21.09,Low,0,2026-09-09 16:08:04.852808
55235,0.3162,31.62,Low,0,2026-09-09 16:08:04.852808
55236,0.438,43.8,Low,0,2026-09-09 16:08:04.852808
55237,0.1148,11.48,Low,0,2026-09-09 16:08:04.852808
55238,0.1432,14.32,Low,0,2026-09-09 16:08:04.852808
55239,0.4058,40.58,Low,0,2026-09-09 16:08:04.852808
55240,0.3006,30.06,Low,0,2026-09-09 16:08:04.852808
55241,0.1515,15.15,Low,0,2026-09-09 16:08:04.852808
55242,0.4417,44.17,Low,0,2026-09-09 16:08:04.852808
55243,0.2648,26.48,Low,0,2026-09-09 16:08:04.852808
55244,0.0315,3.15,Low,0,2026-09-09 16:08:04.852808
55245,0.1328,13.28,Low,0,2026-09-09 16:08:04.852808
55246,0.4215,42.15,Low,0,2026-09-09 16:08:04.852808
55247,0.2358,23.58,Low,0,2026-09-09 16:08:04.852808
55248,0.0733,7.33,Low,0,2026-09-09 16:08:04.852808
55249,0.6147,61.47,Medium,1,2026-09-09 16:08:04.852808
55250,0.246,24.6,Low,0,2026-09-09 16:08:04.852808
55251,0.4191,41.91,Low,0,2026-09-09 16:08:04.852808
55252,0.1032,10.32,Low,0,2026-09-09 16:08:04.852808
55253,0.1688,16.88,Low,0,2026-09-09 16:08:04.852808
55254,0.2462,24.62,Low,0,2026-09-09 16:08:04.852808
55255,0.2045,20.45,Low,0,2026-09-09 16:08:04.852808
55256,0.4978,49.78,Low,0,2026-09-09 16:08:04.852808
55257,0.1608,16.08,Low,0,2026-09-09 16:08:04.852808
55258,0.8291,82.91,High,1,2026-09-09 16:08:04.852808
55259,0.8295,82.95,High,1,2026-09-09 16:08:04.852808
55260,0.1369,13.69,Low,0,2026-09-09 16:08:04.852808
55261,0.3968,39.68,Low,0,2026-09-09 16:08:04.852808
55262,0.2498,24.98,Low,0,2026-09-09 16:08:04.852808
55263,0.5081,50.81,Medium,1,2026-09-09 16:08:04.852808
55264,0.9368,93.68,High,1,2026-09-09 16:08:04.852808
55265,0.1078,10.78,Low,0,2026-09-09 16:08:04.852808
55266,0.3489,34.89,Low,0,2026-09-09 16:08:04.852808
55267,0.2593,25.93,Low,0,2026-09-09 16:08:04.852808
55268,0.3028,30.28,Low,0,2026-09-09 16:08:04.852808
55269,0.0576,5.76,Low,0,2026-09-09 16:08:04.852808
55270,0.482,48.2,Low,0,2026-09-09 16:08:04.852808
55271,0.4467,44.67,Low,0,2026-09-09 16:08:04.852808
55272,0.2558,25.58,Low,0,2026-09-09 16:08:04.852808
55273,0.826,82.6,High,1,2026-09-09 16:08:04.852808
55274,0.0174,1.74,Low,0,2026-09-09 16:08:04.852808
55275,0.482,48.2,Low,0,2026-09-09 16:08:04.852808
55276,0.863,86.3,High,1,2026-09-09 16:08:04.852808
55277,0.263,26.3,Low,0,2026-09-09 16:08:04.852808
55278,0.8755,87.55,High,1,2026-09-09 16:08:04.852808
55279,0.1606,16.06,Low,0,2026-09-09 16:08:04.852808
55280,0.7923,79.23,Medium,1,2026-09-09 16:08:04.852808
55281,0.1202,12.02,Low,0,2026-09-09 16:08:04.852808
55282,0.48,48.0,Low,0,2026-09-09 16:08:04.852808
55283,0.5644,56.44,Medium,1,2026-09-09 16:08:04.852808
55284,0.1526,15.26,Low,0,2026-09-09 16:08:04.852808
55285,0.3719,37.19,Low,0,2026-09-09 16:08:04.852808
55286,0.2398,23.98,Low,0,2026-09-09 16:08:04.852808
55287,0.1701,17.01,Low,0,2026-09-09 16:08:04.852808
55288,0.5021,50.21,Medium,1,2026-09-09 16:08:04.852808
55289,0.8943,89.43,High,1,2026-09-09 16:08:04.852808
55290,0.1074,10.74,Low,0,2026-09-09 16:08:04.852808
55291,0.4294,42.94,Low,0,2026-09-09 16:08:04.852808
55292,0.3886,38.86,Low,0,2026-09-09 16:08:04.852808
55293,0.5231,52.31,Medium,1,2026-09-09 16:08:04.852808
55294,0.3953,39.53,Low,0,2026-09-09 16:08:04.852808
55295,0.2238,22.38,Low,0,2026-09-09 16:08:04.852808
55296,0.4115,41.15,Low,0,2026-09-09 16:08:04.852808
55297,0.2179,21.79,Low,0,2026-09-09 16:08:04.852808
55298,0.1226,12.26,Low,0,2026-09-09 16:08:04.852808
55299,0.1962,19.62,Low,0,2026-09-09 16:08:04.852808
55300,0.9043,90.43,High,1,2026-09-09 16:08:04.852808
55301,0.0408,4.08,Low,0,2026-09-09 16:08:04.852808
55302,0.6827,68.27,Medium,1,2026-09-09 16:08:04.852808
55303,0.2426,24.26,Low,0,2026-09-09 16:08:04.852808
55304,0.0434,4.34,Low,0,2026-09-09 16:08:04.852808
55305,0.2945,29.45,Low,0,2026-09-09 16:08:04.852808
55306,0.2174,21.74,Low,0,2026-09-09 16:08:04.852808
55307,0.2722,27.22,Low,0,2026-09-09 16:08:04.852808
55308,0.1858,18.58,Low,0,2026-09-09 16:08:04.852808
55309,0.2839,28.39,Low,0,2026-09-09 16:08:04.852808
55310,0.2472,24.72,Low,0,2026-09-09 16:08:04.852808
55311,0.408,40.8,Low,0,2026-09-09 16:08:04.852808
55312,0.382,38.2,Low,0,2026-09-09 16:08:04.852808
55313,0.0681,6.81,Low,0,2026-09-09 16:08:04.852808
55314,0.1736,17.36,Low,0,2026-09-09 16:08:04.852808
55315,0.1585,15.85,Low,0,2026-09-09 16:08:04.852808
55316,0.5847,58.47,Medium,1,2026-09-09 16:08:04.852808
55317,0.3112,31.12,Low,0,2026-09-09 16:08:04.852808
55318,0.0615,6.15,Low,0,2026-09-09 16:08:04.852808
55319,0.3138,31.38,Low,0,2026-09-09 16:08:04.852808
55320,0.1975,19.75,Low,0,2026-09-09 16:08:04.852808
55321,0.2372,23.72,Low,0,2026-09-09 16:08:04.852808
55322,0.198,19.8,Low,0,2026-09-09 16:08:04.852808
55323,0.2893,28.93,Low,0,2026-09-09 16:08:04.852808
55324,0.1606,16.06,Low,0,2026-09-09 16:08:04.852808
55325,0.1977,19.77,Low,0,2026-09-09 16:08:04.852808
55326,0.4669,46.69,Low,0,2026-09-09 16:08:04.852808
55327,0.547,54.7,Medium,1,2026-09-09 16:08:04.852808
55328,0.3208,32.08,Low,0,2026-09-09 16:08:04.852808
55329,0.2982,29.82,Low,0,2026-09-09 16:08:04.852808
55330,0.3203,32.03,Low,0,2026-09-09 16:08:04.852808
55331,0.2267,22.67,Low,0,2026-09-09 16:08:04.852808
55332,0.1742,17.42,Low,0,2026-09-09 16:08:04.852808
55333,0.3914,39.14,Low,0,2026-09-09 16:08:04.852808
55334,0.2745,27.45,Low,0,2026-09-09 16:08:04.852808
55335,0.1196,11.96,Low,0,2026-09-09 16:08:04.852808
55336,0.0992,9.92,Low,0,2026-09-09 16:08:04.852808
55337,0.341,34.1,Low,0,2026-09-09 16:08:04.852808
55338,0.4781,47.81,Low,0,2026-09-09 16:08:04.852808
55339,0.0728,7.28,Low,0,2026-09-09 16:08:04.852808
55340,0.4341,43.41,Low,0,2026-09-09 16:08:04.852808
55341,0.2624,26.24,Low,0,2026-09-09 16:08:04.852808
55342,0.0803,8.03,Low,0,2026-09-09 16:08:04.852808
55343,0.2864,28.64,Low,0,2026-09-09 16:08:04.852808
55344,0.1596,15.96,Low,0,2026-09-09 16:08:04.852808
55345,0.0654,6.54,Low,0,2026-09-09 16:08:04.852808
55346,0.892,89.2,High,1,2026-09-09 16:08:04.852808
55347,0.1952,19.52,Low,0,2026-09-09 16:08:04.852808
55348,0.2771,27.71,Low,0,2026-09-09 16:08:04.852808
55349,0.2843,28.43,Low,0,2026-09-09 16:08:04.852808
55350,0.0296,2.96,Low,0,2026-09-09 16:08:04.852808
55351,0.0959,9.59,Low,0,2026-09-09 16:08:04.852808
55352,0.1293,12.93,Low,0,2026-09-09 16:08:04.852808
55353,0.6883,68.83,Medium,1,2026-09-09 16:08:04.852808
55354,0.2748,27.48,Low,0,2026-09-09 16:08:04.852808
55355,0.3285,32.85,Low,0,2026-09-09 16:08:04.852808
55356,0.3977,39.77,Low,0,2026-09-09 16:08:04.852808
55357,0.2272,22.72,Low,0,2026-09-09 16:08:04.852808
55358,0.0892,8.92,Low,0,2026-09-09 16:08:04.852808
55359,0.0833,8.33,Low,0,2026-09-09 16:08:04.852808
55360,0.6097,60.97,Medium,1,2026-09-09 16:08:04.852808
55361,0.3039,30.39,Low,0,2026-09-09 16:08:04.852808
55362,0.419,41.9,Low,0,2026-09-09 16:08:04.852808
55363,0.8645,86.45,High,1,2026-09-09 16:08:04.852808
55364,0.2033,20.33,Low,0,2026-09-09 16:08:04.852808
55365,0.782,78.2,Medium,1,2026-09-09 16:08:04.852808
55366,0.074,7.4,Low,0,2026-09-09 16:08:04.852808
55367,0.1803,18.03,Low,0,2026-09-09 16:08:04.852808
55368,0.2463,24.63,Low,0,2026-09-09 16:08:04.852808
55369,0.0798,7.98,Low,0,2026-09-09 16:08:04.852808
55370,0.4025,40.25,Low,0,2026-09-09 16:08:04.852808
55371,0.1692,16.92,Low,0,2026-09-09 16:08:04.852808
55372,0.5988,59.88,Medium,1,2026-09-09 16:08:04.852808
55373,0.2101,21.01,Low,0,2026-09-09 16:08:04.852808
55374,0.1508,15.08,Low,0,2026-09-09 16:08:04.852808
55375,0.2932,29.32,Low,0,2026-09-09 16:08:04.852808
55376,0.1118,11.18,Low,0,2026-09-09 16:08:04.852808
55377,0.244,24.4,Low,0,2026-09-09 16:08:04.852808
55378,0.2048,20.48,Low,0,2026-09-09 16:08:04.852808
55379,0.0905,9.05,Low,0,2026-09-09 16:08:04.852808
55380,0.3797,37.97,Low,0,2026-09-09 16:08:04.852808
55381,0.2506,25.06,Low,0,2026-09-09 16:08:04.852808
55382,0.1829,18.29,Low,0,2026-09-09 16:08:04.852808
55383,0.309,30.9,Low,0,2026-09-09 16:08:04.852808
55384,0.2962,29.62,Low,0,2026-09-09 16:08:04.852808
55385,0.5307,53.07,Medium,1,2026-09-09 16:08:04.852808
55386,0.2688,26.88,Low,0,2026-09-09 16:08:04.852808
55387,0.3918,39.18,Low,0,2026-09-09 16:08:04.852808
55388,0.0858,8.58,Low,0,2026-09-09 16:08:04.852808
55389,0.2963,29.63,Low,0,2026-09-09 16:08:04.852808
55390,0.363,36.3,Low,0,2026-09-09 16:08:04.852808
55391,0.2683,26.83,Low,0,2026-09-09 16:08:04.852808
55392,0.1925,19.25,Low,0,2026-09-09 16:08:04.852808
55393,0.0959,9.59,Low,0,2026-09-09 16:08:04.852808
55394,0.3358,33.58,Low,0,2026-09-09 16:08:04.852808
55395,0.0633,6.33,Low,0,2026-09-09 16:08:04.852808
55396,0.3137,31.37,Low,0,2026-09-09 16:08:04.852808
55397,0.6273,62.73,Medium,1,2026-09-09 16:08:04.852808
55398,0.7335,73.35,Medium,1,2026-09-09 16:08:04.852808
55399,0.5745,57.45,Medium,1,2026-09-09 16:08:04.852808
55400,0.1372,13.72,Low,0,2026-09-09 16:08:04.852808
55401,0.365,36.5,Low,0,2026-09-09 16:08:04.852808
55402,0.0514,5.14,Low,0,2026-09-09 16:08:04.852808
55403,0.1012,10.12,Low,0,2026-09-09 16:08:04.852808
55404,0.2618,26.18,Low,0,2026-09-09 16:08:04.852808
55405,0.386,38.6,Low,0,2026-09-09 16:08:04.852808
55406,0.0458,4.58,Low,0,2026-09-09 16:08:04.852808
55407,0.0279,2.79,Low,0,2026-09-09 16:08:04.852808
55408,0.4132,41.32,Low,0,2026-09-09 16:08:04.852808
55409,0.3488,34.88,Low,0,2026-09-09 16:08:04.852808
55410,0.1615,16.15,Low,0,2026-09-09 16:08:04.852808
55411,0.2245,22.45,Low,0,2026-09-09 16:08:04.852808
55412,0.1899,18.99,Low,0,2026-09-09 16:08:04.852808
55413,0.1138,11.38,Low,0,2026-09-09 16:08:04.852808
55414,0.2493,24.93,Low,0,2026-09-09 16:08:04.852808
55415,0.3782,37.82,Low,0,2026-09-09 16:08:04.852808
55416,0.3153,31.53,Low,0,2026-09-09 16:08:04.852808
55417,0.5996,59.96,Medium,1,2026-09-09 16:08:04.852808
55418,0.2128,21.28,Low,0,2026-09-09 16:08:04.852808
55419,0.2418,24.18,Low,0,2026-09-09 16:08:04.852808
55420,0.3922,39.22,Low,0,2026-09-09 16:08:04.852808
55421,0.1874,18.74,Low,0,2026-09-09 16:08:04.852808
55422,0.8476,84.76,High,1,2026-09-09 16:08:04.852808
55423,0.1315,13.15,Low,0,2026-09-09 16:08:04.852808
55424,0.7544,75.44,Medium,1,2026-09-09 16:08:04.852808
55425,0.3291,32.91,Low,0,2026-09-09 16:08:04.852808
55426,0.2965,29.65,Low,0,2026-09-09 16:08:04.852808
55427,0.0449,4.49,Low,0,2026-09-09 16:08:04.852808
55428,0.1092,10.92,Low,0,2026-09-09 16:08:04.852808
55429,0.2193,21.93,Low,0,2026-09-09 16:08:04.852808
55430,0.0717,7.17,Low,0,2026-09-09 16:08:04.852808
55431,0.3156,31.56,Low,0,2026-09-09 16:08:04.852808
55432,0.2347,23.47,Low,0,2026-09-09 16:08:04.852808
55433,0.0858,8.58,Low,0,2026-09-09 16:08:04.852808
55434,0.5867,58.67,Medium,1,2026-09-09 16:08:04.852808
55435,0.1781,17.81,Low,0,2026-09-09 16:08:04.852808
55436,0.2338,23.38,Low,0,2026-09-09 16:08:04.852808
55437,0.2861,28.61,Low,0,2026-09-09 16:08:04.852808
55438,0.1868,18.68,Low,0,2026-09-09 16:08:04.852808
55439,0.395,39.5,Low,0,2026-09-09 16:08:04.852808
55440,0.1018,10.18,Low,0,2026-09-09 16:08:04.852808
55441,0.3253,32.53,Low,0,2026-09-09 16:08:04.852808
55442,0.3767,37.67,Low,0,2026-09-09 16:08:04.852808
55443,0.2956,29.56,Low,0,2026-09-09 16:08:04.852808
55444,0.2118,21.18,Low,0,2026-09-09 16:08:04.852808
55445,0.5247,52.47,Medium,1,2026-09-09 16:08:04.852808
55446,0.2666,26.66,Low,0,2026-09-09 16:08:04.852808
55447,0.1458,14.58,Low,0,2026-09-09 16:08:04.852808
55448,0.2582,25.82,Low,0,2026-09-09 16:08:04.852808
55449,0.1767,17.67,Low,0,2026-09-09 16:08:04.852808
55450,0.2785,27.85,Low,0,2026-09-09 16:08:04.852808
55451,0.6049,60.49,Medium,1,2026-09-09 16:08:04.852808
55452,0.2691,26.91,Low,0,2026-09-09 16:08:04.852808
55453,0.4389,43.89,Low,0,2026-09-09 16:08:04.852808
55454,0.7148,71.48,Medium,1,2026-09-09 16:08:04.852808
55455,0.2466,24.66,Low,0,2026-09-09 16:08:04.852808
55456,0.2135,21.35,Low,0,2026-09-09 16:08:04.852808
55457,0.247,24.7,Low,0,2026-09-09 16:08:04.852808
55458,0.3406,34.06,Low,0,2026-09-09 16:08:04.852808
55459,0.1414,14.14,Low,0,2026-09-09 16:08:04.852808
55460,0.0374,3.74,Low,0,2026-09-09 16:08:04.852808
55461,0.0349,3.49,Low,0,2026-09-09 16:08:04.852808
55462,0.3419,34.19,Low,0,2026-09-09 16:08:04.852808
55463,0.8262,82.62,High,1,2026-09-09 16:08:04.852808
55464,0.1842,18.42,Low,0,2026-09-09 16:08:04.852808
55465,0.7043,70.43,Medium,1,2026-09-09 16:08:04.852808
55466,0.1708,17.08,Low,0,2026-09-09 16:08:04.852808
55467,0.2214,22.14,Low,0,2026-09-09 16:08:04.852808
55468,0.1891,18.91,Low,0,2026-09-09 16:08:04.852808
55469,0.1811,18.11,Low,0,2026-09-09 16:08:04.852808
55470,0.5227,52.27,Medium,1,2026-09-09 16:08:04.852808
55471,0.1899,18.99,Low,0,2026-09-09 16:08:04.852808
55472,0.2662,26.62,Low,0,2026-09-09 16:08:04.852808
55473,0.8936,89.36,High,1,2026-09-09 16:08:04.852808
55474,0.2473,24.73,Low,0,2026-09-09 16:08:04.852808
55475,0.8807,88.07,High,1,2026-09-09 16:08:04.852808
55476,0.3227,32.27,Low,0,2026-09-09 16:08:04.852808
55477,0.3604,36.04,Low,0,2026-09-09 16:08:04.852808
55478,0.2903,29.03,Low,0,2026-09-09 16:08:04.852808
55479,0.1563,15.63,Low,0,2026-09-09 16:08:04.852808
55480,0.288,28.8,Low,0,2026-09-09 16:08:04.852808
55481,0.045,4.5,Low,0,2026-09-09 16:08:04.852808
55482,0.1793,17.93,Low,0,2026-09-09 16:08:04.852808
55483,0.2391,23.91,Low,0,2026-09-09 16:08:04.852808
55484,0.0912,9.12,Low,0,2026-09-09 16:08:04.852808
55485,0.2685,26.85,Low,0,2026-09-09 16:08:04.852808
55486,0.1032,10.32,Low,0,2026-09-09 16:08:04.852808
55487,0.2958,29.58,Low,0,2026-09-09 16:08:04.852808
55488,0.0678,6.78,Low,0,2026-09-09 16:08:04.852808
55489,0.4617,46.17,Low,0,2026-09-09 16:08:04.852808
55490,0.0819,8.19,Low,0,2026-09-09 16:08:04.852808
55491,0.1753,17.53,Low,0,2026-09-09 16:08:04.852808
55492,0.0406,4.06,Low,0,2026-09-09 16:08:04.852808
55493,0.2279,22.79,Low,0,2026-09-09 16:08:04.852808
55494,0.7846,78.46,Medium,1,2026-09-09 16:08:04.852808
55495,0.6173,61.73,Medium,1,2026-09-09 16:08:04.852808
55496,0.6891,68.91,Medium,1,2026-09-09 16:08:04.852808
55497,0.1772,17.72,Low,0,2026-09-09 16:08:04.852808
55498,0.0386,3.86,Low,0,2026-09-09 16:08:04.852808
55499,0.2669,26.69,Low,0,2026-09-09 16:08:04.852808
55500,0.2352,23.52,Low,0,2026-09-09 16:08:04.852808
55501,0.2892,28.92,Low,0,2026-09-09 16:08:04.852808
55502,0.845,84.5,High,1,2026-09-09 16:08:04.852808
55503,0.3031,30.31,Low,0,2026-09-09 16:08:04.852808
55504,0.2537,25.37,Low,0,2026-09-09 16:08:04.852808
55505,0.3119,31.19,Low,0,2026-09-09 16:08:04.852808
55506,0.2691,26.91,Low,0,2026-09-09 16:08:04.852808
55507,0.685,68.5,Medium,1,2026-09-09 16:08:04.852808
55508,0.3,30.0,Low,0,2026-09-09 16:08:04.852808
55509,0.2699,26.99,Low,0,2026-09-09 16:08:04.852808
55510,0.2567,25.67,Low,0,2026-09-09 16:08:04.852808
55511,0.8115,81.15,High,1,2026-09-09 16:08:04.852808
55512,0.1501,15.01,Low,0,2026-09-09 16:08:04.852808
55513,0.0219,2.19,Low,0,2026-09-09 16:08:04.852808
55514,0.0686,6.86,Low,0,2026-09-09 16:08:04.852808
55515,0.8225,82.25,High,1,2026-09-09 16:08:04.852808
55516,0.105,10.5,Low,0,2026-09-09 16:08:04.852808
55517,0.3359,33.59,Low,0,2026-09-09 16:08:04.852808
55518,0.1667,16.67,Low,0,2026-09-09 16:08:04.852808
55519,0.4236,42.36,Low,0,2026-09-09 16:08:04.852808
55520,0.1496,14.96,Low,0,2026-09-09 16:08:04.852808
55521,0.0671,6.71,Low,0,2026-09-09 16:08:04.852808
55522,0.5943,59.43,Medium,1,2026-09-09 16:08:04.852808
55523,0.2095,20.95,Low,0,2026-09-09 16:08:04.852808
55524,0.3738,37.38,Low,0,2026-09-09 16:08:04.852808
55525,0.3217,32.17,Low,0,2026-09-09 16:08:04.852808
55526,0.515,51.5,Medium,1,2026-09-09 16:08:04.852808
55527,0.1512,15.12,Low,0,2026-09-09 16:08:04.852808
55528,0.2318,23.18,Low,0,2026-09-09 16:08:04.852808
55529,0.7555,75.55,Medium,1,2026-09-09 16:08:04.852808
55530,0.1743,17.43,Low,0,2026-09-09 16:08:04.852808
55531,0.1459,14.59,Low,0,2026-09-09 16:08:04.852808
55532,0.3708,37.08,Low,0,2026-09-09 16:08:04.852808
55533,0.0615,6.15,Low,0,2026-09-09 16:08:04.852808
55534,0.0479,4.79,Low,0,2026-09-09 16:08:04.852808
55535,0.1921,19.21,Low,0,2026-09-09 16:08:04.852808
55536,0.868,86.8,High,1,2026-09-09 16:08:04.852808
55537,0.5407,54.07,Medium,1,2026-09-09 16:08:04.852808
55538,0.3435,34.35,Low,0,2026-09-09 16:08:04.852808
55539,0.2616,26.16,Low,0,2026-09-09 16:08:04.852808
55540,0.5393,53.93,Medium,1,2026-09-09 16:08:04.852808
55541,0.3354,33.54,Low,0,2026-09-09 16:08:04.852808
55542,0.3271,32.71,Low,0,2026-09-09 16:08:04.852808
55543,0.0942,9.42,Low,0,2026-09-09 16:08:04.852808
55544,0.0636,6.36,Low,0,2026-09-09 16:08:04.852808
55545,0.2347,23.47,Low,0,2026-09-09 16:08:04.852808
55546,0.3443,34.43,Low,0,2026-09-09 16:08:04.852808
55547,0.5137,51.37,Medium,1,2026-09-09 16:08:04.852808
55548,0.3534,35.34,Low,0,2026-09-09 16:08:04.852808
55549,0.481,48.1,Low,0,2026-09-09 16:08:04.852808
55550,0.3903,39.03,Low,0,2026-09-09 16:08:04.852808
55551,0.3074,30.74,Low,0,2026-09-09 16:08:04.852808
55552,0.358,35.8,Low,0,2026-09-09 16:08:04.852808
55553,0.1956,19.56,Low,0,2026-09-09 16:08:04.852808
55554,0.7782,77.82,Medium,1,2026-09-09 16:08:04.852808
55555,0.072,7.2,Low,0,2026-09-09 16:08:04.852808
55556,0.1773,17.73,Low,0,2026-09-09 16:08:04.852808
55557,0.1659,16.59,Low,0,2026-09-09 16:08:04.852808
55558,0.316,31.6,Low,0,2026-09-09 16:08:04.852808
55559,0.5175,51.75,Medium,1,2026-09-09 16:08:04.852808
55560,0.5457,54.57,Medium,1,2026-09-09 16:08:04.852808
55561,0.1417,14.17,Low,0,2026-09-09 16:08:04.852808
55562,0.0644,6.44,Low,0,2026-09-09 16:08:04.852808
55563,0.3774,37.74,Low,0,2026-09-09 16:08:04.852808
55564,0.4678,46.78,Low,0,2026-09-09 16:08:04.852808
55565,0.0354,3.54,Low,0,2026-09-09 16:08:04.852808
55566,0.2881,28.81,Low,0,2026-09-09 16:08:04.852808
55567,0.0703,7.03,Low,0,2026-09-09 16:08:04.852808
55568,0.0678,6.78,Low,0,2026-09-09 16:08:04.852808
55569,0.1051,10.51,Low,0,2026-09-09 16:08:04.852808
55570,0.0612,6.12,Low,0,2026-09-09 16:08:04.852808
55571,0.103,10.3,Low,0,2026-09-09 16:08:04.852808
55572,0.3585,35.85,Low,0,2026-09-09 16:08:04.852808
55573,0.3456,34.56,Low,0,2026-09-09 16:08:04.852808
55574,0.5103,51.03,Medium,1,2026-09-09 16:08:04.852808
55575,0.3493,34.93,Low,0,2026-09-09 16:08:04.852808
55576,0.2581,25.81,Low,0,2026-09-09 16:08:04.852808
55577,0.2819,28.19,Low,0,2026-09-09 16:08:04.852808
55578,0.0673,6.73,Low,0,2026-09-09 16:08:04.852808
55579,0.2706,27.06,Low,0,2026-09-09 16:08:04.852808
55580,0.2124,21.24,Low,0,2026-09-09 16:08:04.852808
55581,0.2552,25.52,Low,0,2026-09-09 16:08:04.852808
55582,0.3676,36.76,Low,0,2026-09-09 16:08:04.852808
55583,0.2731,27.31,Low,0,2026-09-09 16:08:04.852808
55584,0.3171,31.71,Low,0,2026-09-09 16:08:04.852808
55585,0.4273,42.73,Low,0,2026-09-09 16:08:04.852808
55586,0.4412,44.12,Low,0,2026-09-09 16:08:04.852808
55587,0.3139,31.39,Low,0,2026-09-09 16:08:04.852808
55588,0.2787,27.87,Low,0,2026-09-09 16:08:04.852808
55589,0.0851,8.51,Low,0,2026-09-09 16:08:04.852808
55590,0.4484,44.84,Low,0,2026-09-09 16:08:04.852808
55591,0.2143,21.43,Low,0,2026-09-09 16:08:04.852808
55592,0.4348,43.48,Low,0,2026-09-09 16:08:04.852808
55593,0.8514,85.14,High,1,2026-09-09 16:08:04.852808
55594,0.1971,19.71,Low,0,2026-09-09 16:08:04.852808
55595,0.9088,90.88,High,1,2026-09-09 16:08:04.852808
55596,0.3182,31.82,Low,0,2026-09-09 16:08:04.852808
55597,0.1714,17.14,Low,0,2026-09-09 16:08:04.852808
55598,0.5208,52.08,Medium,1,2026-09-09 16:08:04.852808
55599,0.1736,17.36,Low,0,2026-09-09 16:08:04.852808
55600,0.1766,17.66,Low,0,2026-09-09 16:08:04.852808
55601,0.1632,16.32,Low,0,2026-09-09 16:08:04.852808
55602,0.1862,18.62,Low,0,2026-09-09 16:08:04.852808
55603,0.2814,28.14,Low,0,2026-09-09 16:08:04.852808
55604,0.1866,18.66,Low,0,2026-09-09 16:08:04.852808
55605,0.2687,26.87,Low,0,2026-09-09 16:08:04.852808
55606,0.4357,43.57,Low,0,2026-09-09 16:08:04.852808
55607,0.1127,11.27,Low,0,2026-09-09 16:08:04.852808
55608,0.124,12.4,Low,0,2026-09-09 16:08:04.852808
55609,0.2608,26.08,Low,0,2026-09-09 16:08:04.852808
55610,0.2311,23.11,Low,0,2026-09-09 16:08:04.852808
55611,0.1711,17.11,Low,0,2026-09-09 16:08:04.852808
55612,0.2106,21.06,Low,0,2026-09-09 16:08:04.852808
55613,0.0448,4.48,Low,0,2026-09-09 16:08:04.852808
55614,0.2333,23.33,Low,0,2026-09-09 16:08:04.852808
55615,0.3938,39.38,Low,0,2026-09-09 16:08:04.852808
55616,0.5612,56.12,Medium,1,2026-09-09 16:08:04.852808
55617,0.2141,21.41,Low,0,2026-09-09 16:08:04.852808
55618,0.3866,38.66,Low,0,2026-09-09 16:08:04.852808
55619,0.2494,24.94,Low,0,2026-09-09 16:08:04.852808
55620,0.9006,90.06,High,1,2026-09-09 16:08:04.852808
55621,0.8653,86.53,High,1,2026-09-09 16:08:04.852808
55622,0.0919,9.19,Low,0,2026-09-09 16:08:04.852808
55623,0.3573,35.73,Low,0,2026-09-09 16:08:04.852808
55624,0.1093,10.93,Low,0,2026-09-09 16:08:04.852808
55625,0.3004,30.04,Low,0,2026-09-09 16:08:04.852808
55626,0.1183,11.83,Low,0,2026-09-09 16:08:04.852808
55627,0.3767,37.67,Low,0,2026-09-09 16:08:04.852808
55628,0.2315,23.15,Low,0,2026-09-09 16:08:04.852808
55629,0.2269,22.69,Low,0,2026-09-09 16:08:04.852808
55630,0.2997,29.97,Low,0,2026-09-09 16:08:04.852808
55631,0.2677,26.77,Low,0,2026-09-09 16:08:04.852808
55632,0.6254,62.54,Medium,1,2026-09-09 16:08:04.852808
55633,0.2164,21.64,Low,0,2026-09-09 16:08:04.852808
55634,0.1775,17.75,Low,0,2026-09-09 16:08:04.852808
55635,0.2194,21.94,Low,0,2026-09-09 16:08:04.852808
55636,0.5474,54.74,Medium,1,2026-09-09 16:08:04.852808
55637,0.6995,69.95,Medium,1,2026-09-09 16:08:04.852808
55638,0.3754,37.54,Low,0,2026-09-09 16:08:04.852808
55639,0.3595,35.95,Low,0,2026-09-09 16:08:04.852808
55640,0.3461,34.61,Low,0,2026-09-09 16:08:04.852808
55641,0.6197,61.97,Medium,1,2026-09-09 16:08:04.852808
55642,0.596,59.6,Medium,1,2026-09-09 16:08:04.852808
55643,0.3146,31.46,Low,0,2026-09-09 16:08:04.852808
55644,0.4506,45.06,Low,0,2026-09-09 16:08:04.852808
55645,0.4479,44.79,Low,0,2026-09-09 16:08:04.852808
55646,0.3256,32.56,Low,0,2026-09-09 16:08:04.852808
55647,0.4822,48.22,Low,0,2026-09-09 16:08:04.852808
55648,0.5971,59.71,Medium,1,2026-09-09 16:08:04.852808
55649,0.4065,40.65,Low,0,2026-09-09 16:08:04.852808
55650,0.6909,69.09,Medium,1,2026-09-09 16:08:04.852808
55651,0.307,30.7,Low,0,2026-09-09 16:08:04.852808
55652,0.2449,24.49,Low,0,2026-09-09 16:08:04.852808
55653,0.6239,62.39,Medium,1,2026-09-09 16:08:04.852808
55654,0.1972,19.72,Low,0,2026-09-09 16:08:04.852808
55655,0.6538,65.38,Medium,1,2026-09-09 16:08:04.852808
55656,0.3301,33.01,Low,0,2026-09-09 16:08:04.852808
55657,0.634,63.4,Medium,1,2026-09-09 16:08:04.852808
55658,0.3008,30.08,Low,0,2026-09-09 16:08:04.852808
55659,0.0503,5.03,Low,0,2026-09-09 16:08:04.852808
55660,0.3874,38.74,Low,0,2026-09-09 16:08:04.852808
55661,0.4126,41.26,Low,0,2026-09-09 16:08:04.852808
55662,0.2836,28.36,Low,0,2026-09-09 16:08:04.852808
55663,0.6375,63.75,Medium,1,2026-09-09 16:08:04.852808
55664,0.2105,21.05,Low,0,2026-09-09 16:08:04.852808
55665,0.5229,52.29,Medium,1,2026-09-09 16:08:04.852808
