customer_id,tenure,city_tier,preferred_payment_mode,prefered_order_cat,satisfaction_score,complain,order_count,day_since_last_order,cashback_amount,churn
50001,5.0,1,Debit Card,Laptop & Accessory,5,1,4,4.0,130.13,0
50002,30.0,1,Credit Card,Mobile Phone,5,1,6,14.0,99.11,0
50003,13.0,1,Debit Card,Laptop & Accessory,3,0,4,11.0,122.36,0
50004,9.0,1,Debit Card,Laptop & Accessory,3,0,2,8.0,92.38,0
50005,2.0,2,Debit Card,Grocery,4,0,1,15.0,204.61,0
50006,2.0,3,Debit Card,Fashion,3,0,3,6.0,116.34,0
50007,1.0,2,UPI,Grocery,1,0,5,1.0,128.17,0
50008,20.0,1,Credit Card,Mobile Phone,5,0,3,11.0,120.02,0
50009,9.0,3,Debit Card,Mobile Phone,3,0,3,6.0,161.24,0
50010,12.0,1,Debit Card,Fashion,2,1,3,7.0,296.98,0
50011,0.0,1,Debit Card,Laptop & Accessory,4,0,3,4.0,186.57,0
50012,35.0,1,Debit Card,Fashion,5,0,2,9.0,70.02,0
50013,18.0,1,Credit Card,Laptop & Accessory,5,0,2,1.0,159.53,0
50014,2.0,1,Debit Card,Fashion,4,0,5,6.0,107.55,0
50015,2.0,1,E wallet,Fashion,1,0,4,3.0,114.44,0
50016,2.0,1,Credit Card,Laptop & Accessory,4,0,2,1.0,148.14,0
50017,4.0,1,Debit Card,Fashion,4,0,6,3.0,201.45,0
50018,7.0,1,UPI,Laptop & Accessory,2,0,3,10.0,209.59,0
50019,6.0,3,Debit Card,Mobile Phone,5,0,3,1.0,218.13,0
50020,3.0,2,Debit Card,Fashion,1,0,1,5.0,126.6,1
50021,9.0,1,Debit Card,Fashion,3,0,4,7.0,220.36,0
50022,2.0,1,Debit Card,Others,1,1,2,2.0,150.08,1
50023,3.0,3,Debit Card,Laptop & Accessory,5,0,4,2.0,214.8,0
50024,5.0,1,Debit Card,Mobile Phone,1,0,2,6.0,183.74,0
50025,6.0,3,UPI,Grocery,3,0,1,0.0,261.6,0
50026,15.0,1,E wallet,Mobile Phone,5,0,4,4.0,142.7,0
50027,2.0,3,Credit Card,Grocery,3,1,1,11.0,170.74,0
50028,7.0,1,Credit Card,Mobile Phone,2,0,3,5.0,242.89,0
50029,9.0,1,Credit Card,Fashion,2,1,2,2.0,179.38,1
50030,0.0,2,Debit Card,Grocery,3,1,3,7.0,144.64,0
50031,9.0,1,Debit Card,Grocery,3,1,2,2.0,168.3,0
50032,2.0,1,Debit Card,Grocery,4,0,3,1.0,263.48,0
50033,1.0,1,Credit Card,Laptop & Accessory,2,0,5,0.0,105.28,0
50034,30.0,2,Debit Card,Mobile Phone,4,1,3,10.0,164.24,0
50035,34.0,1,Debit Card,Laptop & Accessory,5,1,1,5.0,221.32,0
50036,17.0,1,Debit Card,Laptop & Accessory,5,1,3,3.0,176.99,0
50037,4.0,1,Debit Card,Mobile Phone,4,0,3,5.0,254.33,0
50038,1.0,1,Debit Card,Others,5,1,2,1.0,152.63,0
50039,12.0,2,Debit Card,Mobile Phone,5,0,9,0.0,196.89,0
50040,6.0,1,Debit Card,Grocery,4,1,2,8.0,247.43,1
50041,1.0,1,Debit Card,Others,3,0,5,12.0,231.58,0
50042,7.0,1,Debit Card,Laptop & Accessory,5,0,2,1.0,102.64,0
50043,0.0,1,Debit Card,Laptop & Accessory,5,0,3,3.0,239.62,0
50044,24.0,1,Debit Card,Laptop & Accessory,1,1,1,12.0,179.29,0
50045,3.0,1,E wallet,Mobile Phone,5,0,2,8.0,137.51,0
50046,11.0,1,Debit Card,Laptop & Accessory,3,0,5,3.0,146.85,0
50047,4.0,3,Debit Card,Fashion,3,0,2,1.0,140.15,0
50048,7.0,1,Debit Card,Laptop & Accessory,3,1,2,2.0,131.84,1
50049,8.0,2,Debit Card,Laptop & Accessory,3,0,2,8.0,235.67,0
50050,2.0,1,Debit Card,Mobile Phone,3,1,3,1.0,275.43,0
50051,35.0,1,COD,Mobile Phone,4,1,3,13.0,180.53,0
50052,15.0,1,E wallet,Grocery,3,1,3,2.0,251.47,0
50053,28.0,1,Debit Card,Others,3,0,4,10.0,236.74,0
50054,23.0,3,Credit Card,Grocery,4,0,2,3.0,123.53,0
50055,9.0,3,Debit Card,Laptop & Accessory,1,0,2,4.0,166.48,0
50056,25.0,2,Debit Card,Fashion,5,0,3,8.0,233.66,0
50057,1.0,1,E wallet,Mobile Phone,4,1,6,2.0,232.0,0
50058,2.0,1,Debit Card,Laptop & Accessory,4,0,2,0.0,130.82,0
50059,0.0,1,Credit Card,Mobile Phone,3,0,2,1.0,112.37,0
50060,4.0,3,Credit Card,Laptop & Accessory,5,0,2,2.0,214.05,0
50061,5.0,1,Credit Card,Laptop & Accessory,1,0,2,16.0,143.79,0
50062,3.0,1,COD,Laptop & Accessory,1,1,6,13.0,176.93,1
50063,18.0,1,E wallet,Others,5,0,6,16.0,153.03,0
50064,4.0,1,E wallet,Fashion,4,0,4,11.0,146.6,0
50065,3.0,3,Debit Card,Laptop & Accessory,3,0,1,7.0,175.29,1
50066,8.0,1,Debit Card,Grocery,4,0,7,0.0,203.57,0
50067,2.0,1,E wallet,Others,3,1,3,3.0,286.77,0
50068,16.0,1,COD,Fashion,3,0,3,17.0,130.3,0
50069,1.0,3,Credit Card,Fashion,4,0,7,1.0,144.47,1
50070,43.0,1,COD,Laptop & Accessory,5,1,3,7.0,149.17,0
50071,15.0,3,Debit Card,Mobile Phone,5,0,4,7.0,196.96,0
50072,2.0,1,Debit Card,Mobile Phone,5,0,3,1.0,132.75,0
50073,0.0,3,Debit Card,Others,3,1,3,13.0,196.71,1
50074,17.0,2,Credit Card,Fashion,3,1,7,1.0,75.14,1
50075,12.0,1,E wallet,Laptop & Accessory,4,1,5,14.0,120.54,0
50076,13.0,1,Debit Card,Mobile Phone,4,0,6,5.0,169.15,0
50077,15.0,1,UPI,Mobile Phone,3,0,3,0.0,137.81,0
50078,1.0,1,Credit Card,Fashion,4,1,5,5.0,217.59,1
50079,4.0,3,Credit Card,Laptop & Accessory,4,1,1,4.0,165.86,1
50080,1.0,1,E wallet,Fashion,5,0,4,5.0,139.54,0
50081,20.0,1,Debit Card,Laptop & Accessory,2,1,5,4.0,168.65,1
50082,10.0,1,E wallet,Laptop & Accessory,4,0,4,5.0,202.32,0
50083,4.0,1,Debit Card,Fashion,3,0,3,4.0,233.52,0
50084,1.0,3,Debit Card,Laptop & Accessory,2,0,2,9.0,209.39,0
50085,4.0,1,Credit Card,Fashion,3,0,3,5.0,203.72,0
50086,4.0,3,UPI,Laptop & Accessory,1,0,1,2.0,255.22,0
50087,13.0,3,Credit Card,Others,3,1,4,0.0,100.54,0
50088,10.0,1,Credit Card,Fashion,1,1,1,3.0,182.7,0
50089,22.0,1,E wallet,Laptop & Accessory,5,0,1,5.0,169.54,0
50090,6.0,3,Debit Card,Fashion,2,1,2,1.0,188.71,1
50091,1.0,1,E wallet,Laptop & Accessory,5,1,2,18.0,155.9,0
50092,12.0,1,Credit Card,Fashion,5,0,5,22.0,170.42,0
50093,14.0,1,Debit Card,Laptop & Accessory,3,1,4,3.0,210.0,0
50094,8.0,1,Debit Card,Laptop & Accessory,1,0,6,17.0,220.95,1
50095,15.0,2,Debit Card,Others,4,0,5,7.0,165.45,0
50096,7.0,1,Debit Card,Laptop & Accessory,2,0,1,5.0,111.53,0
50097,7.0,1,Debit Card,Mobile Phone,2,0,2,7.0,236.28,0
50098,6.0,3,Debit Card,Laptop & Accessory,4,0,5,6.0,145.48,1
50099,0.0,2,Credit Card,Fashion,3,0,1,9.0,115.47,0
50100,1.0,1,Credit Card,Laptop & Accessory,4,1,4,0.0,194.37,0
50101,0.0,2,Credit Card,Laptop & Accessory,4,0,3,12.0,195.87,0
50102,10.0,1,Debit Card,Laptop & Accessory,5,0,3,1.0,244.66,0
50103,4.0,2,E wallet,Laptop & Accessory,1,1,2,4.0,164.02,0
50104,7.0,1,Debit Card,Others,2,1,3,10.0,190.02,1
50105,24.0,1,Credit Card,Grocery,4,0,2,2.0,195.36,0
50106,3.0,2,Debit Card,Grocery,5,0,3,22.0,159.47,0
50107,5.0,1,Credit Card,Laptop & Accessory,5,0,1,1.0,157.56,0
50108,14.0,3,Debit Card,Laptop & Accessory,4,1,4,1.0,238.58,0
50109,3.0,1,E wallet,Mobile Phone,4,1,3,4.0,152.37,1
50110,1.0,3,UPI,Others,4,0,2,0.0,148.86,0
50111,3.0,3,E wallet,Mobile Phone,2,0,5,0.0,245.89,0
50112,2.0,1,Debit Card,Laptop & Accessory,4,1,4,5.0,108.89,0
50113,27.0,2,Debit Card,Fashion,3,0,7,3.0,212.01,0
50114,17.0,1,UPI,Laptop & Accessory,3,0,3,6.0,230.02,0
50115,10.0,3,Credit Card,Grocery,5,0,3,16.0,115.26,0
50116,21.0,1,UPI,Others,5,0,3,14.0,144.28,0
50117,16.0,2,Debit Card,Others,1,1,1,7.0,156.05,0
50118,2.0,1,COD,Laptop & Accessory,5,0,2,3.0,250.07,0
50119,22.0,1,UPI,Mobile Phone,2,0,1,3.0,206.18,0
50120,8.0,1,Credit Card,Mobile Phone,2,0,3,3.0,238.78,0
50121,16.0,1,Debit Card,Laptop & Accessory,5,1,4,10.0,226.0,0
50122,23.0,2,Credit Card,Mobile Phone,3,0,3,8.0,151.41,0
50123,4.0,1,UPI,Fashion,5,0,4,6.0,251.73,0
50124,1.0,2,UPI,Laptop & Accessory,3,0,3,5.0,132.27,0
50125,3.0,1,Debit Card,Laptop & Accessory,5,0,5,2.0,173.35,0
50126,6.0,1,Debit Card,Laptop & Accessory,5,0,1,4.0,171.09,0
50127,17.0,1,E wallet,Others,3,0,3,2.0,182.92,0
50128,20.0,3,Credit Card,Fashion,4,0,4,4.0,259.7,0
50129,0.0,3,E wallet,Fashion,5,1,3,12.0,133.64,1
50130,7.0,1,E wallet,Laptop & Accessory,3,0,6,4.0,177.73,0
50131,5.0,1,UPI,Mobile Phone,3,0,2,30.0,187.18,0
50132,3.0,1,Debit Card,Laptop & Accessory,4,1,3,3.0,174.96,1
50133,1.0,2,Debit Card,Fashion,3,0,9,1.0,180.66,0
50134,4.0,1,Debit Card,Mobile Phone,5,1,3,19.0,67.03,1
50135,29.0,2,UPI,Grocery,1,0,2,1.0,178.18,0
50136,4.0,1,Credit Card,Laptop & Accessory,3,0,7,4.0,198.09,0
50137,7.0,2,Debit Card,Laptop & Accessory,4,1,4,6.0,169.12,0
50138,12.0,2,Debit Card,Grocery,3,0,1,3.0,196.92,0
50139,5.0,1,Debit Card,Grocery,3,0,5,0.0,162.96,0
50140,36.0,1,E wallet,Mobile Phone,3,0,1,5.0,141.15,0
50141,33.0,1,E wallet,Laptop & Accessory,5,1,4,21.0,161.51,0
50142,3.0,1,Credit Card,Mobile Phone,3,0,5,6.0,214.35,0
50143,7.0,3,Debit Card,Mobile Phone,3,0,5,5.0,145.43,0
50144,4.0,1,UPI,Fashion,4,0,1,4.0,227.34,0
50145,3.0,3,Debit Card,Fashion,4,0,4,2.0,249.38,0
50146,0.0,1,Credit Card,Laptop & Accessory,4,0,2,2.0,172.71,0
50147,9.0,1,Debit Card,Fashion,3,0,4,7.0,91.15,0
50148,7.0,1,Debit Card,Laptop & Accessory,1,0,4,2.0,269.19,1
50149,1.0,1,Debit Card,Laptop & Accessory,4,1,7,12.0,274.76,1
50150,3.0,1,Credit Card,Mobile Phone,3,0,5,1.0,192.69,0
50151,24.0,1,Credit Card,Laptop & Accessory,3,0,1,18.0,258.49,0
50152,3.0,1,Debit Card,Fashion,2,1,3,3.0,153.29,1
50153,2.0,1,Debit Card,Mobile Phone,2,1,2,1.0,197.51,0
50154,7.0,1,UPI,Mobile Phone,4,1,7,0.0,136.4,0
50155,42.0,1,Debit Card,Mobile Phone,3,0,2,9.0,223.06,0
50156,3.0,1,Debit Card,Others,2,0,3,4.0,193.82,0
50157,11.0,3,Credit Card,Grocery,1,0,3,1.0,123.72,1
50158,14.0,1,E wallet,Grocery,2,0,2,2.0,131.96,0
50159,3.0,2,Debit Card,Mobile Phone,3,0,5,1.0,127.79,0
50160,13.0,1,COD,Laptop & Accessory,4,0,3,1.0,206.29,0
50161,5.0,2,Debit Card,Mobile Phone,2,0,2,0.0,184.13,0
50162,10.0,1,Debit Card,Mobile Phone,3,1,7,3.0,191.61,0
50163,10.0,3,Debit Card,Laptop & Accessory,1,1,3,3.0,198.83,0
50164,8.0,1,Credit Card,Laptop & Accessory,1,1,2,4.0,188.32,0
50165,1.0,3,Debit Card,Mobile Phone,5,0,2,4.0,207.4,0
50166,18.0,1,Credit Card,Fashion,4,1,1,2.0,180.88,0
50167,4.0,1,Debit Card,Mobile Phone,4,1,4,10.0,135.25,0
50168,2.0,2,Debit Card,Fashion,2,0,4,2.0,110.72,0
50169,0.0,1,UPI,Mobile Phone,3,0,1,4.0,199.85,1
50170,9.0,1,E wallet,Laptop & Accessory,3,0,1,2.0,242.33,0
50171,11.0,1,Debit Card,Mobile Phone,4,1,3,9.0,168.67,0
50172,0.0,1,Credit Card,Others,3,0,4,31.0,317.97,1
50173,7.0,3,Credit Card,Laptop & Accessory,4,0,1,1.0,164.37,0
50174,3.0,1,Debit Card,Mobile Phone,2,0,2,16.0,293.9,0
50175,10.0,3,Credit Card,Laptop & Accessory,3,0,4,0.0,174.95,0
50176,2.0,1,Debit Card,Laptop & Accessory,5,0,4,8.0,235.68,0
50177,12.0,1,Credit Card,Mobile Phone,3,0,3,14.0,156.03,0
50178,5.0,3,E wallet,Fashion,2,1,5,5.0,146.61,0
50179,28.0,3,Debit Card,Mobile Phone,3,0,3,2.0,190.73,0
50180,1.0,2,Debit Card,Laptop & Accessory,4,1,2,1.0,206.99,0
50181,4.0,1,Debit Card,Mobile Phone,2,0,4,9.0,174.02,1
50182,1.0,1,COD,Laptop & Accessory,4,0,1,1.0,112.24,0
50183,26.0,1,E wallet,Laptop & Accessory,5,1,2,3.0,201.94,0
50184,21.0,1,Debit Card,Laptop & Accessory,3,0,2,8.0,286.76,0
50185,3.0,1,Credit Card,Grocery,1,1,2,9.0,177.41,1
50186,11.0,3,Debit Card,Laptop & Accessory,4,1,2,2.0,191.54,1
50187,17.0,3,Credit Card,Laptop & Accessory,1,1,2,4.0,95.76,1
50188,8.0,1,Credit Card,Mobile Phone,2,1,1,1.0,247.95,0
50189,8.0,1,COD,Mobile Phone,1,0,2,4.0,195.97,0
50190,3.0,3,Debit Card,Fashion,2,1,4,3.0,228.44,0
50191,1.0,1,Credit Card,Fashion,5,1,1,12.0,158.88,1
50192,23.0,1,E wallet,Fashion,4,0,3,3.0,188.09,0
50193,23.0,1,E wallet,Laptop & Accessory,3,0,3,5.0,157.22,0
50194,10.0,1,Credit Card,Grocery,5,1,2,2.0,68.09,0
50195,4.0,3,Credit Card,Mobile Phone,4,0,7,2.0,177.19,0
50196,4.0,1,Debit Card,Laptop & Accessory,3,0,3,1.0,176.92,0
50197,13.0,1,Credit Card,Fashion,1,0,1,4.0,217.48,0
50198,23.0,1,UPI,Mobile Phone,4,1,1,4.0,111.1,1
50199,22.0,3,UPI,Laptop & Accessory,3,0,1,3.0,166.76,0
50200,15.0,3,E wallet,Others,3,0,3,4.0,149.53,0
50201,10.0,1,Debit Card,Mobile Phone,3,0,3,4.0,55.67,1
50202,1.0,1,E wallet,Mobile Phone,1,0,1,1.0,161.77,0
50203,2.0,1,Debit Card,Mobile Phone,4,1,1,2.0,223.26,0
50204,23.0,1,Debit Card,Laptop & Accessory,2,0,3,10.0,142.34,0
50205,9.0,2,Credit Card,Others,3,0,4,3.0,185.77,1
50206,0.0,1,Debit Card,Fashion,1,1,4,2.0,192.89,1
50207,1.0,1,COD,Mobile Phone,4,1,1,0.0,184.67,0
50208,11.0,2,Credit Card,Fashion,3,0,3,4.0,150.99,0
50209,0.0,1,Credit Card,Grocery,4,0,4,5.0,195.44,0
50210,2.0,3,Credit Card,Fashion,1,0,5,4.0,176.45,0
50211,8.0,1,E wallet,Laptop & Accessory,3,0,1,8.0,126.4,1
50212,12.0,1,Credit Card,Fashion,2,1,4,2.0,195.9,0
50213,11.0,3,Debit Card,Mobile Phone,4,0,3,0.0,222.66,0
50214,3.0,1,E wallet,Others,2,0,6,4.0,141.78,1
50215,12.0,2,Debit Card,Fashion,4,0,1,1.0,206.29,0
50216,3.0,1,Debit Card,Laptop & Accessory,2,0,4,1.0,278.44,0
50217,4.0,1,Credit Card,Laptop & Accessory,5,1,1,5.0,231.97,0
50218,14.0,2,Debit Card,Mobile Phone,3,0,2,4.0,205.85,0
50219,10.0,1,COD,Fashion,2,0,4,10.0,197.25,0
50220,19.0,3,Credit Card,Laptop & Accessory,1,0,1,7.0,145.47,0
50221,11.0,1,COD,Fashion,3,0,1,3.0,147.98,0
50222,8.0,1,Debit Card,Fashion,5,0,2,2.0,198.33,0
50223,1.0,1,COD,Laptop & Accessory,2,0,4,19.0,179.15,1
50224,5.0,1,Debit Card,Fashion,4,0,3,6.0,264.85,0
50225,3.0,1,Debit Card,Laptop & Accessory,3,0,1,23.0,118.95,0
50226,3.0,1,Debit Card,Laptop & Accessory,5,1,1,4.0,130.28,1
50227,36.0,1,Credit Card,Laptop & Accessory,5,1,1,1.0,107.68,0
50228,5.0,1,Debit Card,Fashion,5,0,3,6.0,251.66,0
50229,22.0,2,Credit Card,Others,1,0,1,12.0,95.51,0
50230,10.0,1,Debit Card,Fashion,4,1,1,5.0,165.76,1
50231,16.0,3,Debit Card,Laptop & Accessory,1,0,3,3.0,149.18,0
50232,7.0,1,Credit Card,Laptop & Accessory,3,1,5,1.0,60.15,0
50233,9.0,1,Debit Card,Mobile Phone,4,0,2,6.0,108.18,0
50234,7.0,2,E wallet,Laptop & Accessory,3,0,6,2.0,160.16,0
50235,2.0,1,Credit Card,Fashion,4,0,1,3.0,168.36,0
50236,13.0,1,UPI,Laptop & Accessory,5,0,2,6.0,209.73,0
50237,3.0,1,Debit Card,Laptop & Accessory,5,1,2,3.0,172.5,0
50238,0.0,1,COD,Laptop & Accessory,3,0,5,4.0,149.71,0
50239,10.0,1,Credit Card,Fashion,4,0,1,1.0,215.63,0
50240,2.0,3,COD,Laptop & Accessory,1,0,5,9.0,252.4,0
50241,28.0,1,Debit Card,Laptop & Accessory,3,0,1,1.0,111.15,0
50242,31.0,3,E wallet,Mobile Phone,4,0,2,1.0,161.26,0
50243,25.0,2,E wallet,Mobile Phone,4,1,3,0.0,249.43,0
50244,5.0,1,Debit Card,Others,5,0,2,6.0,148.89,0
50245,0.0,1,Credit Card,Laptop & Accessory,3,0,2,13.0,154.15,0
50246,26.0,3,E wallet,Laptop & Accessory,5,0,4,0.0,318.08,0
50247,6.0,3,Credit Card,Mobile Phone,4,0,2,1.0,195.46,0
50248,34.0,1,Debit Card,Laptop & Accessory,1,0,3,2.0,173.38,0
50249,33.0,1,Credit Card,Mobile Phone,3,0,3,2.0,236.96,0
50250,19.0,1,Debit Card,Laptop & Accessory,3,0,3,5.0,218.39,0
50251,3.0,1,E wallet,Grocery,3,0,1,0.0,314.92,0
50252,5.0,1,Debit Card,Laptop & Accessory,2,0,2,4.0,236.58,0
50253,19.0,3,Debit Card,Fashion,4,0,1,4.0,129.48,0
50254,4.0,1,Debit Card,Others,2,1,7,0.0,141.88,0
50255,2.0,2,Credit Card,Others,5,1,1,2.0,206.42,0
50256,8.0,1,COD,Mobile Phone,5,0,3,13.0,230.02,0
50257,28.0,1,Debit Card,Others,3,0,5,1.0,238.96,0
50258,12.0,1,Debit Card,Fashion,1,0,3,13.0,215.43,0
50259,8.0,2,Debit Card,Laptop & Accessory,4,0,2,7.0,178.84,0
50260,1.0,3,E wallet,Grocery,4,0,1,1.0,219.11,1
50261,10.0,2,Credit Card,Mobile Phone,5,1,3,0.0,281.71,0
50262,46.0,1,Debit Card,Laptop & Accessory,1,0,4,3.0,196.05,0
50263,2.0,1,Credit Card,Fashion,4,1,4,5.0,202.8,0
50264,7.0,1,Debit Card,Mobile Phone,4,0,2,1.0,190.18,0
50265,21.0,1,Credit Card,Grocery,2,0,2,0.0,164.71,0
50266,14.0,2,Debit Card,Fashion,2,0,6,0.0,201.78,0
50267,12.0,1,E wallet,Laptop & Accessory,4,1,3,7.0,230.92,0
50268,12.0,3,UPI,Laptop & Accessory,3,1,4,7.0,156.91,0
50269,4.0,1,E wallet,Fashion,5,0,5,5.0,154.12,0
50270,3.0,2,Credit Card,Mobile Phone,5,0,2,6.0,209.01,0
50271,17.0,3,Credit Card,Laptop & Accessory,4,0,1,2.0,164.63,0
50272,17.0,1,Debit Card,Laptop & Accessory,4,1,2,1.0,301.51,0
50273,20.0,3,E wallet,Laptop & Accessory,2,0,3,1.0,212.07,0
50274,24.0,1,Credit Card,Mobile Phone,5,0,3,2.0,192.44,0
50275,7.0,1,UPI,Laptop & Accessory,3,0,5,2.0,254.45,0
50276,7.0,3,Debit Card,Laptop & Accessory,3,0,4,12.0,145.73,0
50277,16.0,3,E wallet,Mobile Phone,5,0,5,2.0,271.76,0
50278,10.0,1,Credit Card,Laptop & Accessory,1,0,1,3.0,286.92,0
50279,12.0,1,Debit Card,Laptop & Accessory,3,0,1,3.0,186.6,0
50280,16.0,2,Credit Card,Grocery,4,1,4,7.0,189.78,1
50281,22.0,3,UPI,Fashion,2,0,2,0.0,152.18,0
50282,4.0,1,UPI,Laptop & Accessory,1,0,2,3.0,64.08,0
50283,5.0,3,E wallet,Grocery,3,0,3,10.0,216.67,0
50284,1.0,1,Debit Card,Laptop & Accessory,3,1,3,10.0,53.11,0
50285,9.0,1,UPI,Mobile Phone,3,1,3,7.0,189.07,0
50286,0.0,1,Credit Card,Laptop & Accessory,5,0,5,3.0,177.98,0
50287,6.0,1,Debit Card,Fashion,3,0,5,1.0,212.74,0
50288,8.0,3,Debit Card,Laptop & Accessory,3,1,2,0.0,84.78,0
50289,3.0,1,Debit Card,Laptop & Accessory,2,0,1,3.0,305.78,1
50290,9.0,3,Debit Card,Mobile Phone,1,0,1,10.0,213.98,0
50291,0.0,1,E wallet,Fashion,3,0,5,2.0,162.16,0
50292,0.0,2,Debit Card,Mobile Phone,3,0,1,4.0,191.28,0
50293,17.0,3,Debit Card,Fashion,4,0,2,2.0,220.22,0
50294,4.0,2,Debit Card,Mobile Phone,3,0,5,3.0,72.58,0
50295,1.0,1,Credit Card,Fashion,3,1,5,1.0,168.06,0
50296,7.0,1,Debit Card,Mobile Phone,4,0,1,6.0,150.9,0
50297,15.0,3,Debit Card,Laptop & Accessory,3,0,4,0.0,126.54,0
50298,2.0,3,Debit Card,Grocery,2,0,7,18.0,160.05,1
50299,10.0,1,Credit Card,Grocery,5,0,4,2.0,170.2,0
50300,1.0,3,Debit Card,Others,3,0,1,2.0,194.83,0
50301,1.0,1,Credit Card,Mobile Phone,2,0,2,4.0,212.12,0
50302,8.0,1,Debit Card,Fashion,4,1,1,12.0,188.7,0
50303,8.0,3,Debit Card,Grocery,5,0,6,11.0,133.16,0
50304,10.0,1,Debit Card,Laptop & Accessory,4,0,4,13.0,174.42,0
50305,13.0,3,Debit Card,Grocery,4,0,1,0.0,95.84,0
50306,37.0,1,Debit Card,Laptop & Accessory,3,0,6,1.0,165.94,0
50307,7.0,1,Debit Card,Laptop & Accessory,4,0,1,0.0,134.96,0
50308,4.0,1,Debit Card,Laptop & Accessory,4,1,1,0.0,250.49,0
50309,16.0,1,E wallet,Mobile Phone,4,0,3,1.0,199.2,0
50310,3.0,2,Debit Card,Laptop & Accessory,4,1,4,1.0,219.8,0
50311,6.0,1,UPI,Laptop & Accessory,2,0,2,2.0,166.59,0
50312,1.0,1,E wallet,Fashion,1,0,4,3.0,215.01,1
50313,0.0,1,E wallet,Mobile Phone,5,1,4,2.0,205.84,0
50314,33.0,1,Debit Card,Grocery,5,1,3,3.0,203.16,0
50315,18.0,2,E wallet,Laptop & Accessory,4,1,3,10.0,206.61,1
50316,12.0,1,Debit Card,Laptop & Accessory,3,0,4,9.0,251.4,0
50317,5.0,1,Debit Card,Laptop & Accessory,2,0,4,16.0,200.28,1
50318,2.0,3,Debit Card,Mobile Phone,3,0,2,8.0,144.22,0
50319,2.0,2,UPI,Laptop & Accessory,4,0,1,9.0,181.18,0
50320,3.0,3,Debit Card,Laptop & Accessory,3,0,3,6.0,245.12,1
50321,8.0,1,UPI,Mobile Phone,4,0,2,1.0,188.63,0
50322,13.0,1,Debit Card,Grocery,4,0,5,14.0,149.29,0
50323,11.0,3,UPI,Laptop & Accessory,4,1,2,1.0,154.32,0
50324,3.0,2,UPI,Mobile Phone,5,0,2,6.0,154.66,0
50325,31.0,1,UPI,Laptop & Accessory,5,0,3,1.0,223.92,0
50326,13.0,2,Credit Card,Laptop & Accessory,4,0,1,0.0,145.28,0
50327,8.0,1,UPI,Laptop & Accessory,2,0,2,1.0,226.76,0
50328,9.0,1,COD,Mobile Phone,5,1,2,1.0,209.78,1
50329,5.0,2,Debit Card,Mobile Phone,2,0,3,2.0,309.87,0
50330,3.0,2,Credit Card,Grocery,3,1,1,0.0,236.2,0
50331,4.0,1,E wallet,Grocery,5,0,1,4.0,132.52,0
50332,14.0,3,Debit Card,Mobile Phone,2,0,1,8.0,287.31,1
50333,0.0,1,E wallet,Laptop & Accessory,4,1,1,7.0,214.92,0
50334,1.0,1,Debit Card,Fashion,3,0,3,9.0,171.91,0
50335,0.0,3,Credit Card,Fashion,4,0,1,19.0,218.12,0
50336,0.0,2,Debit Card,Fashion,5,0,5,27.0,262.33,0
50337,19.0,1,Debit Card,Laptop & Accessory,5,0,3,3.0,203.62,0
50338,12.0,1,Debit Card,Fashion,3,0,2,3.0,114.85,0
50339,6.0,1,E wallet,Grocery,1,0,4,3.0,279.08,0
50340,1.0,2,Debit Card,Mobile Phone,5,1,4,5.0,119.08,0
50341,7.0,1,E wallet,Fashion,4,1,3,1.0,232.42,0
50342,6.0,3,E wallet,Fashion,2,0,3,7.0,222.94,0
50343,2.0,3,Credit Card,Mobile Phone,4,1,2,1.0,234.15,0
50344,6.0,3,Debit Card,Fashion,1,0,5,15.0,131.12,1
50345,5.0,1,Debit Card,Fashion,2,0,5,1.0,231.15,0
50346,10.0,2,Credit Card,Grocery,4,0,8,7.0,207.38,0
50347,10.0,1,Debit Card,Grocery,3,0,1,3.0,131.5,0
50348,0.0,1,Credit Card,Mobile Phone,3,0,2,5.0,166.3,0
50349,5.0,1,COD,Laptop & Accessory,4,0,4,2.0,236.41,1
50350,10.0,1,Debit Card,Laptop & Accessory,5,0,2,1.0,224.36,0
50351,7.0,3,Credit Card,Others,4,0,3,14.0,156.7,1
50352,19.0,1,COD,Laptop & Accessory,3,0,3,4.0,212.59,0
50353,11.0,1,UPI,Laptop & Accessory,4,0,2,2.0,200.4,0
50354,2.0,3,UPI,Mobile Phone,4,0,1,5.0,200.85,1
50355,1.0,1,E wallet,Laptop & Accessory,4,0,4,1.0,166.11,0
50356,10.0,2,Debit Card,Mobile Phone,3,0,2,0.0,163.9,0
50357,0.0,1,UPI,Fashion,2,0,4,8.0,177.74,0
50358,9.0,1,UPI,Laptop & Accessory,4,0,2,27.0,97.44,0
50359,28.0,3,Credit Card,Fashion,2,0,3,16.0,154.23,0
50360,9.0,1,Debit Card,Fashion,3,0,1,11.0,150.94,0
50361,5.0,1,Credit Card,Mobile Phone,2,0,6,7.0,151.53,0
50362,10.0,1,Debit Card,Laptop & Accessory,3,1,2,1.0,156.36,0
50363,6.0,1,Debit Card,Grocery,3,0,5,1.0,256.3,0
50364,8.0,1,Credit Card,Mobile Phone,5,0,4,1.0,114.17,0
50365,28.0,1,Credit Card,Laptop & Accessory,4,1,3,3.0,100.02,0
50366,5.0,1,Credit Card,Fashion,2,0,3,3.0,105.22,0
50367,32.0,2,Debit Card,Grocery,5,0,1,4.0,156.2,0
50368,24.0,1,E wallet,Mobile Phone,3,0,1,1.0,174.13,0
50369,2.0,1,Debit Card,Fashion,2,0,4,0.0,203.22,0
50370,1.0,1,Debit Card,Mobile Phone,3,0,1,1.0,86.05,0
50371,1.0,3,Credit Card,Laptop & Accessory,2,1,3,0.0,171.54,0
50372,0.0,3,Debit Card,Laptop & Accessory,3,0,1,8.0,133.22,1
50373,1.0,2,Debit Card,Laptop & Accessory,5,0,5,1.0,250.43,0
50374,11.0,3,Debit Card,Laptop & Accessory,4,1,1,7.0,162.39,1
50375,1.0,1,E wallet,Mobile Phone,3,0,1,1.0,160.29,1
50376,4.0,1,Credit Card,Laptop & Accessory,2,1,2,3.0,219.22,0
50377,19.0,1,Debit Card,Grocery,3,0,7,2.0,158.29,0
50378,0.0,1,Debit Card,Others,5,0,3,5.0,151.47,1
50379,17.0,1,Credit Card,Mobile Phone,3,0,5,1.0,129.93,0
50380,3.0,1,UPI,Mobile Phone,4,0,7,4.0,160.87,0
50381,1.0,3,Credit Card,Laptop & Accessory,3,0,2,4.0,146.75,0
50382,12.0,3,E wallet,Fashion,1,0,2,3.0,129.56,0
50383,10.0,1,Credit Card,Mobile Phone,5,0,2,3.0,160.92,0
50384,21.0,2,E wallet,Laptop & Accessory,1,0,2,1.0,277.93,0
50385,13.0,1,UPI,Laptop & Accessory,4,0,1,8.0,259.19,0
50386,16.0,1,E wallet,Fashion,5,0,1,5.0,283.2,0
50387,3.0,1,UPI,Mobile Phone,4,1,1,1.0,178.36,0
50388,2.0,1,Credit Card,Fashion,5,0,3,12.0,202.2,0
50389,14.0,1,UPI,Others,4,0,1,5.0,248.5,0
50390,16.0,3,Credit Card,Fashion,3,0,2,1.0,198.94,0
50391,47.0,1,UPI,Laptop & Accessory,5,0,3,1.0,135.88,0
50392,5.0,1,Debit Card,Fashion,5,1,6,1.0,192.22,0
50393,5.0,1,Credit Card,Mobile Phone,3,0,3,1.0,113.04,0
50394,15.0,1,E wallet,Fashion,3,1,2,1.0,144.78,0
50395,4.0,3,Debit Card,Grocery,3,0,1,7.0,214.68,1
50396,27.0,1,Credit Card,Laptop & Accessory,3,1,3,4.0,36.83,0
50397,20.0,3,E wallet,Laptop & Accessory,2,0,3,1.0,132.73,0
50398,6.0,3,Debit Card,Mobile Phone,3,1,1,13.0,135.83,0
50399,14.0,1,Credit Card,Laptop & Accessory,5,1,5,0.0,92.97,0
50400,14.0,1,Credit Card,Fashion,3,0,6,6.0,214.56,0
50401,1.0,3,Credit Card,Fashion,5,1,4,4.0,184.24,0
50402,23.0,3,Debit Card,Laptop & Accessory,4,0,5,4.0,155.39,0
50403,7.0,1,Debit Card,Mobile Phone,3,1,3,4.0,234.82,0
50404,18.0,2,Debit Card,Mobile Phone,2,0,1,3.0,114.09,0
50405,4.0,2,Debit Card,Laptop & Accessory,4,1,4,15.0,196.97,0
50406,23.0,1,Debit Card,Fashion,5,1,6,5.0,174.84,0
50407,5.0,1,E wallet,Mobile Phone,5,0,1,3.0,161.48,0
50408,0.0,3,Credit Card,Mobile Phone,4,0,2,10.0,162.09,0
50409,24.0,2,E wallet,Fashion,4,0,1,11.0,128.05,0
50410,1.0,1,Debit Card,Fashion,3,0,1,7.0,137.76,1
50411,4.0,1,Credit Card,Laptop & Accessory,2,0,3,4.0,180.83,1
50412,30.0,1,Debit Card,Fashion,3,1,3,0.0,263.31,0
50413,30.0,1,E wallet,Mobile Phone,4,0,3,12.0,74.83,0
50414,9.0,3,E wallet,Fashion,3,0,2,9.0,106.68,0
50415,10.0,1,UPI,Laptop & Accessory,4,1,2,14.0,229.8,0
50416,6.0,1,Debit Card,Laptop & Accessory,3,0,5,1.0,198.57,0
50417,3.0,1,E wallet,Fashion,2,0,4,16.0,231.7,0
50418,4.0,1,Credit Card,Mobile Phone,4,0,4,17.0,198.12,0
50419,11.0,1,E wallet,Mobile Phone,4,1,3,3.0,133.67,0
50420,14.0,1,Credit Card,Mobile Phone,3,1,2,0.0,180.7,0
50421,16.0,1,Credit Card,Mobile Phone,5,0,7,5.0,202.39,0
50422,16.0,1,Debit Card,Laptop & Accessory,3,0,2,5.0,172.26,0
50423,1.0,1,Credit Card,Laptop & Accessory,4,0,6,4.0,211.98,0
50424,7.0,1,Debit Card,Laptop & Accessory,5,1,4,2.0,229.58,0
50425,1.0,3,Debit Card,Mobile Phone,2,0,6,0.0,221.44,0
50426,8.0,1,Debit Card,Grocery,5,0,4,4.0,133.67,0
50427,6.0,1,COD,Mobile Phone,4,0,5,2.0,150.99,0
50428,22.0,2,Debit Card,Fashion,2,0,2,1.0,186.32,0
50429,4.0,1,UPI,Laptop & Accessory,4,0,3,1.0,168.67,0
50430,1.0,2,COD,Grocery,5,0,4,8.0,158.4,0
50431,2.0,1,UPI,Mobile Phone,4,0,2,8.0,264.46,0
50432,14.0,1,UPI,Laptop & Accessory,4,0,4,7.0,116.79,0
50433,10.0,2,UPI,Fashion,2,0,1,0.0,85.33,0
50434,1.0,3,Debit Card,Mobile Phone,2,0,4,1.0,230.3,0
50435,1.0,1,Debit Card,Laptop & Accessory,3,0,3,1.0,174.01,1
50436,12.0,1,Credit Card,Laptop & Accessory,4,0,1,19.0,129.05,0
50437,1.0,1,Credit Card,Laptop & Accessory,5,0,8,2.0,170.64,0
50438,17.0,3,Debit Card,Fashion,3,1,2,14.0,271.86,1
50439,12.0,3,Credit Card,Grocery,3,0,5,5.0,223.0,0
50440,1.0,1,Credit Card,Laptop & Accessory,2,0,7,0.0,201.56,0
50441,1.0,1,UPI,Mobile Phone,1,1,2,3.0,148.6,1
50442,43.0,1,Credit Card,Laptop & Accessory,1,0,5,9.0,204.48,0
50443,5.0,1,Credit Card,Laptop & Accessory,4,0,3,0.0,150.81,0
50444,5.0,1,Credit Card,Mobile Phone,2,1,4,5.0,300.84,0
50445,17.0,1,Credit Card,Fashion,5,1,3,2.0,206.51,0
50446,29.0,1,COD,Laptop & Accessory,4,0,6,1.0,165.49,0
50447,43.0,3,Debit Card,Fashion,5,0,2,4.0,134.66,0
50448,14.0,3,Credit Card,Laptop & Accessory,3,0,3,8.0,273.07,0
50449,5.0,1,Credit Card,Fashion,4,1,1,8.0,156.24,0
50450,1.0,1,Credit Card,Mobile Phone,3,1,3,1.0,246.62,1
50451,15.0,3,Debit Card,Laptop & Accessory,5,1,2,2.0,180.02,0
50452,8.0,1,Debit Card,Fashion,4,0,7,2.0,192.37,0
50453,6.0,2,Debit Card,Laptop & Accessory,4,1,3,9.0,185.51,0
50454,24.0,1,Debit Card,Laptop & Accessory,4,0,2,3.0,133.79,0
50455,1.0,1,UPI,Laptop & Accessory,2,1,2,2.0,130.4,1
50456,7.0,1,Credit Card,Mobile Phone,4,0,4,8.0,198.29,0
50457,0.0,1,Debit Card,Laptop & Accessory,5,0,4,11.0,217.33,0
50458,6.0,2,Debit Card,Mobile Phone,2,0,5,2.0,232.95,0
50459,1.0,1,Debit Card,Laptop & Accessory,4,0,2,21.0,168.94,0
50460,1.0,1,UPI,Laptop & Accessory,3,0,2,4.0,144.76,1
50461,1.0,1,Credit Card,Others,5,1,2,0.0,252.04,0
50462,10.0,3,COD,Fashion,1,1,1,2.0,177.09,1
50463,14.0,1,Debit Card,Laptop & Accessory,2,1,5,4.0,71.97,0
50464,9.0,1,E wallet,Fashion,1,0,5,9.0,226.04,0
50465,33.0,1,Debit Card,Fashion,2,0,7,6.0,167.45,0
50466,5.0,1,Debit Card,Laptop & Accessory,4,0,2,1.0,131.85,0
50467,3.0,1,Debit Card,Laptop & Accessory,2,0,2,3.0,243.51,0
50468,20.0,2,Credit Card,Grocery,4,0,2,1.0,209.87,0
50469,3.0,1,Debit Card,Fashion,5,1,1,10.0,162.33,1
50470,33.0,1,Credit Card,Fashion,1,0,3,0.0,14.69,0
50471,0.0,2,E wallet,Mobile Phone,1,0,6,2.0,144.17,1
50472,35.0,1,Debit Card,Fashion,5,1,2,7.0,248.77,0
50473,0.0,1,Debit Card,Mobile Phone,4,0,2,0.0,166.43,0
50474,22.0,1,E wallet,Fashion,2,1,5,6.0,214.88,0
50475,8.0,1,Credit Card,Fashion,3,1,4,5.0,175.56,1
50476,50.0,2,E wallet,Laptop & Accessory,5,0,3,3.0,183.68,0
50477,1.0,1,Debit Card,Fashion,2,0,2,1.0,178.41,1
50478,8.0,1,Debit Card,Mobile Phone,4,0,4,2.0,259.82,0
50479,35.0,2,Debit Card,Laptop & Accessory,2,0,1,1.0,187.39,0
50480,7.0,1,UPI,Mobile Phone,3,0,3,0.0,165.09,0
50481,10.0,1,UPI,Grocery,5,0,2,2.0,230.03,0
50482,12.0,1,COD,Others,1,0,3,12.0,146.87,0
50483,6.0,1,Credit Card,Fashion,3,0,2,3.0,208.21,0
50484,10.0,3,E wallet,Laptop & Accessory,3,0,2,5.0,224.42,0
50485,9.0,3,Credit Card,Laptop & Accessory,4,0,4,14.0,135.41,0
50486,23.0,1,Credit Card,Laptop & Accessory,1,0,1,3.0,167.42,0
50487,0.0,1,E wallet,Fashion,3,0,4,4.0,136.93,0
50488,3.0,1,Debit Card,Fashion,3,0,5,0.0,225.3,1
50489,30.0,1,Debit Card,Grocery,1,0,4,1.0,169.43,0
50490,22.0,1,Debit Card,Grocery,3,0,1,4.0,236.13,0
50491,6.0,1,E wallet,Laptop & Accessory,5,0,1,0.0,307.57,0
50492,10.0,3,Debit Card,Laptop & Accessory,3,1,2,0.0,173.58,0
50493,3.0,2,Debit Card,Grocery,4,0,2,1.0,162.5,0
50494,2.0,1,COD,Grocery,3,0,3,1.0,267.97,0
50495,6.0,1,Debit Card,Mobile Phone,2,0,2,1.0,200.42,0
50496,4.0,1,Debit Card,Mobile Phone,3,0,5,1.0,222.02,0
50497,9.0,3,Credit Card,Mobile Phone,3,0,2,7.0,144.36,0
50498,1.0,3,E wallet,Mobile Phone,3,0,3,3.0,205.74,0
50499,37.0,3,Debit Card,Laptop & Accessory,4,0,2,5.0,187.1,0
50500,43.0,1,Credit Card,Mobile Phone,5,0,2,7.0,188.03,0
50501,12.0,2,Debit Card,Mobile Phone,1,1,3,2.0,165.77,0
50502,8.0,1,Credit Card,Laptop & Accessory,4,0,4,11.0,230.12,0
50503,4.0,1,Debit Card,Others,1,0,4,10.0,178.46,0
50504,17.0,1,Debit Card,Laptop & Accessory,1,0,4,3.0,171.45,0
50505,12.0,1,Credit Card,Mobile Phone,2,0,5,9.0,135.55,0
50506,2.0,1,UPI,Mobile Phone,3,0,2,2.0,190.62,0
50507,24.0,1,E wallet,Mobile Phone,1,0,6,6.0,165.75,0
50508,17.0,1,UPI,Laptop & Accessory,4,0,3,18.0,154.03,0
50509,30.0,1,Credit Card,Mobile Phone,1,0,7,2.0,136.13,0
50510,13.0,1,Debit Card,Laptop & Accessory,3,0,6,4.0,157.11,0
50511,10.0,1,Debit Card,Mobile Phone,4,1,4,2.0,201.75,0
50512,5.0,1,UPI,Laptop & Accessory,2,0,4,3.0,129.71,0
50513,27.0,1,Credit Card,Laptop & Accessory,4,0,4,1.0,303.91,0
50514,20.0,1,COD,Grocery,3,0,5,3.0,153.77,0
50515,0.0,3,Debit Card,Fashion,2,1,4,5.0,219.15,0
50516,0.0,1,Debit Card,Laptop & Accessory,5,0,1,2.0,207.1,0
50517,5.0,1,Debit Card,Others,3,0,5,2.0,214.08,0
50518,17.0,1,Debit Card,Laptop & Accessory,5,0,1,2.0,139.06,0
50519,44.0,3,Debit Card,Laptop & Accessory,2,0,2,2.0,264.57,0
50520,2.0,2,Credit Card,Laptop & Accessory,3,0,5,1.0,180.33,0
50521,9.0,1,Credit Card,Fashion,2,0,1,12.0,173.27,0
50522,5.0,1,Debit Card,Mobile Phone,3,1,5,16.0,200.49,1
50523,35.0,2,Debit Card,Laptop & Accessory,3,1,2,2.0,264.02,0
50524,18.0,2,E wallet,Laptop & Accessory,1,0,3,5.0,103.68,0
50525,18.0,2,Credit Card,Mobile Phone,3,0,6,2.0,185.98,0
50526,6.0,3,Credit Card,Fashion,1,0,4,4.0,198.02,0
50527,5.0,3,Credit Card,Fashion,5,0,4,2.0,181.16,0
50528,3.0,1,UPI,Mobile Phone,3,1,4,0.0,245.52,0
50529,1.0,1,Credit Card,Fashion,4,1,4,1.0,140.63,1
50530,20.0,1,UPI,Fashion,5,0,4,4.0,194.41,0
50531,17.0,3,Credit Card,Mobile Phone,1,1,4,1.0,229.1,0
50532,61.0,1,Debit Card,Laptop & Accessory,3,0,2,3.0,171.19,0
50533,57.0,3,Debit Card,Laptop & Accessory,1,0,8,12.0,198.81,0
50534,8.0,1,Credit Card,Fashion,1,0,3,0.0,151.7,0
50535,15.0,1,Credit Card,Fashion,1,0,5,8.0,186.23,0
50536,29.0,3,Credit Card,Laptop & Accessory,3,0,5,3.0,196.34,0
50537,19.0,1,Debit Card,Mobile Phone,3,0,1,1.0,207.13,0
50538,3.0,1,Credit Card,Mobile Phone,1,0,1,1.0,189.84,0
50539,6.0,1,E wallet,Laptop & Accessory,3,0,6,23.0,217.8,1
50540,1.0,1,Credit Card,Laptop & Accessory,2,0,1,2.0,144.87,1
50541,31.0,1,Credit Card,Laptop & Accessory,3,0,2,0.0,246.37,0
50542,9.0,1,COD,Mobile Phone,4,1,2,4.0,182.9,1
50543,3.0,1,Credit Card,Mobile Phone,4,0,1,1.0,191.59,0
50544,11.0,3,Debit Card,Mobile Phone,3,0,2,11.0,204.38,0
50545,10.0,3,E wallet,Laptop & Accessory,4,0,5,2.0,152.67,0
50546,4.0,1,Debit Card,Mobile Phone,3,0,3,5.0,179.78,0
50547,1.0,2,E wallet,Laptop & Accessory,3,0,1,10.0,110.39,0
50548,11.0,1,Debit Card,Laptop & Accessory,2,0,1,21.0,183.73,0
50549,7.0,1,Debit Card,Mobile Phone,2,0,4,16.0,194.46,0
50550,15.0,1,Debit Card,Fashion,4,1,6,1.0,220.77,0
50551,7.0,3,Debit Card,Fashion,5,0,2,2.0,147.72,0
50552,19.0,3,Debit Card,Laptop & Accessory,4,0,1,5.0,106.98,0
50553,8.0,1,Debit Card,Mobile Phone,1,0,2,1.0,203.05,0
50554,8.0,1,E wallet,Laptop & Accessory,2,1,2,2.0,165.97,1
50555,21.0,1,E wallet,Fashion,3,0,2,15.0,234.25,0
50556,5.0,1,E wallet,Laptop & Accessory,4,1,3,1.0,139.75,0
50557,1.0,1,E wallet,Fashion,2,0,6,3.0,92.57,1
50558,0.0,1,Credit Card,Mobile Phone,4,1,1,0.0,217.25,0
50559,14.0,2,UPI,Fashion,4,0,1,5.0,172.77,0
50560,10.0,1,Credit Card,Others,4,1,1,4.0,214.18,1
50561,12.0,3,Credit Card,Grocery,4,0,3,9.0,137.3,0
50562,2.0,2,E wallet,Mobile Phone,4,0,2,10.0,141.11,0
50563,1.0,1,Debit Card,Grocery,2,0,2,1.0,242.09,0
50564,0.0,2,E wallet,Laptop & Accessory,4,0,6,10.0,241.02,0
50565,4.0,3,Credit Card,Laptop & Accessory,5,0,1,20.0,149.45,0
50566,9.0,1,Debit Card,Mobile Phone,5,0,6,11.0,146.74,0
50567,5.0,1,Debit Card,Others,1,0,2,10.0,193.49,0
50568,6.0,3,Debit Card,Fashion,4,0,3,4.0,58.46,1
50569,23.0,1,UPI,Laptop & Accessory,5,0,5,5.0,216.97,0
50570,4.0,1,COD,Fashion,4,1,3,8.0,173.2,1
50571,7.0,1,Debit Card,Laptop & Accessory,2,0,1,1.0,226.59,0
50572,15.0,3,Debit Card,Mobile Phone,5,0,3,19.0,206.61,0
50573,5.0,2,Debit Card,Laptop & Accessory,3,0,4,2.0,180.11,0
50574,10.0,3,E wallet,Laptop & Accessory,1,1,1,4.0,235.39,1
50575,20.0,1,Debit Card,Laptop & Accessory,3,0,2,4.0,102.61,0
50576,30.0,1,UPI,Fashion,2,0,3,9.0,225.98,0
50577,2.0,1,Credit Card,Mobile Phone,2,0,1,3.0,212.43,0
50578,26.0,2,UPI,Laptop & Accessory,3,0,3,3.0,235.68,0
50579,7.0,1,Credit Card,Mobile Phone,4,0,3,2.0,98.94,0
50580,3.0,1,Credit Card,Fashion,5,0,5,11.0,186.73,1
50581,6.0,1,Credit Card,Others,4,0,3,10.0,159.69,0
50582,39.0,1,E wallet,Grocery,5,1,3,3.0,206.73,0
50583,7.0,3,E wallet,Laptop & Accessory,3,0,4,3.0,268.83,1
50584,4.0,2,Credit Card,Laptop & Accessory,3,0,4,1.0,176.63,0
50585,10.0,3,Credit Card,Laptop & Accessory,4,1,3,3.0,192.93,0
50586,3.0,1,UPI,Mobile Phone,4,0,2,2.0,152.7,0
50587,1.0,3,UPI,Fashion,4,0,5,3.0,196.45,0
50588,1.0,3,Credit Card,Laptop & Accessory,3,0,2,1.0,225.22,0
50589,1.0,1,Debit Card,Grocery,3,0,2,5.0,219.63,0
50590,2.0,3,Debit Card,Fashion,3,0,3,3.0,230.39,0
50591,1.0,1,UPI,Mobile Phone,1,0,1,12.0,167.95,1
50592,10.0,3,Debit Card,Mobile Phone,5,0,1,3.0,144.34,0
50593,2.0,3,Debit Card,Mobile Phone,3,0,1,8.0,134.55,0
50594,4.0,2,Debit Card,Mobile Phone,4,0,6,5.0,188.19,0
50595,23.0,1,Credit Card,Grocery,2,0,1,11.0,149.15,0
50596,6.0,1,Credit Card,Laptop & Accessory,4,0,1,10.0,156.59,0
50597,11.0,1,Debit Card,Fashion,5,0,3,10.0,254.03,0
50598,2.0,1,Debit Card,Laptop & Accessory,2,0,2,19.0,214.91,0
50599,2.0,2,E wallet,Mobile Phone,3,0,3,1.0,191.92,0
50600,0.0,2,UPI,Fashion,3,1,2,2.0,163.84,0
50601,2.0,3,Debit Card,Laptop & Accessory,3,0,1,0.0,212.08,0
50602,3.0,1,Debit Card,Laptop & Accessory,4,0,2,8.0,156.58,1
50603,2.0,3,Credit Card,Laptop & Accessory,3,0,4,6.0,239.83,1
50604,1.0,3,E wallet,Laptop & Accessory,4,0,4,13.0,228.43,0
50605,1.0,2,E wallet,Mobile Phone,3,1,4,6.0,222.94,1
50606,6.0,1,E wallet,Others,2,0,3,0.0,158.96,0
50607,2.0,1,UPI,Laptop & Accessory,5,0,3,1.0,149.19,0
50608,5.0,1,Debit Card,Laptop & Accessory,2,0,1,0.0,287.4,0
50609,7.0,1,Debit Card,Mobile Phone,4,0,3,0.0,66.52,0
50610,12.0,1,Credit Card,Laptop & Accessory,1,1,2,2.0,237.87,0
50611,0.0,3,E wallet,Laptop & Accessory,5,0,5,4.0,159.27,0
50612,16.0,1,Credit Card,Mobile Phone,5,0,2,10.0,237.59,0
50613,10.0,1,COD,Grocery,3,1,3,5.0,222.19,1
50614,1.0,1,E wallet,Grocery,2,0,2,1.0,169.47,0
50615,21.0,3,E wallet,Laptop & Accessory,4,0,4,3.0,119.82,0
50616,25.0,3,Debit Card,Laptop & Accessory,3,0,3,1.0,134.64,0
50617,1.0,3,Debit Card,Mobile Phone,4,0,4,5.0,174.26,0
50618,3.0,1,E wallet,Laptop & Accessory,5,0,1,5.0,124.22,0
50619,16.0,1,Debit Card,Fashion,4,0,6,2.0,207.52,0
50620,14.0,3,Debit Card,Mobile Phone,5,1,3,1.0,227.89,0
50621,2.0,1,UPI,Laptop & Accessory,2,1,4,6.0,269.37,0
50622,2.0,1,UPI,Laptop & Accessory,5,0,3,2.0,254.57,0
50623,5.0,1,Debit Card,Grocery,2,0,4,13.0,114.92,0
50624,7.0,1,E wallet,Mobile Phone,2,1,2,3.0,202.75,1
50625,10.0,2,Debit Card,Fashion,5,1,6,0.0,195.78,0
50626,5.0,1,Debit Card,Mobile Phone,4,0,3,4.0,250.98,0
50627,6.0,1,Credit Card,Fashion,4,0,2,4.0,127.94,0
50628,14.0,1,E wallet,Laptop & Accessory,5,0,2,2.0,191.66,0
50629,0.0,1,Debit Card,Fashion,4,0,4,1.0,145.23,0
50630,3.0,1,Debit Card,Fashion,2,1,3,6.0,182.29,1
50631,12.0,2,Debit Card,Laptop & Accessory,4,0,7,2.0,207.84,0
50632,23.0,1,COD,Laptop & Accessory,1,1,1,0.0,210.05,0
50633,7.0,1,Credit Card,Mobile Phone,2,0,2,12.0,156.7,0
50634,8.0,1,Credit Card,Fashion,4,0,3,1.0,152.89,0
50635,1.0,1,Debit Card,Fashion,5,0,3,1.0,243.59,0
50636,6.0,1,Credit Card,Fashion,4,0,1,1.0,179.51,0
50637,8.0,1,Credit Card,Fashion,3,1,1,1.0,179.47,0
50638,3.0,3,E wallet,Mobile Phone,5,0,3,1.0,113.31,0
50639,3.0,2,Debit Card,Mobile Phone,5,1,1,1.0,158.01,1
50640,5.0,1,COD,Laptop & Accessory,3,0,3,7.0,228.49,0
50641,0.0,1,Credit Card,Laptop & Accessory,2,0,3,6.0,187.87,0
50642,4.0,3,Debit Card,Mobile Phone,2,0,3,0.0,23.8,0
50643,2.0,2,Debit Card,Fashion,3,0,6,1.0,123.26,1
50644,4.0,1,Credit Card,Fashion,1,0,3,8.0,235.55,0
50645,1.0,2,UPI,Fashion,3,1,8,4.0,253.95,0
50646,22.0,2,E wallet,Mobile Phone,4,0,1,1.0,155.43,0
50647,9.0,2,Credit Card,Laptop & Accessory,3,0,1,8.0,266.17,0
50648,11.0,1,Debit Card,Mobile Phone,5,0,3,7.0,134.77,0
50649,16.0,1,Debit Card,Laptop & Accessory,3,0,1,6.0,198.49,0
50650,7.0,1,Credit Card,Mobile Phone,1,1,2,0.0,165.28,0
50651,1.0,3,E wallet,Laptop & Accessory,3,1,2,7.0,179.99,0
50652,8.0,1,E wallet,Laptop & Accessory,5,0,2,3.0,125.0,0
50653,9.0,1,Debit Card,Mobile Phone,1,1,3,1.0,153.87,0
50654,14.0,3,Debit Card,Laptop & Accessory,2,0,2,3.0,213.77,0
50655,6.0,3,Debit Card,Mobile Phone,4,0,3,2.0,237.92,0
50656,1.0,3,UPI,Fashion,3,0,1,10.0,246.19,0
50657,3.0,3,Credit Card,Fashion,4,0,5,4.0,168.23,1
50658,5.0,3,Debit Card,Laptop & Accessory,3,1,7,6.0,226.66,0
50659,10.0,1,Debit Card,Laptop & Accessory,4,1,3,0.0,174.87,0
50660,8.0,3,Debit Card,Fashion,4,0,4,2.0,186.35,0
50661,4.0,3,Credit Card,Laptop & Accessory,1,0,2,6.0,176.0,0
50662,43.0,1,E wallet,Grocery,3,1,1,2.0,150.55,0
50663,9.0,1,COD,Laptop & Accessory,3,1,5,4.0,172.34,0
50664,3.0,3,Credit Card,Mobile Phone,5,0,1,2.0,102.38,0
50665,1.0,1,Debit Card,Laptop & Accessory,4,0,4,1.0,155.6,0
50666,2.0,3,Credit Card,Mobile Phone,4,1,2,1.0,195.58,0
50667,3.0,1,E wallet,Grocery,3,0,4,1.0,91.45,0
50668,2.0,1,Debit Card,Mobile Phone,4,1,2,7.0,46.34,0
50669,2.0,1,UPI,Fashion,1,0,4,0.0,148.56,0
50670,3.0,1,E wallet,Laptop & Accessory,1,1,3,1.0,179.02,0
50671,2.0,2,Credit Card,Grocery,3,0,6,12.0,121.76,0
50672,23.0,1,Credit Card,Mobile Phone,4,1,5,2.0,163.49,0
50673,1.0,1,E wallet,Laptop & Accessory,3,0,4,2.0,152.45,0
50674,7.0,1,Credit Card,Laptop & Accessory,3,1,5,8.0,166.79,0
50675,5.0,1,Debit Card,Laptop & Accessory,5,0,5,6.0,38.46,0
50676,40.0,1,Debit Card,Laptop & Accessory,3,0,1,0.0,193.17,0
50677,1.0,2,Debit Card,Grocery,4,1,3,1.0,298.94,0
50678,5.0,1,E wallet,Laptop & Accessory,5,1,4,3.0,138.73,1
50679,35.0,1,Credit Card,Laptop & Accessory,3,1,4,3.0,150.39,0
50680,20.0,1,Credit Card,Mobile Phone,4,0,4,1.0,236.31,0
50681,17.0,1,E wallet,Mobile Phone,3,0,6,1.0,133.86,0
50682,3.0,1,Debit Card,Laptop & Accessory,1,0,3,8.0,245.47,0
50683,2.0,1,E wallet,Laptop & Accessory,5,1,2,2.0,157.55,0
50684,11.0,3,Credit Card,Laptop & Accessory,5,0,3,8.0,143.41,0
50685,27.0,3,Debit Card,Mobile Phone,3,1,5,7.0,174.59,0
50686,8.0,3,Debit Card,Mobile Phone,3,0,3,2.0,95.15,0
50687,8.0,1,COD,Grocery,3,0,6,9.0,179.19,0
50688,3.0,1,E wallet,Mobile Phone,5,1,1,5.0,150.69,0
50689,15.0,1,Debit Card,Mobile Phone,5,0,2,0.0,159.48,0
50690,2.0,2,COD,Grocery,1,1,1,1.0,156.36,1
50691,4.0,3,E wallet,Mobile Phone,4,1,1,1.0,189.33,0
50692,6.0,1,Debit Card,Mobile Phone,4,0,3,0.0,125.73,0
50693,7.0,1,Debit Card,Laptop & Accessory,1,0,6,6.0,159.75,0
50694,3.0,2,Debit Card,Fashion,3,1,1,6.0,207.33,0
50695,1.0,3,Credit Card,Mobile Phone,2,1,4,8.0,175.38,1
50696,9.0,3,Credit Card,Mobile Phone,5,0,3,3.0,147.98,0
50697,3.0,2,Debit Card,Mobile Phone,1,1,4,2.0,138.3,0
50698,9.0,3,Credit Card,Mobile Phone,5,1,5,6.0,65.5,0
50699,2.0,1,Debit Card,Fashion,5,1,4,7.0,170.71,0
50700,7.0,3,Debit Card,Mobile Phone,1,0,1,8.0,154.39,0
50701,8.0,3,Credit Card,Laptop & Accessory,4,0,1,4.0,209.0,0
50702,1.0,3,Debit Card,Mobile Phone,3,0,3,2.0,176.06,0
50703,4.0,1,Credit Card,Others,5,0,1,0.0,163.14,0
50704,1.0,1,UPI,Fashion,4,1,5,3.0,135.44,1
50705,1.0,1,Debit Card,Laptop & Accessory,4,0,1,2.0,190.45,0
50706,46.0,1,Debit Card,Others,5,0,2,13.0,176.29,0
50707,4.0,3,Debit Card,Laptop & Accessory,2,0,4,20.0,195.86,0
50708,17.0,1,Credit Card,Others,3,0,4,0.0,147.74,0
50709,3.0,1,E wallet,Laptop & Accessory,5,0,2,13.0,179.07,0
50710,11.0,2,Credit Card,Others,2,0,2,3.0,208.67,0
50711,14.0,1,Credit Card,Laptop & Accessory,5,0,5,6.0,240.13,0
50712,9.0,1,Debit Card,Fashion,4,0,5,1.0,271.19,0
50713,6.0,1,Debit Card,Fashion,3,1,5,10.0,218.33,0
50714,5.0,1,Debit Card,Fashion,3,0,5,1.0,194.05,0
50715,4.0,1,Credit Card,Fashion,2,0,7,7.0,117.69,0
50716,27.0,3,Debit Card,Mobile Phone,1,0,1,7.0,191.17,0
50717,18.0,1,E wallet,Laptop & Accessory,3,0,4,0.0,247.95,0
50718,34.0,3,Credit Card,Laptop & Accessory,5,0,1,4.0,221.73,0
50719,1.0,1,Debit Card,Fashion,3,0,1,5.0,225.58,0
50720,13.0,1,Credit Card,Fashion,3,0,3,7.0,142.26,0
50721,28.0,1,COD,Laptop & Accessory,3,0,2,5.0,234.59,0
50722,2.0,1,Debit Card,Laptop & Accessory,2,0,3,0.0,113.11,0
50723,1.0,1,Debit Card,Mobile Phone,5,0,3,3.0,142.59,1
50724,14.0,1,Credit Card,Fashion,1,0,3,9.0,215.87,0
50725,9.0,1,Credit Card,Grocery,3,0,5,5.0,129.15,0
50726,18.0,1,Debit Card,Laptop & Accessory,4,0,1,1.0,170.81,0
50727,2.0,1,UPI,Grocery,3,1,2,1.0,243.81,0
50728,16.0,1,Credit Card,Grocery,3,0,3,2.0,177.3,0
50729,2.0,2,UPI,Laptop & Accessory,5,1,1,4.0,239.52,0
50730,2.0,3,Debit Card,Mobile Phone,4,0,2,2.0,205.24,0
50731,2.0,1,E wallet,Mobile Phone,3,0,4,1.0,279.78,0
50732,17.0,1,Debit Card,Mobile Phone,5,1,2,5.0,194.97,0
50733,11.0,3,Debit Card,Mobile Phone,2,0,3,9.0,122.65,0
50734,7.0,1,UPI,Mobile Phone,3,0,1,5.0,197.12,0
50735,4.0,3,Debit Card,Laptop & Accessory,5,0,6,1.0,254.49,0
50736,21.0,1,UPI,Laptop & Accessory,5,0,3,0.0,134.81,0
50737,5.0,3,Credit Card,Laptop & Accessory,3,0,2,4.0,131.2,1
50738,17.0,1,COD,Fashion,2,1,4,19.0,207.74,0
50739,6.0,3,Credit Card,Laptop & Accessory,4,1,3,1.0,133.78,0
50740,5.0,1,E wallet,Fashion,5,0,4,5.0,183.46,0
50741,6.0,2,Debit Card,Mobile Phone,4,0,1,3.0,216.56,0
50742,4.0,1,Credit Card,Mobile Phone,4,1,4,9.0,222.59,0
50743,14.0,1,E wallet,Grocery,3,0,4,0.0,154.66,0
50744,7.0,2,E wallet,Laptop & Accessory,4,0,5,3.0,193.16,0
50745,3.0,1,Debit Card,Laptop & Accessory,5,0,7,2.0,120.67,1
50746,23.0,3,Credit Card,Others,3,0,1,1.0,121.94,0
50747,5.0,1,Credit Card,Mobile Phone,2,0,1,7.0,219.48,0
50748,8.0,3,Debit Card,Laptop & Accessory,3,0,4,1.0,259.07,0
50749,24.0,1,Credit Card,Laptop & Accessory,3,1,2,2.0,101.01,0
50750,10.0,3,E wallet,Grocery,3,0,3,11.0,113.1,0
50751,1.0,3,Debit Card,Mobile Phone,1,0,6,7.0,145.07,0
50752,28.0,1,Credit Card,Laptop & Accessory,3,0,2,6.0,159.99,0
50753,10.0,3,COD,Grocery,5,0,2,2.0,208.88,0
50754,4.0,3,Debit Card,Mobile Phone,3,0,3,5.0,92.11,0
50755,1.0,1,Credit Card,Others,5,0,5,1.0,109.63,1
50756,16.0,1,E wallet,Laptop & Accessory,4,0,1,5.0,169.86,0
50757,10.0,1,E wallet,Mobile Phone,3,0,4,1.0,152.18,0
50758,8.0,3,E wallet,Laptop & Accessory,3,1,2,1.0,124.11,1
50759,22.0,1,E wallet,Mobile Phone,4,0,2,7.0,109.44,0
50760,16.0,1,Debit Card,Laptop & Accessory,3,0,3,8.0,142.69,0
50761,2.0,1,Credit Card,Laptop & Accessory,5,1,3,9.0,179.95,0
50762,4.0,1,E wallet,Laptop & Accessory,2,0,2,0.0,122.76,0
50763,3.0,3,Debit Card,Laptop & Accessory,1,0,2,1.0,83.97,1
50764,14.0,3,Debit Card,Others,2,0,1,12.0,215.13,0
50765,0.0,1,E wallet,Laptop & Accessory,4,0,2,2.0,178.42,0
50766,8.0,1,E wallet,Mobile Phone,5,0,3,6.0,197.15,0
50767,14.0,2,Credit Card,Mobile Phone,2,1,3,2.0,191.12,0
50768,21.0,1,UPI,Fashion,4,0,4,1.0,195.14,0
50769,4.0,1,E wallet,Fashion,2,0,3,15.0,194.34,1
50770,17.0,1,COD,Fashion,4,0,5,1.0,229.6,0
50771,1.0,1,UPI,Others,1,1,3,5.0,92.52,0
50772,19.0,1,Credit Card,Fashion,4,0,4,2.0,229.06,0
50773,1.0,2,E wallet,Fashion,3,0,1,13.0,169.1,1
50774,5.0,1,Credit Card,Mobile Phone,1,0,3,8.0,176.93,0
50775,16.0,3,E wallet,Fashion,4,0,5,2.0,174.64,0
50776,2.0,1,E wallet,Mobile Phone,4,0,2,3.0,183.59,0
50777,3.0,1,Debit Card,Laptop & Accessory,4,0,2,4.0,238.43,0
50778,13.0,3,Debit Card,Laptop & Accessory,3,1,2,0.0,181.17,1
50779,13.0,1,Debit Card,Laptop & Accessory,4,0,5,2.0,141.61,0
50780,10.0,1,E wallet,Laptop & Accessory,3,0,1,5.0,254.84,0
50781,12.0,1,E wallet,Mobile Phone,5,0,7,0.0,143.33,0
50782,8.0,1,Credit Card,Laptop & Accessory,5,0,5,2.0,74.7,0
50783,3.0,3,Credit Card,Mobile Phone,4,0,2,5.0,142.4,0
50784,4.0,1,E wallet,Grocery,5,0,3,1.0,171.11,0
50785,2.0,2,Debit Card,Mobile Phone,5,0,5,1.0,172.47,1
50786,24.0,1,Debit Card,Laptop & Accessory,3,0,1,1.0,151.61,0
50787,9.0,1,Credit Card,Laptop & Accessory,5,0,3,8.0,168.19,0
50788,5.0,3,UPI,Grocery,3,0,4,7.0,163.62,0
50789,6.0,3,E wallet,Others,1,0,2,6.0,155.24,1
50790,29.0,1,Debit Card,Grocery,5,0,5,9.0,208.91,0
50791,2.0,1,Debit Card,Laptop & Accessory,2,0,6,1.0,171.64,0
50792,9.0,1,Credit Card,Mobile Phone,4,1,1,6.0,215.75,0
50793,7.0,2,E wallet,Others,5,0,2,3.0,107.1,0
50794,9.0,2,Credit Card,Laptop & Accessory,1,1,4,2.0,198.73,0
50795,0.0,2,Credit Card,Laptop & Accessory,3,0,2,2.0,175.1,0
50796,21.0,1,Debit Card,Laptop & Accessory,4,1,4,4.0,159.37,0
50797,27.0,3,UPI,Others,4,0,2,3.0,120.21,0
50798,8.0,1,Debit Card,Mobile Phone,5,1,1,1.0,201.83,0
50799,12.0,1,Debit Card,Others,5,0,2,4.0,201.14,0
50800,26.0,1,E wallet,Laptop & Accessory,2,0,3,0.0,251.78,0
50801,12.0,3,COD,Fashion,3,0,5,1.0,173.48,0
50802,2.0,2,Credit Card,Laptop & Accessory,4,1,2,7.0,143.28,1
50803,9.0,1,Credit Card,Laptop & Accessory,4,0,1,2.0,159.67,0
50804,9.0,1,Debit Card,Mobile Phone,3,0,4,14.0,132.52,0
50805,6.0,3,Debit Card,Mobile Phone,3,1,1,9.0,72.35,0
50806,13.0,1,Debit Card,Fashion,3,0,2,2.0,185.94,0
50807,27.0,1,Credit Card,Others,5,1,3,11.0,160.98,0
50808,26.0,3,Debit Card,Laptop & Accessory,5,1,1,1.0,96.15,0
50809,6.0,3,UPI,Laptop & Accessory,1,0,1,1.0,223.75,0
50810,1.0,1,Debit Card,Fashion,3,0,3,9.0,191.7,0
50811,42.0,1,Credit Card,Grocery,3,0,1,9.0,101.43,0
50812,18.0,1,Credit Card,Fashion,5,0,3,7.0,200.59,0
50813,1.0,1,Credit Card,Mobile Phone,5,0,1,8.0,154.19,0
50814,25.0,3,Debit Card,Fashion,4,1,1,4.0,162.52,0
50815,20.0,1,UPI,Laptop & Accessory,1,1,6,0.0,125.09,1
50816,7.0,3,Credit Card,Laptop & Accessory,2,0,6,11.0,194.13,0
50817,9.0,1,E wallet,Mobile Phone,3,1,3,1.0,188.25,1
50818,5.0,1,Credit Card,Fashion,5,1,3,1.0,161.93,0
50819,1.0,1,Debit Card,Mobile Phone,1,0,3,8.0,210.15,0
50820,4.0,2,Credit Card,Mobile Phone,4,0,2,0.0,195.89,0
50821,16.0,1,Credit Card,Mobile Phone,2,0,5,3.0,98.56,0
50822,0.0,1,UPI,Mobile Phone,3,0,8,2.0,198.21,0
50823,4.0,1,UPI,Grocery,4,1,3,2.0,168.21,0
50824,5.0,1,Debit Card,Mobile Phone,4,0,4,2.0,261.04,0
50825,8.0,1,Debit Card,Laptop & Accessory,4,0,4,1.0,108.94,0
50826,25.0,1,Debit Card,Fashion,5,1,6,8.0,172.14,0
50827,4.0,1,COD,Mobile Phone,3,0,4,2.0,204.84,0
50828,4.0,1,Debit Card,Fashion,3,0,4,3.0,196.21,0
50829,13.0,1,Credit Card,Grocery,5,0,2,0.0,110.26,0
50830,6.0,1,Credit Card,Laptop & Accessory,1,0,2,1.0,157.9,0
50831,3.0,1,Credit Card,Mobile Phone,3,1,2,5.0,229.59,0
50832,6.0,1,Debit Card,Mobile Phone,5,0,4,3.0,146.01,0
50833,2.0,1,Debit Card,Laptop & Accessory,5,0,2,3.0,250.6,0
50834,2.0,3,Credit Card,Grocery,5,1,1,5.0,111.04,0
50835,7.0,1,Debit Card,Fashion,1,0,4,10.0,196.19,0
50836,5.0,1,Debit Card,Fashion,5,0,2,1.0,149.7,0
50837,25.0,1,Debit Card,Fashion,5,0,1,0.0,156.82,0
50838,5.0,3,Credit Card,Laptop & Accessory,4,0,2,3.0,276.53,0
50839,9.0,2,Debit Card,Fashion,3,0,2,4.0,216.94,0
50840,10.0,2,Debit Card,Fashion,3,1,6,0.0,226.15,0
50841,0.0,1,Debit Card,Grocery,4,0,1,1.0,176.23,0
50842,11.0,1,Debit Card,Mobile Phone,5,0,8,10.0,223.4,0
50843,2.0,3,Credit Card,Mobile Phone,3,1,1,0.0,198.94,0
50844,32.0,2,Debit Card,Laptop & Accessory,3,0,2,8.0,234.9,0
50845,2.0,1,Credit Card,Grocery,4,0,3,6.0,139.62,0
50846,5.0,3,Debit Card,Mobile Phone,4,0,3,15.0,199.31,0
50847,1.0,2,UPI,Mobile Phone,3,1,2,1.0,119.71,0
50848,58.0,1,Debit Card,Laptop & Accessory,3,0,1,1.0,143.3,0
50849,7.0,1,UPI,Mobile Phone,4,0,4,4.0,179.58,0
50850,9.0,1,E wallet,Laptop & Accessory,1,0,3,3.0,125.95,0
50851,1.0,1,Credit Card,Grocery,1,0,2,5.0,158.26,1
50852,14.0,2,UPI,Grocery,4,0,4,6.0,154.54,0
50853,2.0,1,Debit Card,Laptop & Accessory,2,0,3,0.0,306.62,0
50854,23.0,3,Debit Card,Mobile Phone,4,1,1,5.0,143.76,0
50855,2.0,3,Debit Card,Mobile Phone,4,0,4,6.0,149.57,0
50856,2.0,1,Debit Card,Fashion,4,1,5,3.0,158.32,0
50857,0.0,1,Debit Card,Fashion,5,0,3,11.0,216.09,0
50858,6.0,3,Credit Card,Others,2,1,5,3.0,220.35,0
50859,8.0,2,Debit Card,Laptop & Accessory,3,0,4,7.0,215.8,0
50860,1.0,2,Debit Card,Laptop & Accessory,3,1,4,1.0,132.83,0
50861,15.0,1,Debit Card,Mobile Phone,4,0,2,14.0,205.65,0
50862,6.0,1,Credit Card,Fashion,3,0,3,3.0,114.02,0
50863,7.0,1,COD,Laptop & Accessory,3,1,5,1.0,128.16,0
50864,6.0,3,Credit Card,Laptop & Accessory,2,0,3,1.0,241.25,0
50865,5.0,1,Credit Card,Fashion,5,1,2,3.0,204.71,0
50866,8.0,3,Debit Card,Fashion,4,0,2,1.0,100.17,0
50867,2.0,1,E wallet,Laptop & Accessory,3,1,2,1.0,266.97,0
50868,2.0,3,Debit Card,Grocery,5,0,4,0.0,205.23,0
50869,20.0,2,COD,Laptop & Accessory,5,0,1,13.0,116.32,0
50870,29.0,1,Credit Card,Laptop & Accessory,2,0,1,3.0,148.09,0
50871,5.0,1,Debit Card,Laptop & Accessory,3,1,4,8.0,238.9,1
50872,3.0,1,COD,Grocery,3,1,4,8.0,250.22,0
50873,10.0,1,UPI,Fashion,5,1,1,7.0,106.92,0
50874,5.0,1,Credit Card,Mobile Phone,2,1,3,8.0,165.5,1
50875,0.0,1,Debit Card,Laptop & Accessory,3,0,4,0.0,160.94,1
50876,2.0,1,E wallet,Fashion,4,0,1,6.0,110.52,1
50877,13.0,2,Debit Card,Mobile Phone,5,0,3,8.0,159.94,0
50878,11.0,1,Debit Card,Others,5,0,3,2.0,128.05,0
50879,0.0,1,Debit Card,Fashion,3,0,2,4.0,212.01,0
50880,3.0,3,Credit Card,Laptop & Accessory,4,1,1,9.0,194.12,0
50881,3.0,1,E wallet,Fashion,5,0,1,13.0,258.26,0
50882,11.0,3,Debit Card,Laptop & Accessory,4,1,3,3.0,290.36,0
50883,0.0,2,UPI,Others,5,0,1,2.0,202.78,0
50884,1.0,1,Debit Card,Laptop & Accessory,5,0,1,1.0,151.37,0
50885,16.0,1,Debit Card,Laptop & Accessory,5,0,4,1.0,203.06,0
50886,2.0,1,Credit Card,Mobile Phone,1,0,3,2.0,181.94,0
50887,11.0,1,E wallet,Laptop & Accessory,3,1,2,0.0,230.93,0
50888,3.0,1,COD,Laptop & Accessory,3,0,2,9.0,261.12,0
50889,1.0,1,E wallet,Mobile Phone,4,1,2,10.0,215.36,1
50890,3.0,1,Debit Card,Mobile Phone,3,0,4,1.0,100.68,0
50891,13.0,1,COD,Mobile Phone,3,0,4,9.0,116.36,0
50892,19.0,1,UPI,Grocery,3,1,2,5.0,225.19,0
50893,18.0,1,Debit Card,Mobile Phone,5,0,1,2.0,185.03,0
50894,5.0,2,Credit Card,Others,3,0,4,1.0,157.93,0
50895,11.0,1,Credit Card,Laptop & Accessory,2,1,5,10.0,56.32,1
50896,2.0,1,Credit Card,Laptop & Accessory,1,0,3,10.0,176.6,0
50897,3.0,1,COD,Fashion,2,0,1,4.0,224.93,0
50898,23.0,1,Debit Card,Laptop & Accessory,5,1,3,15.0,221.15,0
50899,0.0,1,Credit Card,Laptop & Accessory,5,1,1,4.0,156.67,0
50900,1.0,1,Debit Card,Grocery,3,0,2,3.0,168.91,0
50901,2.0,1,Credit Card,Mobile Phone,4,1,1,1.0,138.2,0
50902,0.0,1,E wallet,Laptop & Accessory,4,0,4,1.0,154.07,0
50903,2.0,1,Debit Card,Fashion,1,0,1,1.0,205.64,0
50904,9.0,1,Debit Card,Laptop & Accessory,3,1,4,12.0,209.09,0
50905,5.0,1,COD,Mobile Phone,4,0,3,1.0,273.28,0
50906,22.0,1,E wallet,Laptop & Accessory,5,0,5,12.0,223.81,0
50907,17.0,3,Credit Card,Laptop & Accessory,4,1,1,7.0,188.81,0
50908,4.0,2,Debit Card,Laptop & Accessory,3,0,1,4.0,117.62,1
50909,3.0,1,Credit Card,Grocery,5,0,3,2.0,113.06,0
50910,5.0,1,E wallet,Laptop & Accessory,4,1,3,1.0,185.56,0
50911,9.0,1,E wallet,Mobile Phone,5,1,3,5.0,242.98,0
50912,3.0,3,Debit Card,Laptop & Accessory,3,1,5,18.0,113.59,1
50913,10.0,1,Credit Card,Mobile Phone,1,1,2,11.0,191.97,1
50914,5.0,3,Debit Card,Mobile Phone,2,0,1,2.0,243.66,0
50915,8.0,2,Debit Card,Mobile Phone,5,0,4,21.0,166.47,0
50916,6.0,2,Credit Card,Fashion,1,0,1,8.0,210.33,0
50917,3.0,1,Debit Card,Grocery,4,0,2,6.0,218.45,0
50918,30.0,1,Debit Card,Laptop & Accessory,3,0,5,1.0,175.07,0
50919,14.0,1,E wallet,Laptop & Accessory,3,1,4,8.0,278.58,0
50920,2.0,1,Credit Card,Grocery,3,0,5,1.0,213.1,0
50921,20.0,1,E wallet,Others,1,0,3,3.0,209.94,0
50922,7.0,3,Credit Card,Mobile Phone,2,0,3,8.0,145.69,1
50923,22.0,1,E wallet,Mobile Phone,1,0,7,1.0,237.19,0
50924,16.0,1,Debit Card,Laptop & Accessory,1,1,3,11.0,177.4,0
50925,6.0,1,Debit Card,Mobile Phone,1,0,1,12.0,159.74,0
50926,0.0,2,Credit Card,Laptop & Accessory,4,0,5,5.0,46.0,0
50927,3.0,2,Debit Card,Others,2,0,1,6.0,181.92,0
50928,8.0,1,E wallet,Laptop & Accessory,3,0,2,3.0,189.19,0
50929,10.0,1,Credit Card,Laptop & Accessory,4,1,1,2.0,240.67,0
50930,3.0,1,Debit Card,Mobile Phone,2,0,1,8.0,204.25,0
50931,2.0,1,Credit Card,Laptop & Accessory,5,0,1,1.0,208.27,0
50932,18.0,1,UPI,Mobile Phone,3,0,8,4.0,210.02,0
50933,42.0,3,Debit Card,Others,5,0,2,3.0,148.35,0
50934,7.0,1,Debit Card,Mobile Phone,2,0,2,7.0,180.67,0
50935,2.0,1,E wallet,Grocery,1,0,1,9.0,261.79,0
50936,3.0,1,Debit Card,Laptop & Accessory,4,1,5,5.0,212.86,1
50937,0.0,3,Debit Card,Laptop & Accessory,3,0,2,14.0,175.58,0
50938,25.0,1,Debit Card,Others,4,1,1,3.0,184.77,0
50939,1.0,1,Credit Card,Laptop & Accessory,3,0,2,9.0,193.9,0
50940,9.0,2,Credit Card,Fashion,3,0,6,1.0,205.77,0
50941,3.0,1,Credit Card,Mobile Phone,5,0,3,0.0,149.23,0
50942,8.0,2,UPI,Mobile Phone,2,0,3,5.0,164.77,0
50943,11.0,1,E wallet,Fashion,3,0,3,1.0,183.44,0
50944,18.0,2,COD,Fashion,3,1,3,19.0,178.8,1
50945,2.0,1,Credit Card,Others,4,0,3,0.0,205.77,0
50946,0.0,1,Debit Card,Laptop & Accessory,1,1,3,4.0,180.43,0
50947,1.0,3,COD,Fashion,3,0,5,10.0,169.68,0
50948,23.0,1,Debit Card,Laptop & Accessory,3,0,9,4.0,207.7,0
50949,21.0,1,E wallet,Fashion,5,0,7,3.0,129.04,0
50950,9.0,1,Debit Card,Laptop & Accessory,4,0,5,3.0,121.3,0
50951,9.0,1,E wallet,Mobile Phone,2,1,3,1.0,308.4,0
50952,11.0,1,UPI,Laptop & Accessory,3,0,3,3.0,173.28,0
50953,2.0,3,Debit Card,Laptop & Accessory,4,1,5,14.0,110.17,1
50954,25.0,3,Debit Card,Fashion,3,0,5,0.0,197.04,0
50955,5.0,1,Debit Card,Laptop & Accessory,3,0,3,5.0,151.27,0
50956,5.0,1,Credit Card,Fashion,3,0,1,5.0,193.56,0
50957,7.0,1,Debit Card,Mobile Phone,3,0,3,13.0,117.94,0
50958,0.0,2,Credit Card,Laptop & Accessory,1,0,2,1.0,199.32,0
50959,2.0,1,Debit Card,Mobile Phone,4,0,3,6.0,174.41,0
50960,13.0,1,Debit Card,Grocery,4,0,5,9.0,264.71,0
50961,1.0,1,Credit Card,Others,3,0,3,1.0,226.23,0
50962,9.0,1,Credit Card,Laptop & Accessory,4,0,6,2.0,135.49,0
50963,3.0,1,Debit Card,Laptop & Accessory,3,0,2,4.0,67.57,0
50964,5.0,1,E wallet,Laptop & Accessory,2,0,1,0.0,157.91,0
50965,3.0,2,UPI,Fashion,4,0,3,1.0,131.43,0
50966,4.0,1,Debit Card,Fashion,5,0,3,0.0,131.43,0
50967,13.0,1,Debit Card,Laptop & Accessory,4,1,1,0.0,166.61,0
50968,4.0,1,E wallet,Mobile Phone,4,0,3,4.0,169.47,0
50969,8.0,1,Debit Card,Fashion,3,0,4,4.0,168.13,0
50970,6.0,1,Debit Card,Mobile Phone,1,0,1,3.0,294.59,0
50971,11.0,1,Credit Card,Fashion,4,0,4,18.0,156.3,0
50972,28.0,3,Debit Card,Laptop & Accessory,3,0,2,4.0,286.46,0
50973,13.0,1,Debit Card,Fashion,4,0,4,15.0,227.37,0
50974,2.0,1,COD,Mobile Phone,3,0,4,5.0,191.5,0
50975,0.0,1,Debit Card,Mobile Phone,4,0,2,5.0,181.08,0
50976,3.0,3,UPI,Mobile Phone,4,0,2,1.0,146.04,0
50977,9.0,2,Debit Card,Mobile Phone,5,1,5,3.0,131.88,0
50978,1.0,3,E wallet,Mobile Phone,5,0,2,9.0,146.55,0
50979,7.0,1,Credit Card,Laptop & Accessory,1,0,2,9.0,209.45,0
50980,9.0,3,Debit Card,Others,3,0,2,9.0,157.33,0
50981,4.0,1,E wallet,Grocery,5,0,2,5.0,191.38,0
50982,15.0,1,UPI,Mobile Phone,3,1,3,3.0,200.07,0
50983,1.0,3,Debit Card,Laptop & Accessory,3,0,2,6.0,175.53,0
50984,1.0,3,E wallet,Laptop & Accessory,2,0,2,2.0,161.2,0
50985,13.0,1,Credit Card,Grocery,4,0,2,2.0,191.92,0
50986,7.0,1,E wallet,Others,3,0,2,8.0,95.19,1
50987,12.0,1,E wallet,Laptop & Accessory,5,1,1,2.0,155.29,0
50988,6.0,1,Debit Card,Fashion,2,0,5,1.0,82.47,0
50989,3.0,1,Debit Card,Mobile Phone,3,1,2,19.0,154.7,1
50990,17.0,3,Credit Card,Laptop & Accessory,1,0,1,4.0,241.78,1
50991,16.0,2,UPI,Mobile Phone,4,1,4,2.0,147.82,0
50992,12.0,2,Debit Card,Fashion,5,0,3,3.0,184.48,0
50993,3.0,2,Credit Card,Laptop & Accessory,2,0,2,1.0,199.49,0
50994,9.0,1,Debit Card,Laptop & Accessory,1,0,7,2.0,199.89,0
50995,4.0,2,E wallet,Laptop & Accessory,3,0,1,3.0,176.57,0
50996,1.0,1,Credit Card,Grocery,4,0,4,1.0,187.91,0
50997,25.0,1,E wallet,Mobile Phone,5,0,4,6.0,195.61,0
50998,1.0,1,UPI,Mobile Phone,1,0,3,1.0,171.2,0
50999,30.0,1,Debit Card,Fashion,4,0,1,10.0,146.66,0
51000,6.0,3,Debit Card,Others,3,0,3,6.0,211.76,0
51001,2.0,3,COD,Laptop & Accessory,2,0,2,4.0,189.8,0
51002,8.0,1,Debit Card,Laptop & Accessory,2,0,3,9.0,188.64,0
51003,21.0,2,E wallet,Laptop & Accessory,5,0,4,0.0,186.15,0
51004,13.0,1,E wallet,Grocery,5,0,2,6.0,186.96,0
51005,16.0,2,Credit Card,Mobile Phone,3,0,3,1.0,126.11,0
51006,11.0,1,Debit Card,Fashion,5,0,7,2.0,116.24,0
51007,12.0,1,Debit Card,Laptop & Accessory,2,0,5,3.0,162.2,0
51008,19.0,1,Credit Card,Mobile Phone,3,0,2,4.0,199.88,0
51009,3.0,1,Debit Card,Laptop & Accessory,4,0,3,7.0,138.11,0
51010,7.0,1,Credit Card,Mobile Phone,5,0,2,1.0,169.76,0
51011,3.0,3,Credit Card,Laptop & Accessory,3,0,5,4.0,198.78,0
51012,44.0,1,Debit Card,Mobile Phone,5,0,4,2.0,256.91,0
51013,29.0,3,Debit Card,Fashion,5,0,5,1.0,121.38,1
51014,0.0,2,UPI,Others,1,0,1,12.0,233.28,0
51015,12.0,1,Credit Card,Laptop & Accessory,3,0,3,3.0,198.39,0
51016,26.0,1,Credit Card,Fashion,2,0,3,1.0,260.24,0
51017,2.0,2,UPI,Grocery,4,0,4,9.0,118.24,0
51018,8.0,1,Credit Card,Laptop & Accessory,4,1,5,2.0,211.21,0
51019,25.0,2,COD,Mobile Phone,1,0,5,1.0,186.71,0
51020,0.0,1,Debit Card,Mobile Phone,3,0,5,0.0,123.19,0
51021,12.0,1,E wallet,Laptop & Accessory,3,0,2,2.0,192.47,0
51022,4.0,3,Debit Card,Laptop & Accessory,4,0,4,9.0,57.17,1
51023,26.0,1,E wallet,Laptop & Accessory,4,0,5,3.0,217.9,0
51024,35.0,1,UPI,Mobile Phone,1,1,2,1.0,140.37,0
51025,29.0,1,Debit Card,Laptop & Accessory,3,0,5,2.0,230.46,0
51026,6.0,2,Credit Card,Laptop & Accessory,2,0,1,1.0,266.36,0
51027,20.0,2,E wallet,Fashion,4,0,2,6.0,225.28,0
51028,19.0,1,Debit Card,Mobile Phone,4,0,3,1.0,216.38,0
51029,4.0,1,E wallet,Laptop & Accessory,4,1,3,3.0,123.49,0
51030,18.0,1,Debit Card,Mobile Phone,1,0,3,0.0,185.27,0
51031,0.0,1,UPI,Others,3,1,5,5.0,153.57,0
51032,9.0,1,Debit Card,Laptop & Accessory,5,0,4,2.0,162.97,0
51033,3.0,3,Credit Card,Laptop & Accessory,4,1,3,1.0,267.35,0
51034,1.0,1,Debit Card,Laptop & Accessory,5,0,2,6.0,189.48,0
51035,1.0,1,Debit Card,Laptop & Accessory,2,1,3,3.0,200.29,0
51036,12.0,3,Credit Card,Mobile Phone,3,0,5,6.0,174.79,1
51037,4.0,1,Credit Card,Others,3,1,1,3.0,237.59,0
51038,13.0,1,Debit Card,Mobile Phone,3,0,3,1.0,196.55,0
51039,1.0,1,UPI,Mobile Phone,3,0,1,4.0,90.44,0
51040,4.0,1,Debit Card,Mobile Phone,3,0,2,11.0,149.03,1
51041,8.0,3,E wallet,Laptop & Accessory,4,0,3,8.0,247.17,0
51042,16.0,1,Credit Card,Laptop & Accessory,4,0,2,3.0,182.49,0
51043,4.0,1,Credit Card,Fashion,2,0,4,9.0,151.56,1
51044,10.0,1,Debit Card,Mobile Phone,5,0,4,0.0,239.63,0
51045,22.0,3,Credit Card,Laptop & Accessory,4,0,4,7.0,162.04,0
51046,10.0,1,Credit Card,Laptop & Accessory,3,1,1,6.0,163.25,1
51047,3.0,1,Debit Card,Laptop & Accessory,5,0,3,6.0,191.36,0
51048,0.0,3,Debit Card,Fashion,2,1,1,1.0,169.31,0
51049,20.0,1,Debit Card,Mobile Phone,3,0,3,0.0,203.95,0
51050,0.0,2,Debit Card,Fashion,5,0,1,2.0,115.68,0
51051,21.0,1,Debit Card,Fashion,3,1,4,2.0,212.2,0
51052,8.0,2,Debit Card,Laptop & Accessory,4,0,6,4.0,151.69,0
51053,28.0,1,Credit Card,Others,5,0,5,2.0,217.58,0
51054,16.0,1,Debit Card,Laptop & Accessory,3,0,2,1.0,199.18,0
51055,61.0,2,Debit Card,Laptop & Accessory,2,0,5,15.0,289.19,0
51056,4.0,1,Debit Card,Fashion,3,0,1,5.0,111.54,0
51057,15.0,1,Credit Card,Laptop & Accessory,3,1,3,2.0,155.51,0
51058,5.0,1,Debit Card,Mobile Phone,2,0,2,4.0,161.95,0
51059,7.0,1,Credit Card,Grocery,2,0,6,4.0,161.21,0
51060,10.0,3,E wallet,Fashion,5,0,6,8.0,205.67,0
51061,21.0,1,Credit Card,Laptop & Accessory,4,0,2,7.0,135.13,0
51062,41.0,3,Debit Card,Fashion,3,0,2,1.0,210.45,0
51063,15.0,1,Credit Card,Fashion,5,0,9,3.0,184.23,0
51064,5.0,1,Debit Card,Mobile Phone,4,1,6,2.0,175.63,0
51065,5.0,1,UPI,Mobile Phone,3,0,1,1.0,164.74,0
51066,13.0,2,E wallet,Others,4,1,2,9.0,159.02,0
51067,3.0,2,Credit Card,Others,4,0,2,0.0,151.49,0
51068,1.0,1,COD,Mobile Phone,4,0,2,1.0,192.26,0
51069,4.0,3,Credit Card,Laptop & Accessory,3,0,8,9.0,61.07,1
51070,3.0,1,Debit Card,Fashion,2,0,1,6.0,179.54,0
51071,4.0,1,Debit Card,Laptop & Accessory,3,0,2,3.0,193.9,0
51072,3.0,3,Credit Card,Fashion,1,0,1,1.0,133.4,0
51073,0.0,3,UPI,Laptop & Accessory,3,0,3,2.0,181.34,0
51074,0.0,3,UPI,Fashion,3,1,5,6.0,199.63,0
51075,44.0,1,Credit Card,Laptop & Accessory,1,0,5,6.0,198.62,0
51076,6.0,1,Debit Card,Others,5,0,2,2.0,195.68,0
51077,5.0,1,Credit Card,Laptop & Accessory,4,0,2,8.0,191.31,0
51078,11.0,1,E wallet,Laptop & Accessory,3,1,5,7.0,146.92,0
51079,2.0,2,Credit Card,Fashion,5,0,2,3.0,125.4,0
51080,30.0,1,Credit Card,Mobile Phone,5,0,1,7.0,130.06,0
51081,15.0,2,Credit Card,Mobile Phone,1,1,4,0.0,236.49,0
51082,1.0,1,UPI,Others,4,0,3,3.0,152.4,0
51083,5.0,1,E wallet,Mobile Phone,5,1,2,6.0,143.44,0
51084,21.0,2,Debit Card,Fashion,2,0,3,2.0,217.7,0
51085,29.0,1,Debit Card,Laptop & Accessory,2,0,1,1.0,137.1,0
51086,6.0,3,UPI,Fashion,3,0,4,1.0,221.93,0
51087,10.0,1,E wallet,Mobile Phone,3,0,6,5.0,272.24,0
51088,2.0,2,Debit Card,Mobile Phone,5,0,5,25.0,123.78,0
51089,47.0,1,Credit Card,Fashion,4,0,1,13.0,218.41,0
51090,3.0,1,UPI,Mobile Phone,1,0,4,2.0,217.16,1
51091,29.0,2,UPI,Others,4,1,3,1.0,145.53,0
51092,10.0,3,E wallet,Fashion,2,0,4,7.0,273.56,0
51093,9.0,1,Debit Card,Fashion,3,0,5,10.0,145.39,0
51094,7.0,1,E wallet,Mobile Phone,3,0,1,11.0,219.63,0
51095,3.0,1,Debit Card,Mobile Phone,3,1,4,2.0,158.96,0
51096,2.0,1,UPI,Laptop & Accessory,3,0,1,4.0,142.17,0
51097,2.0,3,Debit Card,Laptop & Accessory,4,1,1,1.0,232.82,0
51098,2.0,2,Credit Card,Laptop & Accessory,3,0,3,0.0,113.57,0
51099,15.0,1,Credit Card,Others,5,0,5,1.0,153.73,0
51100,4.0,1,E wallet,Laptop & Accessory,1,0,3,9.0,136.23,0
51101,1.0,2,Credit Card,Fashion,4,0,3,3.0,101.46,0
51102,35.0,1,Debit Card,Mobile Phone,5,0,2,1.0,214.14,0
51103,22.0,1,E wallet,Mobile Phone,1,1,3,25.0,128.16,1
51104,26.0,1,Debit Card,Mobile Phone,4,0,1,2.0,163.32,0
51105,53.0,1,Debit Card,Laptop & Accessory,3,1,2,4.0,192.43,0
51106,2.0,1,COD,Grocery,3,0,3,5.0,152.12,0
51107,5.0,3,Credit Card,Grocery,2,1,3,1.0,223.41,0
51108,14.0,1,E wallet,Fashion,4,0,2,1.0,211.2,0
51109,12.0,1,Credit Card,Grocery,3,0,5,16.0,102.58,0
51110,2.0,3,E wallet,Laptop & Accessory,3,0,3,3.0,173.06,0
51111,17.0,1,E wallet,Laptop & Accessory,4,1,1,2.0,174.63,0
51112,3.0,1,Credit Card,Mobile Phone,5,0,2,1.0,184.16,0
51113,3.0,1,COD,Grocery,3,0,2,0.0,106.28,0
51114,8.0,1,Credit Card,Laptop & Accessory,4,0,3,14.0,122.53,0
51115,9.0,3,E wallet,Mobile Phone,5,1,2,1.0,191.65,0
51116,9.0,2,E wallet,Laptop & Accessory,1,0,1,3.0,127.91,0
51117,1.0,1,Debit Card,Others,3,1,2,0.0,201.83,0
51118,21.0,2,Credit Card,Fashion,1,0,2,8.0,194.93,0
51119,3.0,1,COD,Laptop & Accessory,5,0,7,2.0,145.83,1
51120,1.0,3,Debit Card,Others,3,0,1,16.0,173.63,0
51121,22.0,1,Debit Card,Laptop & Accessory,3,1,6,8.0,127.3,0
51122,31.0,1,Credit Card,Mobile Phone,4,0,1,9.0,156.2,0
51123,20.0,1,Debit Card,Laptop & Accessory,4,0,1,1.0,270.25,0
51124,17.0,1,UPI,Laptop & Accessory,3,1,3,1.0,198.71,0
51125,11.0,1,Debit Card,Laptop & Accessory,4,0,2,5.0,230.8,0
51126,8.0,1,Debit Card,Laptop & Accessory,5,0,2,1.0,160.13,0
51127,1.0,2,E wallet,Others,5,0,5,16.0,134.35,0
51128,5.0,1,Debit Card,Mobile Phone,4,1,3,1.0,230.72,0
51129,5.0,3,Credit Card,Laptop & Accessory,5,0,3,6.0,168.44,0
51130,3.0,1,E wallet,Fashion,5,1,1,1.0,148.56,0
51131,13.0,2,E wallet,Fashion,4,0,6,5.0,213.1,0
51132,7.0,3,E wallet,Others,5,0,3,10.0,197.72,0
51133,1.0,2,Debit Card,Mobile Phone,5,0,4,1.0,95.85,0
51134,2.0,3,Debit Card,Fashion,3,1,5,1.0,208.81,0
51135,11.0,3,Debit Card,Mobile Phone,3,0,1,5.0,172.58,0
51136,1.0,1,Debit Card,Laptop & Accessory,1,0,1,1.0,174.32,0
51137,19.0,1,Credit Card,Mobile Phone,1,0,5,10.0,173.89,0
51138,7.0,1,Debit Card,Mobile Phone,4,0,2,11.0,124.75,0
51139,7.0,1,Credit Card,Mobile Phone,4,0,3,7.0,137.69,0
51140,9.0,1,Debit Card,Fashion,4,0,4,2.0,167.75,0
51141,17.0,2,Credit Card,Mobile Phone,5,0,6,3.0,211.16,0
51142,4.0,1,Debit Card,Others,3,0,1,1.0,200.58,0
51143,11.0,1,Debit Card,Others,1,1,6,5.0,136.91,1
51144,8.0,1,Credit Card,Mobile Phone,4,0,2,0.0,167.88,0
51145,3.0,3,Credit Card,Mobile Phone,1,0,5,7.0,145.45,0
51146,21.0,1,E wallet,Mobile Phone,4,0,1,1.0,185.89,0
51147,16.0,1,UPI,Laptop & Accessory,3,0,5,12.0,146.73,0
51148,11.0,1,E wallet,Others,4,0,2,7.0,184.84,0
51149,19.0,3,Credit Card,Laptop & Accessory,3,1,6,3.0,226.94,0
51150,20.0,3,Debit Card,Mobile Phone,2,0,2,2.0,174.74,0
51151,12.0,2,Debit Card,Laptop & Accessory,2,0,3,1.0,67.27,0
51152,18.0,3,E wallet,Fashion,4,0,3,6.0,186.09,0
51153,12.0,1,Debit Card,Laptop & Accessory,3,1,3,11.0,145.21,0
51154,11.0,3,Debit Card,Grocery,3,0,1,14.0,118.53,0
51155,10.0,1,Debit Card,Laptop & Accessory,3,0,5,17.0,160.72,1
51156,14.0,1,Debit Card,Grocery,5,0,3,14.0,209.47,0
51157,2.0,1,E wallet,Others,5,1,4,6.0,236.08,1
51158,21.0,1,Debit Card,Fashion,3,0,3,1.0,149.91,0
51159,21.0,2,Credit Card,Mobile Phone,4,0,1,2.0,182.24,0
51160,0.0,1,Debit Card,Laptop & Accessory,2,1,2,2.0,151.65,1
51161,17.0,3,Credit Card,Others,4,1,3,5.0,122.78,0
51162,1.0,1,E wallet,Fashion,3,0,4,3.0,151.86,0
51163,4.0,1,Debit Card,Laptop & Accessory,4,1,5,2.0,184.67,1
51164,14.0,1,E wallet,Mobile Phone,2,1,1,2.0,165.08,0
51165,2.0,2,Debit Card,Laptop & Accessory,5,1,3,4.0,213.81,0
51166,17.0,3,Credit Card,Fashion,2,0,2,7.0,196.06,0
51167,18.0,1,E wallet,Laptop & Accessory,5,0,1,2.0,171.83,0
51168,7.0,1,COD,Fashion,1,0,2,4.0,102.25,0
51169,0.0,1,Debit Card,Fashion,3,0,6,1.0,176.35,0
51170,3.0,1,Debit Card,Laptop & Accessory,4,1,2,33.0,191.78,0
51171,10.0,3,Debit Card,Others,5,0,1,4.0,136.79,1
51172,40.0,1,Debit Card,Fashion,4,0,2,1.0,177.96,0
51173,10.0,3,Debit Card,Mobile Phone,2,0,1,5.0,170.26,0
51174,3.0,1,Debit Card,Grocery,5,0,2,2.0,242.86,0
51175,10.0,1,Credit Card,Grocery,4,0,6,6.0,231.85,0
51176,8.0,3,UPI,Fashion,2,0,3,1.0,124.72,0
51177,15.0,1,Debit Card,Laptop & Accessory,4,1,1,1.0,196.95,1
51178,1.0,1,COD,Mobile Phone,4,1,5,1.0,178.85,1
51179,14.0,1,E wallet,Grocery,4,0,4,4.0,219.53,0
51180,8.0,1,UPI,Mobile Phone,4,0,5,3.0,173.4,0
51181,33.0,3,UPI,Mobile Phone,5,1,6,7.0,27.83,0
51182,4.0,1,E wallet,Others,5,1,1,1.0,145.1,0
51183,10.0,3,E wallet,Laptop & Accessory,4,1,6,5.0,168.77,0
51184,27.0,1,Credit Card,Laptop & Accessory,1,0,3,2.0,150.69,0
51185,1.0,1,Credit Card,Grocery,4,0,8,3.0,144.84,0
51186,28.0,1,UPI,Laptop & Accessory,5,1,4,12.0,122.07,0
51187,12.0,1,Debit Card,Laptop & Accessory,3,0,3,8.0,208.48,0
51188,1.0,3,Debit Card,Grocery,4,0,7,1.0,137.35,0
51189,4.0,2,E wallet,Fashion,4,1,2,6.0,189.96,0
51190,12.0,1,Credit Card,Fashion,4,0,1,1.0,114.9,0
51191,1.0,3,E wallet,Fashion,5,1,1,30.0,105.0,1
51192,9.0,2,Debit Card,Laptop & Accessory,3,0,4,11.0,228.0,0
51193,4.0,1,Credit Card,Mobile Phone,3,0,8,9.0,255.18,0
51194,10.0,3,Debit Card,Mobile Phone,1,0,8,5.0,301.06,1
51195,0.0,1,UPI,Laptop & Accessory,5,0,7,1.0,169.75,0
51196,21.0,1,Debit Card,Fashion,3,0,1,3.0,130.76,0
51197,36.0,1,E wallet,Laptop & Accessory,5,1,3,3.0,99.9,0
51198,35.0,1,Debit Card,Laptop & Accessory,2,0,3,3.0,248.87,0
51199,14.0,1,Debit Card,Laptop & Accessory,3,1,1,5.0,184.46,0
51200,1.0,1,Debit Card,Mobile Phone,3,0,7,7.0,233.81,0
51201,14.0,1,Debit Card,Grocery,4,0,5,2.0,240.17,0
51202,0.0,2,Credit Card,Mobile Phone,3,0,2,5.0,130.57,0
51203,0.0,3,Debit Card,Laptop & Accessory,3,1,3,2.0,171.88,0
51204,4.0,2,Credit Card,Laptop & Accessory,3,0,6,0.0,251.52,0
51205,7.0,1,Debit Card,Mobile Phone,5,1,1,1.0,136.77,0
51206,15.0,1,UPI,Laptop & Accessory,5,0,2,5.0,131.54,0
51207,11.0,1,Debit Card,Laptop & Accessory,3,0,4,8.0,181.23,0
51208,6.0,1,Debit Card,Fashion,4,1,1,0.0,107.12,0
51209,3.0,1,Credit Card,Fashion,4,0,3,1.0,89.65,0
51210,59.0,1,UPI,Grocery,4,0,4,3.0,87.34,0
51211,6.0,2,UPI,Grocery,2,0,3,1.0,292.77,0
51212,6.0,2,UPI,Laptop & Accessory,3,1,4,5.0,214.51,1
51213,2.0,1,Debit Card,Fashion,4,0,2,0.0,157.65,0
51214,16.0,1,E wallet,Mobile Phone,2,0,1,1.0,122.34,0
51215,12.0,2,E wallet,Laptop & Accessory,3,0,2,7.0,193.5,0
51216,2.0,1,UPI,Mobile Phone,2,0,4,9.0,219.78,0
51217,1.0,1,Debit Card,Laptop & Accessory,5,0,1,1.0,218.63,0
51218,11.0,1,UPI,Laptop & Accessory,5,0,2,3.0,24.98,0
51219,11.0,1,Credit Card,Laptop & Accessory,2,0,4,4.0,256.89,0
51220,3.0,1,Credit Card,Others,4,1,5,0.0,181.71,0
51221,30.0,3,Credit Card,Grocery,3,0,1,6.0,106.16,1
51222,2.0,3,Credit Card,Mobile Phone,4,0,3,0.0,64.07,0
51223,6.0,1,Credit Card,Laptop & Accessory,3,0,3,1.0,169.31,0
51224,29.0,1,Debit Card,Laptop & Accessory,3,1,4,7.0,243.56,1
51225,5.0,2,E wallet,Mobile Phone,5,0,3,9.0,237.46,0
51226,10.0,1,Credit Card,Mobile Phone,4,0,1,6.0,209.68,0
51227,5.0,1,Credit Card,Fashion,2,0,5,12.0,197.85,0
51228,3.0,1,Debit Card,Laptop & Accessory,2,0,4,22.0,211.69,1
51229,41.0,1,COD,Mobile Phone,5,0,3,8.0,196.42,0
51230,5.0,2,Credit Card,Others,2,1,4,5.0,144.83,1
51231,22.0,3,Debit Card,Laptop & Accessory,4,0,1,0.0,114.84,0
51232,3.0,1,E wallet,Mobile Phone,3,0,1,12.0,139.9,0
51233,2.0,1,Debit Card,Laptop & Accessory,2,0,3,2.0,195.22,0
51234,0.0,1,Debit Card,Laptop & Accessory,4,1,4,2.0,90.61,1
51235,11.0,1,Credit Card,Grocery,5,1,1,4.0,131.82,0
51236,5.0,3,Credit Card,Fashion,2,0,1,11.0,160.82,0
51237,20.0,2,Debit Card,Mobile Phone,1,0,3,8.0,252.79,0
51238,6.0,1,Debit Card,Laptop & Accessory,5,1,1,4.0,133.3,0
51239,34.0,2,UPI,Fashion,3,0,1,11.0,160.92,0
51240,2.0,3,Debit Card,Laptop & Accessory,4,0,3,10.0,146.66,1
51241,20.0,3,Debit Card,Laptop & Accessory,3,0,3,2.0,169.65,0
51242,15.0,1,COD,Grocery,3,1,3,2.0,141.25,0
51243,15.0,1,Debit Card,Fashion,3,0,4,2.0,145.6,0
51244,19.0,2,Credit Card,Fashion,4,0,6,7.0,269.0,0
51245,14.0,1,Debit Card,Mobile Phone,2,1,3,5.0,220.62,1
51246,10.0,3,Credit Card,Laptop & Accessory,4,0,2,1.0,133.2,0
51247,1.0,2,Debit Card,Others,3,0,1,2.0,159.12,0
51248,0.0,3,COD,Mobile Phone,5,0,1,10.0,169.91,0
51249,25.0,1,Credit Card,Laptop & Accessory,5,1,2,13.0,115.83,0
51250,10.0,3,Credit Card,Laptop & Accessory,5,1,3,1.0,117.38,0
51251,16.0,1,UPI,Laptop & Accessory,4,0,1,18.0,160.06,0
51252,7.0,3,COD,Laptop & Accessory,3,0,5,5.0,234.16,0
51253,1.0,1,Debit Card,Laptop & Accessory,3,0,4,8.0,166.52,1
51254,1.0,1,E wallet,Laptop & Accessory,4,0,5,9.0,183.54,0
51255,12.0,2,Debit Card,Laptop & Accessory,4,0,2,1.0,159.32,0
51256,6.0,1,Credit Card,Laptop & Accessory,2,1,2,5.0,242.4,0
51257,2.0,1,Debit Card,Laptop & Accessory,5,0,1,1.0,166.87,0
51258,7.0,3,Credit Card,Laptop & Accessory,2,0,1,3.0,62.22,1
51259,1.0,1,Debit Card,Laptop & Accessory,4,0,1,2.0,209.65,0
51260,9.0,1,Credit Card,Laptop & Accessory,3,0,7,9.0,176.24,0
51261,3.0,1,Credit Card,Mobile Phone,4,0,2,1.0,116.71,0
51262,16.0,3,Debit Card,Mobile Phone,3,0,7,10.0,175.19,0
51263,4.0,1,Credit Card,Laptop & Accessory,1,0,1,2.0,182.59,0
51264,6.0,1,COD,Laptop & Accessory,5,0,1,0.0,135.86,0
51265,0.0,1,E wallet,Others,5,0,3,5.0,154.7,0
51266,1.0,1,Credit Card,Mobile Phone,3,1,4,27.0,219.25,1
51267,5.0,1,UPI,Fashion,2,0,2,11.0,151.13,0
51268,7.0,1,Credit Card,Fashion,2,0,1,13.0,223.47,0
51269,9.0,1,Debit Card,Laptop & Accessory,1,0,2,2.0,242.49,0
51270,3.0,1,Credit Card,Mobile Phone,4,1,1,1.0,186.85,0
51271,12.0,1,Debit Card,Mobile Phone,3,0,4,10.0,102.39,0
51272,20.0,2,E wallet,Laptop & Accessory,3,1,2,0.0,123.19,0
51273,15.0,1,COD,Fashion,3,1,1,15.0,178.96,0
51274,0.0,1,Debit Card,Fashion,5,0,4,2.0,187.48,0
51275,7.0,1,Credit Card,Laptop & Accessory,1,0,2,6.0,198.7,0
51276,1.0,1,Credit Card,Laptop & Accessory,3,1,5,2.0,233.8,0
51277,3.0,2,Debit Card,Laptop & Accessory,4,1,2,5.0,119.81,0
51278,43.0,2,E wallet,Laptop & Accessory,5,0,2,2.0,116.95,0
51279,2.0,1,Credit Card,Laptop & Accessory,4,1,3,2.0,226.67,1
51280,7.0,1,Debit Card,Laptop & Accessory,3,1,8,2.0,234.2,0
51281,10.0,1,E wallet,Laptop & Accessory,4,0,5,8.0,194.99,0
51282,12.0,1,Debit Card,Others,5,0,5,1.0,257.63,0
51283,8.0,3,COD,Fashion,5,0,4,3.0,132.79,0
51284,0.0,1,Debit Card,Mobile Phone,1,1,2,2.0,213.34,1
51285,4.0,1,Credit Card,Laptop & Accessory,4,1,1,0.0,268.15,0
51286,7.0,1,Debit Card,Laptop & Accessory,4,0,5,6.0,183.03,0
51287,1.0,1,Debit Card,Fashion,4,0,4,11.0,207.41,0
51288,4.0,2,E wallet,Mobile Phone,3,0,5,1.0,216.24,0
51289,0.0,1,Credit Card,Laptop & Accessory,3,0,3,2.0,143.76,0
51290,1.0,3,UPI,Fashion,4,0,7,11.0,170.55,0
51291,5.0,1,Credit Card,Laptop & Accessory,3,0,4,11.0,113.88,0
51292,1.0,1,UPI,Mobile Phone,3,1,3,6.0,211.66,0
51293,8.0,1,COD,Others,5,0,1,3.0,157.97,0
51294,12.0,2,Credit Card,Laptop & Accessory,3,0,1,1.0,123.49,0
51295,16.0,1,Credit Card,Fashion,4,0,1,5.0,250.31,0
51296,2.0,1,E wallet,Others,5,0,3,2.0,286.27,0
51297,2.0,2,Debit Card,Laptop & Accessory,4,0,1,2.0,150.56,0
51298,1.0,1,UPI,Grocery,3,1,8,9.0,228.02,0
51299,10.0,3,Credit Card,Mobile Phone,1,0,4,3.0,216.06,0
51300,12.0,1,E wallet,Grocery,4,1,6,4.0,139.34,0
51301,0.0,2,Debit Card,Laptop & Accessory,5,0,4,3.0,213.91,0
51302,28.0,1,E wallet,Others,5,0,1,6.0,170.16,0
51303,1.0,2,Debit Card,Fashion,4,0,3,1.0,231.7,0
51304,8.0,3,E wallet,Mobile Phone,3,0,7,5.0,89.2,0
51305,12.0,1,Credit Card,Fashion,2,0,1,4.0,206.94,0
51306,20.0,2,Debit Card,Mobile Phone,4,0,1,7.0,244.88,0
51307,13.0,2,COD,Laptop & Accessory,2,0,3,4.0,168.93,0
51308,16.0,1,E wallet,Laptop & Accessory,5,0,3,2.0,145.73,0
51309,4.0,1,COD,Laptop & Accessory,3,0,5,1.0,150.14,0
51310,17.0,1,Debit Card,Mobile Phone,3,0,5,4.0,226.95,0
51311,1.0,3,Credit Card,Grocery,2,0,4,2.0,129.74,0
51312,23.0,3,Credit Card,Mobile Phone,3,0,7,11.0,145.23,0
51313,8.0,1,Credit Card,Mobile Phone,4,1,2,1.0,137.35,0
51314,17.0,1,Debit Card,Fashion,3,1,4,8.0,200.79,1
51315,6.0,1,Debit Card,Laptop & Accessory,4,0,7,3.0,325.0,0
51316,10.0,1,UPI,Fashion,4,0,1,0.0,176.85,0
51317,7.0,1,Credit Card,Laptop & Accessory,3,1,3,2.0,169.69,0
51318,13.0,1,COD,Laptop & Accessory,3,0,4,12.0,236.44,0
51319,1.0,1,Debit Card,Fashion,5,0,3,2.0,149.58,0
51320,1.0,1,COD,Laptop & Accessory,1,0,3,4.0,218.03,0
51321,3.0,3,Credit Card,Laptop & Accessory,4,0,2,4.0,189.3,0
51322,2.0,3,E wallet,Mobile Phone,3,1,2,5.0,167.21,0
51323,21.0,2,Debit Card,Mobile Phone,4,0,1,15.0,209.41,0
51324,2.0,3,UPI,Mobile Phone,3,0,2,7.0,138.71,0
51325,37.0,1,Credit Card,Others,1,0,7,4.0,163.61,0
51326,4.0,1,Credit Card,Fashion,5,1,4,12.0,151.51,0
51327,2.0,1,Debit Card,Mobile Phone,1,0,2,7.0,164.94,1
51328,16.0,2,Credit Card,Mobile Phone,2,1,4,1.0,128.9,1
51329,11.0,3,UPI,Fashion,3,0,3,1.0,214.88,0
51330,7.0,2,Debit Card,Laptop & Accessory,5,0,2,9.0,229.37,0
51331,8.0,3,E wallet,Mobile Phone,3,0,4,1.0,183.23,0
51332,13.0,1,Debit Card,Laptop & Accessory,4,1,4,1.0,99.37,0
51333,3.0,1,UPI,Laptop & Accessory,3,0,4,6.0,258.11,0
51334,56.0,1,COD,Mobile Phone,3,0,5,1.0,165.2,0
51335,37.0,1,Debit Card,Fashion,4,0,1,10.0,182.36,0
51336,11.0,1,Debit Card,Mobile Phone,3,1,1,1.0,167.48,0
51337,2.0,2,Credit Card,Mobile Phone,4,0,5,2.0,206.32,1
51338,11.0,1,Debit Card,Mobile Phone,2,0,4,4.0,122.76,0
51339,1.0,1,Credit Card,Fashion,5,1,6,5.0,189.62,1
51340,0.0,1,Debit Card,Laptop & Accessory,2,0,1,4.0,156.07,1
51341,3.0,1,Credit Card,Mobile Phone,4,0,2,3.0,125.88,0
51342,6.0,1,Debit Card,Laptop & Accessory,5,0,2,0.0,222.19,0
51343,20.0,1,Debit Card,Laptop & Accessory,1,1,3,4.0,173.81,0
51344,13.0,1,Debit Card,Mobile Phone,1,0,3,7.0,223.62,0
51345,14.0,3,Credit Card,Laptop & Accessory,3,0,5,3.0,103.75,0
51346,6.0,1,Credit Card,Mobile Phone,4,0,1,2.0,209.47,0
51347,4.0,1,Debit Card,Grocery,4,0,1,1.0,148.38,0
51348,5.0,3,Credit Card,Fashion,5,0,1,2.0,178.07,0
51349,44.0,3,UPI,Fashion,3,0,2,13.0,153.04,0
51350,0.0,3,Debit Card,Mobile Phone,5,1,1,2.0,158.12,0
51351,20.0,1,E wallet,Grocery,3,0,5,7.0,220.63,0
51352,9.0,1,Credit Card,Laptop & Accessory,5,0,4,2.0,150.72,0
51353,6.0,1,Debit Card,Mobile Phone,3,0,4,1.0,288.65,1
51354,13.0,1,Debit Card,Mobile Phone,2,1,5,10.0,255.28,0
51355,7.0,3,Credit Card,Grocery,3,0,1,1.0,260.49,0
51356,21.0,1,E wallet,Laptop & Accessory,2,0,1,0.0,155.47,0
51357,23.0,1,Debit Card,Laptop & Accessory,2,1,4,2.0,188.55,0
51358,5.0,1,COD,Others,3,0,4,10.0,197.1,0
51359,3.0,1,Credit Card,Laptop & Accessory,2,0,3,1.0,139.71,0
51360,9.0,1,Debit Card,Laptop & Accessory,3,0,1,1.0,167.45,0
51361,24.0,2,Debit Card,Mobile Phone,1,1,1,6.0,167.62,0
51362,2.0,3,Debit Card,Mobile Phone,3,0,4,2.0,215.42,0
51363,10.0,3,Credit Card,Grocery,5,1,3,4.0,151.68,0
51364,10.0,1,Credit Card,Mobile Phone,3,0,4,2.0,211.73,0
51365,13.0,1,E wallet,Mobile Phone,2,0,6,18.0,193.77,0
51366,1.0,1,E wallet,Laptop & Accessory,3,0,4,10.0,166.2,0
51367,13.0,1,Debit Card,Mobile Phone,4,0,3,7.0,104.46,0
51368,24.0,3,Credit Card,Laptop & Accessory,3,0,4,6.0,148.07,1
51369,2.0,1,Debit Card,Laptop & Accessory,3,0,6,3.0,84.04,0
51370,3.0,2,Debit Card,Others,4,0,1,3.0,169.67,0
51371,36.0,1,E wallet,Laptop & Accessory,3,0,1,0.0,176.14,0
51372,2.0,1,Debit Card,Fashion,3,0,4,6.0,122.13,0
51373,19.0,1,E wallet,Grocery,1,0,5,4.0,158.42,0
51374,7.0,1,COD,Laptop & Accessory,2,0,1,1.0,164.2,0
51375,3.0,2,Credit Card,Laptop & Accessory,2,1,1,6.0,211.29,1
51376,20.0,1,Debit Card,Mobile Phone,3,0,3,4.0,212.21,0
51377,6.0,2,Debit Card,Laptop & Accessory,5,0,2,2.0,185.67,0
51378,7.0,3,Debit Card,Fashion,3,0,1,1.0,204.42,0
51379,4.0,1,Credit Card,Laptop & Accessory,3,0,4,5.0,200.11,0
51380,9.0,2,E wallet,Others,3,0,4,1.0,89.62,0
51381,2.0,1,Credit Card,Grocery,3,0,3,4.0,134.49,0
51382,5.0,2,E wallet,Grocery,3,0,3,7.0,165.65,0
51383,35.0,2,E wallet,Laptop & Accessory,5,0,1,8.0,202.09,0
51384,3.0,3,UPI,Laptop & Accessory,1,1,1,3.0,137.29,1
51385,11.0,1,Debit Card,Laptop & Accessory,4,1,3,3.0,180.0,0
51386,4.0,1,UPI,Fashion,5,1,3,4.0,185.4,0
51387,15.0,1,Credit Card,Laptop & Accessory,3,1,4,2.0,227.8,0
51388,1.0,1,Debit Card,Fashion,4,0,2,10.0,206.14,0
51389,35.0,2,COD,Mobile Phone,4,0,5,5.0,210.72,0
51390,6.0,3,COD,Mobile Phone,3,0,4,2.0,224.02,0
51391,3.0,1,Credit Card,Mobile Phone,2,0,4,1.0,179.83,0
51392,1.0,1,E wallet,Mobile Phone,2,0,3,19.0,243.49,0
51393,2.0,1,Debit Card,Laptop & Accessory,1,0,1,16.0,197.78,1
51394,7.0,1,Credit Card,Laptop & Accessory,4,1,2,1.0,147.69,1
51395,4.0,1,Debit Card,Mobile Phone,3,1,4,2.0,184.98,0
51396,18.0,1,Credit Card,Fashion,4,0,2,2.0,171.67,0
51397,6.0,2,Credit Card,Laptop & Accessory,3,0,5,2.0,283.97,0
51398,3.0,1,Debit Card,Fashion,5,1,4,2.0,116.27,0
51399,10.0,1,Credit Card,Fashion,3,0,3,0.0,99.25,0
51400,12.0,2,Debit Card,Laptop & Accessory,2,0,8,7.0,192.77,0
51401,2.0,1,Debit Card,Mobile Phone,3,0,4,4.0,136.84,0
51402,2.0,1,Debit Card,Laptop & Accessory,5,0,6,0.0,107.41,0
51403,0.0,2,Credit Card,Laptop & Accessory,3,1,3,18.0,235.6,0
51404,13.0,2,Debit Card,Fashion,3,0,3,2.0,160.96,0
51405,11.0,1,Debit Card,Others,3,0,1,10.0,183.29,0
51406,6.0,1,Debit Card,Mobile Phone,3,0,5,14.0,186.66,0
51407,19.0,3,Debit Card,Grocery,2,0,2,0.0,193.16,0
51408,16.0,2,Credit Card,Fashion,3,0,8,16.0,217.88,0
51409,9.0,1,UPI,Mobile Phone,3,0,1,2.0,195.02,0
51410,20.0,1,Debit Card,Mobile Phone,4,0,1,1.0,136.86,0
51411,2.0,1,Credit Card,Laptop & Accessory,2,0,4,4.0,206.83,0
51412,1.0,1,Debit Card,Laptop & Accessory,4,0,3,0.0,112.58,0
51413,3.0,1,Debit Card,Mobile Phone,4,1,2,2.0,148.87,0
51414,1.0,1,Debit Card,Mobile Phone,3,0,2,9.0,204.45,0
51415,8.0,1,UPI,Mobile Phone,3,1,4,8.0,184.6,1
51416,28.0,2,Credit Card,Fashion,4,1,4,18.0,154.56,0
51417,0.0,1,Credit Card,Laptop & Accessory,3,0,1,0.0,141.23,0
51418,1.0,2,Credit Card,Laptop & Accessory,3,0,4,4.0,181.29,0
51419,6.0,2,Debit Card,Mobile Phone,5,0,3,1.0,133.65,0
51420,27.0,1,UPI,Laptop & Accessory,5,0,4,12.0,282.62,0
51421,4.0,2,Debit Card,Grocery,2,0,1,0.0,211.28,0
51422,7.0,2,Debit Card,Fashion,5,1,5,13.0,189.84,0
51423,0.0,1,Debit Card,Laptop & Accessory,3,1,3,2.0,211.8,0
51424,2.0,1,Debit Card,Fashion,3,0,5,6.0,205.54,0
51425,43.0,1,Debit Card,Mobile Phone,5,0,2,3.0,204.63,0
51426,34.0,3,Credit Card,Mobile Phone,5,0,4,5.0,153.87,0
51427,0.0,1,Debit Card,Others,3,0,2,3.0,151.33,1
51428,30.0,1,Credit Card,Mobile Phone,3,0,4,6.0,137.38,0
51429,10.0,2,Debit Card,Grocery,5,0,3,1.0,211.92,0
51430,20.0,1,COD,Grocery,3,1,5,2.0,188.62,0
51431,6.0,1,Debit Card,Laptop & Accessory,3,0,2,1.0,122.43,0
51432,7.0,2,Credit Card,Laptop & Accessory,5,0,4,2.0,207.04,0
51433,7.0,1,E wallet,Mobile Phone,2,0,2,1.0,178.01,0
51434,11.0,3,Debit Card,Fashion,4,0,1,5.0,73.91,0
51435,2.0,2,Debit Card,Fashion,3,0,4,3.0,202.97,0
51436,0.0,1,Debit Card,Fashion,3,0,3,3.0,136.26,0
51437,4.0,1,Debit Card,Mobile Phone,2,0,4,10.0,187.19,0
51438,12.0,3,Debit Card,Fashion,3,1,4,5.0,258.67,0
51439,2.0,3,Credit Card,Fashion,2,0,3,4.0,103.43,0
51440,11.0,1,Credit Card,Laptop & Accessory,4,1,3,6.0,207.26,0
51441,35.0,1,Credit Card,Laptop & Accessory,4,0,5,5.0,135.99,0
51442,1.0,1,Debit Card,Mobile Phone,4,1,5,5.0,150.76,1
51443,11.0,2,UPI,Fashion,4,0,2,5.0,70.4,0
51444,6.0,2,Debit Card,Mobile Phone,2,0,1,2.0,200.83,0
51445,20.0,1,Debit Card,Laptop & Accessory,5,1,2,6.0,137.77,0
51446,2.0,3,Debit Card,Laptop & Accessory,2,0,4,4.0,181.07,0
51447,12.0,1,Debit Card,Fashion,3,0,1,8.0,209.34,0
51448,18.0,2,Credit Card,Others,4,1,4,2.0,253.55,0
51449,29.0,1,Credit Card,Others,2,1,2,4.0,247.53,0
51450,11.0,1,Credit Card,Mobile Phone,2,0,3,7.0,117.49,0
51451,7.0,1,Credit Card,Grocery,5,0,2,2.0,188.54,0
51452,10.0,1,COD,Laptop & Accessory,3,1,5,6.0,301.15,0
51453,20.0,2,Credit Card,Grocery,4,0,1,7.0,197.67,0
51454,8.0,1,Credit Card,Mobile Phone,5,0,2,4.0,194.01,1
51455,0.0,1,Debit Card,Fashion,5,1,3,1.0,200.92,0
51456,27.0,1,Debit Card,Laptop & Accessory,2,0,2,14.0,172.32,0
51457,12.0,1,Credit Card,Grocery,2,0,2,3.0,236.31,0
51458,11.0,2,Debit Card,Mobile Phone,4,0,4,10.0,165.73,0
51459,2.0,2,Credit Card,Laptop & Accessory,2,0,4,12.0,219.93,1
51460,11.0,1,Debit Card,Laptop & Accessory,4,0,2,0.0,116.7,0
51461,5.0,1,E wallet,Laptop & Accessory,3,0,7,3.0,82.15,0
51462,11.0,1,COD,Mobile Phone,4,1,2,3.0,166.05,0
51463,1.0,3,Debit Card,Laptop & Accessory,4,0,1,3.0,119.99,1
51464,11.0,3,E wallet,Mobile Phone,5,1,1,1.0,88.97,0
51465,61.0,2,UPI,Fashion,3,1,5,14.0,256.61,0
51466,0.0,3,COD,Others,4,0,4,1.0,208.8,0
51467,38.0,3,Debit Card,Laptop & Accessory,3,1,5,1.0,180.96,0
51468,5.0,3,E wallet,Laptop & Accessory,3,0,1,1.0,167.0,0
51469,20.0,1,Debit Card,Mobile Phone,1,0,2,0.0,223.62,0
51470,15.0,1,Credit Card,Laptop & Accessory,4,0,3,3.0,234.17,0
51471,8.0,1,E wallet,Grocery,5,0,3,1.0,127.08,0
51472,13.0,1,E wallet,Mobile Phone,4,1,7,3.0,156.3,1
51473,21.0,1,Debit Card,Mobile Phone,2,0,3,4.0,164.65,0
51474,5.0,1,E wallet,Laptop & Accessory,4,0,3,4.0,216.88,0
51475,4.0,1,Credit Card,Fashion,3,1,3,11.0,162.67,1
51476,11.0,1,Debit Card,Others,4,0,1,11.0,191.96,1
51477,16.0,1,Credit Card,Mobile Phone,5,1,8,5.0,168.89,0
51478,14.0,1,UPI,Others,3,0,4,4.0,220.09,0
51479,16.0,3,COD,Laptop & Accessory,1,0,5,2.0,211.81,0
51480,6.0,2,E wallet,Laptop & Accessory,3,0,2,6.0,152.75,0
51481,17.0,2,Debit Card,Others,2,0,3,1.0,136.48,0
51482,1.0,1,Debit Card,Fashion,4,0,2,2.0,129.53,1
51483,8.0,1,Debit Card,Laptop & Accessory,3,0,2,4.0,256.67,0
51484,0.0,1,Debit Card,Laptop & Accessory,1,0,3,5.0,303.61,0
51485,4.0,3,Debit Card,Mobile Phone,3,0,3,6.0,231.74,0
51486,5.0,1,Debit Card,Fashion,5,0,7,16.0,93.27,0
51487,5.0,1,Debit Card,Grocery,3,0,3,0.0,142.69,1
51488,12.0,2,UPI,Laptop & Accessory,3,0,2,5.0,136.56,0
51489,5.0,1,Credit Card,Fashion,2,1,2,4.0,162.0,0
51490,6.0,1,E wallet,Mobile Phone,3,0,4,2.0,71.36,0
51491,3.0,1,Debit Card,Mobile Phone,3,0,4,0.0,123.07,0
51492,5.0,1,Credit Card,Mobile Phone,5,0,6,6.0,257.67,0
51493,3.0,1,Debit Card,Mobile Phone,1,0,3,7.0,206.64,0
51494,1.0,1,Credit Card,Laptop & Accessory,2,1,4,1.0,179.74,1
51495,9.0,2,Credit Card,Mobile Phone,1,0,6,6.0,156.26,0
51496,11.0,3,Credit Card,Laptop & Accessory,5,0,2,0.0,157.56,0
51497,10.0,1,E wallet,Laptop & Accessory,3,1,5,1.0,202.38,0
51498,6.0,3,UPI,Laptop & Accessory,4,0,3,1.0,181.89,0
51499,5.0,1,Credit Card,Laptop & Accessory,4,0,6,17.0,135.55,1
51500,20.0,1,Debit Card,Mobile Phone,5,0,2,4.0,219.28,0
51501,7.0,1,UPI,Laptop & Accessory,1,0,6,4.0,144.65,0
51502,7.0,1,E wallet,Mobile Phone,2,0,1,20.0,229.61,0
51503,0.0,1,Credit Card,Others,4,0,3,1.0,118.16,0
51504,4.0,1,E wallet,Laptop & Accessory,4,0,2,18.0,132.69,1
51505,5.0,2,Debit Card,Laptop & Accessory,4,1,3,1.0,222.9,0
51506,5.0,1,Debit Card,Fashion,4,1,1,5.0,145.07,0
51507,9.0,1,Debit Card,Laptop & Accessory,4,0,3,7.0,240.47,0
51508,8.0,3,Debit Card,Mobile Phone,5,0,2,0.0,206.52,0
51509,9.0,1,Credit Card,Laptop & Accessory,5,0,2,7.0,234.56,0
51510,14.0,1,Debit Card,Laptop & Accessory,1,0,6,4.0,170.44,0
51511,17.0,2,UPI,Grocery,3,1,1,4.0,124.17,0
51512,13.0,1,Credit Card,Laptop & Accessory,3,1,4,2.0,128.79,0
51513,31.0,1,Debit Card,Laptop & Accessory,3,0,3,12.0,226.89,0
51514,0.0,1,Debit Card,Laptop & Accessory,1,0,5,1.0,150.55,0
51515,2.0,1,Credit Card,Laptop & Accessory,3,0,5,2.0,181.99,0
51516,0.0,1,Debit Card,Laptop & Accessory,5,0,4,0.0,123.68,0
51517,10.0,1,E wallet,Laptop & Accessory,1,0,5,3.0,208.36,0
51518,23.0,3,E wallet,Fashion,5,0,2,12.0,99.91,0
51519,3.0,2,Credit Card,Fashion,2,0,5,1.0,239.43,0
51520,26.0,1,Debit Card,Mobile Phone,4,0,1,8.0,113.44,0
51521,1.0,2,E wallet,Mobile Phone,3,0,3,0.0,127.2,0
51522,27.0,3,Debit Card,Fashion,3,1,1,9.0,170.75,0
51523,4.0,1,Debit Card,Others,5,0,2,2.0,286.9,0
51524,1.0,1,Credit Card,Mobile Phone,5,1,2,0.0,155.59,1
51525,7.0,1,UPI,Others,3,0,6,2.0,155.78,0
51526,3.0,2,Debit Card,Mobile Phone,4,0,4,4.0,161.61,0
51527,3.0,1,UPI,Fashion,4,1,2,13.0,258.44,0
51528,4.0,3,Debit Card,Mobile Phone,1,0,6,2.0,265.86,0
51529,16.0,1,Debit Card,Grocery,1,1,8,2.0,216.97,1
51530,8.0,1,Credit Card,Mobile Phone,4,0,5,6.0,217.91,0
51531,4.0,1,Debit Card,Fashion,3,0,4,0.0,150.32,1
51532,9.0,1,Debit Card,Mobile Phone,3,1,4,6.0,130.9,1
51533,13.0,2,Debit Card,Grocery,5,0,3,0.0,239.24,0
51534,3.0,3,Debit Card,Others,1,1,2,15.0,212.55,1
51535,5.0,1,Debit Card,Laptop & Accessory,3,1,1,26.0,181.21,0
51536,1.0,3,E wallet,Mobile Phone,5,0,2,7.0,167.94,0
51537,2.0,3,E wallet,Laptop & Accessory,3,1,2,3.0,172.81,1
51538,11.0,1,COD,Laptop & Accessory,4,0,3,1.0,205.77,0
51539,2.0,2,E wallet,Grocery,1,0,2,0.0,260.95,0
51540,7.0,1,Credit Card,Mobile Phone,5,0,4,9.0,174.08,1
51541,12.0,1,Credit Card,Mobile Phone,2,0,2,7.0,93.99,0
51542,1.0,1,UPI,Fashion,2,0,5,13.0,212.36,0
51543,8.0,2,Debit Card,Mobile Phone,2,0,8,2.0,231.51,1
51544,3.0,1,Debit Card,Laptop & Accessory,3,0,4,3.0,288.7,0
51545,33.0,3,E wallet,Laptop & Accessory,5,0,4,12.0,195.44,0
51546,7.0,3,Debit Card,Mobile Phone,3,0,8,2.0,148.97,0
51547,16.0,1,UPI,Laptop & Accessory,2,0,4,2.0,146.01,0
51548,8.0,1,Credit Card,Laptop & Accessory,3,0,1,4.0,184.65,0
51549,0.0,1,Debit Card,Laptop & Accessory,5,0,1,3.0,127.91,0
51550,10.0,1,E wallet,Grocery,1,0,3,1.0,186.58,0
51551,30.0,1,Debit Card,Laptop & Accessory,3,0,4,11.0,229.85,0
51552,9.0,1,COD,Grocery,4,0,3,5.0,273.45,0
51553,17.0,1,COD,Mobile Phone,5,0,6,2.0,182.8,0
51554,22.0,1,Credit Card,Laptop & Accessory,4,0,2,5.0,98.74,0
51555,3.0,1,Debit Card,Mobile Phone,1,0,5,15.0,183.38,0
51556,2.0,1,Debit Card,Mobile Phone,3,0,3,1.0,104.74,0
51557,9.0,2,Credit Card,Grocery,1,0,2,5.0,206.24,0
51558,5.0,3,UPI,Grocery,4,1,1,32.0,242.35,1
51559,18.0,1,Debit Card,Laptop & Accessory,1,0,4,3.0,228.41,0
51560,23.0,1,Debit Card,Fashion,1,1,3,7.0,124.81,0
51561,4.0,1,Debit Card,Laptop & Accessory,3,0,2,6.0,115.85,0
51562,3.0,1,Credit Card,Laptop & Accessory,5,0,2,3.0,141.87,0
51563,15.0,1,UPI,Laptop & Accessory,4,0,2,3.0,174.84,0
51564,3.0,1,Debit Card,Fashion,1,0,3,6.0,69.41,0
51565,17.0,3,Debit Card,Laptop & Accessory,3,0,3,5.0,181.43,0
51566,6.0,1,Credit Card,Mobile Phone,1,1,1,3.0,140.97,1
51567,11.0,2,E wallet,Fashion,3,0,3,1.0,150.09,0
51568,1.0,1,E wallet,Fashion,4,0,3,7.0,125.61,0
51569,10.0,1,E wallet,Grocery,4,1,2,8.0,79.2,0
51570,6.0,1,Debit Card,Laptop & Accessory,5,0,3,2.0,197.28,0
51571,9.0,1,Debit Card,Mobile Phone,5,0,2,2.0,251.62,0
51572,2.0,1,COD,Grocery,3,1,4,3.0,141.06,0
51573,13.0,1,COD,Laptop & Accessory,5,0,4,2.0,178.88,0
51574,20.0,1,Credit Card,Fashion,4,0,3,7.0,194.14,0
51575,2.0,1,E wallet,Laptop & Accessory,3,0,1,16.0,175.5,1
51576,1.0,2,COD,Fashion,5,0,3,0.0,237.01,0
51577,0.0,3,Credit Card,Fashion,5,0,6,1.0,205.25,0
51578,10.0,1,Debit Card,Grocery,5,0,3,2.0,281.74,0
51579,9.0,1,Credit Card,Mobile Phone,2,0,1,3.0,187.08,0
51580,8.0,1,COD,Grocery,2,0,2,1.0,201.04,1
51581,3.0,3,Credit Card,Laptop & Accessory,5,0,4,11.0,171.62,0
51582,5.0,1,E wallet,Mobile Phone,3,0,1,7.0,224.16,1
51583,9.0,1,Credit Card,Mobile Phone,4,0,4,10.0,197.93,0
51584,7.0,1,Debit Card,Mobile Phone,4,1,3,2.0,174.54,0
51585,44.0,1,Debit Card,Mobile Phone,4,0,2,11.0,183.97,0
51586,1.0,1,COD,Others,1,0,3,12.0,237.05,0
51587,12.0,3,Credit Card,Laptop & Accessory,3,0,2,12.0,99.74,1
51588,5.0,3,Debit Card,Laptop & Accessory,5,0,2,0.0,126.49,1
51589,6.0,1,COD,Others,3,0,3,3.0,173.03,0
51590,13.0,1,Credit Card,Mobile Phone,4,0,1,6.0,227.38,0
51591,12.0,1,E wallet,Mobile Phone,4,0,4,8.0,128.81,0
51592,47.0,1,Credit Card,Laptop & Accessory,2,1,4,1.0,173.04,0
51593,1.0,3,Debit Card,Laptop & Accessory,2,0,3,5.0,144.41,1
51594,1.0,1,Credit Card,Laptop & Accessory,4,1,2,3.0,293.24,0
51595,13.0,1,COD,Laptop & Accessory,1,0,3,6.0,193.6,0
51596,9.0,1,Debit Card,Fashion,3,0,2,7.0,158.94,0
51597,3.0,3,E wallet,Fashion,5,0,3,3.0,207.66,0
51598,1.0,1,Debit Card,Grocery,4,0,1,0.0,184.1,0
51599,1.0,1,Debit Card,Laptop & Accessory,5,0,5,5.0,290.96,0
51600,22.0,1,Debit Card,Laptop & Accessory,3,1,3,26.0,182.43,0
51601,2.0,1,UPI,Mobile Phone,4,0,1,8.0,197.06,0
51602,4.0,3,Credit Card,Laptop & Accessory,3,1,4,1.0,72.04,1
51603,3.0,1,Credit Card,Fashion,2,0,5,6.0,141.31,1
51604,4.0,1,E wallet,Mobile Phone,5,1,2,3.0,163.13,0
51605,1.0,1,Debit Card,Others,2,0,2,2.0,165.63,1
51606,7.0,2,Debit Card,Laptop & Accessory,2,1,6,3.0,147.06,0
51607,1.0,1,Debit Card,Laptop & Accessory,5,0,4,6.0,202.62,1
51608,16.0,1,Credit Card,Laptop & Accessory,5,0,2,6.0,141.62,0
51609,3.0,1,Credit Card,Laptop & Accessory,5,0,5,0.0,143.09,0
51610,8.0,2,UPI,Fashion,1,0,3,7.0,173.74,0
51611,21.0,2,Credit Card,Others,1,0,5,10.0,208.96,0
51612,11.0,3,Debit Card,Laptop & Accessory,3,1,2,6.0,121.67,0
51613,8.0,1,E wallet,Laptop & Accessory,4,0,1,2.0,202.08,0
51614,4.0,1,Debit Card,Laptop & Accessory,1,1,5,10.0,199.22,0
51615,4.0,3,UPI,Mobile Phone,2,1,4,3.0,200.87,0
51616,11.0,1,Debit Card,Mobile Phone,4,0,2,5.0,135.27,0
51617,51.0,1,Debit Card,Fashion,4,1,2,1.0,154.74,0
51618,11.0,2,Credit Card,Fashion,1,1,2,0.0,172.55,0
51619,8.0,1,Debit Card,Mobile Phone,5,0,3,5.0,182.76,0
51620,13.0,1,Debit Card,Mobile Phone,3,0,2,1.0,170.77,0
51621,6.0,2,Credit Card,Grocery,5,0,3,0.0,192.14,0
51622,1.0,3,Debit Card,Mobile Phone,5,0,4,1.0,181.07,0
51623,8.0,1,Debit Card,Laptop & Accessory,3,0,2,7.0,117.38,0
51624,32.0,1,Debit Card,Laptop & Accessory,3,0,4,2.0,185.08,0
51625,2.0,1,Credit Card,Laptop & Accessory,3,0,2,5.0,147.63,0
51626,12.0,1,Debit Card,Mobile Phone,5,1,4,6.0,228.57,0
51627,2.0,1,Debit Card,Laptop & Accessory,2,0,5,1.0,151.49,0
51628,8.0,1,Credit Card,Laptop & Accessory,4,0,2,5.0,112.83,0
51629,1.0,3,E wallet,Fashion,4,0,4,2.0,143.79,0
51630,6.0,2,Credit Card,Mobile Phone,2,0,6,6.0,216.44,0
51631,14.0,2,Debit Card,Laptop & Accessory,5,0,2,1.0,270.58,0
51632,4.0,1,Debit Card,Fashion,5,0,4,3.0,194.6,0
51633,11.0,1,Credit Card,Fashion,1,1,4,2.0,224.63,1
51634,16.0,3,UPI,Laptop & Accessory,3,0,1,26.0,109.56,0
51635,26.0,1,Credit Card,Others,3,0,2,5.0,179.9,0
51636,3.0,1,Debit Card,Laptop & Accessory,5,0,3,1.0,207.19,0
51637,5.0,1,Debit Card,Fashion,3,0,1,15.0,199.77,0
51638,2.0,3,UPI,Others,5,1,6,6.0,123.37,0
51639,49.0,3,E wallet,Fashion,2,0,2,4.0,147.75,0
51640,26.0,1,Debit Card,Fashion,2,0,3,2.0,114.38,0
51641,8.0,3,Debit Card,Grocery,4,0,3,3.0,176.45,0
51642,18.0,1,UPI,Laptop & Accessory,2,0,3,5.0,131.26,0
51643,7.0,1,Debit Card,Laptop & Accessory,5,1,1,1.0,206.17,0
51644,10.0,3,Credit Card,Fashion,2,0,2,3.0,83.05,0
51645,1.0,3,E wallet,Grocery,5,0,5,5.0,188.66,1
51646,14.0,1,Debit Card,Mobile Phone,5,1,6,4.0,65.97,0
51647,1.0,1,Debit Card,Others,5,1,2,11.0,235.19,0
51648,17.0,3,Debit Card,Laptop & Accessory,3,0,2,2.0,152.36,0
51649,15.0,2,UPI,Fashion,3,0,3,12.0,169.44,0
51650,12.0,3,Credit Card,Grocery,3,1,6,6.0,163.43,0
51651,0.0,1,E wallet,Mobile Phone,5,0,3,2.0,311.11,0
51652,4.0,3,Credit Card,Others,1,0,2,1.0,160.53,1
51653,3.0,3,UPI,Laptop & Accessory,3,0,2,2.0,203.44,0
51654,4.0,1,UPI,Others,5,0,1,1.0,211.46,0
51655,1.0,3,Credit Card,Grocery,3,0,1,12.0,139.14,1
51656,28.0,1,Debit Card,Laptop & Accessory,3,0,3,4.0,249.98,0
51657,8.0,1,Credit Card,Mobile Phone,4,0,1,6.0,74.16,0
51658,4.0,1,Credit Card,Mobile Phone,5,0,3,0.0,158.41,0
51659,5.0,1,Credit Card,Laptop & Accessory,3,0,2,15.0,170.61,1
51660,6.0,1,E wallet,Laptop & Accessory,5,0,4,11.0,162.38,0
51661,9.0,3,Debit Card,Laptop & Accessory,3,0,3,3.0,147.83,0
51662,7.0,1,Debit Card,Mobile Phone,5,0,1,15.0,125.95,1
51663,25.0,1,Credit Card,Mobile Phone,3,0,6,4.0,189.18,0
51664,7.0,3,Debit Card,Others,1,0,3,10.0,153.99,1
51665,48.0,1,Credit Card,Laptop & Accessory,5,0,8,5.0,176.18,0
51666,19.0,1,COD,Fashion,3,1,6,2.0,213.44,0
51667,2.0,1,Credit Card,Laptop & Accessory,3,0,3,7.0,93.94,0
51668,27.0,1,UPI,Fashion,3,0,3,2.0,190.56,0
51669,1.0,1,E wallet,Grocery,4,0,3,2.0,174.51,0
51670,17.0,3,E wallet,Laptop & Accessory,3,0,3,7.0,158.99,0
51671,5.0,1,Credit Card,Laptop & Accessory,2,0,1,4.0,183.44,1
51672,21.0,3,Debit Card,Mobile Phone,3,0,1,4.0,170.71,0
51673,20.0,1,Credit Card,Laptop & Accessory,1,1,6,3.0,210.0,1
51674,16.0,1,Debit Card,Mobile Phone,4,1,3,2.0,218.13,1
51675,16.0,2,COD,Laptop & Accessory,5,1,3,6.0,189.79,0
51676,4.0,2,Debit Card,Laptop & Accessory,4,0,1,22.0,141.85,0
51677,1.0,1,Debit Card,Fashion,3,0,7,1.0,170.18,1
51678,5.0,1,Credit Card,Grocery,4,0,3,1.0,80.48,0
51679,2.0,1,Credit Card,Mobile Phone,1,0,4,2.0,205.1,0
51680,12.0,1,Debit Card,Laptop & Accessory,5,0,5,5.0,187.22,0
51681,4.0,1,Debit Card,Laptop & Accessory,4,1,1,7.0,183.89,0
51682,37.0,2,E wallet,Others,3,0,2,3.0,151.47,0
51683,10.0,1,Credit Card,Grocery,3,1,4,0.0,258.22,0
51684,17.0,2,Debit Card,Laptop & Accessory,4,0,2,2.0,256.61,0
51685,1.0,1,Credit Card,Grocery,4,0,3,11.0,223.74,0
51686,20.0,1,Debit Card,Others,2,0,3,3.0,129.64,0
51687,26.0,1,Debit Card,Laptop & Accessory,3,0,6,0.0,154.37,0
51688,7.0,1,COD,Fashion,4,0,1,1.0,217.64,0
51689,9.0,3,Debit Card,Mobile Phone,3,0,4,5.0,168.75,1
51690,14.0,1,Debit Card,Laptop & Accessory,3,1,4,3.0,236.33,1
51691,2.0,1,COD,Laptop & Accessory,3,0,4,0.0,103.83,0
51692,7.0,3,E wallet,Laptop & Accessory,1,0,3,9.0,86.34,1
51693,5.0,1,Debit Card,Grocery,3,0,4,4.0,255.99,0
51694,2.0,1,Credit Card,Fashion,4,1,2,8.0,251.63,0
51695,5.0,1,UPI,Laptop & Accessory,2,0,1,9.0,151.67,0
51696,1.0,2,Debit Card,Mobile Phone,4,1,1,1.0,233.65,0
51697,0.0,3,Credit Card,Mobile Phone,4,1,3,11.0,218.37,0
51698,1.0,3,Credit Card,Mobile Phone,3,0,2,2.0,197.05,0
51699,33.0,1,Credit Card,Fashion,5,0,3,1.0,224.52,0
51700,8.0,3,Credit Card,Mobile Phone,5,1,3,2.0,129.63,1
51701,34.0,1,Credit Card,Laptop & Accessory,4,1,3,18.0,136.29,0
51702,6.0,1,Debit Card,Laptop & Accessory,4,0,3,12.0,170.47,0
51703,4.0,3,E wallet,Mobile Phone,3,0,1,15.0,216.48,0
51704,7.0,1,Debit Card,Fashion,5,0,1,0.0,200.88,0
51705,6.0,1,Credit Card,Mobile Phone,5,0,2,1.0,168.93,0
51706,1.0,1,Credit Card,Mobile Phone,4,0,1,6.0,161.06,0
51707,10.0,1,E wallet,Fashion,2,1,1,8.0,190.9,0
51708,2.0,2,Credit Card,Mobile Phone,4,0,3,4.0,214.77,0
51709,10.0,1,E wallet,Others,3,0,5,2.0,233.02,0
51710,11.0,1,Debit Card,Laptop & Accessory,2,0,2,2.0,100.72,0
51711,2.0,1,Credit Card,Grocery,4,0,1,4.0,131.95,0
51712,1.0,3,E wallet,Laptop & Accessory,5,1,2,0.0,154.63,1
51713,15.0,3,UPI,Mobile Phone,2,0,3,6.0,235.28,0
51714,6.0,1,Credit Card,Mobile Phone,2,0,4,4.0,168.95,0
51715,1.0,3,Debit Card,Laptop & Accessory,2,1,2,4.0,74.02,1
51716,53.0,2,Debit Card,Others,5,1,1,1.0,192.55,0
51717,1.0,1,Debit Card,Laptop & Accessory,4,0,8,1.0,140.24,1
51718,12.0,1,Credit Card,Fashion,4,0,1,1.0,144.44,0
51719,41.0,1,Debit Card,Fashion,3,1,4,12.0,103.72,0
51720,3.0,2,COD,Laptop & Accessory,3,0,4,10.0,162.7,1
51721,2.0,1,UPI,Others,3,1,2,4.0,137.57,0
51722,1.0,1,Debit Card,Mobile Phone,2,0,4,2.0,96.42,0
51723,4.0,1,Credit Card,Grocery,4,1,3,7.0,231.91,0
51724,1.0,3,E wallet,Fashion,3,1,3,1.0,175.92,0
51725,12.0,1,Debit Card,Fashion,3,0,6,8.0,185.13,1
51726,1.0,3,Credit Card,Laptop & Accessory,4,0,3,8.0,98.68,0
51727,7.0,3,Credit Card,Fashion,2,1,1,2.0,149.4,1
51728,57.0,1,Debit Card,Laptop & Accessory,3,0,1,3.0,200.49,0
51729,17.0,1,Credit Card,Mobile Phone,2,0,1,5.0,70.91,0
51730,10.0,1,COD,Laptop & Accessory,4,1,1,1.0,191.4,0
51731,4.0,3,Debit Card,Laptop & Accessory,3,0,3,2.0,201.28,0
51732,10.0,1,Credit Card,Laptop & Accessory,3,0,7,5.0,195.63,0
51733,7.0,1,Debit Card,Grocery,4,0,2,4.0,191.78,0
51734,6.0,1,UPI,Mobile Phone,4,0,2,3.0,158.97,0
51735,1.0,1,UPI,Fashion,3,0,3,1.0,132.08,0
51736,22.0,3,Debit Card,Grocery,1,0,3,4.0,79.75,0
51737,6.0,2,UPI,Fashion,5,0,3,2.0,246.77,1
51738,2.0,3,Debit Card,Laptop & Accessory,1,0,1,1.0,187.21,0
51739,5.0,1,Debit Card,Mobile Phone,4,0,1,2.0,109.93,0
51740,5.0,1,Credit Card,Others,5,1,4,1.0,172.24,0
51741,18.0,3,Debit Card,Laptop & Accessory,3,0,3,2.0,153.32,0
51742,13.0,1,Credit Card,Mobile Phone,1,0,4,17.0,204.76,0
51743,15.0,3,Credit Card,Mobile Phone,2,1,3,14.0,164.1,0
51744,0.0,1,Debit Card,Mobile Phone,3,0,3,5.0,126.25,1
51745,5.0,1,Debit Card,Others,3,0,5,7.0,236.84,0
51746,7.0,2,Credit Card,Laptop & Accessory,3,0,1,2.0,190.49,0
51747,0.0,3,Debit Card,Laptop & Accessory,4,0,3,7.0,253.31,0
51748,3.0,3,Debit Card,Others,5,0,2,9.0,150.6,0
51749,14.0,1,Debit Card,Fashion,3,1,1,8.0,234.3,0
51750,1.0,1,E wallet,Laptop & Accessory,4,0,1,1.0,157.2,0
51751,8.0,1,UPI,Laptop & Accessory,2,1,2,9.0,156.48,1
51752,2.0,1,Debit Card,Grocery,3,0,4,8.0,162.37,0
51753,0.0,2,Debit Card,Laptop & Accessory,2,0,10,6.0,201.66,0
51754,3.0,1,Credit Card,Mobile Phone,4,0,7,9.0,181.13,0
51755,37.0,3,COD,Laptop & Accessory,5,1,2,9.0,191.26,0
51756,16.0,1,Debit Card,Others,5,0,1,4.0,95.29,0
51757,32.0,3,UPI,Fashion,3,1,4,6.0,137.76,0
51758,7.0,1,Credit Card,Mobile Phone,2,0,4,2.0,240.11,0
51759,1.0,1,COD,Fashion,3,1,1,1.0,237.84,0
51760,8.0,3,Debit Card,Grocery,3,0,3,4.0,116.3,0
51761,6.0,1,COD,Others,1,0,3,4.0,216.43,0
51762,19.0,3,Credit Card,Fashion,2,1,2,8.0,172.26,0
51763,1.0,3,COD,Grocery,2,1,3,1.0,160.44,0
51764,7.0,2,Credit Card,Mobile Phone,1,0,4,9.0,126.79,0
51765,2.0,1,Credit Card,Mobile Phone,1,0,2,8.0,84.08,0
51766,4.0,1,E wallet,Fashion,4,0,5,7.0,123.38,0
51767,13.0,1,E wallet,Fashion,4,0,3,1.0,169.5,0
51768,6.0,1,Credit Card,Grocery,5,0,6,2.0,174.23,0
51769,5.0,1,Credit Card,Laptop & Accessory,3,0,3,3.0,222.66,0
51770,5.0,1,E wallet,Fashion,3,0,2,0.0,186.92,0
51771,6.0,1,UPI,Fashion,1,0,1,1.0,128.28,0
51772,15.0,1,Debit Card,Fashion,2,0,1,5.0,124.17,0
51773,22.0,1,Credit Card,Laptop & Accessory,4,0,2,4.0,231.1,0
51774,31.0,1,UPI,Fashion,2,1,3,15.0,211.54,0
51775,15.0,1,Credit Card,Laptop & Accessory,4,0,1,1.0,165.86,0
51776,4.0,2,E wallet,Fashion,4,0,5,4.0,202.84,0
51777,12.0,1,UPI,Mobile Phone,4,0,2,0.0,218.3,0
51778,6.0,1,E wallet,Mobile Phone,4,0,1,4.0,89.89,0
51779,3.0,1,E wallet,Fashion,4,0,1,1.0,137.07,0
51780,18.0,3,COD,Others,3,0,5,0.0,143.01,0
51781,0.0,1,UPI,Laptop & Accessory,4,0,4,3.0,121.03,0
51782,23.0,1,E wallet,Fashion,3,0,2,2.0,149.24,0
51783,6.0,3,Debit Card,Laptop & Accessory,2,0,4,3.0,198.59,0
51784,10.0,3,Debit Card,Grocery,2,0,3,0.0,149.01,0
51785,11.0,1,Credit Card,Mobile Phone,3,0,2,0.0,223.43,0
51786,23.0,1,E wallet,Mobile Phone,1,1,5,0.0,154.89,0
51787,10.0,1,Debit Card,Fashion,5,0,1,1.0,176.99,0
51788,10.0,1,Debit Card,Mobile Phone,3,1,2,3.0,138.85,0
51789,1.0,3,Debit Card,Laptop & Accessory,1,0,6,3.0,162.16,1
51790,7.0,1,E wallet,Others,3,1,3,2.0,153.38,0
51791,2.0,3,UPI,Mobile Phone,5,0,5,1.0,166.83,0
51792,13.0,1,UPI,Fashion,3,0,2,10.0,113.72,0
51793,7.0,3,Debit Card,Fashion,3,0,4,5.0,92.08,0
51794,11.0,1,Debit Card,Grocery,3,0,3,5.0,89.4,0
51795,0.0,1,Credit Card,Laptop & Accessory,4,0,6,2.0,206.23,0
51796,1.0,1,Debit Card,Laptop & Accessory,4,0,6,11.0,151.79,0
51797,13.0,1,Credit Card,Mobile Phone,4,0,3,2.0,200.44,0
51798,1.0,1,Debit Card,Mobile Phone,4,0,2,5.0,147.05,0
51799,1.0,3,Debit Card,Laptop & Accessory,1,1,2,13.0,163.55,0
51800,0.0,1,Credit Card,Fashion,1,1,2,26.0,212.46,1
51801,31.0,2,Debit Card,Laptop & Accessory,5,0,6,1.0,230.26,0
51802,13.0,1,Debit Card,Fashion,3,1,2,10.0,214.04,1
51803,4.0,1,Credit Card,Fashion,3,0,6,6.0,149.14,0
51804,4.0,3,Debit Card,Laptop & Accessory,4,1,3,0.0,71.55,1
51805,4.0,1,Credit Card,Laptop & Accessory,4,1,2,1.0,99.15,1
51806,15.0,1,Debit Card,Fashion,3,0,3,4.0,184.54,0
51807,11.0,1,Credit Card,Fashion,2,0,4,4.0,139.4,0
51808,2.0,1,COD,Fashion,1,0,5,8.0,112.62,0
51809,2.0,3,Credit Card,Laptop & Accessory,4,1,4,3.0,200.34,0
51810,1.0,2,Credit Card,Others,2,1,1,6.0,281.69,0
51811,11.0,1,UPI,Fashion,3,0,3,27.0,173.17,1
51812,14.0,3,Debit Card,Laptop & Accessory,4,0,2,15.0,124.82,0
51813,3.0,1,Debit Card,Mobile Phone,5,0,1,4.0,166.18,0
51814,0.0,1,Debit Card,Fashion,5,1,4,7.0,121.76,0
51815,1.0,3,Credit Card,Laptop & Accessory,5,0,1,2.0,178.0,0
51816,34.0,1,Credit Card,Grocery,3,0,4,8.0,224.06,0
51817,4.0,3,Debit Card,Fashion,5,0,2,5.0,186.69,0
51818,15.0,2,UPI,Laptop & Accessory,4,1,3,3.0,168.27,0
51819,10.0,3,Debit Card,Grocery,5,1,4,3.0,189.28,1
51820,5.0,3,UPI,Mobile Phone,1,0,4,3.0,112.25,1
51821,2.0,1,UPI,Mobile Phone,1,0,2,5.0,207.41,0
51822,1.0,1,COD,Fashion,3,1,4,6.0,171.39,0
51823,10.0,1,E wallet,Fashion,5,0,3,3.0,188.25,0
51824,15.0,2,Debit Card,Mobile Phone,3,0,1,10.0,207.76,0
51825,10.0,1,E wallet,Laptop & Accessory,5,0,5,15.0,159.23,0
51826,8.0,1,Debit Card,Mobile Phone,2,0,5,6.0,200.67,0
51827,0.0,1,UPI,Mobile Phone,1,0,2,1.0,203.57,0
51828,35.0,3,Debit Card,Fashion,4,0,8,1.0,175.42,0
51829,16.0,2,Debit Card,Mobile Phone,4,0,3,37.0,250.38,0
51830,3.0,1,UPI,Mobile Phone,3,1,3,4.0,112.71,0
51831,39.0,1,Debit Card,Mobile Phone,5,0,2,5.0,200.57,0
51832,9.0,1,Debit Card,Mobile Phone,5,1,4,4.0,98.92,0
51833,9.0,1,Credit Card,Laptop & Accessory,3,1,4,5.0,146.3,0
51834,14.0,1,E wallet,Laptop & Accessory,5,1,5,3.0,172.12,0
51835,17.0,3,Credit Card,Mobile Phone,3,0,7,10.0,133.92,0
51836,11.0,3,Credit Card,Laptop & Accessory,4,0,3,2.0,208.81,0
51837,1.0,1,UPI,Laptop & Accessory,2,0,3,26.0,254.82,1
51838,4.0,1,Debit Card,Laptop & Accessory,3,0,6,5.0,242.73,1
51839,26.0,1,Credit Card,Laptop & Accessory,3,1,4,0.0,171.52,0
51840,3.0,1,E wallet,Laptop & Accessory,3,0,3,3.0,260.95,0
51841,5.0,1,Credit Card,Laptop & Accessory,2,1,1,3.0,158.53,0
51842,6.0,1,Credit Card,Laptop & Accessory,3,0,5,14.0,234.5,0
51843,6.0,1,Debit Card,Laptop & Accessory,3,1,6,2.0,129.46,0
51844,9.0,2,Debit Card,Laptop & Accessory,2,0,1,3.0,75.44,0
51845,29.0,2,Debit Card,Laptop & Accessory,2,0,3,6.0,195.33,0
51846,3.0,1,Debit Card,Fashion,1,0,1,0.0,206.97,0
51847,1.0,1,Debit Card,Laptop & Accessory,1,1,4,1.0,249.2,0
51848,2.0,3,Credit Card,Fashion,3,0,1,5.0,220.88,0
51849,22.0,3,Debit Card,Laptop & Accessory,2,0,7,1.0,209.57,0
51850,10.0,1,E wallet,Laptop & Accessory,5,1,4,2.0,240.61,0
51851,3.0,1,UPI,Mobile Phone,2,0,3,3.0,102.08,0
51852,17.0,1,Debit Card,Mobile Phone,1,0,1,1.0,167.68,1
51853,20.0,1,Credit Card,Laptop & Accessory,3,1,1,2.0,186.57,0
51854,19.0,1,COD,Laptop & Accessory,2,0,4,1.0,195.36,0
51855,25.0,1,Credit Card,Laptop & Accessory,1,0,3,7.0,199.69,0
51856,3.0,1,COD,Fashion,4,0,1,1.0,161.88,0
51857,14.0,1,Debit Card,Laptop & Accessory,4,1,5,8.0,211.05,0
51858,6.0,1,UPI,Laptop & Accessory,1,1,2,1.0,249.57,0
51859,18.0,3,Credit Card,Fashion,3,0,2,0.0,143.26,0
51860,13.0,1,Debit Card,Laptop & Accessory,1,1,2,11.0,48.01,0
51861,15.0,2,COD,Laptop & Accessory,3,0,1,6.0,303.84,0
51862,11.0,1,COD,Laptop & Accessory,3,0,1,1.0,149.33,0
51863,2.0,1,Debit Card,Laptop & Accessory,5,1,3,2.0,130.75,0
51864,8.0,1,COD,Laptop & Accessory,4,0,4,1.0,84.01,0
51865,42.0,1,Debit Card,Others,5,0,1,7.0,184.89,0
51866,28.0,1,Credit Card,Grocery,2,0,1,0.0,174.46,0
51867,0.0,1,Debit Card,Mobile Phone,3,1,3,16.0,258.83,1
51868,2.0,1,Debit Card,Mobile Phone,1,0,3,2.0,169.3,1
51869,1.0,2,E wallet,Mobile Phone,5,0,1,2.0,233.53,0
51870,13.0,1,Debit Card,Mobile Phone,3,1,1,8.0,165.51,0
51871,17.0,2,Debit Card,Fashion,1,1,3,2.0,120.15,0
51872,2.0,1,Credit Card,Mobile Phone,3,0,3,4.0,127.76,1
51873,7.0,1,Debit Card,Laptop & Accessory,3,0,5,3.0,175.01,0
51874,18.0,1,Credit Card,Laptop & Accessory,4,0,6,5.0,148.47,0
51875,13.0,2,Debit Card,Grocery,2,1,3,1.0,136.73,0
51876,8.0,3,E wallet,Laptop & Accessory,4,0,3,2.0,218.86,0
51877,9.0,3,Debit Card,Grocery,4,1,4,12.0,123.76,0
51878,7.0,1,Debit Card,Fashion,4,1,3,19.0,150.48,0
51879,4.0,3,Debit Card,Mobile Phone,5,1,3,1.0,226.98,0
51880,8.0,1,Credit Card,Laptop & Accessory,1,0,1,5.0,186.17,0
51881,12.0,3,Debit Card,Laptop & Accessory,3,1,2,3.0,200.71,0
51882,21.0,1,Credit Card,Mobile Phone,3,0,2,2.0,313.62,0
51883,10.0,1,Debit Card,Fashion,1,0,1,0.0,124.32,0
51884,14.0,1,UPI,Fashion,5,0,2,1.0,99.47,0
51885,2.0,1,Debit Card,Mobile Phone,4,0,2,1.0,254.14,0
51886,6.0,2,E wallet,Laptop & Accessory,3,0,3,3.0,148.04,0
51887,0.0,3,Debit Card,Fashion,3,0,2,6.0,204.46,0
51888,3.0,1,Debit Card,Grocery,5,0,1,4.0,194.19,0
51889,13.0,2,Debit Card,Grocery,3,0,2,3.0,177.65,0
51890,48.0,2,Debit Card,Mobile Phone,3,0,4,5.0,172.11,0
51891,1.0,1,Credit Card,Laptop & Accessory,5,0,1,3.0,203.84,0
51892,5.0,1,COD,Laptop & Accessory,1,0,4,2.0,217.19,0
51893,16.0,1,Debit Card,Mobile Phone,4,1,6,19.0,137.06,0
51894,2.0,1,Credit Card,Fashion,4,0,3,9.0,223.25,0
51895,8.0,1,Debit Card,Mobile Phone,5,1,2,1.0,175.16,0
51896,13.0,1,Debit Card,Mobile Phone,1,0,1,5.0,241.55,0
51897,10.0,1,Debit Card,Grocery,5,0,3,27.0,130.4,0
51898,2.0,1,UPI,Laptop & Accessory,1,0,1,5.0,205.64,0
51899,4.0,3,Debit Card,Grocery,3,0,6,1.0,193.11,0
51900,15.0,1,E wallet,Laptop & Accessory,1,0,6,6.0,194.41,0
51901,8.0,1,Debit Card,Laptop & Accessory,1,0,1,1.0,192.15,0
51902,0.0,1,Debit Card,Grocery,5,0,1,9.0,128.64,0
51903,14.0,1,Credit Card,Others,4,0,4,4.0,195.58,0
51904,0.0,1,Debit Card,Fashion,3,0,1,2.0,158.0,0
51905,14.0,1,Debit Card,Fashion,2,0,4,2.0,153.36,0
51906,2.0,1,Debit Card,Grocery,3,0,3,6.0,82.46,1
51907,32.0,1,Debit Card,Mobile Phone,3,0,2,1.0,162.56,0
51908,5.0,1,E wallet,Fashion,3,0,1,12.0,228.95,0
51909,4.0,1,Debit Card,Laptop & Accessory,4,1,1,1.0,152.11,0
51910,2.0,2,E wallet,Laptop & Accessory,4,1,1,3.0,178.51,0
51911,4.0,1,Debit Card,Mobile Phone,3,0,3,7.0,110.27,0
51912,21.0,1,UPI,Fashion,3,1,2,8.0,105.91,1
51913,56.0,1,Credit Card,Mobile Phone,4,0,2,1.0,194.88,0
51914,5.0,3,Debit Card,Mobile Phone,2,0,1,2.0,146.84,1
51915,6.0,1,COD,Others,5,1,3,2.0,184.23,0
51916,13.0,2,Debit Card,Mobile Phone,5,0,4,12.0,257.45,0
51917,22.0,2,Credit Card,Others,3,1,7,3.0,225.11,0
51918,9.0,1,Credit Card,Grocery,2,0,6,12.0,88.72,1
51919,5.0,1,Debit Card,Fashion,3,1,4,10.0,139.77,0
51920,5.0,1,COD,Laptop & Accessory,2,0,3,0.0,198.01,0
51921,12.0,1,E wallet,Laptop & Accessory,4,1,3,6.0,261.97,1
51922,0.0,1,E wallet,Mobile Phone,3,0,7,11.0,167.33,0
51923,10.0,1,COD,Fashion,3,0,3,2.0,182.95,0
51924,4.0,1,Credit Card,Mobile Phone,5,0,4,3.0,92.99,1
51925,16.0,1,Debit Card,Fashion,3,0,5,1.0,132.88,0
51926,1.0,3,E wallet,Fashion,4,0,2,4.0,167.53,0
51927,9.0,1,Debit Card,Laptop & Accessory,4,0,3,2.0,150.68,0
51928,7.0,3,Debit Card,Fashion,3,0,5,6.0,179.63,0
51929,10.0,3,Credit Card,Laptop & Accessory,2,0,5,1.0,171.73,0
51930,1.0,3,UPI,Laptop & Accessory,4,0,1,4.0,191.44,0
51931,9.0,3,Debit Card,Laptop & Accessory,4,1,2,3.0,176.09,0
51932,8.0,1,E wallet,Laptop & Accessory,2,1,5,3.0,198.61,0
51933,8.0,1,Credit Card,Grocery,2,0,2,1.0,198.13,0
51934,9.0,1,Debit Card,Mobile Phone,4,0,2,6.0,181.77,0
51935,11.0,1,E wallet,Mobile Phone,5,0,4,1.0,182.5,0
51936,16.0,3,COD,Fashion,5,0,1,12.0,160.53,0
51937,3.0,3,Debit Card,Fashion,4,0,3,5.0,181.55,0
51938,17.0,1,Debit Card,Mobile Phone,5,0,1,20.0,130.54,0
51939,7.0,1,Debit Card,Grocery,3,0,1,12.0,215.11,0
51940,1.0,1,E wallet,Mobile Phone,1,0,5,1.0,273.99,1
51941,1.0,1,Debit Card,Fashion,3,0,3,8.0,240.19,0
51942,4.0,1,Debit Card,Fashion,5,0,3,1.0,186.09,1
51943,15.0,1,E wallet,Laptop & Accessory,5,0,3,14.0,142.9,0
51944,12.0,3,Credit Card,Mobile Phone,1,0,5,6.0,173.04,0
51945,16.0,1,Debit Card,Grocery,3,0,2,1.0,164.42,0
51946,7.0,3,UPI,Grocery,1,1,1,1.0,325.0,1
51947,6.0,1,UPI,Laptop & Accessory,4,0,1,7.0,110.26,0
51948,2.0,3,UPI,Laptop & Accessory,3,1,3,5.0,160.93,1
51949,4.0,1,Debit Card,Mobile Phone,5,0,3,1.0,202.26,0
51950,6.0,3,UPI,Laptop & Accessory,1,0,2,3.0,146.89,0
51951,1.0,2,E wallet,Laptop & Accessory,4,0,4,9.0,228.42,0
51952,2.0,1,Debit Card,Laptop & Accessory,3,1,6,1.0,224.67,0
51953,9.0,1,Credit Card,Laptop & Accessory,3,1,5,0.0,171.87,0
51954,13.0,3,Debit Card,Mobile Phone,3,0,1,1.0,196.7,0
51955,61.0,1,E wallet,Fashion,3,1,6,1.0,218.81,0
51956,27.0,1,E wallet,Laptop & Accessory,3,0,2,5.0,221.61,0
51957,10.0,1,E wallet,Mobile Phone,4,1,3,2.0,180.45,0
51958,5.0,2,Debit Card,Mobile Phone,4,0,6,1.0,254.86,0
51959,10.0,3,Credit Card,Fashion,1,0,3,3.0,231.61,1
51960,15.0,1,Debit Card,Mobile Phone,4,0,3,4.0,180.88,0
51961,1.0,1,UPI,Laptop & Accessory,4,1,1,2.0,203.32,0
51962,5.0,3,Credit Card,Grocery,1,0,7,4.0,113.55,0
51963,18.0,2,Debit Card,Grocery,4,0,3,12.0,49.17,0
51964,5.0,3,Debit Card,Mobile Phone,5,1,2,3.0,199.44,1
51965,8.0,1,Credit Card,Laptop & Accessory,5,0,2,14.0,242.33,0
51966,9.0,1,Credit Card,Laptop & Accessory,1,0,2,10.0,136.15,1
51967,2.0,1,E wallet,Laptop & Accessory,4,0,1,0.0,247.78,0
51968,4.0,2,Debit Card,Laptop & Accessory,4,0,1,6.0,165.39,0
51969,4.0,1,Credit Card,Laptop & Accessory,3,0,2,2.0,118.78,0
51970,0.0,1,Debit Card,Laptop & Accessory,3,0,5,1.0,175.9,0
51971,0.0,1,Credit Card,Laptop & Accessory,3,0,1,7.0,107.7,0
51972,18.0,1,COD,Fashion,3,0,6,7.0,234.65,0
51973,3.0,3,Credit Card,Fashion,3,1,1,6.0,194.93,0
51974,7.0,1,Debit Card,Laptop & Accessory,2,0,1,0.0,123.39,0
51975,4.0,2,COD,Others,3,0,5,4.0,166.22,0
51976,28.0,3,Debit Card,Fashion,3,0,1,5.0,234.15,0
51977,3.0,1,E wallet,Laptop & Accessory,2,0,3,17.0,183.07,0
51978,6.0,2,Credit Card,Laptop & Accessory,3,0,4,8.0,174.36,0
51979,21.0,3,Debit Card,Laptop & Accessory,5,0,4,2.0,130.59,0
51980,18.0,3,Debit Card,Fashion,2,0,1,5.0,251.39,0
51981,2.0,1,Debit Card,Laptop & Accessory,4,0,2,11.0,139.21,0
51982,16.0,1,UPI,Laptop & Accessory,3,1,4,8.0,155.9,0
51983,6.0,1,UPI,Mobile Phone,2,0,3,3.0,77.11,0
51984,7.0,2,Credit Card,Fashion,5,0,2,13.0,155.16,1
51985,1.0,2,Debit Card,Laptop & Accessory,4,0,5,18.0,151.13,0
51986,1.0,2,UPI,Mobile Phone,2,0,2,7.0,137.73,0
51987,13.0,1,Credit Card,Laptop & Accessory,4,0,2,1.0,177.62,0
51988,7.0,1,Credit Card,Mobile Phone,2,0,2,7.0,171.87,1
51989,6.0,1,Credit Card,Laptop & Accessory,5,0,3,3.0,187.56,0
51990,13.0,1,Debit Card,Mobile Phone,2,0,4,1.0,221.69,0
51991,15.0,2,Credit Card,Mobile Phone,5,0,3,1.0,180.17,0
51992,2.0,1,Credit Card,Laptop & Accessory,2,0,3,1.0,172.21,0
51993,9.0,1,Credit Card,Laptop & Accessory,4,0,1,3.0,150.9,0
51994,1.0,1,UPI,Laptop & Accessory,5,0,1,4.0,138.88,0
51995,14.0,1,Debit Card,Laptop & Accessory,3,0,5,6.0,261.93,0
51996,11.0,1,Credit Card,Laptop & Accessory,1,1,6,10.0,178.21,0
51997,31.0,1,Debit Card,Laptop & Accessory,4,0,3,1.0,182.72,0
51998,1.0,1,E wallet,Laptop & Accessory,2,0,1,2.0,246.34,0
51999,1.0,1,Debit Card,Laptop & Accessory,4,0,3,0.0,115.15,0
52000,3.0,1,Debit Card,Grocery,4,0,4,5.0,223.69,0
52001,3.0,2,E wallet,Grocery,3,1,4,0.0,167.64,1
52002,3.0,1,Debit Card,Laptop & Accessory,4,0,3,0.0,151.6,0
52003,24.0,2,Credit Card,Mobile Phone,2,0,5,5.0,175.68,0
52004,3.0,2,COD,Others,5,1,2,1.0,206.99,0
52005,3.0,1,Credit Card,Mobile Phone,3,0,1,5.0,186.85,0
52006,14.0,3,Debit Card,Grocery,4,1,3,2.0,154.56,0
52007,6.0,1,Debit Card,Fashion,3,0,3,2.0,247.79,0
52008,15.0,2,E wallet,Others,4,1,4,7.0,171.34,0
52009,1.0,3,Debit Card,Laptop & Accessory,1,0,3,7.0,78.86,0
52010,7.0,3,E wallet,Laptop & Accessory,3,0,1,0.0,146.52,0
52011,0.0,1,E wallet,Laptop & Accessory,1,0,6,6.0,157.99,0
52012,1.0,1,Credit Card,Mobile Phone,3,0,1,15.0,161.71,0
52013,24.0,1,E wallet,Mobile Phone,3,1,4,3.0,186.21,0
52014,1.0,1,Debit Card,Laptop & Accessory,3,1,2,4.0,163.54,1
52015,8.0,2,Credit Card,Laptop & Accessory,5,0,1,2.0,154.59,0
52016,5.0,1,Credit Card,Fashion,2,1,3,7.0,83.95,0
52017,4.0,1,Debit Card,Laptop & Accessory,4,0,3,7.0,161.21,1
52018,23.0,2,Debit Card,Mobile Phone,3,0,3,11.0,230.57,0
52019,0.0,1,Credit Card,Fashion,3,0,4,6.0,169.99,0
52020,11.0,3,Credit Card,Mobile Phone,2,0,2,19.0,140.63,1
52021,33.0,2,Credit Card,Laptop & Accessory,4,1,3,18.0,163.63,0
52022,8.0,1,E wallet,Grocery,3,1,2,3.0,178.99,0
52023,28.0,1,Credit Card,Laptop & Accessory,5,1,2,6.0,122.18,0
52024,1.0,1,UPI,Fashion,5,0,3,0.0,189.71,0
52025,5.0,1,E wallet,Grocery,2,1,3,2.0,193.21,1
52026,3.0,3,Debit Card,Mobile Phone,2,0,3,3.0,146.71,1
52027,13.0,3,Debit Card,Mobile Phone,3,0,3,9.0,67.54,0
52028,40.0,1,Credit Card,Laptop & Accessory,3,0,3,2.0,120.32,0
52029,3.0,1,UPI,Grocery,3,1,2,1.0,197.94,0
52030,11.0,1,Debit Card,Laptop & Accessory,5,0,1,3.0,184.14,0
52031,2.0,1,Credit Card,Mobile Phone,4,0,7,1.0,133.33,0
52032,8.0,1,Debit Card,Laptop & Accessory,5,0,3,1.0,223.27,0
52033,6.0,1,Debit Card,Others,3,0,2,3.0,236.78,0
52034,36.0,1,Credit Card,Others,3,0,4,2.0,121.94,0
52035,9.0,1,Debit Card,Fashion,3,0,4,1.0,175.13,0
52036,4.0,1,Credit Card,Mobile Phone,3,1,1,1.0,182.75,0
52037,1.0,3,UPI,Laptop & Accessory,4,0,1,7.0,235.24,0
52038,2.0,2,COD,Mobile Phone,5,1,5,1.0,167.36,0
52039,3.0,1,Debit Card,Fashion,3,1,4,1.0,126.5,0
52040,3.0,1,E wallet,Mobile Phone,3,1,4,3.0,170.22,0
52041,19.0,1,UPI,Mobile Phone,3,1,9,1.0,112.66,0
52042,8.0,1,Debit Card,Grocery,4,1,4,2.0,240.1,0
52043,7.0,1,Credit Card,Laptop & Accessory,4,0,3,12.0,260.9,0
52044,1.0,3,UPI,Grocery,3,1,3,1.0,174.57,0
52045,20.0,1,Debit Card,Mobile Phone,2,1,2,6.0,190.45,0
52046,13.0,1,UPI,Laptop & Accessory,5,0,3,0.0,198.36,0
52047,1.0,1,Credit Card,Fashion,4,0,5,8.0,218.63,0
52048,12.0,3,Debit Card,Grocery,2,1,4,14.0,152.58,1
52049,8.0,3,Credit Card,Mobile Phone,3,0,3,8.0,266.0,0
52050,1.0,1,Debit Card,Mobile Phone,3,0,3,11.0,194.32,0
52051,6.0,1,Debit Card,Fashion,3,1,3,7.0,226.62,0
52052,7.0,1,Credit Card,Grocery,3,0,5,2.0,192.74,0
52053,2.0,1,Credit Card,Others,4,0,2,1.0,179.99,0
52054,29.0,1,Credit Card,Laptop & Accessory,1,1,2,12.0,218.93,0
52055,19.0,1,Debit Card,Mobile Phone,3,1,2,0.0,135.0,0
52056,11.0,1,E wallet,Fashion,3,1,5,4.0,123.95,0
52057,6.0,1,Credit Card,Mobile Phone,1,1,5,2.0,156.14,1
52058,5.0,1,E wallet,Mobile Phone,3,0,3,12.0,218.92,0
52059,11.0,3,E wallet,Mobile Phone,2,1,2,1.0,223.25,0
52060,8.0,1,Debit Card,Laptop & Accessory,3,0,2,2.0,163.63,0
52061,1.0,2,Debit Card,Laptop & Accessory,3,0,4,1.0,243.71,0
52062,7.0,1,UPI,Laptop & Accessory,5,0,3,14.0,193.99,0
52063,16.0,1,E wallet,Mobile Phone,4,0,2,2.0,142.66,0
52064,6.0,1,Debit Card,Laptop & Accessory,3,0,1,2.0,180.14,0
52065,1.0,2,E wallet,Grocery,3,0,5,0.0,227.68,0
52066,15.0,1,Debit Card,Laptop & Accessory,3,0,2,1.0,162.87,0
52067,2.0,1,Debit Card,Laptop & Accessory,2,0,3,13.0,178.59,0
52068,3.0,1,Credit Card,Others,2,1,1,5.0,133.73,0
52069,2.0,1,Debit Card,Mobile Phone,2,0,2,5.0,143.65,0
52070,4.0,3,COD,Laptop & Accessory,3,0,3,8.0,173.98,0
52071,14.0,1,UPI,Grocery,4,1,1,5.0,113.52,0
52072,7.0,1,Credit Card,Fashion,4,0,3,1.0,154.66,0
52073,2.0,1,Debit Card,Mobile Phone,5,1,3,12.0,185.4,0
52074,21.0,3,Debit Card,Grocery,2,1,4,1.0,169.1,0
52075,21.0,1,Debit Card,Laptop & Accessory,5,1,2,9.0,40.15,0
52076,20.0,2,Credit Card,Mobile Phone,3,0,2,2.0,124.74,0
52077,3.0,3,Debit Card,Fashion,2,0,3,1.0,161.09,1
52078,6.0,1,Credit Card,Mobile Phone,5,0,4,4.0,242.39,0
52079,42.0,1,Credit Card,Grocery,3,0,3,1.0,236.22,0
52080,15.0,1,UPI,Laptop & Accessory,3,0,5,2.0,135.04,0
52081,0.0,3,UPI,Laptop & Accessory,2,1,2,4.0,224.77,0
52082,1.0,1,Credit Card,Mobile Phone,3,0,5,11.0,190.05,1
52083,6.0,1,Credit Card,Fashion,5,0,1,2.0,173.42,0
52084,24.0,2,Debit Card,Laptop & Accessory,3,0,2,0.0,117.85,0
52085,8.0,1,Debit Card,Laptop & Accessory,5,1,3,9.0,203.09,1
52086,7.0,1,UPI,Others,3,0,4,5.0,215.23,0
52087,1.0,1,Credit Card,Grocery,2,0,1,6.0,127.99,1
52088,11.0,1,Debit Card,Laptop & Accessory,2,0,3,0.0,130.74,0
52089,17.0,1,Credit Card,Mobile Phone,3,1,4,1.0,163.15,0
52090,5.0,1,UPI,Mobile Phone,2,0,3,4.0,174.42,0
52091,15.0,3,Debit Card,Grocery,4,0,2,1.0,156.74,0
52092,33.0,1,Debit Card,Mobile Phone,2,0,1,9.0,126.14,0
52093,2.0,3,UPI,Fashion,5,0,4,0.0,216.51,0
52094,7.0,1,Credit Card,Grocery,5,0,1,9.0,245.17,0
52095,3.0,1,Credit Card,Mobile Phone,3,0,3,3.0,157.4,0
52096,16.0,2,Debit Card,Laptop & Accessory,4,1,1,4.0,222.26,0
52097,9.0,1,UPI,Mobile Phone,5,0,1,1.0,175.34,0
52098,10.0,3,E wallet,Grocery,4,0,3,2.0,94.83,1
52099,16.0,3,Credit Card,Mobile Phone,3,0,6,4.0,80.58,0
52100,5.0,1,Debit Card,Grocery,3,1,3,1.0,169.86,0
52101,25.0,1,Credit Card,Grocery,4,0,4,2.0,279.63,0
52102,8.0,1,Debit Card,Laptop & Accessory,3,0,3,6.0,201.22,0
52103,2.0,1,Debit Card,Mobile Phone,3,1,6,12.0,120.37,0
52104,12.0,1,Debit Card,Fashion,2,1,2,1.0,227.17,0
52105,16.0,1,Debit Card,Laptop & Accessory,3,0,6,7.0,131.88,0
52106,4.0,1,COD,Mobile Phone,1,0,3,1.0,259.1,0
52107,19.0,1,Debit Card,Laptop & Accessory,3,0,5,1.0,226.16,0
52108,24.0,3,Credit Card,Grocery,3,0,2,8.0,166.67,0
52109,3.0,3,Debit Card,Others,3,0,1,10.0,212.34,1
52110,41.0,1,Credit Card,Laptop & Accessory,2,1,3,4.0,181.68,0
52111,2.0,3,Debit Card,Fashion,3,0,4,1.0,195.97,0
52112,2.0,1,Credit Card,Fashion,5,1,3,1.0,259.71,0
52113,2.0,1,E wallet,Fashion,3,1,4,15.0,127.69,0
52114,22.0,1,COD,Fashion,2,0,1,4.0,237.29,0
52115,11.0,1,Credit Card,Laptop & Accessory,3,0,1,2.0,62.68,1
52116,2.0,1,Debit Card,Laptop & Accessory,5,0,5,4.0,95.23,0
52117,6.0,3,Debit Card,Laptop & Accessory,3,0,2,2.0,151.48,1
52118,10.0,3,E wallet,Grocery,2,1,2,7.0,223.18,1
52119,1.0,1,Debit Card,Mobile Phone,4,1,5,1.0,73.81,0
52120,21.0,2,Credit Card,Others,2,1,6,2.0,253.96,0
52121,16.0,1,COD,Mobile Phone,1,0,4,6.0,171.85,0
52122,7.0,1,E wallet,Mobile Phone,3,0,2,0.0,213.01,1
52123,34.0,2,E wallet,Fashion,2,0,3,26.0,102.53,0
52124,5.0,1,UPI,Fashion,4,0,1,2.0,143.21,0
52125,41.0,1,Credit Card,Laptop & Accessory,3,0,8,6.0,160.61,0
52126,11.0,1,E wallet,Laptop & Accessory,4,1,2,0.0,101.34,0
52127,10.0,1,Debit Card,Laptop & Accessory,3,0,5,4.0,203.45,0
52128,2.0,1,COD,Fashion,3,1,4,4.0,142.76,1
52129,21.0,1,Debit Card,Fashion,3,0,2,2.0,211.74,0
52130,6.0,1,Credit Card,Laptop & Accessory,3,0,1,2.0,158.68,0
52131,2.0,1,Debit Card,Laptop & Accessory,1,1,1,9.0,179.05,1
52132,0.0,1,Debit Card,Mobile Phone,4,1,2,1.0,85.62,1
52133,8.0,1,Credit Card,Mobile Phone,5,0,3,6.0,196.59,0
52134,7.0,3,Debit Card,Mobile Phone,3,0,7,3.0,308.81,0
52135,13.0,1,Credit Card,Others,3,0,2,4.0,102.95,0
52136,22.0,1,Credit Card,Fashion,1,0,3,2.0,183.08,0
52137,1.0,1,Credit Card,Laptop & Accessory,5,0,1,8.0,172.45,0
52138,13.0,1,Debit Card,Laptop & Accessory,5,1,4,0.0,240.03,0
52139,2.0,1,Credit Card,Laptop & Accessory,5,0,1,1.0,103.83,0
52140,20.0,1,E wallet,Laptop & Accessory,2,0,3,2.0,169.58,0
52141,17.0,3,Debit Card,Fashion,5,0,1,1.0,218.63,0
52142,8.0,2,Credit Card,Laptop & Accessory,1,0,3,4.0,162.41,0
52143,12.0,1,Credit Card,Mobile Phone,3,0,3,6.0,150.73,0
52144,4.0,1,UPI,Mobile Phone,3,0,1,4.0,209.67,0
52145,6.0,1,Credit Card,Laptop & Accessory,5,0,3,3.0,262.15,0
52146,17.0,1,Debit Card,Laptop & Accessory,4,1,6,6.0,174.41,0
52147,6.0,1,UPI,Fashion,4,0,1,11.0,231.3,0
52148,4.0,3,E wallet,Grocery,5,0,4,6.0,125.58,0
52149,7.0,1,E wallet,Laptop & Accessory,3,0,5,6.0,180.39,0
52150,18.0,3,Credit Card,Mobile Phone,4,1,1,13.0,132.15,0
52151,4.0,1,E wallet,Fashion,1,0,4,16.0,146.17,0
52152,2.0,1,Credit Card,Fashion,3,0,5,1.0,169.64,0
52153,12.0,1,E wallet,Fashion,1,0,5,2.0,152.06,0
52154,17.0,1,UPI,Grocery,5,1,3,0.0,216.09,0
52155,1.0,3,UPI,Laptop & Accessory,5,0,1,2.0,192.81,0
52156,3.0,1,Credit Card,Mobile Phone,1,0,3,6.0,113.14,1
52157,2.0,1,UPI,Fashion,3,0,4,19.0,165.73,0
52158,4.0,3,Debit Card,Grocery,3,0,3,0.0,127.75,0
52159,6.0,3,Debit Card,Laptop & Accessory,3,0,3,1.0,167.95,0
52160,14.0,2,Credit Card,Mobile Phone,3,0,4,4.0,177.73,0
52161,11.0,3,Credit Card,Laptop & Accessory,2,0,1,1.0,164.21,0
52162,10.0,1,Debit Card,Grocery,2,0,4,0.0,154.62,0
52163,4.0,3,Credit Card,Fashion,4,0,3,3.0,194.25,0
52164,18.0,2,Debit Card,Laptop & Accessory,1,1,4,6.0,101.04,0
52165,6.0,3,Credit Card,Mobile Phone,4,1,3,2.0,201.18,1
52166,39.0,2,UPI,Mobile Phone,3,1,4,1.0,117.37,0
52167,10.0,1,E wallet,Laptop & Accessory,5,0,3,2.0,185.69,0
52168,1.0,2,Debit Card,Grocery,4,0,7,1.0,187.33,0
52169,11.0,1,COD,Laptop & Accessory,4,0,2,2.0,149.27,0
52170,4.0,1,Credit Card,Mobile Phone,2,1,2,3.0,192.89,1
52171,12.0,1,E wallet,Mobile Phone,3,0,2,0.0,140.11,0
52172,1.0,3,Credit Card,Fashion,5,1,1,4.0,119.85,1
52173,2.0,1,COD,Laptop & Accessory,3,1,1,4.0,114.48,0
52174,19.0,1,E wallet,Mobile Phone,3,0,7,3.0,227.52,0
52175,3.0,1,Credit Card,Laptop & Accessory,5,1,3,5.0,192.25,0
52176,18.0,3,Debit Card,Fashion,1,0,4,14.0,207.9,0
52177,3.0,1,Credit Card,Laptop & Accessory,3,1,4,2.0,235.51,0
52178,10.0,2,Credit Card,Fashion,2,0,7,1.0,110.54,1
52179,12.0,3,Credit Card,Mobile Phone,3,0,8,7.0,138.88,0
52180,7.0,1,Debit Card,Laptop & Accessory,2,1,2,1.0,201.34,1
52181,4.0,1,Credit Card,Laptop & Accessory,1,1,1,6.0,201.09,1
52182,2.0,2,Credit Card,Laptop & Accessory,3,0,3,2.0,211.08,0
52183,0.0,3,E wallet,Grocery,4,0,1,1.0,123.23,1
52184,4.0,2,E wallet,Mobile Phone,5,1,1,44.0,180.18,1
52185,11.0,1,Debit Card,Grocery,4,0,2,4.0,153.29,0
52186,28.0,3,Debit Card,Laptop & Accessory,3,0,7,7.0,228.8,0
52187,20.0,1,Debit Card,Laptop & Accessory,4,0,4,2.0,239.77,0
52188,15.0,1,Debit Card,Others,3,0,3,12.0,200.68,0
52189,16.0,3,Debit Card,Fashion,3,1,4,9.0,192.74,0
52190,11.0,1,E wallet,Fashion,2,1,2,9.0,128.71,1
52191,3.0,2,UPI,Grocery,4,1,4,8.0,132.37,1
52192,24.0,1,Debit Card,Others,3,0,4,4.0,223.64,0
52193,11.0,3,Credit Card,Laptop & Accessory,5,0,1,3.0,198.7,0
52194,8.0,1,E wallet,Laptop & Accessory,5,0,2,5.0,147.46,1
52195,1.0,1,COD,Laptop & Accessory,3,1,4,2.0,207.04,0
52196,6.0,3,UPI,Fashion,4,1,2,4.0,99.99,0
52197,6.0,1,Debit Card,Laptop & Accessory,3,1,3,6.0,157.7,1
52198,20.0,1,Debit Card,Mobile Phone,1,1,1,0.0,191.2,0
52199,8.0,3,Debit Card,Grocery,3,0,2,7.0,254.29,1
52200,5.0,1,Credit Card,Fashion,5,0,5,3.0,185.75,0
52201,38.0,3,E wallet,Laptop & Accessory,5,0,1,15.0,225.07,0
52202,1.0,1,Debit Card,Mobile Phone,4,1,6,15.0,153.2,0
52203,5.0,1,UPI,Laptop & Accessory,3,0,3,9.0,141.18,0
52204,0.0,2,Credit Card,Mobile Phone,1,0,2,3.0,135.65,0
52205,13.0,2,COD,Laptop & Accessory,3,0,1,6.0,243.04,0
52206,25.0,1,Debit Card,Laptop & Accessory,5,1,6,1.0,185.47,0
52207,3.0,1,Debit Card,Fashion,4,0,3,2.0,149.21,0
52208,20.0,3,Debit Card,Others,4,0,4,4.0,135.1,0
52209,3.0,1,Debit Card,Others,4,1,5,7.0,203.0,0
52210,24.0,1,E wallet,Laptop & Accessory,4,0,3,3.0,95.86,0
52211,14.0,1,Debit Card,Fashion,4,1,1,8.0,70.85,0
52212,16.0,1,E wallet,Fashion,3,0,1,5.0,211.77,0
52213,0.0,1,Debit Card,Fashion,3,0,4,2.0,190.66,1
52214,33.0,1,Debit Card,Grocery,5,1,2,2.0,197.48,0
52215,13.0,1,E wallet,Others,3,1,4,8.0,297.55,0
52216,4.0,1,COD,Laptop & Accessory,5,0,2,2.0,203.37,0
52217,18.0,1,Credit Card,Fashion,5,1,1,1.0,222.11,0
52218,3.0,2,COD,Fashion,4,1,1,7.0,106.77,1
52219,21.0,1,Credit Card,Laptop & Accessory,1,0,5,0.0,201.84,0
52220,1.0,3,Credit Card,Mobile Phone,2,1,2,1.0,119.42,1
52221,12.0,2,E wallet,Laptop & Accessory,3,0,1,9.0,186.85,0
52222,8.0,1,Debit Card,Grocery,5,0,3,4.0,116.85,0
52223,1.0,1,Debit Card,Grocery,5,1,6,4.0,223.78,0
52224,3.0,1,Credit Card,Mobile Phone,1,0,2,10.0,219.24,0
52225,0.0,2,Debit Card,Mobile Phone,3,0,4,8.0,135.0,0
52226,6.0,3,Debit Card,Laptop & Accessory,5,1,3,8.0,173.45,0
52227,4.0,1,Debit Card,Fashion,2,1,5,2.0,106.53,0
52228,9.0,2,E wallet,Laptop & Accessory,5,0,3,1.0,148.1,0
52229,4.0,1,Credit Card,Mobile Phone,3,0,4,4.0,173.15,0
52230,4.0,1,Credit Card,Grocery,5,0,2,4.0,223.46,0
52231,14.0,3,UPI,Mobile Phone,3,0,1,0.0,224.64,0
52232,0.0,1,Credit Card,Fashion,3,1,4,3.0,149.8,0
52233,23.0,1,E wallet,Laptop & Accessory,3,1,3,4.0,258.45,0
52234,19.0,1,UPI,Laptop & Accessory,5,0,5,3.0,166.32,0
52235,11.0,2,E wallet,Fashion,3,1,2,20.0,208.3,1
52236,9.0,1,Credit Card,Laptop & Accessory,4,0,2,1.0,163.36,0
52237,22.0,3,Credit Card,Laptop & Accessory,3,1,2,1.0,271.25,1
52238,2.0,1,Credit Card,Laptop & Accessory,5,0,4,11.0,195.31,0
52239,1.0,1,Credit Card,Mobile Phone,2,1,5,14.0,140.04,0
52240,3.0,2,Debit Card,Laptop & Accessory,3,0,2,10.0,150.4,0
52241,16.0,1,Credit Card,Mobile Phone,2,0,2,12.0,204.26,0
52242,0.0,2,Debit Card,Mobile Phone,4,0,1,3.0,154.4,0
52243,9.0,1,Debit Card,Laptop & Accessory,3,0,5,11.0,177.05,0
52244,54.0,1,Credit Card,Laptop & Accessory,1,0,1,3.0,78.87,0
52245,19.0,1,UPI,Grocery,5,0,4,2.0,72.18,0
52246,7.0,3,Debit Card,Mobile Phone,3,1,3,1.0,193.39,0
52247,1.0,1,Debit Card,Laptop & Accessory,3,0,2,7.0,182.18,0
52248,18.0,2,Credit Card,Mobile Phone,3,0,2,4.0,227.67,0
52249,9.0,1,Credit Card,Laptop & Accessory,3,1,4,2.0,210.81,0
52250,1.0,1,Debit Card,Laptop & Accessory,1,0,5,0.0,246.91,0
52251,1.0,1,Debit Card,Mobile Phone,5,0,1,6.0,175.64,1
52252,24.0,3,Credit Card,Laptop & Accessory,3,0,4,6.0,199.68,0
52253,11.0,2,E wallet,Mobile Phone,4,0,4,0.0,152.67,0
52254,18.0,2,Debit Card,Laptop & Accessory,1,0,3,4.0,161.72,0
52255,21.0,1,Debit Card,Laptop & Accessory,3,1,1,2.0,150.2,0
52256,8.0,1,Credit Card,Mobile Phone,5,0,5,5.0,169.03,0
52257,7.0,1,Debit Card,Laptop & Accessory,3,0,1,2.0,130.48,0
52258,6.0,3,Debit Card,Grocery,2,0,4,7.0,176.48,0
52259,4.0,1,Credit Card,Laptop & Accessory,1,1,5,1.0,204.1,1
52260,6.0,1,COD,Others,5,0,3,2.0,139.93,0
52261,15.0,1,Debit Card,Others,2,0,5,5.0,186.44,0
52262,9.0,1,Credit Card,Mobile Phone,5,0,3,8.0,148.45,0
52263,22.0,1,Debit Card,Fashion,2,1,4,7.0,157.91,0
52264,6.0,3,UPI,Others,3,0,1,3.0,178.93,0
52265,9.0,1,Debit Card,Laptop & Accessory,3,0,1,2.0,144.01,0
52266,10.0,3,Credit Card,Laptop & Accessory,1,0,2,3.0,225.99,0
52267,9.0,3,E wallet,Laptop & Accessory,3,0,4,3.0,60.52,0
52268,12.0,1,COD,Mobile Phone,4,0,2,1.0,126.45,0
52269,3.0,1,Credit Card,Laptop & Accessory,4,0,4,1.0,148.04,0
52270,7.0,1,Debit Card,Others,3,0,3,1.0,222.93,0
52271,1.0,3,Credit Card,Mobile Phone,5,1,4,2.0,183.64,0
52272,5.0,1,Debit Card,Grocery,4,0,3,3.0,146.21,0
52273,7.0,1,Credit Card,Laptop & Accessory,2,1,2,1.0,167.47,0
52274,11.0,1,E wallet,Fashion,3,0,1,11.0,206.57,0
52275,30.0,1,E wallet,Fashion,2,0,5,12.0,106.27,0
52276,9.0,1,Credit Card,Mobile Phone,2,1,1,22.0,108.74,0
52277,14.0,1,E wallet,Grocery,4,0,1,1.0,209.55,0
52278,7.0,2,UPI,Mobile Phone,3,0,1,6.0,198.09,0
52279,10.0,3,UPI,Laptop & Accessory,4,1,1,11.0,143.37,1
52280,1.0,1,E wallet,Others,4,1,6,0.0,118.61,0
52281,3.0,1,Credit Card,Mobile Phone,3,0,5,9.0,216.63,0
52282,4.0,3,Credit Card,Laptop & Accessory,3,0,2,4.0,132.84,0
52283,6.0,1,Debit Card,Laptop & Accessory,4,0,2,2.0,127.19,0
52284,0.0,3,Debit Card,Mobile Phone,1,0,3,4.0,110.94,0
52285,2.0,1,Credit Card,Mobile Phone,5,0,1,4.0,180.21,1
52286,3.0,2,Debit Card,Fashion,3,0,5,7.0,194.73,0
52287,36.0,1,Credit Card,Fashion,4,0,3,1.0,94.78,0
52288,4.0,1,Credit Card,Laptop & Accessory,5,0,3,1.0,167.55,0
52289,7.0,3,Credit Card,Laptop & Accessory,3,0,5,0.0,121.08,0
52290,2.0,1,Debit Card,Fashion,2,0,1,4.0,152.75,0
52291,9.0,1,Debit Card,Fashion,2,0,9,6.0,183.29,0
52292,3.0,1,Debit Card,Laptop & Accessory,1,1,5,3.0,172.29,1
52293,2.0,3,Debit Card,Laptop & Accessory,4,0,2,4.0,252.79,0
52294,7.0,1,COD,Others,3,0,4,2.0,90.71,0
52295,0.0,3,Debit Card,Grocery,2,0,4,3.0,183.36,0
52296,0.0,1,Debit Card,Fashion,4,0,9,10.0,301.08,0
52297,2.0,1,Debit Card,Laptop & Accessory,3,1,4,10.0,120.3,0
52298,0.0,2,Credit Card,Mobile Phone,4,1,3,9.0,114.02,1
52299,1.0,1,Credit Card,Laptop & Accessory,3,1,2,1.0,136.04,1
52300,4.0,1,Debit Card,Fashion,3,1,2,18.0,185.16,1
52301,16.0,1,UPI,Fashion,3,0,2,0.0,76.73,0
52302,8.0,1,E wallet,Mobile Phone,3,0,4,17.0,99.01,0
52303,7.0,1,Debit Card,Laptop & Accessory,5,1,3,6.0,68.61,0
52304,3.0,1,Credit Card,Fashion,1,0,4,11.0,177.8,1
52305,27.0,1,Credit Card,Fashion,1,1,5,6.0,179.08,0
52306,5.0,1,Debit Card,Mobile Phone,3,0,1,8.0,241.84,0
52307,1.0,1,E wallet,Fashion,2,0,1,12.0,100.16,0
52308,10.0,1,Debit Card,Laptop & Accessory,4,1,5,13.0,156.28,1
52309,1.0,3,Credit Card,Fashion,3,0,3,2.0,193.03,1
52310,4.0,3,Credit Card,Mobile Phone,3,1,1,40.0,189.35,1
52311,7.0,1,Credit Card,Laptop & Accessory,3,0,4,4.0,183.27,0
52312,21.0,1,UPI,Fashion,2,0,1,12.0,118.03,0
52313,7.0,3,Debit Card,Fashion,3,0,1,2.0,191.9,0
52314,12.0,1,Debit Card,Mobile Phone,4,0,5,2.0,229.34,0
52315,49.0,1,Credit Card,Laptop & Accessory,5,0,3,1.0,63.3,0
52316,1.0,2,Debit Card,Laptop & Accessory,3,0,3,11.0,139.44,0
52317,3.0,1,Debit Card,Others,3,0,1,6.0,178.52,0
52318,5.0,1,Credit Card,Mobile Phone,4,1,6,0.0,140.64,0
52319,5.0,3,Debit Card,Laptop & Accessory,1,1,1,2.0,187.9,1
52320,5.0,2,Debit Card,Grocery,3,0,4,1.0,208.64,0
52321,24.0,1,Debit Card,Laptop & Accessory,3,1,2,3.0,245.26,0
52322,13.0,1,Debit Card,Mobile Phone,4,0,9,10.0,134.58,0
52323,9.0,1,Credit Card,Laptop & Accessory,2,1,5,3.0,97.36,1
52324,4.0,2,Debit Card,Others,3,0,3,0.0,249.1,0
52325,17.0,1,COD,Laptop & Accessory,4,1,3,2.0,146.77,1
52326,31.0,1,Debit Card,Fashion,3,0,4,6.0,115.1,0
52327,17.0,3,Credit Card,Mobile Phone,4,0,4,3.0,261.47,0
52328,0.0,1,E wallet,Laptop & Accessory,4,0,3,7.0,240.05,1
52329,10.0,1,Debit Card,Mobile Phone,3,0,3,7.0,148.79,0
52330,1.0,1,E wallet,Mobile Phone,1,1,4,8.0,37.95,1
52331,3.0,1,E wallet,Others,1,0,3,8.0,220.71,0
52332,1.0,1,Debit Card,Fashion,5,0,4,6.0,79.07,0
52333,9.0,3,COD,Grocery,4,0,1,4.0,167.11,0
52334,12.0,3,Debit Card,Laptop & Accessory,4,0,2,0.0,214.81,0
52335,1.0,1,Debit Card,Laptop & Accessory,5,0,8,1.0,135.14,1
52336,5.0,1,E wallet,Mobile Phone,4,0,2,10.0,189.47,0
52337,6.0,1,Debit Card,Fashion,4,0,4,9.0,182.88,0
52338,5.0,1,Credit Card,Fashion,4,1,4,4.0,276.52,0
52339,1.0,1,UPI,Fashion,3,0,3,8.0,151.54,0
52340,5.0,3,COD,Grocery,5,0,5,2.0,184.38,0
52341,14.0,1,Credit Card,Laptop & Accessory,3,0,1,0.0,171.61,0
52342,1.0,1,COD,Fashion,2,1,1,2.0,132.61,0
52343,1.0,1,Credit Card,Mobile Phone,2,0,4,10.0,212.6,0
52344,4.0,1,Debit Card,Mobile Phone,5,0,4,0.0,120.04,1
52345,28.0,1,Credit Card,Mobile Phone,3,0,4,1.0,149.46,0
52346,11.0,1,Credit Card,Grocery,1,0,4,2.0,151.51,0
52347,11.0,1,Credit Card,Mobile Phone,3,0,4,2.0,153.96,0
52348,4.0,2,Credit Card,Laptop & Accessory,5,0,3,4.0,188.84,0
52349,9.0,1,Credit Card,Mobile Phone,3,0,6,4.0,139.22,0
52350,0.0,1,Credit Card,Grocery,5,0,2,0.0,165.39,0
52351,10.0,1,COD,Fashion,5,0,1,4.0,206.6,0
52352,24.0,3,Credit Card,Laptop & Accessory,5,0,2,1.0,185.37,0
52353,9.0,1,Debit Card,Fashion,4,0,1,6.0,108.59,0
52354,21.0,1,E wallet,Laptop & Accessory,4,1,1,14.0,234.61,0
52355,13.0,1,Debit Card,Laptop & Accessory,3,0,3,28.0,135.46,0
52356,1.0,2,E wallet,Mobile Phone,1,0,7,3.0,179.91,0
52357,23.0,1,Debit Card,Mobile Phone,3,1,1,5.0,225.46,0
52358,1.0,1,Debit Card,Laptop & Accessory,1,0,8,4.0,160.16,0
52359,8.0,1,Debit Card,Fashion,3,0,1,1.0,226.45,0
52360,2.0,1,Debit Card,Grocery,2,0,3,3.0,113.65,0
52361,0.0,1,Credit Card,Mobile Phone,2,0,4,14.0,133.63,0
52362,5.0,1,Debit Card,Laptop & Accessory,5,0,5,4.0,225.77,0
52363,3.0,3,UPI,Laptop & Accessory,4,0,2,8.0,184.95,0
52364,7.0,1,Credit Card,Laptop & Accessory,4,0,6,4.0,255.58,0
52365,9.0,1,Debit Card,Laptop & Accessory,3,0,2,3.0,121.39,0
52366,0.0,1,E wallet,Grocery,3,0,7,0.0,143.36,0
52367,1.0,1,Credit Card,Mobile Phone,3,1,1,14.0,133.46,0
52368,8.0,1,E wallet,Laptop & Accessory,3,0,5,1.0,129.74,0
52369,4.0,3,Credit Card,Laptop & Accessory,4,0,6,6.0,232.58,0
52370,13.0,3,Debit Card,Others,2,0,4,2.0,153.1,0
52371,11.0,1,Credit Card,Mobile Phone,3,0,3,2.0,205.41,0
52372,19.0,1,Debit Card,Mobile Phone,3,0,3,4.0,194.03,0
52373,12.0,1,Credit Card,Mobile Phone,3,0,4,3.0,194.34,0
52374,6.0,2,UPI,Laptop & Accessory,5,0,1,0.0,125.5,0
52375,11.0,2,Debit Card,Others,5,0,2,1.0,214.17,0
52376,3.0,3,Credit Card,Laptop & Accessory,3,0,3,13.0,160.27,0
52377,4.0,2,Debit Card,Fashion,3,1,5,3.0,226.56,0
52378,16.0,1,Debit Card,Laptop & Accessory,5,1,1,2.0,147.47,0
52379,6.0,1,Credit Card,Mobile Phone,5,0,4,4.0,187.83,0
52380,16.0,2,Credit Card,Grocery,2,0,1,1.0,207.59,0
52381,17.0,1,Credit Card,Fashion,3,0,2,0.0,94.11,0
52382,19.0,1,Debit Card,Laptop & Accessory,1,1,2,11.0,125.76,1
52383,25.0,1,E wallet,Mobile Phone,4,0,3,1.0,165.09,0
52384,6.0,1,Debit Card,Laptop & Accessory,3,0,2,5.0,163.68,0
52385,4.0,1,Debit Card,Others,3,1,2,6.0,155.87,1
52386,9.0,1,E wallet,Fashion,4,0,5,0.0,133.62,0
52387,5.0,2,UPI,Laptop & Accessory,5,0,4,7.0,242.29,0
52388,9.0,1,Credit Card,Laptop & Accessory,3,0,2,21.0,186.16,0
52389,12.0,1,UPI,Laptop & Accessory,2,0,1,9.0,133.19,0
52390,12.0,2,Debit Card,Fashion,5,0,1,3.0,130.09,0
52391,5.0,1,Debit Card,Mobile Phone,3,0,4,0.0,163.6,0
52392,2.0,1,E wallet,Laptop & Accessory,5,1,5,12.0,175.08,0
52393,6.0,1,UPI,Grocery,2,1,2,9.0,201.08,0
52394,2.0,1,Debit Card,Laptop & Accessory,5,1,4,14.0,140.91,0
52395,22.0,1,Debit Card,Laptop & Accessory,3,1,5,21.0,132.27,0
52396,4.0,3,Debit Card,Laptop & Accessory,2,0,4,1.0,155.82,0
52397,2.0,1,Debit Card,Laptop & Accessory,3,0,2,2.0,197.55,0
52398,0.0,1,E wallet,Mobile Phone,5,0,1,2.0,220.03,0
52399,10.0,1,Credit Card,Mobile Phone,3,0,5,0.0,195.44,0
52400,10.0,1,Credit Card,Laptop & Accessory,2,1,1,17.0,167.08,1
52401,4.0,2,Credit Card,Laptop & Accessory,4,0,7,7.0,157.02,0
52402,1.0,1,UPI,Laptop & Accessory,5,1,3,0.0,207.09,0
52403,5.0,1,Debit Card,Laptop & Accessory,2,0,2,6.0,121.39,0
52404,4.0,2,Credit Card,Laptop & Accessory,1,0,5,1.0,223.31,0
52405,11.0,1,UPI,Laptop & Accessory,1,1,4,8.0,154.58,0
52406,9.0,3,Debit Card,Laptop & Accessory,2,1,3,5.0,204.22,0
52407,5.0,1,E wallet,Fashion,1,0,1,4.0,113.32,0
52408,2.0,1,Credit Card,Laptop & Accessory,3,0,4,2.0,169.06,1
52409,44.0,3,Debit Card,Fashion,4,0,4,6.0,109.15,0
52410,6.0,3,Debit Card,Laptop & Accessory,4,0,1,2.0,157.86,0
52411,12.0,1,Credit Card,Fashion,4,1,2,0.0,191.47,0
52412,2.0,1,Credit Card,Fashion,3,0,1,12.0,171.19,0
52413,7.0,1,Credit Card,Mobile Phone,4,0,6,1.0,175.97,0
52414,0.0,1,Debit Card,Laptop & Accessory,4,1,5,8.0,135.42,1
52415,7.0,3,Credit Card,Laptop & Accessory,5,0,3,2.0,161.87,0
52416,33.0,1,Debit Card,Fashion,3,0,3,3.0,225.83,0
52417,5.0,1,Debit Card,Mobile Phone,2,1,5,1.0,108.21,1
52418,0.0,3,Debit Card,Laptop & Accessory,4,0,5,1.0,250.25,0
52419,0.0,1,Credit Card,Others,2,0,4,0.0,206.26,0
52420,5.0,1,Debit Card,Fashion,5,0,1,0.0,186.41,0
52421,2.0,3,Debit Card,Fashion,4,0,2,4.0,222.2,0
52422,0.0,3,Debit Card,Laptop & Accessory,4,0,6,11.0,206.37,0
52423,14.0,3,Debit Card,Laptop & Accessory,4,0,5,1.0,136.62,0
52424,6.0,1,Debit Card,Mobile Phone,1,0,5,0.0,128.53,0
52425,3.0,2,Credit Card,Mobile Phone,3,0,1,4.0,155.33,0
52426,23.0,1,E wallet,Laptop & Accessory,4,0,6,3.0,175.15,0
52427,1.0,1,Credit Card,Mobile Phone,2,0,4,7.0,258.13,0
52428,31.0,3,Credit Card,Fashion,4,0,7,1.0,163.47,0
52429,4.0,1,Debit Card,Laptop & Accessory,5,1,3,10.0,250.6,0
52430,22.0,2,COD,Fashion,3,0,1,0.0,114.55,0
52431,9.0,1,Debit Card,Mobile Phone,2,0,1,4.0,186.5,0
52432,18.0,1,Credit Card,Mobile Phone,5,0,3,5.0,98.2,0
52433,41.0,2,UPI,Laptop & Accessory,1,0,3,1.0,52.78,0
52434,3.0,1,Credit Card,Fashion,3,0,3,0.0,272.39,0
52435,32.0,1,Debit Card,Laptop & Accessory,3,1,3,0.0,217.13,0
52436,5.0,1,Debit Card,Fashion,4,0,2,11.0,193.96,0
52437,5.0,3,Debit Card,Mobile Phone,5,0,1,0.0,264.79,0
52438,4.0,1,Credit Card,Mobile Phone,3,1,2,2.0,233.03,1
52439,8.0,1,Credit Card,Grocery,5,0,4,19.0,252.02,0
52440,2.0,1,E wallet,Laptop & Accessory,3,0,1,2.0,207.67,0
52441,8.0,3,Debit Card,Mobile Phone,4,0,4,1.0,241.46,0
52442,8.0,2,E wallet,Mobile Phone,2,0,4,0.0,132.7,0
52443,14.0,2,E wallet,Others,3,1,4,14.0,131.13,0
52444,18.0,1,Debit Card,Fashion,5,0,1,11.0,200.16,0
52445,6.0,1,Debit Card,Fashion,3,0,3,0.0,243.23,0
52446,4.0,1,Credit Card,Laptop & Accessory,2,0,3,4.0,174.43,0
52447,3.0,1,Credit Card,Laptop & Accessory,3,1,2,5.0,261.25,1
52448,2.0,1,Debit Card,Laptop & Accessory,3,0,2,6.0,14.12,0
52449,1.0,3,Debit Card,Fashion,2,0,1,1.0,221.26,0
52450,4.0,2,E wallet,Laptop & Accessory,5,0,1,1.0,244.84,0
52451,3.0,1,Debit Card,Laptop & Accessory,4,0,4,14.0,180.49,0
52452,34.0,1,Debit Card,Fashion,3,0,5,5.0,200.69,0
52453,8.0,2,E wallet,Fashion,5,0,1,2.0,137.49,0
52454,4.0,1,Credit Card,Laptop & Accessory,2,0,4,10.0,128.7,0
52455,9.0,1,Credit Card,Grocery,5,0,3,4.0,242.56,0
52456,1.0,1,Credit Card,Laptop & Accessory,2,1,3,1.0,152.56,0
52457,6.0,1,Credit Card,Laptop & Accessory,2,0,3,7.0,299.71,0
52458,10.0,2,Credit Card,Grocery,3,0,3,9.0,136.71,0
52459,7.0,1,COD,Mobile Phone,4,1,1,0.0,92.43,0
52460,5.0,1,Debit Card,Others,4,0,5,1.0,129.64,0
52461,51.0,1,Debit Card,Mobile Phone,1,0,5,1.0,153.16,0
52462,21.0,2,Debit Card,Grocery,3,0,2,1.0,122.54,0
52463,10.0,1,Credit Card,Laptop & Accessory,4,1,1,6.0,180.01,0
52464,8.0,1,Credit Card,Mobile Phone,5,0,3,0.0,146.89,0
52465,10.0,3,Debit Card,Others,4,0,5,1.0,243.25,0
52466,2.0,3,Debit Card,Laptop & Accessory,3,0,2,28.0,158.87,1
52467,5.0,3,Debit Card,Laptop & Accessory,3,0,4,4.0,152.59,0
52468,0.0,3,Debit Card,Laptop & Accessory,4,0,3,2.0,207.98,0
52469,6.0,1,COD,Grocery,2,0,3,2.0,174.75,0
52470,8.0,1,Credit Card,Mobile Phone,3,0,3,3.0,103.95,0
52471,3.0,1,Debit Card,Mobile Phone,3,0,1,2.0,145.99,0
52472,33.0,1,Debit Card,Fashion,3,0,2,13.0,117.21,0
52473,24.0,3,Debit Card,Fashion,4,0,1,14.0,213.01,0
52474,13.0,2,E wallet,Mobile Phone,4,1,4,17.0,279.12,0
52475,8.0,2,Credit Card,Grocery,5,0,3,12.0,168.5,0
52476,20.0,1,COD,Mobile Phone,3,0,3,14.0,207.23,0
52477,1.0,3,E wallet,Fashion,3,0,1,3.0,170.14,0
52478,16.0,3,Credit Card,Laptop & Accessory,2,0,2,2.0,176.22,1
52479,1.0,1,E wallet,Laptop & Accessory,3,0,5,2.0,226.08,1
52480,16.0,3,E wallet,Grocery,1,1,5,7.0,130.76,1
52481,3.0,1,Debit Card,Laptop & Accessory,2,0,1,1.0,136.35,0
52482,21.0,1,Credit Card,Laptop & Accessory,2,0,3,0.0,204.27,0
52483,29.0,2,Credit Card,Fashion,4,0,3,6.0,175.45,0
52484,2.0,2,Credit Card,Mobile Phone,4,0,3,4.0,192.42,0
52485,6.0,1,Debit Card,Laptop & Accessory,4,0,7,7.0,220.25,0
52486,40.0,1,Debit Card,Fashion,3,0,2,5.0,131.27,0
52487,7.0,3,Debit Card,Mobile Phone,3,1,3,1.0,128.3,0
52488,20.0,2,Debit Card,Grocery,2,0,2,5.0,285.96,0
52489,9.0,2,UPI,Mobile Phone,4,0,4,18.0,200.09,0
52490,5.0,1,Credit Card,Mobile Phone,1,0,2,4.0,235.94,0
52491,3.0,1,Credit Card,Laptop & Accessory,3,1,5,1.0,278.41,0
52492,2.0,1,Credit Card,Laptop & Accessory,2,1,5,1.0,211.0,1
52493,14.0,1,Credit Card,Laptop & Accessory,4,1,3,1.0,42.99,0
52494,5.0,1,COD,Laptop & Accessory,4,0,1,6.0,237.39,0
52495,7.0,1,Debit Card,Grocery,4,1,3,8.0,121.12,1
52496,7.0,1,E wallet,Grocery,2,0,2,1.0,211.62,0
52497,9.0,1,Debit Card,Mobile Phone,4,0,5,20.0,132.35,0
52498,20.0,3,UPI,Laptop & Accessory,4,1,3,5.0,144.1,0
52499,39.0,1,UPI,Laptop & Accessory,1,1,3,2.0,218.21,0
52500,5.0,1,UPI,Laptop & Accessory,3,0,4,2.0,185.97,0
52501,18.0,1,Debit Card,Grocery,1,0,5,7.0,171.22,0
52502,14.0,1,Debit Card,Mobile Phone,4,1,5,4.0,101.78,0
52503,9.0,1,Debit Card,Fashion,2,0,2,2.0,169.34,0
52504,31.0,3,Credit Card,Mobile Phone,3,1,2,1.0,302.66,0
52505,2.0,2,Credit Card,Mobile Phone,1,1,2,5.0,228.76,0
52506,1.0,1,Debit Card,Mobile Phone,3,0,3,3.0,127.1,0
52507,19.0,1,E wallet,Laptop & Accessory,1,0,3,6.0,188.9,0
52508,6.0,1,Debit Card,Mobile Phone,5,0,2,20.0,168.24,0
52509,19.0,2,UPI,Grocery,1,0,5,3.0,167.54,0
52510,22.0,1,Debit Card,Mobile Phone,1,0,1,18.0,107.46,0
52511,1.0,1,Debit Card,Mobile Phone,4,0,3,0.0,189.8,0
52512,21.0,3,Credit Card,Mobile Phone,5,0,3,4.0,169.35,0
52513,6.0,2,Credit Card,Mobile Phone,5,0,2,9.0,153.15,0
52514,7.0,3,Debit Card,Mobile Phone,1,0,2,1.0,236.17,0
52515,10.0,3,E wallet,Laptop & Accessory,3,0,3,4.0,109.32,0
52516,26.0,3,Credit Card,Others,3,0,3,9.0,198.7,0
52517,0.0,1,UPI,Laptop & Accessory,1,0,3,3.0,192.24,0
52518,6.0,1,UPI,Mobile Phone,3,0,3,4.0,71.35,0
52519,12.0,2,Credit Card,Laptop & Accessory,3,1,1,0.0,238.36,0
52520,13.0,2,UPI,Laptop & Accessory,4,1,1,10.0,193.68,0
52521,12.0,3,E wallet,Fashion,5,0,2,0.0,147.79,0
52522,1.0,1,COD,Others,3,0,7,4.0,175.12,0
52523,4.0,1,UPI,Fashion,4,0,3,3.0,235.11,0
52524,4.0,1,E wallet,Laptop & Accessory,3,0,4,0.0,201.75,0
52525,16.0,1,Credit Card,Mobile Phone,3,1,4,1.0,208.0,0
52526,3.0,1,Debit Card,Laptop & Accessory,4,1,4,6.0,191.29,0
52527,2.0,2,UPI,Mobile Phone,5,0,2,11.0,175.35,0
52528,32.0,1,E wallet,Laptop & Accessory,5,1,3,1.0,159.42,0
52529,0.0,2,Debit Card,Fashion,4,1,8,16.0,176.92,0
52530,61.0,2,Debit Card,Laptop & Accessory,3,0,2,1.0,122.24,0
52531,11.0,1,Credit Card,Laptop & Accessory,3,1,1,5.0,166.85,1
52532,18.0,1,Credit Card,Grocery,4,1,4,5.0,218.1,0
52533,3.0,1,Debit Card,Others,2,0,1,6.0,164.49,1
52534,0.0,2,Debit Card,Laptop & Accessory,4,1,1,7.0,159.49,1
52535,13.0,3,E wallet,Laptop & Accessory,3,0,2,4.0,284.61,0
52536,18.0,3,Debit Card,Fashion,4,0,1,0.0,181.43,0
52537,13.0,3,Credit Card,Mobile Phone,2,1,3,4.0,242.25,0
52538,2.0,1,E wallet,Others,4,1,2,9.0,240.74,1
52539,14.0,3,E wallet,Mobile Phone,4,0,2,4.0,167.89,0
52540,15.0,3,Debit Card,Laptop & Accessory,2,0,1,1.0,179.11,0
52541,11.0,3,Debit Card,Laptop & Accessory,3,0,6,1.0,201.84,1
52542,15.0,1,Credit Card,Mobile Phone,4,0,3,3.0,210.1,0
52543,19.0,3,E wallet,Fashion,5,0,6,1.0,164.0,0
52544,10.0,1,Debit Card,Fashion,2,0,1,1.0,99.7,1
52545,1.0,2,Debit Card,Grocery,1,0,2,4.0,184.46,1
52546,7.0,1,UPI,Laptop & Accessory,2,0,1,15.0,206.79,1
52547,1.0,1,UPI,Fashion,5,0,2,1.0,219.43,0
52548,5.0,1,Credit Card,Fashion,4,1,3,3.0,222.26,1
52549,5.0,1,Debit Card,Grocery,4,0,4,2.0,221.77,0
52550,1.0,1,Debit Card,Mobile Phone,2,0,4,7.0,312.05,0
52551,4.0,3,Debit Card,Mobile Phone,3,0,5,4.0,176.95,0
52552,1.0,1,Debit Card,Mobile Phone,4,0,1,5.0,214.89,0
52553,17.0,1,Credit Card,Mobile Phone,5,0,4,4.0,192.78,0
52554,30.0,1,Credit Card,Laptop & Accessory,3,0,5,8.0,130.23,0
52555,1.0,1,Debit Card,Fashion,5,0,1,1.0,156.69,0
52556,31.0,1,UPI,Fashion,2,0,4,10.0,170.49,0
52557,7.0,1,Credit Card,Laptop & Accessory,3,1,3,1.0,189.36,0
52558,4.0,1,Credit Card,Mobile Phone,5,1,1,5.0,172.91,0
52559,1.0,2,COD,Mobile Phone,4,0,1,3.0,157.71,0
52560,7.0,1,Credit Card,Fashion,5,1,2,2.0,263.13,0
52561,16.0,1,UPI,Fashion,5,0,2,4.0,167.24,0
52562,12.0,1,Debit Card,Mobile Phone,3,0,3,2.0,221.75,0
52563,1.0,3,Debit Card,Fashion,2,0,7,3.0,189.28,0
52564,1.0,1,Credit Card,Laptop & Accessory,4,0,2,0.0,183.07,1
52565,5.0,1,Credit Card,Laptop & Accessory,4,0,1,30.0,181.49,0
52566,3.0,1,Debit Card,Laptop & Accessory,4,0,3,0.0,85.66,0
52567,3.0,1,Credit Card,Laptop & Accessory,3,0,3,9.0,106.37,1
52568,3.0,1,Debit Card,Fashion,5,1,6,2.0,259.36,0
52569,16.0,1,Credit Card,Others,5,1,1,7.0,90.49,1
52570,26.0,1,Credit Card,Laptop & Accessory,4,1,2,2.0,158.2,0
52571,5.0,1,Credit Card,Grocery,4,0,3,15.0,146.5,0
52572,24.0,1,Credit Card,Mobile Phone,4,0,1,1.0,206.42,0
52573,4.0,2,COD,Laptop & Accessory,3,0,3,2.0,78.82,0
52574,6.0,3,Debit Card,Laptop & Accessory,5,0,5,19.0,260.26,0
52575,3.0,1,COD,Fashion,4,0,3,1.0,241.14,0
52576,10.0,1,Debit Card,Fashion,5,0,3,4.0,285.21,0
52577,39.0,3,Credit Card,Laptop & Accessory,3,1,4,0.0,234.03,0
52578,9.0,3,Credit Card,Laptop & Accessory,4,1,5,11.0,88.43,1
52579,4.0,1,E wallet,Grocery,4,0,4,1.0,122.36,0
52580,10.0,2,E wallet,Laptop & Accessory,4,0,7,3.0,114.1,1
52581,1.0,1,E wallet,Grocery,3,0,5,3.0,42.87,1
52582,22.0,1,Debit Card,Laptop & Accessory,3,0,4,1.0,193.56,0
52583,7.0,1,E wallet,Mobile Phone,2,0,3,6.0,205.68,0
52584,6.0,1,Debit Card,Mobile Phone,3,0,3,4.0,223.31,0
52585,9.0,1,Debit Card,Mobile Phone,2,0,5,1.0,60.71,0
52586,10.0,1,Debit Card,Laptop & Accessory,3,1,2,12.0,151.32,0
52587,1.0,2,Credit Card,Laptop & Accessory,5,0,2,3.0,155.83,0
52588,11.0,1,E wallet,Fashion,5,0,6,3.0,153.52,0
52589,3.0,1,Debit Card,Laptop & Accessory,4,0,3,3.0,121.83,0
52590,13.0,1,Debit Card,Mobile Phone,2,0,4,0.0,198.04,0
52591,17.0,1,Credit Card,Grocery,3,0,1,0.0,149.43,0
52592,16.0,1,COD,Grocery,4,1,4,8.0,145.92,0
52593,8.0,3,Credit Card,Laptop & Accessory,3,1,2,8.0,136.7,0
52594,7.0,1,Credit Card,Fashion,2,0,4,7.0,271.96,0
52595,2.0,1,Credit Card,Mobile Phone,2,0,7,8.0,136.5,0
52596,15.0,3,E wallet,Laptop & Accessory,3,0,4,1.0,157.83,0
52597,3.0,1,COD,Mobile Phone,2,0,6,14.0,110.3,0
52598,7.0,3,Credit Card,Laptop & Accessory,2,0,4,0.0,249.63,0
52599,3.0,1,Credit Card,Mobile Phone,5,0,1,4.0,192.16,0
52600,1.0,1,UPI,Fashion,4,0,8,4.0,266.45,1
52601,10.0,1,COD,Grocery,1,1,4,3.0,250.48,0
52602,1.0,1,Debit Card,Fashion,3,0,4,6.0,254.79,0
52603,14.0,1,Credit Card,Mobile Phone,3,0,2,2.0,196.95,0
52604,4.0,3,E wallet,Others,1,1,4,2.0,96.67,0
52605,0.0,2,Credit Card,Mobile Phone,4,0,3,0.0,125.94,0
52606,7.0,2,Credit Card,Mobile Phone,3,1,3,26.0,130.48,1
52607,0.0,2,Credit Card,Grocery,3,0,2,5.0,172.65,0
52608,3.0,1,Debit Card,Laptop & Accessory,3,1,1,4.0,150.25,1
52609,12.0,1,Debit Card,Laptop & Accessory,3,0,2,0.0,199.47,0
52610,1.0,1,COD,Fashion,5,0,4,2.0,231.23,0
52611,18.0,2,Credit Card,Grocery,4,0,2,4.0,180.22,0
52612,0.0,1,UPI,Laptop & Accessory,5,1,3,7.0,174.65,0
52613,3.0,1,E wallet,Fashion,4,0,1,4.0,168.95,0
52614,14.0,3,Credit Card,Mobile Phone,4,0,3,17.0,233.95,0
52615,4.0,1,E wallet,Fashion,3,1,3,2.0,196.59,0
52616,1.0,1,Debit Card,Laptop & Accessory,4,1,2,9.0,208.06,0
52617,4.0,1,Credit Card,Others,5,1,2,6.0,148.31,1
52618,3.0,1,Credit Card,Grocery,1,0,3,0.0,211.0,0
52619,18.0,2,Credit Card,Mobile Phone,3,0,3,2.0,220.36,0
52620,4.0,3,Debit Card,Grocery,2,0,3,31.0,140.07,0
52621,16.0,1,Debit Card,Grocery,5,0,4,1.0,195.75,0
52622,22.0,1,Debit Card,Mobile Phone,4,0,1,1.0,200.31,0
52623,6.0,2,Credit Card,Others,5,0,3,4.0,190.93,0
52624,24.0,1,COD,Others,1,1,1,7.0,197.86,0
52625,5.0,1,COD,Laptop & Accessory,5,1,1,0.0,149.56,0
52626,33.0,3,Debit Card,Laptop & Accessory,1,0,1,2.0,148.09,0
52627,1.0,2,Debit Card,Laptop & Accessory,3,0,1,3.0,224.49,1
52628,12.0,1,Debit Card,Mobile Phone,2,0,1,6.0,148.25,0
52629,7.0,1,Debit Card,Laptop & Accessory,2,0,5,2.0,143.94,0
52630,5.0,2,E wallet,Laptop & Accessory,2,0,2,4.0,141.45,0
52631,10.0,2,UPI,Others,3,0,2,3.0,223.19,0
52632,12.0,3,Debit Card,Fashion,4,1,5,4.0,222.06,0
52633,0.0,1,Debit Card,Grocery,5,1,3,6.0,232.27,0
52634,2.0,3,Debit Card,Others,4,1,2,6.0,161.03,0
52635,12.0,1,Debit Card,Laptop & Accessory,2,0,5,1.0,115.49,0
52636,11.0,2,E wallet,Fashion,1,0,3,2.0,147.12,0
52637,34.0,1,Credit Card,Laptop & Accessory,3,0,2,2.0,137.91,0
52638,14.0,1,E wallet,Mobile Phone,4,0,6,2.0,135.85,0
52639,30.0,3,Credit Card,Laptop & Accessory,4,0,1,2.0,156.81,0
52640,12.0,1,Debit Card,Laptop & Accessory,4,0,3,0.0,150.65,0
52641,4.0,1,Debit Card,Laptop & Accessory,1,0,2,9.0,151.43,1
52642,1.0,3,Debit Card,Mobile Phone,3,0,3,3.0,196.0,0
52643,15.0,1,E wallet,Others,4,0,4,12.0,121.03,0
52644,10.0,3,E wallet,Laptop & Accessory,4,0,6,5.0,168.62,0
52645,0.0,1,E wallet,Mobile Phone,1,0,3,13.0,122.32,1
52646,4.0,1,Debit Card,Fashion,2,1,1,13.0,163.43,0
52647,31.0,3,E wallet,Mobile Phone,5,0,4,0.0,144.22,0
52648,7.0,1,Debit Card,Grocery,3,0,1,3.0,162.04,0
52649,6.0,3,Debit Card,Laptop & Accessory,4,0,2,1.0,187.46,0
52650,6.0,1,Credit Card,Laptop & Accessory,3,0,6,2.0,193.38,0
52651,2.0,3,Credit Card,Mobile Phone,4,0,5,1.0,97.3,0
52652,5.0,1,E wallet,Mobile Phone,3,0,1,0.0,188.97,0
52653,5.0,1,Credit Card,Laptop & Accessory,3,0,5,2.0,99.18,0
52654,1.0,3,Debit Card,Laptop & Accessory,3,0,3,7.0,270.37,0
52655,15.0,1,Debit Card,Fashion,3,0,4,13.0,47.4,0
52656,5.0,2,Debit Card,Laptop & Accessory,3,0,2,4.0,171.33,0
52657,17.0,3,Debit Card,Mobile Phone,3,0,5,1.0,111.92,0
52658,19.0,2,Debit Card,Others,4,0,3,3.0,167.39,0
52659,2.0,3,E wallet,Mobile Phone,3,0,4,6.0,119.78,0
52660,11.0,1,Debit Card,Mobile Phone,2,1,4,3.0,219.69,0
52661,6.0,1,E wallet,Laptop & Accessory,4,0,1,1.0,171.32,0
52662,21.0,1,Credit Card,Mobile Phone,4,0,7,7.0,77.76,0
52663,2.0,1,Debit Card,Fashion,5,0,1,8.0,175.43,0
52664,11.0,1,Credit Card,Fashion,4,0,2,7.0,192.01,0
52665,9.0,1,E wallet,Fashion,3,0,6,4.0,200.94,0
52666,3.0,1,Credit Card,Fashion,5,1,4,5.0,128.07,0
52667,1.0,1,Debit Card,Laptop & Accessory,3,0,2,6.0,190.45,0
52668,11.0,1,UPI,Laptop & Accessory,4,0,1,13.0,166.8,0
52669,13.0,3,Debit Card,Fashion,2,0,3,1.0,166.6,0
52670,4.0,1,UPI,Laptop & Accessory,4,0,3,4.0,182.38,0
52671,10.0,1,Debit Card,Grocery,5,0,4,3.0,130.2,0
52672,5.0,3,E wallet,Mobile Phone,3,0,5,1.0,124.7,0
52673,12.0,1,Credit Card,Mobile Phone,3,0,3,24.0,186.56,0
52674,2.0,3,Credit Card,Fashion,5,0,2,8.0,187.82,1
52675,22.0,1,Debit Card,Fashion,1,0,1,2.0,142.32,0
52676,3.0,1,Debit Card,Fashion,3,0,1,8.0,182.01,0
52677,5.0,2,E wallet,Fashion,5,0,3,1.0,257.65,1
52678,1.0,2,UPI,Mobile Phone,4,0,3,2.0,318.68,0
52679,1.0,1,Credit Card,Grocery,3,0,3,11.0,162.77,0
52680,7.0,3,Debit Card,Grocery,4,0,2,12.0,176.42,0
52681,3.0,1,Debit Card,Laptop & Accessory,3,1,4,8.0,160.29,0
52682,18.0,1,Credit Card,Fashion,1,0,3,26.0,156.77,0
52683,0.0,1,Debit Card,Grocery,3,0,5,1.0,277.32,0
52684,5.0,1,Debit Card,Mobile Phone,3,0,1,4.0,114.1,0
52685,4.0,1,Credit Card,Mobile Phone,3,0,2,3.0,136.66,0
52686,0.0,3,Credit Card,Fashion,3,0,3,5.0,130.94,0
52687,1.0,1,Debit Card,Laptop & Accessory,3,1,5,5.0,216.07,0
52688,5.0,1,Debit Card,Laptop & Accessory,2,0,3,5.0,207.28,0
52689,7.0,1,Credit Card,Fashion,2,0,5,2.0,184.54,0
52690,5.0,3,Debit Card,Mobile Phone,3,1,1,0.0,180.43,0
52691,8.0,3,UPI,Laptop & Accessory,3,1,3,2.0,172.37,0
52692,9.0,2,Debit Card,Mobile Phone,3,0,2,6.0,168.03,0
52693,0.0,3,Debit Card,Laptop & Accessory,4,0,2,2.0,70.94,1
52694,6.0,2,E wallet,Grocery,3,1,4,4.0,186.83,0
52695,33.0,3,Credit Card,Mobile Phone,2,0,2,21.0,195.1,0
52696,7.0,2,Debit Card,Mobile Phone,5,0,4,6.0,153.49,0
52697,11.0,1,Credit Card,Laptop & Accessory,2,0,1,13.0,214.77,0
52698,4.0,1,Debit Card,Fashion,5,0,6,2.0,111.13,0
52699,15.0,1,Credit Card,Others,5,1,2,4.0,142.13,0
52700,15.0,1,Debit Card,Fashion,4,0,4,1.0,196.13,0
52701,7.0,1,E wallet,Mobile Phone,3,0,2,3.0,150.79,1
52702,37.0,1,Credit Card,Grocery,4,0,2,1.0,239.55,0
52703,1.0,3,Credit Card,Laptop & Accessory,5,1,3,4.0,223.36,0
52704,0.0,1,E wallet,Laptop & Accessory,4,0,3,4.0,219.55,0
52705,15.0,2,Credit Card,Mobile Phone,2,0,3,1.0,206.68,0
52706,16.0,2,Credit Card,Laptop & Accessory,1,1,5,10.0,203.9,0
52707,1.0,3,Debit Card,Laptop & Accessory,2,0,7,1.0,73.96,0
52708,3.0,3,Debit Card,Mobile Phone,2,0,4,3.0,153.07,0
52709,0.0,2,E wallet,Mobile Phone,2,0,1,1.0,140.03,1
52710,3.0,1,E wallet,Grocery,3,1,5,1.0,68.94,0
52711,15.0,1,Debit Card,Laptop & Accessory,3,0,3,3.0,128.77,0
52712,7.0,1,UPI,Others,4,0,2,5.0,146.97,1
52713,4.0,2,Credit Card,Laptop & Accessory,2,0,4,0.0,200.49,1
52714,5.0,3,Credit Card,Mobile Phone,1,0,9,1.0,192.71,1
52715,0.0,2,Debit Card,Laptop & Accessory,4,0,4,2.0,158.56,1
52716,4.0,1,Debit Card,Mobile Phone,3,0,2,0.0,211.52,0
52717,10.0,1,Credit Card,Others,4,1,6,6.0,171.92,1
52718,37.0,1,Debit Card,Fashion,3,0,3,12.0,124.11,0
52719,19.0,1,Credit Card,Laptop & Accessory,4,0,5,6.0,166.25,0
52720,0.0,1,COD,Mobile Phone,4,0,4,5.0,103.59,0
52721,23.0,1,E wallet,Mobile Phone,4,1,2,15.0,237.88,0
52722,15.0,3,Credit Card,Laptop & Accessory,1,1,3,2.0,191.71,0
52723,15.0,1,Credit Card,Grocery,5,0,1,0.0,213.17,0
52724,6.0,1,Debit Card,Mobile Phone,3,0,4,0.0,159.47,0
52725,5.0,3,COD,Mobile Phone,2,0,2,12.0,198.12,0
52726,4.0,1,UPI,Laptop & Accessory,4,0,4,18.0,159.37,0
52727,1.0,1,Credit Card,Laptop & Accessory,3,0,1,0.0,188.08,0
52728,3.0,1,Debit Card,Grocery,1,1,3,13.0,186.1,0
52729,3.0,1,Debit Card,Laptop & Accessory,4,1,2,1.0,108.6,1
52730,7.0,1,Debit Card,Mobile Phone,3,0,4,2.0,176.69,0
52731,14.0,1,Credit Card,Fashion,4,0,2,7.0,146.46,0
52732,6.0,1,Debit Card,Laptop & Accessory,4,1,3,3.0,194.26,0
52733,1.0,1,Credit Card,Mobile Phone,1,0,5,7.0,232.95,0
52734,32.0,1,Credit Card,Mobile Phone,4,0,3,6.0,248.61,0
52735,29.0,3,Debit Card,Others,3,0,2,13.0,289.78,0
52736,15.0,1,E wallet,Fashion,3,0,5,3.0,148.79,0
52737,47.0,3,Debit Card,Others,1,0,1,4.0,213.71,0
52738,8.0,1,E wallet,Fashion,4,0,3,7.0,267.87,0
52739,33.0,1,Debit Card,Laptop & Accessory,4,0,3,18.0,243.29,0
52740,1.0,2,Debit Card,Laptop & Accessory,5,1,2,2.0,147.05,1
52741,5.0,1,Debit Card,Fashion,3,1,1,14.0,177.0,1
52742,3.0,1,COD,Mobile Phone,2,0,1,6.0,176.38,0
52743,2.0,2,Credit Card,Laptop & Accessory,3,1,3,12.0,190.79,1
52744,2.0,1,Credit Card,Others,1,1,4,2.0,259.8,0
52745,10.0,2,Debit Card,Laptop & Accessory,3,0,2,6.0,228.49,0
52746,15.0,3,Credit Card,Mobile Phone,5,0,2,3.0,143.11,0
52747,9.0,1,Debit Card,Fashion,2,1,1,3.0,212.14,0
52748,2.0,1,COD,Fashion,3,1,1,1.0,206.0,1
52749,17.0,1,COD,Laptop & Accessory,4,1,2,2.0,251.98,0
52750,10.0,3,E wallet,Mobile Phone,2,0,6,8.0,207.15,1
52751,5.0,3,COD,Laptop & Accessory,3,0,1,5.0,159.88,0
52752,11.0,3,Debit Card,Mobile Phone,5,1,2,1.0,235.99,0
52753,3.0,1,Debit Card,Mobile Phone,3,0,5,8.0,290.59,0
52754,4.0,2,Debit Card,Grocery,4,1,1,15.0,163.01,1
52755,25.0,1,Debit Card,Laptop & Accessory,2,0,2,3.0,128.08,0
52756,3.0,1,COD,Fashion,4,0,6,16.0,175.28,0
52757,6.0,3,Debit Card,Fashion,3,0,1,1.0,215.28,0
52758,22.0,1,UPI,Fashion,2,1,4,0.0,143.83,0
52759,12.0,3,E wallet,Mobile Phone,2,0,5,0.0,204.68,0
52760,1.0,1,Debit Card,Laptop & Accessory,1,1,5,5.0,160.58,1
52761,2.0,3,Debit Card,Fashion,5,0,3,6.0,82.72,0
52762,0.0,1,Debit Card,Others,3,1,3,5.0,152.46,0
52763,10.0,1,Debit Card,Mobile Phone,4,1,2,9.0,174.4,0
52764,6.0,1,Credit Card,Grocery,5,1,3,6.0,267.16,0
52765,1.0,1,Credit Card,Mobile Phone,2,0,3,7.0,133.53,0
52766,32.0,1,Credit Card,Grocery,5,0,2,4.0,154.58,0
52767,8.0,2,E wallet,Laptop & Accessory,4,0,6,1.0,175.22,0
52768,3.0,1,Debit Card,Fashion,4,0,2,1.0,200.84,0
52769,7.0,1,Debit Card,Grocery,5,0,3,16.0,174.54,0
52770,11.0,1,E wallet,Grocery,2,0,2,1.0,232.87,0
52771,1.0,1,Debit Card,Fashion,3,0,3,1.0,107.06,0
52772,3.0,3,Debit Card,Laptop & Accessory,2,0,1,12.0,297.82,0
52773,16.0,3,E wallet,Mobile Phone,5,0,5,12.0,181.41,0
52774,6.0,1,UPI,Laptop & Accessory,1,1,6,3.0,152.04,0
52775,8.0,1,UPI,Laptop & Accessory,5,1,1,28.0,129.17,1
52776,6.0,2,Debit Card,Laptop & Accessory,2,0,2,1.0,117.98,0
52777,0.0,1,Credit Card,Laptop & Accessory,4,0,3,3.0,156.14,0
52778,2.0,1,Debit Card,Fashion,4,0,1,1.0,165.89,0
52779,6.0,1,COD,Fashion,5,1,1,3.0,200.84,0
52780,2.0,1,Debit Card,Laptop & Accessory,3,0,2,27.0,157.17,1
52781,1.0,1,Debit Card,Fashion,3,0,2,2.0,160.42,0
52782,19.0,1,UPI,Laptop & Accessory,5,0,1,3.0,216.75,0
52783,40.0,1,COD,Laptop & Accessory,5,0,3,21.0,116.01,0
52784,16.0,1,Credit Card,Fashion,1,0,4,1.0,204.66,0
52785,19.0,1,Debit Card,Laptop & Accessory,4,0,2,6.0,252.43,0
52786,3.0,1,Credit Card,Mobile Phone,2,0,2,4.0,169.54,1
52787,32.0,1,E wallet,Laptop & Accessory,4,0,2,9.0,144.24,0
52788,2.0,1,Credit Card,Mobile Phone,4,1,1,3.0,180.39,0
52789,30.0,3,Debit Card,Laptop & Accessory,4,0,3,4.0,159.89,0
52790,53.0,1,Debit Card,Laptop & Accessory,3,0,4,3.0,130.99,0
52791,12.0,2,UPI,Mobile Phone,2,1,2,6.0,217.52,0
52792,40.0,1,Credit Card,Fashion,4,0,1,5.0,91.12,0
52793,8.0,2,E wallet,Laptop & Accessory,4,0,4,9.0,145.18,0
52794,3.0,1,Debit Card,Laptop & Accessory,5,0,2,3.0,76.74,0
52795,6.0,1,Credit Card,Laptop & Accessory,3,1,1,1.0,87.36,0
52796,9.0,3,COD,Mobile Phone,2,0,4,3.0,108.08,0
52797,1.0,1,Debit Card,Laptop & Accessory,2,0,4,11.0,237.04,0
52798,10.0,3,Credit Card,Laptop & Accessory,4,0,3,6.0,175.96,0
52799,40.0,1,Debit Card,Others,3,0,2,8.0,241.35,0
52800,2.0,3,Debit Card,Laptop & Accessory,4,1,4,5.0,185.66,0
52801,16.0,2,E wallet,Mobile Phone,2,1,5,8.0,187.02,0
52802,24.0,3,E wallet,Others,1,1,4,4.0,110.3,0
52803,29.0,1,Credit Card,Laptop & Accessory,5,0,6,1.0,135.23,0
52804,32.0,1,Debit Card,Fashion,5,0,2,4.0,248.43,0
52805,7.0,2,Debit Card,Laptop & Accessory,3,1,2,27.0,200.37,1
52806,38.0,3,UPI,Grocery,3,1,1,0.0,234.62,0
52807,14.0,3,Debit Card,Grocery,5,0,4,12.0,189.77,0
52808,2.0,1,E wallet,Mobile Phone,2,0,6,2.0,165.12,0
52809,6.0,2,Debit Card,Laptop & Accessory,5,0,1,0.0,220.64,1
52810,13.0,1,UPI,Mobile Phone,1,1,2,4.0,226.68,0
52811,3.0,1,UPI,Others,5,1,3,16.0,125.37,1
52812,10.0,1,Debit Card,Laptop & Accessory,4,0,5,4.0,216.92,1
52813,11.0,1,E wallet,Others,3,0,2,3.0,178.44,0
52814,2.0,3,Debit Card,Fashion,4,0,4,0.0,185.24,0
52815,8.0,1,Debit Card,Laptop & Accessory,1,0,1,22.0,242.01,0
52816,15.0,1,Credit Card,Fashion,2,0,7,1.0,193.15,1
52817,7.0,1,Credit Card,Laptop & Accessory,3,0,1,19.0,141.2,1
52818,0.0,1,Debit Card,Mobile Phone,4,0,4,2.0,186.04,0
52819,0.0,1,Credit Card,Laptop & Accessory,2,0,3,3.0,226.13,0
52820,4.0,1,Debit Card,Mobile Phone,3,0,1,0.0,180.83,1
52821,26.0,1,Debit Card,Mobile Phone,3,1,6,3.0,188.27,0
52822,3.0,3,Credit Card,Mobile Phone,4,0,3,0.0,211.64,0
52823,10.0,3,Credit Card,Fashion,5,1,5,7.0,209.19,0
52824,3.0,1,Credit Card,Fashion,2,0,1,4.0,325.0,0
52825,4.0,1,Credit Card,Others,2,0,3,1.0,157.93,0
52826,19.0,1,UPI,Fashion,4,0,1,4.0,156.96,0
52827,13.0,2,Credit Card,Fashion,3,0,3,7.0,228.22,0
52828,1.0,1,Debit Card,Mobile Phone,4,1,1,3.0,229.63,1
52829,6.0,1,Credit Card,Laptop & Accessory,3,0,2,1.0,143.34,0
52830,0.0,1,Credit Card,Laptop & Accessory,3,0,8,9.0,197.9,0
52831,7.0,3,Credit Card,Mobile Phone,3,0,3,1.0,141.61,0
52832,11.0,1,Credit Card,Fashion,3,1,3,4.0,242.64,0
52833,1.0,1,Debit Card,Fashion,4,0,2,2.0,202.67,0
52834,3.0,3,Debit Card,Others,4,0,3,2.0,152.01,0
52835,5.0,2,Credit Card,Mobile Phone,3,0,3,1.0,119.28,0
52836,25.0,2,Debit Card,Mobile Phone,4,1,4,5.0,105.29,0
52837,50.0,1,Credit Card,Grocery,2,0,5,10.0,179.43,0
52838,0.0,3,Credit Card,Mobile Phone,4,0,5,0.0,234.07,0
52839,14.0,2,Credit Card,Mobile Phone,3,1,5,2.0,129.96,0
52840,5.0,3,Credit Card,Grocery,2,0,1,9.0,233.97,0
52841,5.0,2,Debit Card,Mobile Phone,5,0,4,6.0,212.27,0
52842,14.0,2,COD,Fashion,3,0,2,1.0,219.83,0
52843,25.0,1,E wallet,Others,4,0,3,3.0,131.11,0
52844,30.0,1,Credit Card,Mobile Phone,5,0,6,11.0,194.08,0
52845,9.0,2,Debit Card,Laptop & Accessory,4,0,4,5.0,140.84,0
52846,4.0,1,Debit Card,Fashion,4,0,2,9.0,202.7,0
52847,15.0,1,Credit Card,Fashion,3,0,4,4.0,208.3,0
52848,3.0,1,Debit Card,Laptop & Accessory,5,0,4,1.0,177.44,0
52849,8.0,3,Debit Card,Mobile Phone,2,1,4,0.0,299.49,1
52850,4.0,1,Debit Card,Mobile Phone,5,0,5,6.0,194.39,0
52851,11.0,3,Credit Card,Grocery,4,0,1,0.0,241.17,0
52852,3.0,1,Credit Card,Laptop & Accessory,4,0,2,2.0,162.14,0
52853,2.0,1,Credit Card,Mobile Phone,3,1,4,2.0,180.5,0
52854,25.0,1,UPI,Mobile Phone,2,0,6,1.0,108.94,0
52855,1.0,1,Debit Card,Mobile Phone,3,0,4,4.0,223.65,0
52856,7.0,1,Credit Card,Others,4,1,2,24.0,157.4,0
52857,2.0,1,Debit Card,Others,4,0,2,11.0,102.3,1
52858,0.0,1,Credit Card,Laptop & Accessory,4,0,6,1.0,165.06,0
52859,0.0,3,Credit Card,Laptop & Accessory,5,1,3,0.0,182.18,1
52860,2.0,1,Debit Card,Laptop & Accessory,5,0,2,8.0,224.22,0
52861,20.0,2,Debit Card,Mobile Phone,3,0,2,6.0,158.52,0
52862,3.0,1,E wallet,Fashion,2,0,3,5.0,230.47,0
52863,30.0,1,Debit Card,Mobile Phone,3,0,3,4.0,180.82,0
52864,9.0,1,Credit Card,Laptop & Accessory,5,0,3,7.0,186.4,0
52865,6.0,2,UPI,Laptop & Accessory,3,1,1,4.0,118.51,0
52866,9.0,2,Credit Card,Laptop & Accessory,3,0,2,4.0,195.15,0
52867,7.0,2,E wallet,Mobile Phone,4,0,3,2.0,207.56,0
52868,14.0,1,E wallet,Fashion,4,1,1,8.0,196.87,0
52869,3.0,2,Debit Card,Laptop & Accessory,5,0,4,1.0,168.34,1
52870,4.0,1,Debit Card,Laptop & Accessory,3,1,4,11.0,149.64,1
52871,22.0,1,E wallet,Fashion,5,0,6,5.0,46.3,0
52872,29.0,1,E wallet,Grocery,3,1,3,5.0,248.24,0
52873,22.0,1,Debit Card,Laptop & Accessory,5,1,3,13.0,170.94,1
52874,5.0,1,Debit Card,Mobile Phone,3,0,3,5.0,165.06,0
52875,15.0,2,Debit Card,Laptop & Accessory,5,0,1,1.0,154.57,0
52876,6.0,1,E wallet,Laptop & Accessory,5,1,2,8.0,174.98,0
52877,7.0,1,Credit Card,Fashion,4,1,3,14.0,257.12,0
52878,2.0,1,UPI,Laptop & Accessory,4,0,3,2.0,197.97,0
52879,9.0,2,COD,Mobile Phone,5,0,1,2.0,172.31,0
52880,2.0,1,E wallet,Others,3,0,4,6.0,106.31,0
52881,4.0,1,Credit Card,Fashion,3,1,1,14.0,85.91,0
52882,19.0,2,Debit Card,Mobile Phone,5,0,2,2.0,140.36,0
52883,2.0,1,Debit Card,Laptop & Accessory,4,1,3,2.0,225.1,1
52884,1.0,1,Credit Card,Laptop & Accessory,5,0,3,0.0,215.35,0
52885,1.0,1,Debit Card,Fashion,4,0,2,7.0,204.16,0
52886,28.0,1,Debit Card,Laptop & Accessory,4,1,5,9.0,175.68,0
52887,7.0,2,Credit Card,Laptop & Accessory,1,0,3,1.0,203.83,0
52888,5.0,1,Credit Card,Laptop & Accessory,3,0,8,11.0,181.78,0
52889,17.0,1,E wallet,Laptop & Accessory,4,1,1,3.0,243.04,0
52890,18.0,1,Debit Card,Mobile Phone,3,0,2,2.0,229.68,0
52891,4.0,1,Debit Card,Grocery,3,0,2,4.0,125.96,1
52892,12.0,3,Credit Card,Others,5,0,2,4.0,198.8,0
52893,15.0,1,COD,Fashion,4,0,3,2.0,105.54,0
52894,11.0,1,E wallet,Laptop & Accessory,2,0,6,5.0,259.1,0
52895,2.0,2,Debit Card,Laptop & Accessory,3,0,4,8.0,132.86,0
52896,21.0,3,Debit Card,Laptop & Accessory,3,0,9,6.0,239.04,0
52897,8.0,3,UPI,Laptop & Accessory,5,1,2,2.0,181.63,0
52898,3.0,1,Debit Card,Mobile Phone,4,1,5,8.0,126.67,1
52899,6.0,3,Debit Card,Grocery,3,0,1,5.0,125.36,0
52900,0.0,1,Debit Card,Fashion,3,0,3,2.0,263.17,0
52901,1.0,1,Credit Card,Fashion,5,0,4,10.0,187.35,0
52902,15.0,1,Credit Card,Mobile Phone,4,1,2,0.0,185.36,1
52903,0.0,2,Debit Card,Mobile Phone,3,0,2,5.0,62.89,0
52904,5.0,1,Credit Card,Others,3,0,4,4.0,260.54,0
52905,7.0,1,Debit Card,Fashion,3,1,2,6.0,148.92,1
52906,1.0,1,Credit Card,Mobile Phone,5,1,3,4.0,194.24,1
52907,36.0,1,Credit Card,Laptop & Accessory,4,0,2,16.0,106.27,0
52908,3.0,3,Credit Card,Laptop & Accessory,3,0,5,2.0,205.86,0
52909,4.0,1,Debit Card,Fashion,2,0,3,2.0,182.1,0
52910,4.0,1,Credit Card,Laptop & Accessory,2,1,1,2.0,203.73,0
52911,3.0,2,Credit Card,Mobile Phone,3,0,2,3.0,160.25,0
52912,0.0,1,Credit Card,Fashion,3,1,6,5.0,207.77,0
52913,13.0,2,Credit Card,Fashion,3,1,4,0.0,102.54,0
52914,34.0,3,Credit Card,Laptop & Accessory,5,0,6,12.0,181.13,0
52915,3.0,3,Debit Card,Laptop & Accessory,5,0,2,2.0,170.54,0
52916,11.0,3,Debit Card,Fashion,3,0,5,0.0,250.99,0
52917,14.0,1,Debit Card,Mobile Phone,3,0,3,13.0,164.87,0
52918,19.0,1,Credit Card,Laptop & Accessory,4,0,1,1.0,163.67,0
52919,5.0,1,Credit Card,Others,3,0,1,5.0,169.86,0
52920,4.0,1,E wallet,Fashion,2,0,1,0.0,181.82,0
52921,4.0,1,E wallet,Mobile Phone,2,0,3,5.0,93.28,0
52922,12.0,1,UPI,Fashion,3,0,5,2.0,169.59,0
52923,17.0,3,Debit Card,Laptop & Accessory,1,0,4,1.0,167.95,0
52924,2.0,1,Debit Card,Others,5,1,6,0.0,115.77,1
52925,5.0,1,E wallet,Others,3,1,3,11.0,236.24,1
52926,23.0,1,Debit Card,Fashion,1,0,3,13.0,230.85,0
52927,16.0,1,Credit Card,Fashion,2,0,3,9.0,110.22,0
52928,42.0,3,Debit Card,Fashion,3,1,4,2.0,231.1,0
52929,14.0,1,UPI,Fashion,4,0,6,0.0,178.01,0
52930,5.0,1,Credit Card,Mobile Phone,4,0,3,1.0,173.96,1
52931,9.0,1,Debit Card,Mobile Phone,3,0,4,4.0,162.51,0
52932,11.0,1,Credit Card,Laptop & Accessory,5,0,1,2.0,208.84,0
52933,1.0,1,Debit Card,Mobile Phone,4,0,5,1.0,154.19,0
52934,8.0,3,UPI,Mobile Phone,5,0,1,1.0,137.05,0
52935,12.0,1,Debit Card,Laptop & Accessory,3,0,7,8.0,251.55,0
52936,2.0,1,Credit Card,Fashion,3,0,1,2.0,192.42,0
52937,15.0,1,Debit Card,Mobile Phone,3,1,1,1.0,209.38,0
52938,9.0,2,E wallet,Mobile Phone,3,0,2,5.0,267.28,0
52939,30.0,2,UPI,Laptop & Accessory,3,1,6,4.0,192.71,0
52940,0.0,1,E wallet,Mobile Phone,5,0,3,3.0,199.1,0
52941,3.0,1,E wallet,Fashion,5,1,1,4.0,208.52,0
52942,9.0,3,Debit Card,Mobile Phone,2,0,6,1.0,136.67,0
52943,4.0,2,UPI,Mobile Phone,5,0,3,6.0,160.13,0
52944,13.0,3,Credit Card,Fashion,4,0,1,1.0,168.47,0
52945,14.0,3,UPI,Mobile Phone,1,0,2,4.0,243.63,0
52946,1.0,1,Credit Card,Laptop & Accessory,3,0,3,3.0,248.63,0
52947,7.0,1,Debit Card,Laptop & Accessory,1,0,7,1.0,211.78,0
52948,7.0,3,Credit Card,Mobile Phone,1,0,2,3.0,206.3,0
52949,5.0,3,Debit Card,Fashion,2,1,5,4.0,139.65,0
52950,27.0,1,Credit Card,Mobile Phone,3,1,2,0.0,148.17,0
52951,18.0,1,Credit Card,Laptop & Accessory,3,0,2,8.0,74.82,0
52952,12.0,3,Debit Card,Laptop & Accessory,2,0,4,6.0,213.94,0
52953,13.0,1,COD,Laptop & Accessory,3,0,2,1.0,163.89,0
52954,6.0,3,UPI,Laptop & Accessory,3,0,5,1.0,103.53,0
52955,25.0,1,UPI,Mobile Phone,3,0,1,2.0,198.12,0
52956,12.0,1,E wallet,Laptop & Accessory,2,1,4,8.0,247.43,1
52957,13.0,1,Credit Card,Fashion,4,1,3,12.0,198.43,0
52958,20.0,1,Credit Card,Others,1,1,3,1.0,201.24,0
52959,3.0,1,Debit Card,Laptop & Accessory,3,1,3,0.0,201.78,1
52960,16.0,1,UPI,Grocery,5,0,4,7.0,251.76,0
52961,2.0,2,UPI,Fashion,3,0,1,3.0,202.84,0
52962,4.0,3,E wallet,Grocery,3,0,3,5.0,243.62,0
52963,4.0,1,UPI,Laptop & Accessory,1,1,2,10.0,226.19,0
52964,38.0,1,Credit Card,Grocery,4,1,4,13.0,50.96,0
52965,19.0,1,Credit Card,Others,5,0,4,3.0,192.82,0
52966,12.0,1,COD,Grocery,3,1,4,1.0,178.43,0
52967,13.0,1,Credit Card,Fashion,3,1,3,8.0,254.05,0
52968,8.0,1,Credit Card,Laptop & Accessory,4,0,5,2.0,172.9,0
52969,29.0,1,Debit Card,Laptop & Accessory,1,0,1,1.0,141.53,0
52970,7.0,1,Credit Card,Grocery,5,1,1,6.0,296.61,1
52971,5.0,1,E wallet,Laptop & Accessory,3,1,7,7.0,193.16,1
52972,2.0,2,Credit Card,Laptop & Accessory,2,0,3,1.0,215.76,0
52973,15.0,1,Credit Card,Laptop & Accessory,3,1,3,0.0,130.23,1
52974,13.0,3,Debit Card,Mobile Phone,3,0,2,1.0,208.04,0
52975,5.0,3,Credit Card,Mobile Phone,3,0,1,2.0,168.11,0
52976,0.0,3,UPI,Others,4,0,1,2.0,127.44,0
52977,18.0,3,Debit Card,Grocery,3,0,4,11.0,199.35,0
52978,0.0,1,Debit Card,Mobile Phone,3,1,2,4.0,194.0,0
52979,12.0,1,Debit Card,Mobile Phone,3,0,2,11.0,172.95,0
52980,35.0,1,UPI,Mobile Phone,4,0,2,1.0,151.78,0
52981,6.0,3,Credit Card,Laptop & Accessory,3,0,3,7.0,198.36,1
52982,3.0,3,COD,Grocery,1,0,4,0.0,206.62,0
52983,12.0,3,Credit Card,Mobile Phone,3,1,3,9.0,160.12,0
52984,17.0,1,Credit Card,Mobile Phone,3,0,4,2.0,233.17,0
52985,8.0,2,E wallet,Laptop & Accessory,5,0,6,6.0,160.29,0
52986,34.0,1,Debit Card,Fashion,3,0,4,14.0,127.96,0
52987,1.0,1,Debit Card,Mobile Phone,2,0,3,8.0,207.57,1
52988,7.0,2,Credit Card,Laptop & Accessory,5,1,2,1.0,169.05,0
52989,13.0,1,Debit Card,Grocery,2,1,2,6.0,218.72,0
52990,20.0,3,Debit Card,Laptop & Accessory,4,0,4,2.0,22.9,0
52991,2.0,1,Debit Card,Mobile Phone,4,0,3,5.0,152.19,0
52992,16.0,3,Debit Card,Fashion,3,0,5,0.0,141.33,0
52993,8.0,1,Debit Card,Grocery,3,1,4,0.0,214.69,0
52994,5.0,3,E wallet,Fashion,5,0,6,13.0,152.72,0
52995,1.0,3,Debit Card,Grocery,3,0,3,14.0,94.94,1
52996,20.0,3,Debit Card,Laptop & Accessory,3,0,4,1.0,114.46,0
52997,2.0,1,Debit Card,Others,3,1,3,14.0,97.79,1
52998,4.0,3,Credit Card,Laptop & Accessory,3,0,1,4.0,195.92,0
52999,3.0,1,Credit Card,Laptop & Accessory,3,0,1,4.0,179.96,0
53000,21.0,1,UPI,Laptop & Accessory,2,0,3,7.0,148.28,0
53001,11.0,1,E wallet,Others,1,0,4,7.0,146.12,0
53002,16.0,3,Debit Card,Mobile Phone,3,1,3,1.0,66.79,0
53003,3.0,1,Debit Card,Laptop & Accessory,3,0,4,8.0,218.28,0
53004,10.0,3,Debit Card,Laptop & Accessory,2,1,3,9.0,195.01,0
53005,8.0,2,COD,Laptop & Accessory,2,1,3,1.0,214.73,1
53006,18.0,1,Credit Card,Mobile Phone,2,1,4,5.0,159.63,0
53007,24.0,3,Debit Card,Laptop & Accessory,3,1,3,7.0,204.32,0
53008,0.0,1,Debit Card,Mobile Phone,3,1,5,4.0,185.36,0
53009,11.0,3,Credit Card,Fashion,2,0,1,2.0,254.09,0
53010,1.0,1,Debit Card,Mobile Phone,4,1,4,2.0,194.24,0
53011,8.0,1,E wallet,Fashion,2,0,4,18.0,155.43,1
53012,3.0,1,Credit Card,Laptop & Accessory,2,0,4,9.0,153.62,0
53013,4.0,1,Credit Card,Laptop & Accessory,5,0,1,2.0,189.55,0
53014,4.0,1,Credit Card,Fashion,3,1,1,8.0,147.96,0
53015,10.0,1,Debit Card,Fashion,2,1,3,2.0,110.22,0
53016,4.0,1,Credit Card,Mobile Phone,5,0,5,15.0,131.71,0
53017,13.0,1,E wallet,Fashion,2,0,4,8.0,153.49,0
53018,5.0,1,Debit Card,Mobile Phone,5,0,3,8.0,230.54,0
53019,1.0,2,Credit Card,Laptop & Accessory,2,0,5,0.0,131.33,0
53020,15.0,1,E wallet,Mobile Phone,5,0,1,0.0,168.19,0
53021,3.0,3,Debit Card,Laptop & Accessory,2,0,2,8.0,168.85,1
53022,6.0,1,Credit Card,Mobile Phone,5,0,1,3.0,165.95,1
53023,12.0,2,Debit Card,Laptop & Accessory,4,0,3,14.0,266.04,0
53024,4.0,2,E wallet,Laptop & Accessory,2,0,3,6.0,194.24,0
53025,1.0,1,Debit Card,Grocery,5,0,1,2.0,75.46,0
53026,5.0,2,Credit Card,Laptop & Accessory,3,1,4,2.0,92.63,1
53027,29.0,1,Debit Card,Laptop & Accessory,4,1,2,14.0,200.54,0
53028,10.0,3,Debit Card,Others,4,0,2,1.0,109.07,0
53029,11.0,2,E wallet,Mobile Phone,4,0,1,4.0,202.61,0
53030,10.0,1,Credit Card,Mobile Phone,3,1,4,2.0,188.96,0
53031,2.0,2,UPI,Grocery,5,0,5,12.0,169.33,0
53032,5.0,1,Credit Card,Mobile Phone,4,0,6,23.0,148.6,0
53033,14.0,1,Credit Card,Laptop & Accessory,1,0,1,4.0,187.83,1
53034,1.0,1,E wallet,Mobile Phone,1,0,3,0.0,142.93,0
53035,3.0,2,Debit Card,Fashion,4,0,2,18.0,154.52,0
53036,3.0,2,Debit Card,Grocery,5,0,7,3.0,140.15,0
53037,6.0,3,Debit Card,Laptop & Accessory,4,1,2,3.0,209.46,0
53038,39.0,1,Debit Card,Laptop & Accessory,3,0,6,3.0,177.47,0
53039,1.0,1,Debit Card,Laptop & Accessory,2,0,4,2.0,175.86,0
53040,7.0,2,UPI,Mobile Phone,4,0,2,1.0,211.74,0
53041,2.0,1,E wallet,Laptop & Accessory,2,0,2,9.0,98.75,1
53042,35.0,1,UPI,Grocery,3,0,6,1.0,123.55,0
53043,1.0,1,COD,Others,4,0,4,3.0,134.16,0
53044,5.0,1,Credit Card,Fashion,3,0,3,1.0,182.98,0
53045,13.0,1,Debit Card,Others,3,0,3,0.0,102.27,0
53046,12.0,2,Credit Card,Laptop & Accessory,3,0,3,4.0,156.72,0
53047,5.0,1,UPI,Fashion,3,0,2,1.0,242.87,0
53048,4.0,1,Credit Card,Fashion,4,0,4,2.0,141.07,0
53049,5.0,1,Credit Card,Laptop & Accessory,4,0,6,1.0,155.36,0
53050,3.0,1,Debit Card,Laptop & Accessory,4,0,2,5.0,261.59,0
53051,2.0,1,Credit Card,Mobile Phone,1,0,2,9.0,109.46,1
53052,7.0,1,Debit Card,Fashion,5,0,3,0.0,98.72,0
53053,3.0,2,Debit Card,Grocery,4,0,1,1.0,158.29,0
53054,3.0,1,UPI,Fashion,5,0,5,4.0,192.68,0
53055,11.0,2,Debit Card,Fashion,5,0,4,1.0,166.58,0
53056,35.0,2,COD,Laptop & Accessory,3,0,3,10.0,274.47,0
53057,9.0,1,Debit Card,Fashion,5,0,3,5.0,168.81,0
53058,1.0,1,UPI,Mobile Phone,3,1,2,7.0,126.21,1
53059,1.0,3,Credit Card,Laptop & Accessory,3,0,10,9.0,157.98,0
53060,30.0,1,E wallet,Others,1,0,4,0.0,89.42,0
53061,4.0,1,Debit Card,Mobile Phone,3,0,2,12.0,175.51,1
53062,1.0,1,Credit Card,Fashion,4,0,4,12.0,178.94,0
53063,9.0,1,UPI,Mobile Phone,5,0,2,0.0,219.55,0
53064,10.0,1,Debit Card,Others,3,1,6,0.0,149.69,0
53065,10.0,3,Debit Card,Laptop & Accessory,4,0,2,1.0,120.54,0
53066,3.0,3,Debit Card,Mobile Phone,5,0,2,18.0,196.53,0
53067,0.0,1,Debit Card,Laptop & Accessory,3,0,3,4.0,175.93,0
53068,34.0,1,Debit Card,Laptop & Accessory,2,0,4,3.0,215.35,0
53069,3.0,1,Credit Card,Laptop & Accessory,5,1,6,11.0,99.53,1
53070,11.0,1,Debit Card,Mobile Phone,4,0,3,7.0,83.23,0
53071,12.0,1,Credit Card,Fashion,4,0,4,0.0,122.2,0
53072,9.0,1,UPI,Mobile Phone,4,0,7,13.0,134.12,0
53073,4.0,1,Credit Card,Mobile Phone,1,1,4,10.0,199.31,1
53074,3.0,1,Debit Card,Grocery,2,0,5,3.0,112.31,0
53075,9.0,1,Credit Card,Fashion,3,0,1,0.0,201.24,0
53076,20.0,3,Debit Card,Laptop & Accessory,3,0,2,7.0,95.89,0
53077,29.0,1,Debit Card,Laptop & Accessory,5,0,2,0.0,177.95,0
53078,1.0,3,Debit Card,Laptop & Accessory,4,0,3,2.0,273.17,0
53079,2.0,1,UPI,Laptop & Accessory,1,1,3,0.0,255.34,0
53080,29.0,1,E wallet,Laptop & Accessory,3,1,4,4.0,261.39,0
53081,13.0,1,Debit Card,Fashion,4,0,1,2.0,148.64,0
53082,21.0,1,Credit Card,Laptop & Accessory,3,1,1,10.0,264.03,0
53083,2.0,1,Debit Card,Mobile Phone,1,1,1,4.0,206.55,0
53084,9.0,3,COD,Mobile Phone,3,0,2,5.0,194.47,0
53085,12.0,3,COD,Mobile Phone,3,0,3,1.0,128.8,0
53086,11.0,1,Debit Card,Grocery,5,0,3,8.0,123.48,0
53087,5.0,1,Debit Card,Others,5,1,5,13.0,117.25,0
53088,0.0,1,Credit Card,Mobile Phone,3,0,1,7.0,151.98,0
53089,9.0,1,Credit Card,Mobile Phone,3,0,2,0.0,176.47,0
53090,3.0,1,Debit Card,Fashion,4,0,3,8.0,203.06,0
53091,6.0,1,Credit Card,Fashion,3,0,4,7.0,217.84,0
53092,32.0,1,Debit Card,Mobile Phone,3,0,4,1.0,97.25,0
53093,5.0,1,Credit Card,Fashion,1,1,3,1.0,142.52,1
53094,18.0,1,Debit Card,Mobile Phone,1,0,6,11.0,231.54,0
53095,2.0,1,E wallet,Others,2,1,6,1.0,153.84,0
53096,11.0,1,Credit Card,Laptop & Accessory,4,0,3,0.0,176.11,0
53097,38.0,3,Credit Card,Mobile Phone,2,0,1,2.0,139.47,0
53098,1.0,1,E wallet,Mobile Phone,2,0,1,3.0,222.26,0
53099,0.0,3,Credit Card,Fashion,4,1,3,4.0,150.24,0
53100,6.0,3,Debit Card,Laptop & Accessory,4,0,2,5.0,219.19,0
53101,1.0,3,Debit Card,Mobile Phone,1,0,4,11.0,231.11,0
53102,14.0,2,Debit Card,Fashion,4,0,3,9.0,44.73,0
53103,25.0,2,Debit Card,Mobile Phone,4,0,2,10.0,240.87,0
53104,6.0,3,E wallet,Mobile Phone,3,0,5,0.0,223.76,0
53105,3.0,1,Debit Card,Mobile Phone,5,0,1,0.0,250.28,0
53106,6.0,1,Debit Card,Fashion,1,0,2,3.0,133.77,0
53107,13.0,3,E wallet,Fashion,3,0,2,2.0,183.73,0
53108,0.0,2,Credit Card,Grocery,2,1,1,8.0,173.61,0
53109,9.0,3,Credit Card,Fashion,3,0,4,10.0,151.01,0
53110,10.0,2,Debit Card,Laptop & Accessory,2,1,6,3.0,250.58,0
53111,10.0,3,Debit Card,Mobile Phone,4,1,3,5.0,217.43,0
53112,3.0,2,Credit Card,Laptop & Accessory,3,0,5,1.0,203.63,0
53113,13.0,2,UPI,Mobile Phone,5,1,3,4.0,159.21,0
53114,1.0,1,Debit Card,Mobile Phone,4,0,5,6.0,282.42,0
53115,2.0,3,Credit Card,Grocery,5,0,5,2.0,148.79,0
53116,21.0,3,COD,Laptop & Accessory,2,0,4,5.0,161.68,0
53117,13.0,3,Credit Card,Fashion,3,1,3,0.0,139.44,0
53118,0.0,2,Credit Card,Laptop & Accessory,3,1,2,8.0,57.27,0
53119,3.0,1,E wallet,Others,5,0,2,4.0,184.44,0
53120,2.0,1,E wallet,Mobile Phone,2,1,4,0.0,204.48,0
53121,3.0,3,Credit Card,Fashion,5,0,2,3.0,192.01,0
53122,3.0,1,UPI,Fashion,1,1,5,5.0,232.57,1
53123,1.0,1,Credit Card,Laptop & Accessory,5,1,3,0.0,80.38,0
53124,6.0,1,E wallet,Grocery,3,0,1,21.0,219.65,0
53125,13.0,3,COD,Mobile Phone,3,0,3,7.0,216.14,0
53126,9.0,3,Credit Card,Mobile Phone,5,1,3,1.0,202.62,0
53127,11.0,3,Credit Card,Mobile Phone,5,0,1,8.0,170.55,0
53128,1.0,1,Credit Card,Grocery,5,0,2,7.0,222.66,1
53129,30.0,1,E wallet,Laptop & Accessory,4,0,1,1.0,233.39,0
53130,18.0,1,E wallet,Mobile Phone,5,0,5,8.0,224.68,0
53131,16.0,1,Debit Card,Grocery,4,0,4,0.0,162.93,0
53132,17.0,3,E wallet,Laptop & Accessory,5,0,3,6.0,241.56,0
53133,27.0,1,E wallet,Fashion,4,0,7,5.0,168.22,0
53134,8.0,1,E wallet,Mobile Phone,4,0,3,15.0,199.29,1
53135,2.0,1,E wallet,Laptop & Accessory,4,0,1,5.0,266.41,0
53136,10.0,1,Debit Card,Mobile Phone,4,0,1,2.0,218.59,0
53137,14.0,3,Credit Card,Grocery,3,1,6,4.0,182.68,1
53138,13.0,1,E wallet,Mobile Phone,4,0,4,20.0,158.86,0
53139,7.0,2,UPI,Laptop & Accessory,3,1,2,1.0,220.97,0
53140,1.0,1,Debit Card,Laptop & Accessory,4,0,5,6.0,202.89,0
53141,5.0,1,Credit Card,Others,3,0,5,7.0,235.73,0
53142,25.0,1,E wallet,Laptop & Accessory,5,1,3,8.0,130.76,0
53143,9.0,1,E wallet,Laptop & Accessory,4,0,5,10.0,198.59,0
53144,8.0,2,Credit Card,Others,4,1,2,5.0,198.66,1
53145,3.0,1,Debit Card,Grocery,3,0,2,4.0,222.47,0
53146,5.0,1,E wallet,Fashion,5,0,3,3.0,230.75,0
53147,23.0,1,E wallet,Laptop & Accessory,1,0,6,2.0,204.16,0
53148,11.0,1,E wallet,Laptop & Accessory,5,0,4,12.0,206.73,0
53149,15.0,3,E wallet,Laptop & Accessory,4,1,4,1.0,200.47,0
53150,6.0,1,Credit Card,Fashion,2,0,3,9.0,112.74,1
53151,10.0,1,COD,Mobile Phone,5,0,5,4.0,203.74,0
53152,3.0,2,E wallet,Laptop & Accessory,3,0,4,1.0,226.49,0
53153,12.0,1,Credit Card,Laptop & Accessory,2,0,4,6.0,97.65,0
53154,6.0,1,UPI,Grocery,3,0,2,4.0,205.07,0
53155,6.0,1,UPI,Fashion,5,1,3,1.0,229.02,0
53156,10.0,1,E wallet,Fashion,4,0,4,0.0,213.11,0
53157,28.0,2,Credit Card,Laptop & Accessory,5,0,5,1.0,184.11,0
53158,1.0,1,Credit Card,Grocery,3,0,3,5.0,189.72,0
53159,17.0,3,Debit Card,Mobile Phone,1,0,3,3.0,108.17,0
53160,3.0,1,Debit Card,Mobile Phone,4,0,3,0.0,182.5,0
53161,6.0,3,Credit Card,Others,3,0,4,5.0,136.72,0
53162,0.0,1,Credit Card,Laptop & Accessory,4,0,2,3.0,166.9,0
53163,4.0,2,Debit Card,Mobile Phone,3,0,4,5.0,120.86,0
53164,7.0,1,UPI,Fashion,3,0,3,8.0,167.65,1
53165,1.0,1,Credit Card,Laptop & Accessory,1,0,1,0.0,158.75,1
53166,7.0,2,Credit Card,Laptop & Accessory,3,0,1,0.0,156.15,0
53167,26.0,2,Credit Card,Others,2,0,2,7.0,124.66,0
53168,1.0,1,Debit Card,Laptop & Accessory,5,0,2,0.0,228.25,0
53169,14.0,1,UPI,Mobile Phone,5,0,4,4.0,228.17,0
53170,5.0,1,Debit Card,Fashion,5,0,3,8.0,208.54,0
53171,11.0,3,Credit Card,Mobile Phone,2,1,3,0.0,174.61,0
53172,3.0,3,Credit Card,Mobile Phone,2,0,5,6.0,161.51,0
53173,2.0,1,Credit Card,Laptop & Accessory,4,0,6,1.0,155.29,0
53174,2.0,3,Credit Card,Laptop & Accessory,4,1,4,6.0,148.51,0
53175,1.0,3,Debit Card,Grocery,5,0,2,8.0,174.24,1
53176,2.0,1,Debit Card,Fashion,5,1,3,1.0,168.96,0
53177,11.0,2,Credit Card,Laptop & Accessory,2,0,2,11.0,110.72,0
53178,21.0,1,E wallet,Mobile Phone,5,0,3,7.0,291.66,0
53179,17.0,2,Credit Card,Mobile Phone,2,0,2,2.0,204.63,0
53180,12.0,1,Debit Card,Laptop & Accessory,5,1,2,0.0,151.39,0
53181,1.0,1,Debit Card,Fashion,4,0,2,1.0,113.27,0
53182,3.0,1,Credit Card,Laptop & Accessory,4,0,4,2.0,67.24,0
53183,4.0,1,Credit Card,Grocery,4,1,4,4.0,218.36,0
53184,3.0,3,Debit Card,Laptop & Accessory,5,0,6,7.0,197.4,0
53185,7.0,1,Credit Card,Grocery,4,0,5,6.0,168.04,0
53186,8.0,1,Debit Card,Mobile Phone,5,0,4,14.0,186.19,0
53187,4.0,3,Credit Card,Fashion,2,0,1,5.0,199.03,0
53188,4.0,1,Debit Card,Fashion,5,0,7,3.0,142.71,0
53189,18.0,1,UPI,Laptop & Accessory,5,0,1,4.0,240.6,0
53190,16.0,3,Debit Card,Fashion,4,0,3,1.0,189.79,0
53191,4.0,3,Credit Card,Mobile Phone,5,0,4,6.0,204.61,0
53192,25.0,1,COD,Mobile Phone,2,0,2,3.0,176.38,0
53193,31.0,1,Debit Card,Mobile Phone,5,1,1,9.0,198.91,0
53194,4.0,3,Credit Card,Laptop & Accessory,2,0,3,1.0,217.72,0
53195,4.0,1,Debit Card,Laptop & Accessory,3,0,3,4.0,144.96,1
53196,7.0,1,Debit Card,Mobile Phone,4,1,2,1.0,228.45,0
53197,28.0,1,Credit Card,Laptop & Accessory,4,0,4,5.0,217.48,0
53198,21.0,1,UPI,Others,4,1,3,9.0,198.27,0
53199,1.0,2,Credit Card,Fashion,3,0,2,3.0,221.63,0
53200,5.0,2,Credit Card,Mobile Phone,5,1,2,2.0,198.71,0
53201,8.0,3,Credit Card,Laptop & Accessory,1,1,3,12.0,141.8,1
53202,7.0,2,Credit Card,Fashion,4,1,5,3.0,239.9,0
53203,2.0,1,Credit Card,Laptop & Accessory,5,0,2,1.0,171.34,0
53204,20.0,1,Debit Card,Fashion,5,1,4,1.0,276.63,0
53205,11.0,3,Debit Card,Laptop & Accessory,4,1,1,1.0,171.85,0
53206,18.0,1,Credit Card,Fashion,4,0,3,2.0,211.31,0
53207,20.0,1,UPI,Mobile Phone,3,0,2,1.0,246.29,0
53208,14.0,3,Debit Card,Fashion,3,0,1,6.0,166.74,0
53209,6.0,1,Credit Card,Laptop & Accessory,3,0,1,3.0,135.11,0
53210,9.0,1,Debit Card,Laptop & Accessory,4,0,2,6.0,157.9,0
53211,2.0,3,Debit Card,Laptop & Accessory,4,0,3,2.0,195.53,0
53212,11.0,3,Credit Card,Mobile Phone,3,0,2,3.0,230.74,0
53213,2.0,1,E wallet,Laptop & Accessory,4,0,2,4.0,182.86,0
53214,12.0,3,Credit Card,Laptop & Accessory,3,0,2,3.0,168.27,0
53215,3.0,1,Debit Card,Laptop & Accessory,1,0,1,0.0,214.2,0
53216,1.0,1,UPI,Fashion,5,0,5,1.0,96.49,0
53217,2.0,3,Debit Card,Mobile Phone,5,1,1,4.0,233.73,1
53218,0.0,3,E wallet,Others,3,0,4,13.0,155.41,0
53219,13.0,1,Credit Card,Mobile Phone,4,0,6,2.0,170.44,0
53220,13.0,1,Credit Card,Laptop & Accessory,3,1,1,3.0,224.71,0
53221,7.0,1,UPI,Fashion,2,0,4,1.0,140.61,1
53222,2.0,1,E wallet,Mobile Phone,3,0,1,3.0,112.49,0
53223,1.0,1,Debit Card,Mobile Phone,1,0,4,1.0,216.99,0
53224,0.0,1,Debit Card,Others,4,0,4,2.0,125.85,0
53225,2.0,1,Debit Card,Mobile Phone,2,0,4,1.0,198.65,0
53226,22.0,1,Debit Card,Mobile Phone,2,1,5,1.0,163.48,0
53227,3.0,1,UPI,Fashion,2,0,2,1.0,161.08,0
53228,4.0,3,Debit Card,Fashion,2,0,4,7.0,222.4,1
53229,1.0,1,Credit Card,Mobile Phone,4,0,1,3.0,205.13,0
53230,3.0,1,E wallet,Laptop & Accessory,4,0,3,1.0,114.62,0
53231,7.0,3,E wallet,Others,2,1,2,14.0,162.63,0
53232,9.0,2,Credit Card,Laptop & Accessory,4,1,3,4.0,224.28,1
53233,3.0,1,E wallet,Laptop & Accessory,3,0,2,4.0,201.76,0
53234,1.0,1,Debit Card,Others,3,0,1,4.0,134.93,0
53235,5.0,2,E wallet,Grocery,2,0,3,2.0,298.21,0
53236,3.0,1,Debit Card,Laptop & Accessory,4,0,4,1.0,203.18,0
53237,2.0,2,UPI,Laptop & Accessory,3,0,2,3.0,94.61,1
53238,32.0,1,Debit Card,Fashion,4,0,1,3.0,195.28,0
53239,10.0,1,Debit Card,Laptop & Accessory,3,0,2,8.0,191.66,0
53240,8.0,1,Credit Card,Laptop & Accessory,1,0,2,7.0,214.19,1
53241,5.0,2,E wallet,Others,4,0,3,6.0,82.36,1
53242,6.0,3,E wallet,Mobile Phone,4,1,1,2.0,212.82,0
53243,8.0,1,Debit Card,Fashion,3,0,2,11.0,238.78,0
53244,12.0,1,Debit Card,Fashion,2,0,4,5.0,71.29,0
53245,12.0,1,Debit Card,Fashion,4,0,3,0.0,275.17,0
53246,2.0,1,Credit Card,Grocery,3,0,3,5.0,127.31,0
53247,7.0,3,Credit Card,Mobile Phone,3,1,4,6.0,184.55,1
53248,5.0,1,Credit Card,Fashion,1,0,7,10.0,186.11,0
53249,20.0,3,Credit Card,Fashion,4,0,6,10.0,146.79,0
53250,10.0,1,Credit Card,Others,1,1,1,2.0,111.09,1
53251,8.0,3,UPI,Fashion,5,0,9,0.0,164.2,0
53252,1.0,2,Debit Card,Grocery,5,1,3,3.0,113.81,1
53253,9.0,1,Credit Card,Laptop & Accessory,5,1,2,5.0,188.8,0
53254,1.0,1,Credit Card,Laptop & Accessory,5,1,8,3.0,213.99,1
53255,4.0,1,Debit Card,Laptop & Accessory,5,0,1,2.0,123.77,0
53256,2.0,1,Credit Card,Laptop & Accessory,5,1,4,3.0,218.35,0
53257,12.0,1,Debit Card,Laptop & Accessory,2,0,4,5.0,226.94,0
53258,2.0,1,Debit Card,Laptop & Accessory,3,0,1,7.0,127.44,0
53259,5.0,3,Credit Card,Others,1,0,4,0.0,139.15,0
53260,23.0,1,Debit Card,Laptop & Accessory,3,1,4,5.0,195.2,0
53261,2.0,2,Debit Card,Mobile Phone,3,0,7,1.0,131.76,0
53262,7.0,3,Credit Card,Fashion,5,0,3,9.0,187.1,0
53263,5.0,3,Credit Card,Laptop & Accessory,5,0,1,4.0,208.36,0
53264,0.0,1,Debit Card,Laptop & Accessory,3,1,2,3.0,59.25,1
53265,16.0,1,Debit Card,Laptop & Accessory,4,0,2,8.0,164.18,0
53266,1.0,1,Credit Card,Laptop & Accessory,3,1,1,7.0,186.07,0
53267,6.0,1,E wallet,Others,3,0,1,12.0,157.23,0
53268,8.0,1,UPI,Grocery,3,1,1,6.0,73.85,0
53269,10.0,3,Debit Card,Grocery,5,0,3,1.0,143.41,0
53270,12.0,1,Debit Card,Grocery,5,0,7,10.0,164.56,0
53271,3.0,1,Debit Card,Laptop & Accessory,2,0,2,0.0,95.59,0
53272,0.0,3,Credit Card,Fashion,3,0,3,8.0,178.95,1
53273,13.0,1,Credit Card,Fashion,4,0,3,14.0,200.03,0
53274,8.0,1,Credit Card,Grocery,4,0,3,15.0,185.83,1
53275,18.0,2,E wallet,Laptop & Accessory,4,0,3,6.0,131.64,0
53276,17.0,1,Credit Card,Mobile Phone,5,0,5,12.0,193.9,0
53277,19.0,1,COD,Laptop & Accessory,3,0,3,17.0,126.89,0
53278,7.0,1,Debit Card,Laptop & Accessory,3,1,5,7.0,166.31,0
53279,4.0,3,Debit Card,Fashion,5,0,3,2.0,208.82,0
53280,16.0,1,Debit Card,Laptop & Accessory,4,0,4,2.0,173.73,0
53281,6.0,1,Debit Card,Mobile Phone,4,0,3,1.0,155.05,0
53282,2.0,1,UPI,Fashion,2,0,4,3.0,166.86,0
53283,19.0,1,Debit Card,Laptop & Accessory,2,1,1,6.0,228.59,1
53284,21.0,1,Credit Card,Laptop & Accessory,3,1,8,0.0,171.42,0
53285,6.0,1,Debit Card,Others,3,1,5,6.0,197.23,0
53286,1.0,1,Debit Card,Fashion,3,0,2,2.0,146.23,0
53287,5.0,1,Debit Card,Fashion,5,0,4,2.0,116.47,0
53288,16.0,1,Debit Card,Grocery,2,0,3,1.0,68.84,0
53289,23.0,1,Credit Card,Laptop & Accessory,2,1,3,1.0,141.45,0
53290,2.0,2,COD,Laptop & Accessory,2,1,3,6.0,98.97,0
53291,1.0,1,Credit Card,Laptop & Accessory,4,0,5,1.0,168.59,0
53292,21.0,1,Credit Card,Mobile Phone,5,0,4,5.0,151.98,0
53293,5.0,2,Debit Card,Mobile Phone,5,0,6,10.0,215.66,0
53294,8.0,3,E wallet,Laptop & Accessory,4,0,2,9.0,136.37,0
53295,34.0,1,Debit Card,Laptop & Accessory,1,0,1,2.0,123.69,0
53296,1.0,1,UPI,Fashion,3,0,4,7.0,236.84,1
53297,10.0,1,Credit Card,Mobile Phone,5,0,2,4.0,230.5,0
53298,1.0,1,Debit Card,Others,4,0,4,1.0,198.83,0
53299,5.0,2,Credit Card,Laptop & Accessory,2,1,4,2.0,197.26,0
53300,16.0,1,COD,Fashion,3,0,7,3.0,200.94,0
53301,6.0,2,Debit Card,Fashion,1,0,2,13.0,162.84,0
53302,59.0,1,Debit Card,Grocery,3,0,1,5.0,69.46,0
53303,8.0,1,Debit Card,Laptop & Accessory,5,0,2,4.0,115.83,0
53304,4.0,3,Credit Card,Laptop & Accessory,1,0,4,5.0,250.6,1
53305,2.0,1,Debit Card,Laptop & Accessory,4,0,5,1.0,232.59,0
53306,4.0,1,E wallet,Fashion,2,0,5,1.0,209.72,0
53307,5.0,3,UPI,Mobile Phone,5,1,3,18.0,167.02,1
53308,1.0,3,UPI,Mobile Phone,1,0,6,9.0,136.48,1
53309,5.0,2,Debit Card,Laptop & Accessory,4,0,3,4.0,112.83,0
53310,6.0,1,Credit Card,Mobile Phone,3,0,1,3.0,263.47,0
53311,13.0,1,Debit Card,Laptop & Accessory,5,1,1,2.0,237.59,0
53312,11.0,3,Credit Card,Grocery,2,0,5,4.0,279.79,0
53313,12.0,1,E wallet,Fashion,3,1,2,16.0,180.97,1
53314,0.0,3,Credit Card,Mobile Phone,2,1,6,0.0,224.97,1
53315,2.0,1,UPI,Fashion,4,1,2,4.0,119.53,1
53316,11.0,1,E wallet,Laptop & Accessory,3,0,2,15.0,279.91,1
53317,7.0,3,Debit Card,Fashion,2,0,3,7.0,175.06,0
53318,0.0,1,Credit Card,Laptop & Accessory,4,0,3,8.0,248.36,0
53319,16.0,1,Debit Card,Fashion,5,1,3,5.0,138.54,0
53320,15.0,1,Debit Card,Mobile Phone,3,0,4,13.0,223.31,0
53321,8.0,1,Debit Card,Laptop & Accessory,3,0,2,13.0,159.64,0
53322,1.0,1,UPI,Laptop & Accessory,4,0,2,4.0,181.73,0
53323,15.0,1,Credit Card,Laptop & Accessory,4,1,1,7.0,198.27,0
53324,9.0,1,Credit Card,Laptop & Accessory,4,0,4,22.0,147.31,0
53325,15.0,2,E wallet,Others,3,0,2,3.0,139.75,0
53326,14.0,1,E wallet,Mobile Phone,5,1,4,2.0,142.38,0
53327,16.0,3,E wallet,Mobile Phone,2,0,2,1.0,199.03,0
53328,7.0,1,Debit Card,Mobile Phone,3,0,3,6.0,176.93,0
53329,2.0,1,Credit Card,Mobile Phone,3,0,4,1.0,265.33,0
53330,11.0,1,Credit Card,Laptop & Accessory,5,1,3,4.0,216.25,0
53331,10.0,2,Credit Card,Laptop & Accessory,5,0,2,0.0,198.12,0
53332,14.0,3,Debit Card,Fashion,5,1,1,26.0,193.11,1
53333,2.0,3,Debit Card,Fashion,1,0,4,5.0,196.37,0
53334,2.0,1,UPI,Grocery,4,1,3,0.0,207.12,0
53335,22.0,1,Debit Card,Laptop & Accessory,2,1,4,6.0,232.5,0
53336,14.0,3,Credit Card,Laptop & Accessory,5,0,5,5.0,151.81,0
53337,24.0,3,Debit Card,Grocery,3,0,2,6.0,232.21,0
53338,14.0,3,Debit Card,Fashion,4,1,3,8.0,111.01,0
53339,9.0,1,Debit Card,Others,3,0,3,6.0,223.29,0
53340,11.0,3,Credit Card,Mobile Phone,3,0,3,1.0,175.25,0
53341,22.0,1,UPI,Mobile Phone,4,0,1,2.0,171.32,0
53342,9.0,1,Debit Card,Laptop & Accessory,4,0,3,1.0,155.53,0
53343,10.0,1,Debit Card,Laptop & Accessory,4,0,3,6.0,140.91,0
53344,2.0,1,Credit Card,Laptop & Accessory,3,0,2,3.0,134.91,0
53345,6.0,2,Debit Card,Laptop & Accessory,4,0,1,0.0,160.85,1
53346,13.0,3,UPI,Mobile Phone,5,0,3,3.0,161.82,0
53347,3.0,2,Debit Card,Grocery,1,0,3,3.0,213.76,0
53348,2.0,1,Credit Card,Laptop & Accessory,2,0,1,4.0,304.45,0
53349,4.0,1,Credit Card,Laptop & Accessory,4,0,2,12.0,113.96,1
53350,3.0,2,E wallet,Others,3,0,5,8.0,190.26,0
53351,2.0,1,Credit Card,Laptop & Accessory,3,0,3,7.0,169.45,0
53352,6.0,3,Debit Card,Mobile Phone,2,0,2,1.0,177.07,0
53353,24.0,2,Debit Card,Fashion,4,0,5,12.0,271.7,0
53354,7.0,2,UPI,Laptop & Accessory,3,0,4,2.0,142.04,0
53355,2.0,1,E wallet,Grocery,3,0,8,3.0,122.28,0
53356,1.0,3,Debit Card,Mobile Phone,5,0,4,0.0,217.04,0
53357,12.0,1,E wallet,Laptop & Accessory,4,0,2,5.0,112.4,0
53358,5.0,1,Credit Card,Grocery,4,0,5,14.0,189.47,1
53359,17.0,2,Credit Card,Mobile Phone,2,0,3,1.0,246.95,0
53360,11.0,1,Debit Card,Mobile Phone,3,0,5,1.0,127.64,0
53361,16.0,3,E wallet,Mobile Phone,2,0,2,1.0,124.84,0
53362,3.0,1,Debit Card,Laptop & Accessory,5,0,2,2.0,224.4,0
53363,12.0,1,E wallet,Laptop & Accessory,4,1,6,7.0,184.19,0
53364,3.0,3,Debit Card,Laptop & Accessory,1,1,2,9.0,195.42,1
53365,28.0,1,E wallet,Laptop & Accessory,3,1,1,7.0,215.66,0
53366,10.0,1,Debit Card,Laptop & Accessory,3,0,2,2.0,189.79,0
53367,4.0,1,Debit Card,Laptop & Accessory,3,0,2,5.0,157.42,0
53368,3.0,1,Debit Card,Laptop & Accessory,2,0,2,5.0,167.06,0
53369,2.0,2,Debit Card,Laptop & Accessory,1,0,1,3.0,120.11,0
53370,12.0,1,Credit Card,Fashion,3,0,1,4.0,193.85,0
53371,2.0,3,Debit Card,Laptop & Accessory,3,1,3,4.0,128.49,1
53372,9.0,2,COD,Mobile Phone,4,1,2,1.0,114.95,0
53373,3.0,1,Credit Card,Mobile Phone,3,0,1,13.0,239.84,0
53374,11.0,2,Credit Card,Grocery,3,0,7,6.0,193.19,0
53375,17.0,1,Debit Card,Mobile Phone,4,0,4,11.0,62.89,0
53376,15.0,1,Credit Card,Grocery,1,0,3,2.0,156.2,0
53377,14.0,1,Debit Card,Mobile Phone,4,0,1,3.0,115.47,0
53378,2.0,1,E wallet,Laptop & Accessory,2,0,1,2.0,201.7,0
53379,1.0,2,Debit Card,Mobile Phone,3,0,4,9.0,162.66,0
53380,12.0,1,E wallet,Fashion,3,0,3,4.0,201.7,0
53381,5.0,1,Debit Card,Mobile Phone,3,0,2,1.0,221.15,0
53382,6.0,2,COD,Mobile Phone,5,0,4,4.0,214.8,0
53383,0.0,2,Debit Card,Fashion,3,0,3,4.0,205.63,0
53384,3.0,1,Debit Card,Laptop & Accessory,3,0,3,10.0,207.66,0
53385,0.0,2,Credit Card,Grocery,2,0,3,2.0,206.65,0
53386,21.0,1,COD,Mobile Phone,3,0,4,2.0,256.47,0
53387,3.0,3,Credit Card,Fashion,2,0,3,1.0,132.67,0
53388,8.0,1,Debit Card,Others,2,0,4,1.0,178.23,0
53389,0.0,3,Credit Card,Fashion,5,0,1,1.0,108.06,0
53390,11.0,1,UPI,Mobile Phone,1,0,1,0.0,173.05,0
53391,4.0,1,Debit Card,Grocery,4,0,3,1.0,151.03,0
53392,23.0,1,Debit Card,Mobile Phone,2,1,2,1.0,136.08,0
53393,22.0,1,E wallet,Mobile Phone,1,0,5,4.0,95.06,0
53394,4.0,2,UPI,Grocery,4,0,3,2.0,242.18,0
53395,23.0,1,E wallet,Laptop & Accessory,4,0,5,13.0,118.28,0
53396,56.0,3,COD,Mobile Phone,3,0,4,0.0,145.73,0
53397,17.0,2,Debit Card,Laptop & Accessory,1,1,5,3.0,250.02,0
53398,19.0,2,Credit Card,Fashion,3,1,3,1.0,170.18,0
53399,3.0,1,Credit Card,Laptop & Accessory,2,0,2,0.0,128.03,0
53400,9.0,3,E wallet,Fashion,5,1,1,2.0,160.91,0
53401,1.0,3,E wallet,Laptop & Accessory,3,1,4,6.0,240.25,0
53402,1.0,2,UPI,Laptop & Accessory,5,1,1,12.0,191.59,0
53403,61.0,1,Debit Card,Others,3,0,2,0.0,150.41,0
53404,4.0,1,Debit Card,Laptop & Accessory,4,0,1,8.0,181.61,0
53405,14.0,1,Debit Card,Laptop & Accessory,2,0,5,1.0,104.33,1
53406,16.0,1,Credit Card,Laptop & Accessory,5,1,1,2.0,181.83,0
53407,20.0,1,Debit Card,Fashion,1,1,1,5.0,76.58,0
53408,60.0,1,E wallet,Fashion,4,0,5,2.0,171.36,0
53409,3.0,1,Debit Card,Grocery,3,1,3,12.0,143.46,0
53410,0.0,1,Debit Card,Laptop & Accessory,4,1,4,4.0,128.45,0
53411,5.0,1,Credit Card,Mobile Phone,4,0,1,5.0,193.36,0
53412,1.0,3,E wallet,Fashion,4,0,4,1.0,144.5,0
53413,0.0,1,Debit Card,Mobile Phone,2,1,2,3.0,157.16,0
53414,4.0,2,E wallet,Fashion,3,0,4,0.0,162.86,0
53415,15.0,1,Credit Card,Fashion,3,0,2,4.0,51.65,0
53416,8.0,1,Debit Card,Laptop & Accessory,3,0,6,3.0,189.21,1
53417,4.0,1,Debit Card,Laptop & Accessory,3,0,3,2.0,148.75,0
53418,11.0,2,E wallet,Fashion,5,0,6,5.0,106.85,0
53419,3.0,1,Debit Card,Mobile Phone,5,1,3,7.0,155.76,1
53420,0.0,3,UPI,Mobile Phone,3,0,1,0.0,161.55,0
53421,14.0,1,Credit Card,Mobile Phone,5,0,6,2.0,223.46,0
53422,10.0,1,Debit Card,Laptop & Accessory,5,1,2,1.0,168.54,1
53423,14.0,2,Debit Card,Mobile Phone,2,0,3,2.0,243.27,0
53424,0.0,1,Debit Card,Laptop & Accessory,4,1,2,1.0,278.46,0
53425,18.0,2,Credit Card,Fashion,5,0,2,8.0,149.07,0
53426,10.0,1,Credit Card,Laptop & Accessory,3,1,1,0.0,272.48,0
53427,8.0,1,E wallet,Fashion,3,0,5,1.0,155.38,0
53428,10.0,2,Debit Card,Fashion,4,0,6,5.0,220.22,0
53429,20.0,3,Debit Card,Mobile Phone,2,1,9,25.0,121.16,1
53430,9.0,1,Debit Card,Laptop & Accessory,2,0,1,13.0,140.6,0
53431,9.0,3,Debit Card,Laptop & Accessory,5,0,2,5.0,164.43,0
53432,47.0,1,Credit Card,Laptop & Accessory,1,0,2,3.0,147.34,0
53433,14.0,3,COD,Laptop & Accessory,5,0,1,2.0,200.62,0
53434,6.0,2,Credit Card,Laptop & Accessory,3,0,3,10.0,204.66,0
53435,12.0,1,E wallet,Fashion,3,1,3,0.0,185.4,0
53436,5.0,1,Debit Card,Others,3,0,5,2.0,216.92,0
53437,3.0,1,Debit Card,Laptop & Accessory,4,1,3,1.0,143.48,1
53438,9.0,1,Debit Card,Laptop & Accessory,5,0,4,1.0,133.34,0
53439,26.0,1,Debit Card,Grocery,5,1,1,0.0,266.6,0
53440,26.0,1,Credit Card,Fashion,4,0,7,1.0,175.72,0
53441,4.0,3,Debit Card,Mobile Phone,3,0,6,1.0,220.72,0
53442,8.0,1,UPI,Others,3,0,2,2.0,214.13,0
53443,2.0,1,COD,Mobile Phone,1,0,3,1.0,166.16,0
53444,54.0,1,Debit Card,Fashion,2,0,4,1.0,132.65,0
53445,40.0,3,E wallet,Fashion,3,1,2,8.0,131.66,0
53446,10.0,1,Credit Card,Laptop & Accessory,3,1,3,7.0,198.53,0
53447,16.0,1,Debit Card,Mobile Phone,1,0,2,6.0,72.63,0
53448,13.0,1,UPI,Laptop & Accessory,1,1,2,1.0,181.58,0
53449,9.0,1,Debit Card,Mobile Phone,3,0,4,5.0,214.74,0
53450,1.0,1,E wallet,Laptop & Accessory,1,0,2,7.0,178.68,0
53451,6.0,1,Debit Card,Mobile Phone,3,0,3,1.0,258.93,0
53452,11.0,1,Debit Card,Laptop & Accessory,3,1,2,3.0,233.37,0
53453,11.0,1,Credit Card,Laptop & Accessory,2,0,4,4.0,179.98,0
53454,5.0,1,UPI,Laptop & Accessory,1,0,4,1.0,151.19,0
53455,28.0,1,Debit Card,Fashion,3,0,7,7.0,197.69,0
53456,2.0,1,Debit Card,Mobile Phone,3,1,1,4.0,143.99,1
53457,7.0,3,Credit Card,Fashion,5,0,4,2.0,131.17,0
53458,12.0,3,Debit Card,Grocery,2,0,2,2.0,199.67,0
53459,12.0,1,Credit Card,Laptop & Accessory,4,0,2,2.0,235.03,0
53460,10.0,1,E wallet,Mobile Phone,3,0,8,3.0,104.96,0
53461,3.0,1,UPI,Fashion,2,0,2,4.0,120.84,0
53462,2.0,1,E wallet,Mobile Phone,3,0,3,3.0,146.76,0
53463,10.0,1,UPI,Grocery,3,0,2,1.0,172.84,0
53464,9.0,1,E wallet,Mobile Phone,3,0,1,5.0,110.37,0
53465,2.0,3,UPI,Mobile Phone,4,0,1,1.0,107.57,0
53466,12.0,3,Debit Card,Fashion,5,1,3,1.0,121.28,0
53467,6.0,1,Credit Card,Laptop & Accessory,2,0,4,5.0,177.78,0
53468,11.0,1,COD,Mobile Phone,2,0,4,3.0,199.33,0
53469,18.0,3,Credit Card,Laptop & Accessory,3,0,1,4.0,243.29,0
53470,2.0,3,UPI,Laptop & Accessory,3,1,2,2.0,182.1,0
53471,0.0,3,Debit Card,Laptop & Accessory,5,1,7,0.0,149.51,0
53472,15.0,1,UPI,Mobile Phone,5,0,1,14.0,177.68,0
53473,9.0,1,Credit Card,Grocery,2,0,3,4.0,212.63,0
53474,12.0,2,Debit Card,Laptop & Accessory,4,0,6,3.0,220.36,0
53475,18.0,1,Debit Card,Fashion,4,1,7,14.0,145.53,0
53476,16.0,1,Debit Card,Laptop & Accessory,4,0,5,21.0,169.85,0
53477,32.0,1,UPI,Laptop & Accessory,3,0,1,0.0,235.09,0
53478,8.0,3,Credit Card,Grocery,1,0,2,2.0,202.42,1
53479,7.0,3,UPI,Laptop & Accessory,3,0,5,5.0,179.51,0
53480,5.0,1,Credit Card,Laptop & Accessory,4,0,1,11.0,110.08,0
53481,2.0,3,UPI,Laptop & Accessory,5,1,3,4.0,70.76,0
53482,9.0,1,Credit Card,Laptop & Accessory,4,0,2,21.0,203.47,1
53483,3.0,3,Debit Card,Laptop & Accessory,3,1,3,6.0,295.53,0
53484,25.0,1,Debit Card,Laptop & Accessory,5,0,4,0.0,107.33,0
53485,9.0,1,COD,Mobile Phone,3,1,3,3.0,184.25,1
53486,9.0,1,Debit Card,Mobile Phone,2,0,1,16.0,145.52,1
53487,4.0,1,Debit Card,Mobile Phone,4,0,5,1.0,149.72,0
53488,1.0,1,Debit Card,Grocery,3,0,1,14.0,41.12,1
53489,0.0,1,Debit Card,Laptop & Accessory,5,0,3,2.0,133.08,0
53490,6.0,3,UPI,Mobile Phone,3,0,3,12.0,94.09,0
53491,1.0,1,Credit Card,Laptop & Accessory,2,1,1,5.0,269.32,0
53492,9.0,1,Credit Card,Laptop & Accessory,2,0,1,2.0,183.83,0
53493,21.0,1,UPI,Fashion,4,0,5,12.0,179.54,0
53494,21.0,1,Credit Card,Fashion,3,1,2,0.0,176.04,0
53495,11.0,1,E wallet,Laptop & Accessory,3,0,1,7.0,99.18,0
53496,2.0,2,Debit Card,Laptop & Accessory,4,0,1,5.0,154.99,0
53497,20.0,1,COD,Laptop & Accessory,2,1,4,2.0,227.81,0
53498,22.0,1,Debit Card,Fashion,2,0,6,4.0,147.47,0
53499,2.0,2,E wallet,Fashion,4,0,3,7.0,36.54,0
53500,13.0,1,Credit Card,Mobile Phone,1,0,3,1.0,168.07,0
53501,3.0,1,Debit Card,Laptop & Accessory,5,0,3,2.0,201.8,0
53502,16.0,3,Debit Card,Mobile Phone,2,0,6,2.0,185.36,0
53503,59.0,1,Debit Card,Fashion,3,0,1,7.0,189.86,0
53504,0.0,1,Debit Card,Mobile Phone,2,0,2,12.0,266.44,0
53505,23.0,3,Credit Card,Laptop & Accessory,2,0,5,14.0,241.13,0
53506,10.0,1,COD,Laptop & Accessory,5,1,8,2.0,151.92,0
53507,36.0,1,Credit Card,Laptop & Accessory,4,1,2,3.0,232.57,0
53508,6.0,3,Credit Card,Laptop & Accessory,3,0,5,12.0,152.4,0
53509,19.0,1,Debit Card,Fashion,3,1,4,0.0,167.56,0
53510,1.0,1,Debit Card,Laptop & Accessory,2,1,2,7.0,209.91,0
53511,4.0,3,Credit Card,Grocery,4,0,3,5.0,100.89,0
53512,1.0,3,COD,Mobile Phone,4,0,5,1.0,158.21,0
53513,37.0,1,UPI,Mobile Phone,3,0,7,8.0,125.19,0
53514,17.0,1,Debit Card,Mobile Phone,3,0,1,0.0,85.92,0
53515,19.0,3,Credit Card,Laptop & Accessory,4,0,5,1.0,171.54,0
53516,28.0,2,Credit Card,Laptop & Accessory,4,1,2,4.0,185.43,0
53517,1.0,1,Credit Card,Others,2,0,3,2.0,147.29,0
53518,5.0,1,Credit Card,Mobile Phone,3,0,1,1.0,238.54,0
53519,1.0,1,E wallet,Laptop & Accessory,5,0,4,6.0,112.42,1
53520,2.0,3,Debit Card,Laptop & Accessory,4,1,2,1.0,117.85,1
53521,3.0,3,UPI,Laptop & Accessory,2,0,6,20.0,214.24,1
53522,6.0,3,Debit Card,Laptop & Accessory,3,0,2,14.0,166.32,0
53523,3.0,3,Credit Card,Laptop & Accessory,5,1,1,3.0,195.94,0
53524,1.0,1,UPI,Laptop & Accessory,3,0,2,7.0,203.41,0
53525,2.0,1,Credit Card,Fashion,4,0,2,8.0,184.92,1
53526,2.0,2,Debit Card,Fashion,1,0,2,4.0,128.86,0
53527,36.0,2,Debit Card,Laptop & Accessory,5,0,2,8.0,186.79,0
53528,14.0,1,Credit Card,Mobile Phone,4,0,1,8.0,257.87,0
53529,34.0,1,Debit Card,Laptop & Accessory,2,0,3,22.0,214.06,0
53530,6.0,3,Credit Card,Laptop & Accessory,3,0,3,2.0,140.85,0
53531,3.0,1,Debit Card,Mobile Phone,1,0,5,10.0,93.85,0
53532,16.0,1,E wallet,Grocery,4,0,1,6.0,207.22,0
53533,4.0,1,Debit Card,Laptop & Accessory,4,1,3,1.0,256.02,0
53534,4.0,2,Credit Card,Mobile Phone,3,0,2,1.0,269.1,0
53535,3.0,1,Credit Card,Others,3,1,1,8.0,195.64,0
53536,1.0,3,Credit Card,Fashion,3,0,3,3.0,177.13,0
53537,3.0,1,Debit Card,Laptop & Accessory,1,0,2,10.0,119.51,1
53538,4.0,1,Credit Card,Laptop & Accessory,3,0,3,4.0,103.28,0
53539,11.0,1,Credit Card,Others,2,1,2,2.0,237.04,1
53540,1.0,2,Debit Card,Laptop & Accessory,2,0,3,10.0,182.7,0
53541,2.0,3,E wallet,Mobile Phone,5,0,5,12.0,261.84,0
53542,17.0,3,UPI,Laptop & Accessory,3,0,3,3.0,173.2,0
53543,2.0,3,Debit Card,Mobile Phone,3,0,1,3.0,160.41,0
53544,4.0,1,Credit Card,Laptop & Accessory,5,0,2,12.0,222.75,0
53545,20.0,1,Credit Card,Fashion,3,0,5,2.0,185.81,0
53546,2.0,1,Debit Card,Laptop & Accessory,3,0,3,5.0,203.41,0
53547,1.0,1,Debit Card,Mobile Phone,2,0,3,0.0,156.59,0
53548,7.0,3,COD,Laptop & Accessory,3,0,2,35.0,175.8,1
53549,4.0,2,Credit Card,Laptop & Accessory,3,0,4,1.0,242.22,0
53550,8.0,3,UPI,Fashion,3,0,2,1.0,150.94,0
53551,16.0,1,Credit Card,Others,1,0,5,1.0,249.04,0
53552,1.0,1,Debit Card,Grocery,3,0,4,0.0,291.26,0
53553,9.0,1,Debit Card,Laptop & Accessory,5,0,1,7.0,208.17,0
53554,7.0,1,E wallet,Mobile Phone,2,1,2,3.0,148.84,1
53555,2.0,1,Credit Card,Fashion,1,0,3,3.0,151.88,0
53556,10.0,1,Debit Card,Mobile Phone,2,0,1,18.0,200.14,0
53557,3.0,1,Credit Card,Fashion,4,1,6,1.0,133.03,1
53558,7.0,1,E wallet,Others,4,0,2,0.0,227.75,0
53559,1.0,1,E wallet,Laptop & Accessory,1,0,4,5.0,190.42,0
53560,6.0,1,Debit Card,Fashion,5,0,5,3.0,118.94,0
53561,4.0,1,Debit Card,Laptop & Accessory,4,1,4,1.0,170.15,1
53562,17.0,1,COD,Grocery,3,0,2,3.0,185.43,0
53563,1.0,1,UPI,Fashion,3,0,5,1.0,122.76,0
53564,5.0,1,Debit Card,Mobile Phone,3,0,3,16.0,92.71,0
53565,6.0,1,E wallet,Fashion,5,1,5,11.0,214.77,0
53566,13.0,1,Debit Card,Fashion,5,0,2,4.0,205.69,0
53567,9.0,1,Debit Card,Mobile Phone,4,0,2,3.0,112.15,0
53568,11.0,2,Debit Card,Others,4,0,3,2.0,161.37,0
53569,15.0,1,Debit Card,Laptop & Accessory,2,0,4,6.0,325.0,1
53570,20.0,3,UPI,Others,5,0,2,1.0,221.38,0
53571,4.0,1,Credit Card,Laptop & Accessory,4,0,6,7.0,136.82,0
53572,8.0,1,Debit Card,Mobile Phone,3,1,4,3.0,210.06,0
53573,18.0,3,E wallet,Laptop & Accessory,5,0,2,4.0,135.99,0
53574,46.0,1,E wallet,Laptop & Accessory,2,1,2,6.0,226.59,0
53575,22.0,2,Debit Card,Fashion,2,0,3,7.0,163.49,0
53576,5.0,1,Credit Card,Laptop & Accessory,4,0,2,6.0,145.92,0
53577,2.0,1,E wallet,Others,4,0,5,2.0,142.62,0
53578,7.0,2,E wallet,Laptop & Accessory,4,0,1,1.0,239.45,0
53579,14.0,1,E wallet,Laptop & Accessory,4,1,1,2.0,85.13,0
53580,7.0,1,Debit Card,Grocery,2,0,4,1.0,126.2,0
53581,7.0,1,Debit Card,Fashion,3,1,3,10.0,164.84,0
53582,18.0,1,E wallet,Fashion,4,0,2,0.0,163.65,0
53583,4.0,1,UPI,Laptop & Accessory,2,0,2,4.0,204.69,0
53584,20.0,1,Debit Card,Fashion,3,0,2,13.0,146.35,0
53585,5.0,2,Debit Card,Laptop & Accessory,4,0,5,18.0,127.31,0
53586,4.0,2,UPI,Others,5,0,1,11.0,184.66,0
53587,6.0,1,Debit Card,Fashion,2,1,3,3.0,178.25,0
53588,14.0,3,Debit Card,Grocery,3,1,1,5.0,85.57,1
53589,1.0,1,Debit Card,Fashion,5,1,1,1.0,160.49,0
53590,2.0,1,Credit Card,Mobile Phone,2,0,1,1.0,194.77,0
53591,30.0,3,Debit Card,Fashion,4,0,3,1.0,185.84,0
53592,2.0,2,Credit Card,Mobile Phone,2,0,6,4.0,176.43,0
53593,8.0,2,Debit Card,Laptop & Accessory,5,1,1,4.0,160.51,0
53594,9.0,1,COD,Laptop & Accessory,3,1,2,1.0,146.04,0
53595,7.0,1,UPI,Laptop & Accessory,5,0,4,1.0,194.14,0
53596,10.0,3,UPI,Fashion,2,1,8,7.0,160.77,0
53597,3.0,1,UPI,Mobile Phone,4,1,3,1.0,189.63,0
53598,8.0,2,Credit Card,Mobile Phone,4,0,3,4.0,158.16,0
53599,5.0,1,Debit Card,Grocery,4,0,2,1.0,232.89,0
53600,11.0,3,Debit Card,Mobile Phone,2,0,2,4.0,174.57,0
53601,2.0,1,Debit Card,Laptop & Accessory,3,1,5,5.0,179.03,0
53602,8.0,1,Debit Card,Laptop & Accessory,3,0,4,19.0,234.4,0
53603,2.0,1,Credit Card,Laptop & Accessory,3,0,2,1.0,122.21,0
53604,3.0,2,COD,Laptop & Accessory,4,0,5,6.0,124.37,0
53605,2.0,2,Credit Card,Laptop & Accessory,1,0,3,7.0,174.25,0
53606,2.0,1,Credit Card,Fashion,4,0,4,1.0,52.85,0
53607,17.0,2,Credit Card,Laptop & Accessory,3,1,3,3.0,85.27,0
53608,3.0,1,Debit Card,Laptop & Accessory,2,0,5,6.0,186.83,0
53609,26.0,1,UPI,Others,2,1,1,6.0,236.34,0
53610,35.0,1,Credit Card,Others,1,0,3,3.0,188.65,0
53611,8.0,1,Debit Card,Fashion,3,1,3,6.0,220.84,0
53612,2.0,1,UPI,Laptop & Accessory,4,0,3,4.0,109.38,0
53613,5.0,1,Credit Card,Fashion,4,1,4,1.0,95.03,1
53614,16.0,2,Credit Card,Mobile Phone,5,0,3,8.0,190.27,0
53615,5.0,2,Credit Card,Laptop & Accessory,3,0,2,2.0,200.58,0
53616,1.0,1,E wallet,Mobile Phone,4,1,2,18.0,183.95,1
53617,8.0,1,Debit Card,Laptop & Accessory,4,0,1,8.0,145.91,0
53618,19.0,3,UPI,Others,1,0,5,7.0,120.11,0
53619,16.0,2,COD,Fashion,5,0,5,8.0,196.23,0
53620,2.0,1,Credit Card,Laptop & Accessory,5,0,3,2.0,230.67,0
53621,11.0,3,Credit Card,Mobile Phone,3,1,2,0.0,214.18,1
53622,2.0,1,UPI,Mobile Phone,3,0,2,3.0,276.45,0
53623,2.0,1,Debit Card,Grocery,5,1,2,2.0,157.71,0
53624,21.0,1,COD,Laptop & Accessory,3,1,1,1.0,162.27,0
53625,3.0,1,Credit Card,Laptop & Accessory,4,1,1,2.0,180.67,0
53626,3.0,3,Credit Card,Laptop & Accessory,1,0,7,5.0,107.34,1
53627,0.0,1,Credit Card,Laptop & Accessory,3,0,3,0.0,197.96,0
53628,20.0,1,Credit Card,Others,1,0,2,2.0,194.56,0
53629,16.0,3,Debit Card,Grocery,3,0,3,2.0,165.04,0
53630,10.0,3,E wallet,Laptop & Accessory,5,0,2,1.0,117.92,0
53631,14.0,2,Credit Card,Laptop & Accessory,4,0,4,11.0,151.76,0
53632,2.0,1,E wallet,Mobile Phone,3,0,7,10.0,161.75,0
53633,6.0,1,Debit Card,Fashion,3,1,1,5.0,113.06,0
53634,4.0,2,Credit Card,Laptop & Accessory,1,0,2,8.0,151.08,0
53635,1.0,1,E wallet,Mobile Phone,4,0,3,6.0,63.94,1
53636,7.0,1,COD,Laptop & Accessory,4,0,3,0.0,109.98,0
53637,25.0,1,UPI,Laptop & Accessory,5,0,4,8.0,200.38,0
53638,0.0,1,UPI,Fashion,3,0,6,3.0,182.38,0
53639,3.0,1,Debit Card,Mobile Phone,3,0,2,4.0,205.34,0
53640,2.0,1,E wallet,Mobile Phone,5,0,3,19.0,160.44,0
53641,3.0,1,Debit Card,Fashion,2,1,1,15.0,185.86,0
53642,24.0,1,Debit Card,Fashion,3,0,3,2.0,151.44,0
53643,6.0,1,Debit Card,Laptop & Accessory,3,0,2,2.0,138.1,0
53644,6.0,1,UPI,Mobile Phone,3,1,3,0.0,191.84,1
53645,14.0,2,Debit Card,Grocery,3,0,4,3.0,125.56,0
53646,2.0,3,Debit Card,Mobile Phone,2,0,1,2.0,187.87,0
53647,7.0,1,Debit Card,Fashion,5,0,3,0.0,175.18,0
53648,6.0,1,Credit Card,Laptop & Accessory,4,1,3,2.0,205.08,0
53649,9.0,1,UPI,Laptop & Accessory,3,0,3,4.0,175.45,1
53650,61.0,1,Credit Card,Laptop & Accessory,3,0,3,2.0,244.93,0
53651,15.0,1,Credit Card,Mobile Phone,5,0,6,1.0,168.65,0
53652,5.0,1,Debit Card,Laptop & Accessory,3,1,3,0.0,170.21,0
53653,18.0,2,Debit Card,Grocery,4,0,2,8.0,201.58,0
53654,2.0,1,Debit Card,Mobile Phone,2,1,5,1.0,168.28,1
53655,0.0,1,Credit Card,Mobile Phone,3,0,1,10.0,171.99,1
53656,2.0,1,Credit Card,Fashion,3,0,3,2.0,162.82,1
53657,4.0,2,Debit Card,Mobile Phone,4,1,1,13.0,295.48,0
53658,7.0,1,E wallet,Fashion,3,0,6,24.0,308.32,0
53659,10.0,2,COD,Fashion,5,0,1,4.0,153.36,0
53660,24.0,1,Debit Card,Laptop & Accessory,2,0,4,4.0,110.54,0
53661,7.0,2,Debit Card,Laptop & Accessory,4,0,1,2.0,178.21,0
53662,7.0,3,E wallet,Others,3,1,4,11.0,214.34,0
53663,1.0,3,Debit Card,Fashion,5,0,1,2.0,207.06,0
53664,0.0,1,Debit Card,Fashion,5,0,2,4.0,246.07,0
53665,8.0,1,Debit Card,Fashion,2,0,5,5.0,223.67,0
53666,6.0,1,UPI,Mobile Phone,3,1,7,15.0,144.4,0
53667,18.0,3,Credit Card,Mobile Phone,2,0,4,3.0,214.25,0
53668,2.0,1,Debit Card,Others,4,0,4,2.0,173.37,0
53669,0.0,1,Debit Card,Fashion,5,0,3,2.0,97.28,0
53670,6.0,1,Debit Card,Grocery,3,0,3,6.0,227.7,0
53671,3.0,1,Debit Card,Mobile Phone,3,0,7,1.0,190.69,0
53672,1.0,1,Credit Card,Grocery,2,1,4,3.0,221.07,0
53673,13.0,1,E wallet,Fashion,3,0,5,0.0,251.43,0
53674,1.0,1,Debit Card,Fashion,3,0,2,5.0,138.26,1
53675,9.0,1,Debit Card,Laptop & Accessory,2,1,4,3.0,128.59,1
53676,3.0,3,Debit Card,Mobile Phone,3,0,6,3.0,141.6,0
53677,2.0,2,Debit Card,Laptop & Accessory,5,0,3,1.0,222.0,0
53678,5.0,3,COD,Fashion,3,1,1,6.0,153.05,0
53679,16.0,1,Debit Card,Mobile Phone,3,0,1,12.0,88.54,0
53680,5.0,2,Debit Card,Laptop & Accessory,3,1,2,2.0,132.44,0
53681,14.0,1,Debit Card,Mobile Phone,5,0,4,22.0,100.73,0
53682,1.0,1,Credit Card,Mobile Phone,4,0,2,1.0,201.36,0
53683,15.0,1,UPI,Fashion,2,0,4,2.0,164.73,0
53684,3.0,1,Debit Card,Mobile Phone,4,1,3,2.0,181.1,0
53685,11.0,1,Credit Card,Mobile Phone,4,1,4,6.0,165.73,1
53686,8.0,3,Debit Card,Fashion,5,0,2,0.0,70.37,0
53687,26.0,1,E wallet,Fashion,5,1,1,4.0,141.27,1
53688,5.0,1,Credit Card,Others,1,1,2,13.0,179.3,0
53689,1.0,1,Credit Card,Laptop & Accessory,3,1,6,13.0,157.94,0
53690,0.0,1,Credit Card,Fashion,4,1,6,24.0,232.55,0
53691,18.0,1,UPI,Laptop & Accessory,5,0,3,9.0,206.06,0
53692,7.0,1,Credit Card,Fashion,1,0,5,2.0,173.7,0
53693,15.0,2,Credit Card,Fashion,3,0,4,1.0,226.71,0
53694,3.0,1,Credit Card,Fashion,3,0,2,0.0,228.57,0
53695,4.0,1,Credit Card,Laptop & Accessory,3,0,3,2.0,205.76,0
53696,0.0,2,Debit Card,Others,3,1,4,14.0,180.73,1
53697,33.0,3,Debit Card,Others,3,0,1,4.0,164.08,0
53698,11.0,3,Debit Card,Laptop & Accessory,5,0,5,2.0,179.43,0
53699,27.0,1,Credit Card,Mobile Phone,5,0,6,0.0,198.76,0
53700,3.0,1,Credit Card,Grocery,4,1,3,4.0,192.78,1
53701,9.0,1,Debit Card,Mobile Phone,3,1,1,17.0,116.0,1
53702,11.0,2,Credit Card,Mobile Phone,5,0,3,27.0,188.39,0
53703,4.0,3,UPI,Mobile Phone,1,0,6,4.0,264.34,0
53704,19.0,1,Debit Card,Fashion,2,0,3,9.0,119.84,0
53705,29.0,1,Debit Card,Mobile Phone,5,0,2,1.0,192.88,0
53706,22.0,2,UPI,Mobile Phone,4,0,1,24.0,222.3,0
53707,13.0,1,Credit Card,Mobile Phone,2,0,1,4.0,179.91,0
53708,3.0,1,Debit Card,Grocery,5,0,9,2.0,264.09,0
53709,3.0,1,Credit Card,Grocery,5,0,5,2.0,105.44,0
53710,33.0,1,Credit Card,Fashion,5,0,1,8.0,183.22,0
53711,0.0,3,Credit Card,Mobile Phone,2,1,2,14.0,94.75,1
53712,13.0,1,Credit Card,Fashion,3,0,1,18.0,63.02,1
53713,12.0,1,Credit Card,Mobile Phone,3,1,2,5.0,146.63,0
53714,10.0,1,E wallet,Fashion,4,1,1,4.0,185.56,0
53715,46.0,1,Debit Card,Mobile Phone,5,0,2,2.0,185.51,0
53716,4.0,1,E wallet,Laptop & Accessory,5,0,3,6.0,216.67,1
53717,4.0,1,COD,Mobile Phone,5,1,4,1.0,120.28,0
53718,1.0,1,Debit Card,Grocery,1,0,5,24.0,159.97,0
53719,6.0,2,E wallet,Grocery,4,0,8,11.0,142.86,0
53720,3.0,2,Debit Card,Laptop & Accessory,5,0,2,5.0,92.15,0
53721,4.0,1,Debit Card,Mobile Phone,3,0,3,3.0,212.72,0
53722,18.0,1,UPI,Mobile Phone,2,0,2,10.0,185.5,0
53723,27.0,3,Debit Card,Mobile Phone,4,1,1,5.0,216.74,0
53724,2.0,1,Debit Card,Others,1,0,6,12.0,148.13,1
53725,5.0,2,Credit Card,Mobile Phone,5,0,3,2.0,270.12,0
53726,26.0,1,Credit Card,Grocery,2,0,5,10.0,146.68,0
53727,1.0,2,Credit Card,Fashion,3,0,2,0.0,162.52,0
53728,1.0,2,Debit Card,Laptop & Accessory,5,1,5,1.0,182.25,0
53729,2.0,2,Debit Card,Fashion,5,0,5,8.0,205.71,0
53730,9.0,3,Debit Card,Fashion,4,0,3,7.0,163.28,0
53731,2.0,3,Credit Card,Fashion,5,0,3,3.0,195.75,0
53732,34.0,1,Credit Card,Laptop & Accessory,5,0,3,1.0,187.63,0
53733,6.0,1,Credit Card,Laptop & Accessory,5,0,3,0.0,261.05,0
53734,7.0,1,Credit Card,Fashion,4,0,3,2.0,224.64,0
53735,3.0,2,Debit Card,Laptop & Accessory,4,0,8,5.0,219.7,0
53736,6.0,2,E wallet,Grocery,4,1,4,2.0,97.77,0
53737,11.0,1,Debit Card,Mobile Phone,3,0,9,10.0,160.06,0
53738,14.0,1,Debit Card,Laptop & Accessory,5,0,1,1.0,204.62,0
53739,14.0,2,E wallet,Fashion,4,0,4,1.0,215.03,0
53740,9.0,1,Debit Card,Mobile Phone,5,0,9,7.0,122.57,0
53741,23.0,1,Credit Card,Laptop & Accessory,1,0,2,5.0,160.13,0
53742,17.0,2,Debit Card,Laptop & Accessory,4,0,1,3.0,169.25,0
53743,14.0,1,Credit Card,Laptop & Accessory,3,1,3,13.0,126.04,0
53744,1.0,1,Debit Card,Laptop & Accessory,3,1,3,0.0,115.88,1
53745,0.0,1,COD,Mobile Phone,4,0,6,1.0,199.12,0
53746,2.0,1,Debit Card,Fashion,5,1,5,0.0,199.67,0
53747,11.0,1,Credit Card,Laptop & Accessory,1,1,3,5.0,154.91,0
53748,5.0,1,UPI,Fashion,2,0,3,1.0,157.06,0
53749,5.0,1,Credit Card,Grocery,5,0,5,9.0,103.94,0
53750,22.0,1,Credit Card,Mobile Phone,5,0,1,4.0,213.18,0
53751,23.0,1,Credit Card,Fashion,1,0,1,1.0,175.65,0
53752,24.0,1,Credit Card,Laptop & Accessory,3,0,5,5.0,157.25,0
53753,4.0,3,E wallet,Laptop & Accessory,1,0,2,6.0,179.43,0
53754,12.0,1,Debit Card,Laptop & Accessory,4,0,3,14.0,197.44,0
53755,3.0,3,UPI,Fashion,4,0,5,1.0,185.63,0
53756,2.0,3,Credit Card,Fashion,4,0,6,2.0,247.46,0
53757,2.0,1,E wallet,Others,4,0,1,0.0,143.44,0
53758,4.0,2,Debit Card,Mobile Phone,3,0,3,6.0,201.21,0
53759,6.0,1,UPI,Mobile Phone,2,1,2,19.0,227.95,0
53760,18.0,2,Debit Card,Fashion,4,0,1,1.0,204.42,0
53761,1.0,1,E wallet,Laptop & Accessory,4,1,3,11.0,132.9,1
53762,13.0,3,Credit Card,Fashion,5,0,3,8.0,231.41,0
53763,8.0,1,Credit Card,Laptop & Accessory,5,0,4,1.0,178.62,0
53764,3.0,2,Credit Card,Laptop & Accessory,4,0,3,5.0,217.01,0
53765,7.0,1,Debit Card,Laptop & Accessory,1,0,2,1.0,223.47,0
53766,4.0,3,Credit Card,Others,1,1,1,2.0,205.93,0
53767,9.0,1,Debit Card,Mobile Phone,4,0,5,7.0,141.11,0
53768,6.0,2,Credit Card,Laptop & Accessory,1,0,2,14.0,184.45,0
53769,2.0,1,E wallet,Laptop & Accessory,3,0,6,6.0,236.48,0
53770,1.0,1,Debit Card,Laptop & Accessory,2,1,3,1.0,172.77,1
53771,8.0,1,Credit Card,Laptop & Accessory,5,1,1,8.0,178.48,0
53772,23.0,3,Credit Card,Laptop & Accessory,3,0,4,4.0,76.65,0
53773,4.0,1,Debit Card,Fashion,1,0,7,3.0,203.45,0
53774,13.0,3,COD,Fashion,5,1,1,1.0,152.93,0
53775,11.0,1,Credit Card,Others,4,1,2,7.0,208.74,0
53776,27.0,3,Debit Card,Laptop & Accessory,1,1,6,3.0,137.92,0
53777,17.0,1,Debit Card,Grocery,5,0,3,2.0,204.95,0
53778,8.0,1,Credit Card,Laptop & Accessory,2,1,4,1.0,185.93,0
53779,11.0,3,Debit Card,Laptop & Accessory,5,0,3,5.0,258.87,0
53780,23.0,1,Debit Card,Laptop & Accessory,4,0,1,5.0,215.09,0
53781,5.0,1,Debit Card,Others,2,1,1,19.0,141.27,0
53782,4.0,1,Credit Card,Others,4,0,2,6.0,117.26,0
53783,0.0,1,Credit Card,Grocery,3,0,1,4.0,164.63,1
53784,18.0,1,Debit Card,Laptop & Accessory,4,1,3,2.0,271.42,0
53785,16.0,2,Credit Card,Grocery,5,1,3,6.0,192.93,0
53786,1.0,1,COD,Fashion,3,1,8,2.0,181.2,1
53787,9.0,1,COD,Laptop & Accessory,3,0,4,2.0,276.66,0
53788,6.0,1,UPI,Laptop & Accessory,5,1,4,8.0,200.41,0
53789,1.0,1,E wallet,Fashion,3,0,5,2.0,153.78,0
53790,39.0,1,Debit Card,Fashion,4,0,1,1.0,132.05,0
53791,2.0,3,Debit Card,Grocery,3,0,5,1.0,244.63,1
53792,1.0,2,Credit Card,Mobile Phone,3,0,1,4.0,205.46,0
53793,9.0,1,Credit Card,Mobile Phone,3,0,4,8.0,117.6,0
53794,13.0,3,UPI,Fashion,3,0,1,1.0,126.86,0
53795,0.0,1,Debit Card,Fashion,2,0,4,5.0,210.32,0
53796,11.0,2,Credit Card,Laptop & Accessory,4,0,8,0.0,140.33,0
53797,8.0,1,Credit Card,Fashion,2,0,2,3.0,141.7,0
53798,1.0,2,Credit Card,Laptop & Accessory,4,0,3,1.0,229.53,0
53799,2.0,1,Credit Card,Mobile Phone,4,0,5,20.0,220.15,0
53800,8.0,1,Debit Card,Laptop & Accessory,2,1,4,3.0,248.47,0
53801,4.0,1,COD,Mobile Phone,4,0,5,1.0,196.59,0
53802,28.0,1,Credit Card,Laptop & Accessory,3,1,1,7.0,132.35,0
53803,17.0,1,Credit Card,Grocery,5,0,3,1.0,177.08,0
53804,41.0,1,Debit Card,Mobile Phone,5,0,4,0.0,213.75,0
53805,3.0,1,Credit Card,Others,4,0,6,2.0,282.75,0
53806,35.0,2,Debit Card,Laptop & Accessory,3,0,2,5.0,201.07,0
53807,6.0,1,Debit Card,Fashion,5,0,2,2.0,216.54,0
53808,4.0,1,Debit Card,Others,5,1,1,3.0,203.42,0
53809,1.0,1,Debit Card,Laptop & Accessory,3,0,3,2.0,151.49,0
53810,1.0,3,Credit Card,Laptop & Accessory,4,0,1,11.0,169.81,0
53811,12.0,3,Debit Card,Fashion,1,0,4,1.0,131.8,0
53812,6.0,1,UPI,Laptop & Accessory,1,0,2,1.0,214.64,0
53813,3.0,1,Debit Card,Laptop & Accessory,3,0,4,2.0,107.53,0
53814,10.0,1,Debit Card,Others,4,0,3,2.0,136.91,0
53815,3.0,3,UPI,Fashion,3,0,6,4.0,177.09,0
53816,9.0,1,Debit Card,Mobile Phone,1,0,1,7.0,165.11,0
53817,4.0,1,Debit Card,Laptop & Accessory,4,0,2,9.0,190.56,0
53818,17.0,1,Debit Card,Laptop & Accessory,3,0,6,5.0,50.91,0
53819,17.0,1,E wallet,Laptop & Accessory,4,1,4,23.0,138.22,0
53820,6.0,1,E wallet,Mobile Phone,4,0,3,5.0,210.09,0
53821,4.0,2,Debit Card,Mobile Phone,3,0,3,0.0,275.98,0
53822,5.0,1,Credit Card,Laptop & Accessory,2,0,2,1.0,169.96,0
53823,16.0,1,Credit Card,Others,4,0,2,2.0,123.39,1
53824,4.0,1,UPI,Mobile Phone,3,1,5,2.0,195.07,0
53825,2.0,1,Debit Card,Laptop & Accessory,5,1,1,2.0,90.24,0
53826,1.0,1,E wallet,Fashion,2,1,1,5.0,150.68,0
53827,6.0,3,Debit Card,Laptop & Accessory,3,1,2,2.0,188.48,0
53828,7.0,1,Debit Card,Fashion,3,0,5,2.0,159.37,0
53829,18.0,1,Debit Card,Fashion,4,0,2,12.0,182.09,0
53830,3.0,1,E wallet,Others,4,0,1,14.0,230.55,0
53831,5.0,1,Credit Card,Laptop & Accessory,3,0,2,0.0,260.4,0
53832,17.0,1,Credit Card,Laptop & Accessory,3,1,2,3.0,274.55,0
53833,17.0,1,Credit Card,Laptop & Accessory,2,0,1,3.0,192.4,0
53834,5.0,1,Credit Card,Laptop & Accessory,4,0,5,3.0,69.46,0
53835,6.0,1,E wallet,Fashion,2,0,1,16.0,231.84,0
53836,4.0,1,Debit Card,Fashion,5,0,2,6.0,144.96,0
53837,27.0,1,Credit Card,Others,5,0,6,16.0,130.21,0
53838,1.0,1,Debit Card,Laptop & Accessory,5,0,1,2.0,124.65,0
53839,27.0,2,Credit Card,Fashion,5,1,2,1.0,238.76,0
53840,12.0,1,E wallet,Laptop & Accessory,2,0,3,5.0,158.03,0
53841,8.0,1,Credit Card,Grocery,3,0,4,4.0,55.06,1
53842,0.0,1,E wallet,Laptop & Accessory,1,1,7,10.0,242.19,1
53843,6.0,1,Debit Card,Fashion,2,1,1,10.0,201.52,0
53844,5.0,1,Credit Card,Laptop & Accessory,1,1,3,3.0,210.43,1
53845,2.0,3,Debit Card,Laptop & Accessory,4,0,2,9.0,185.25,1
53846,11.0,3,UPI,Fashion,3,0,6,2.0,175.57,0
53847,35.0,1,Debit Card,Grocery,5,0,1,1.0,157.34,0
53848,8.0,1,Credit Card,Fashion,3,1,4,3.0,241.66,1
53849,13.0,1,E wallet,Laptop & Accessory,4,0,2,9.0,190.35,0
53850,1.0,1,UPI,Laptop & Accessory,3,0,1,3.0,241.23,0
53851,5.0,2,Credit Card,Laptop & Accessory,5,0,1,3.0,182.31,0
53852,1.0,2,Debit Card,Fashion,5,1,3,0.0,166.34,0
53853,9.0,3,Credit Card,Laptop & Accessory,3,0,7,1.0,251.93,1
53854,28.0,1,Debit Card,Grocery,1,0,2,3.0,142.92,0
53855,11.0,1,Credit Card,Mobile Phone,2,0,2,3.0,88.01,0
53856,1.0,3,UPI,Mobile Phone,4,0,2,1.0,164.88,0
53857,4.0,2,Debit Card,Grocery,3,1,1,0.0,134.24,1
53858,8.0,3,Credit Card,Fashion,4,0,2,5.0,149.93,0
53859,5.0,1,UPI,Laptop & Accessory,4,1,3,4.0,154.79,1
53860,18.0,1,Debit Card,Laptop & Accessory,4,0,4,7.0,187.51,0
53861,17.0,1,Credit Card,Laptop & Accessory,5,0,1,6.0,137.47,0
53862,9.0,1,UPI,Mobile Phone,4,0,6,2.0,175.91,0
53863,5.0,1,UPI,Laptop & Accessory,4,1,1,5.0,172.03,0
53864,3.0,1,Credit Card,Fashion,1,1,4,4.0,174.98,0
53865,1.0,1,Debit Card,Laptop & Accessory,3,0,2,0.0,157.62,1
53866,4.0,1,Debit Card,Grocery,4,0,5,3.0,166.61,0
53867,5.0,1,Credit Card,Fashion,5,0,4,6.0,157.27,0
53868,11.0,1,Debit Card,Grocery,4,1,1,12.0,151.07,0
53869,11.0,3,Debit Card,Laptop & Accessory,4,0,4,1.0,123.05,0
53870,1.0,1,E wallet,Fashion,3,0,3,1.0,168.71,0
53871,5.0,1,E wallet,Grocery,2,1,4,7.0,190.58,1
53872,2.0,3,E wallet,Laptop & Accessory,3,1,1,0.0,145.97,0
53873,2.0,3,Debit Card,Others,2,1,2,0.0,116.47,0
53874,18.0,1,Debit Card,Laptop & Accessory,1,0,6,2.0,194.82,0
53875,0.0,2,E wallet,Laptop & Accessory,3,0,4,2.0,98.65,0
53876,5.0,1,E wallet,Mobile Phone,4,0,3,3.0,179.75,0
53877,2.0,1,E wallet,Laptop & Accessory,5,0,3,1.0,188.67,0
53878,21.0,1,COD,Grocery,5,0,1,0.0,154.65,0
53879,8.0,1,UPI,Laptop & Accessory,3,0,3,12.0,295.03,0
53880,3.0,3,Credit Card,Mobile Phone,1,0,5,19.0,206.73,0
53881,7.0,2,Debit Card,Mobile Phone,3,0,1,25.0,199.17,1
53882,13.0,3,Credit Card,Fashion,3,0,1,17.0,146.19,0
53883,32.0,2,Credit Card,Laptop & Accessory,3,0,1,9.0,176.81,0
53884,2.0,1,Debit Card,Fashion,4,0,4,4.0,254.24,0
53885,22.0,2,E wallet,Laptop & Accessory,1,0,1,4.0,265.3,0
53886,27.0,3,Debit Card,Fashion,3,0,4,0.0,148.84,0
53887,25.0,2,E wallet,Grocery,4,0,4,11.0,113.3,0
53888,10.0,2,Debit Card,Laptop & Accessory,3,0,4,1.0,177.42,0
53889,10.0,3,Credit Card,Laptop & Accessory,4,0,4,7.0,229.41,0
53890,5.0,1,UPI,Mobile Phone,2,1,6,6.0,208.85,0
53891,14.0,2,Debit Card,Laptop & Accessory,2,1,3,7.0,152.23,0
53892,8.0,3,Credit Card,Laptop & Accessory,3,1,2,1.0,130.14,0
53893,11.0,3,Debit Card,Laptop & Accessory,2,0,7,3.0,225.59,0
53894,6.0,1,UPI,Mobile Phone,2,0,3,6.0,170.18,0
53895,13.0,1,E wallet,Laptop & Accessory,1,0,1,0.0,210.04,1
53896,17.0,2,UPI,Mobile Phone,3,0,5,3.0,188.59,0
53897,2.0,1,UPI,Mobile Phone,4,1,1,2.0,197.17,0
53898,18.0,1,E wallet,Fashion,3,0,4,8.0,266.43,0
53899,8.0,1,Debit Card,Others,1,1,2,4.0,280.52,0
53900,19.0,1,Debit Card,Mobile Phone,4,0,7,4.0,187.02,0
53901,6.0,1,Credit Card,Laptop & Accessory,4,0,2,0.0,249.08,0
53902,5.0,1,Credit Card,Laptop & Accessory,3,0,3,1.0,185.47,0
53903,25.0,1,E wallet,Fashion,3,0,4,7.0,241.85,0
53904,3.0,1,Debit Card,Others,3,0,2,3.0,90.35,0
53905,19.0,1,Debit Card,Fashion,2,0,1,1.0,225.81,0
53906,7.0,1,Credit Card,Laptop & Accessory,4,1,6,0.0,214.99,0
53907,7.0,1,Debit Card,Grocery,4,0,3,2.0,136.53,0
53908,4.0,1,Credit Card,Fashion,4,0,3,2.0,144.77,0
53909,9.0,1,Credit Card,Laptop & Accessory,3,0,2,2.0,148.01,0
53910,4.0,2,E wallet,Fashion,5,0,5,0.0,208.69,0
53911,0.0,1,Debit Card,Laptop & Accessory,5,0,2,13.0,187.64,0
53912,3.0,1,COD,Mobile Phone,3,0,4,3.0,254.13,0
53913,0.0,2,Debit Card,Laptop & Accessory,3,0,1,7.0,71.02,0
53914,38.0,1,Debit Card,Laptop & Accessory,4,0,1,1.0,176.93,0
53915,34.0,3,Credit Card,Fashion,4,0,2,0.0,180.76,0
53916,5.0,2,Debit Card,Fashion,3,0,3,7.0,145.28,0
53917,13.0,1,Debit Card,Laptop & Accessory,5,1,5,12.0,185.69,0
53918,4.0,1,Debit Card,Laptop & Accessory,2,0,1,4.0,132.4,0
53919,11.0,1,Credit Card,Mobile Phone,3,0,5,1.0,277.64,0
53920,16.0,1,UPI,Fashion,1,0,2,6.0,189.69,0
53921,29.0,1,Credit Card,Laptop & Accessory,1,0,3,14.0,159.66,0
53922,5.0,1,Credit Card,Fashion,1,0,1,17.0,221.55,0
53923,15.0,2,Debit Card,Grocery,3,0,2,4.0,181.99,0
53924,3.0,1,Debit Card,Mobile Phone,4,0,2,9.0,304.71,0
53925,46.0,1,Debit Card,Laptop & Accessory,1,0,4,7.0,157.12,0
53926,0.0,2,UPI,Laptop & Accessory,4,0,6,2.0,119.72,1
53927,9.0,1,Debit Card,Laptop & Accessory,3,1,1,3.0,135.55,0
53928,11.0,1,COD,Laptop & Accessory,2,0,3,3.0,178.31,0
53929,12.0,1,Debit Card,Fashion,1,0,7,0.0,165.26,0
53930,1.0,1,Credit Card,Laptop & Accessory,2,1,4,5.0,106.57,1
53931,28.0,3,UPI,Laptop & Accessory,4,0,3,4.0,245.69,0
53932,2.0,1,Debit Card,Mobile Phone,4,0,6,7.0,249.32,0
53933,10.0,1,E wallet,Grocery,4,0,2,2.0,164.37,0
53934,3.0,1,Debit Card,Laptop & Accessory,2,0,4,0.0,92.46,0
53935,4.0,1,Debit Card,Fashion,5,0,3,4.0,72.5,0
53936,8.0,1,Debit Card,Mobile Phone,3,0,3,9.0,204.96,0
53937,5.0,3,E wallet,Fashion,4,1,5,9.0,70.88,1
53938,2.0,3,Debit Card,Grocery,2,0,1,8.0,217.38,0
53939,2.0,1,Debit Card,Laptop & Accessory,3,1,2,4.0,303.67,0
53940,5.0,1,COD,Mobile Phone,3,1,5,7.0,192.34,0
53941,14.0,1,Debit Card,Fashion,4,1,1,1.0,194.05,0
53942,23.0,1,Credit Card,Grocery,4,0,1,1.0,145.75,0
53943,1.0,1,COD,Laptop & Accessory,3,0,2,18.0,161.53,0
53944,5.0,1,Debit Card,Laptop & Accessory,3,0,3,3.0,186.04,0
53945,1.0,1,Debit Card,Laptop & Accessory,5,0,2,3.0,170.67,0
53946,0.0,1,E wallet,Grocery,3,0,1,0.0,202.34,0
53947,11.0,2,Debit Card,Grocery,2,1,6,3.0,197.51,0
53948,9.0,2,Debit Card,Mobile Phone,3,1,3,5.0,113.01,0
53949,2.0,1,Credit Card,Laptop & Accessory,3,0,3,7.0,205.53,0
53950,3.0,1,E wallet,Laptop & Accessory,2,0,5,2.0,178.3,0
53951,0.0,3,Debit Card,Mobile Phone,4,0,2,16.0,129.87,1
53952,18.0,1,Debit Card,Others,4,0,4,3.0,116.14,0
53953,37.0,3,Debit Card,Grocery,3,1,2,3.0,117.39,0
53954,1.0,1,Debit Card,Fashion,5,0,3,5.0,175.7,0
53955,3.0,1,Credit Card,Mobile Phone,4,0,2,1.0,150.86,0
53956,20.0,1,Debit Card,Others,4,0,5,6.0,187.89,0
53957,26.0,3,Credit Card,Fashion,4,1,1,2.0,104.86,0
53958,5.0,1,Credit Card,Laptop & Accessory,4,0,4,0.0,187.05,0
53959,1.0,1,Debit Card,Fashion,1,0,3,8.0,240.47,0
53960,0.0,1,Debit Card,Mobile Phone,4,1,2,14.0,275.87,1
53961,9.0,3,Debit Card,Fashion,5,0,4,4.0,210.71,0
53962,5.0,3,Debit Card,Others,2,0,2,2.0,225.69,1
53963,0.0,3,Credit Card,Laptop & Accessory,4,0,6,6.0,178.24,1
53964,9.0,3,Credit Card,Fashion,3,0,1,12.0,145.88,0
53965,0.0,1,Debit Card,Mobile Phone,3,0,5,2.0,90.43,0
53966,15.0,1,Credit Card,Others,5,0,7,4.0,140.97,0
53967,4.0,1,COD,Laptop & Accessory,1,1,5,1.0,199.35,1
53968,0.0,1,Debit Card,Fashion,3,0,6,5.0,200.29,0
53969,9.0,3,Credit Card,Laptop & Accessory,5,0,5,8.0,174.83,0
53970,5.0,3,E wallet,Laptop & Accessory,3,0,1,1.0,177.84,0
53971,36.0,1,Debit Card,Laptop & Accessory,4,0,3,4.0,96.42,0
53972,8.0,1,E wallet,Mobile Phone,4,1,3,1.0,205.18,0
53973,3.0,3,COD,Others,2,1,3,3.0,97.04,1
53974,12.0,1,Debit Card,Laptop & Accessory,2,0,1,6.0,215.57,0
53975,3.0,1,E wallet,Laptop & Accessory,5,0,7,0.0,127.75,0
53976,23.0,1,Debit Card,Laptop & Accessory,2,1,5,7.0,133.94,0
53977,5.0,1,Debit Card,Mobile Phone,3,0,2,2.0,105.3,0
53978,8.0,1,Credit Card,Laptop & Accessory,3,0,4,4.0,108.59,0
53979,1.0,1,Debit Card,Others,5,0,1,3.0,163.79,0
53980,6.0,1,Credit Card,Mobile Phone,5,1,1,8.0,227.68,1
53981,18.0,3,Debit Card,Fashion,2,1,2,7.0,111.85,0
53982,16.0,1,E wallet,Fashion,4,0,1,0.0,141.01,0
53983,3.0,1,Credit Card,Fashion,5,1,1,1.0,74.58,0
53984,3.0,3,Credit Card,Grocery,5,1,2,1.0,211.41,0
53985,17.0,1,Debit Card,Grocery,3,0,5,4.0,175.78,0
53986,27.0,1,Debit Card,Laptop & Accessory,2,0,3,2.0,197.19,0
53987,1.0,3,Debit Card,Grocery,3,0,4,1.0,151.18,1
53988,6.0,1,E wallet,Mobile Phone,4,1,5,0.0,122.96,0
53989,4.0,2,Debit Card,Laptop & Accessory,5,1,1,2.0,136.89,0
53990,20.0,1,Credit Card,Mobile Phone,4,0,4,2.0,141.66,0
53991,1.0,1,Debit Card,Laptop & Accessory,2,0,5,6.0,239.33,1
53992,2.0,1,Credit Card,Mobile Phone,1,0,5,1.0,112.14,0
53993,14.0,1,Credit Card,Fashion,5,1,3,2.0,144.49,1
53994,1.0,2,Credit Card,Laptop & Accessory,3,1,2,2.0,154.7,0
53995,7.0,1,Credit Card,Laptop & Accessory,4,0,3,3.0,202.0,0
53996,6.0,3,Credit Card,Others,4,0,1,9.0,203.91,0
53997,4.0,2,E wallet,Mobile Phone,5,0,3,2.0,74.86,0
53998,5.0,1,E wallet,Laptop & Accessory,3,0,5,25.0,154.99,1
53999,8.0,3,Credit Card,Grocery,3,1,2,15.0,166.21,1
54000,2.0,1,UPI,Grocery,5,0,4,1.0,103.6,0
54001,8.0,2,E wallet,Laptop & Accessory,4,0,3,4.0,206.26,0
54002,16.0,3,Credit Card,Laptop & Accessory,1,0,4,12.0,223.41,1
54003,14.0,1,Debit Card,Grocery,2,0,2,6.0,325.0,0
54004,2.0,1,Credit Card,Laptop & Accessory,2,0,3,10.0,153.32,0
54005,2.0,1,Debit Card,Mobile Phone,5,0,1,8.0,250.93,0
54006,3.0,1,Credit Card,Laptop & Accessory,2,1,6,5.0,196.96,0
54007,4.0,1,Credit Card,Fashion,5,1,3,5.0,179.49,0
54008,5.0,1,Credit Card,Laptop & Accessory,1,0,6,1.0,126.86,1
54009,11.0,1,Credit Card,Mobile Phone,2,0,3,1.0,185.55,0
54010,1.0,1,Credit Card,Laptop & Accessory,5,1,2,4.0,171.09,1
54011,0.0,1,Debit Card,Laptop & Accessory,5,0,3,0.0,195.69,0
54012,5.0,1,Debit Card,Laptop & Accessory,2,0,5,1.0,206.64,1
54013,12.0,1,Credit Card,Laptop & Accessory,2,0,4,5.0,261.67,0
54014,2.0,2,Credit Card,Grocery,3,0,2,0.0,178.93,0
54015,10.0,1,E wallet,Grocery,1,0,3,5.0,165.19,0
54016,3.0,1,Debit Card,Fashion,5,1,2,4.0,179.55,1
54017,22.0,1,Debit Card,Mobile Phone,3,0,1,1.0,111.45,0
54018,23.0,2,Credit Card,Laptop & Accessory,3,1,2,3.0,90.62,0
54019,4.0,1,Credit Card,Laptop & Accessory,2,0,5,6.0,195.3,0
54020,3.0,3,Debit Card,Laptop & Accessory,1,0,5,4.0,207.28,0
54021,5.0,3,Credit Card,Fashion,3,0,3,11.0,119.92,0
54022,3.0,3,Debit Card,Laptop & Accessory,2,1,5,15.0,136.46,1
54023,11.0,3,Debit Card,Others,4,0,2,2.0,207.39,0
54024,17.0,1,Debit Card,Fashion,4,0,5,2.0,225.95,0
54025,11.0,1,Credit Card,Others,1,1,2,3.0,189.88,0
54026,17.0,2,UPI,Mobile Phone,4,0,4,3.0,120.19,0
54027,5.0,2,Debit Card,Mobile Phone,5,0,3,1.0,183.47,0
54028,2.0,3,Debit Card,Laptop & Accessory,3,1,1,7.0,207.85,1
54029,13.0,2,E wallet,Mobile Phone,5,0,3,12.0,244.16,0
54030,4.0,3,UPI,Others,2,0,2,3.0,167.09,0
54031,11.0,1,Debit Card,Laptop & Accessory,3,0,2,0.0,157.77,0
54032,3.0,3,Debit Card,Laptop & Accessory,2,0,3,21.0,230.98,0
54033,1.0,2,Debit Card,Laptop & Accessory,5,0,2,2.0,197.88,0
54034,49.0,2,Debit Card,Others,3,0,4,1.0,156.24,0
54035,2.0,1,Credit Card,Laptop & Accessory,3,0,2,2.0,211.84,0
54036,45.0,2,COD,Fashion,5,0,7,3.0,229.25,0
54037,38.0,3,Credit Card,Laptop & Accessory,5,0,4,2.0,115.09,0
54038,16.0,1,COD,Grocery,5,0,1,3.0,168.17,0
54039,11.0,1,Credit Card,Mobile Phone,4,0,4,13.0,143.63,1
54040,9.0,1,UPI,Laptop & Accessory,4,0,1,5.0,208.99,0
54041,20.0,3,Debit Card,Fashion,3,0,1,2.0,143.13,1
54042,3.0,1,Debit Card,Grocery,4,0,4,0.0,152.36,0
54043,6.0,1,E wallet,Mobile Phone,3,1,3,5.0,175.34,1
54044,10.0,1,Debit Card,Fashion,4,0,4,3.0,227.64,0
54045,5.0,2,Debit Card,Laptop & Accessory,3,1,3,3.0,192.75,0
54046,6.0,1,Credit Card,Others,5,0,5,10.0,154.35,0
54047,4.0,1,Debit Card,Laptop & Accessory,2,0,2,3.0,253.64,0
54048,8.0,3,Credit Card,Laptop & Accessory,4,1,5,1.0,192.3,0
54049,19.0,3,Debit Card,Laptop & Accessory,3,0,1,4.0,234.17,0
54050,2.0,1,E wallet,Laptop & Accessory,3,0,2,6.0,212.21,0
54051,27.0,3,Debit Card,Mobile Phone,1,0,1,2.0,249.87,0
54052,12.0,2,Credit Card,Mobile Phone,2,0,6,1.0,177.54,0
54053,17.0,1,Debit Card,Mobile Phone,5,0,6,2.0,230.81,1
54054,8.0,1,E wallet,Laptop & Accessory,5,0,2,3.0,207.29,1
54055,15.0,1,Credit Card,Laptop & Accessory,2,0,3,1.0,161.0,0
54056,0.0,3,Debit Card,Fashion,3,0,2,5.0,172.29,0
54057,17.0,1,Debit Card,Fashion,3,0,1,7.0,160.14,0
54058,0.0,1,Debit Card,Laptop & Accessory,3,1,2,5.0,145.9,1
54059,22.0,2,Credit Card,Mobile Phone,3,1,3,3.0,186.43,0
54060,48.0,1,Credit Card,Laptop & Accessory,5,0,4,4.0,193.94,0
54061,3.0,2,Debit Card,Fashion,5,0,3,4.0,218.3,0
54062,2.0,2,Credit Card,Others,1,0,5,3.0,187.53,0
54063,14.0,1,UPI,Laptop & Accessory,4,0,2,0.0,177.33,0
54064,3.0,3,Debit Card,Fashion,1,1,2,4.0,168.88,1
54065,20.0,1,Credit Card,Laptop & Accessory,4,0,3,0.0,220.65,0
54066,1.0,1,Credit Card,Laptop & Accessory,5,1,5,4.0,238.85,0
54067,1.0,1,Credit Card,Mobile Phone,4,0,7,3.0,199.26,1
54068,39.0,1,Debit Card,Mobile Phone,3,0,2,10.0,182.32,0
54069,11.0,3,Debit Card,Fashion,5,0,1,3.0,71.82,1
54070,19.0,1,Debit Card,Fashion,4,1,3,15.0,246.47,1
54071,4.0,1,Credit Card,Others,2,0,7,3.0,125.9,0
54072,11.0,3,Credit Card,Mobile Phone,3,1,7,15.0,141.57,1
54073,9.0,1,Debit Card,Mobile Phone,4,0,5,1.0,251.45,0
54074,9.0,2,Debit Card,Mobile Phone,1,0,3,10.0,178.28,1
54075,11.0,1,Debit Card,Laptop & Accessory,1,1,3,8.0,232.59,0
54076,9.0,3,E wallet,Fashion,5,1,3,1.0,155.76,0
54077,6.0,1,Debit Card,Fashion,1,1,2,28.0,96.84,1
54078,3.0,1,Credit Card,Laptop & Accessory,4,0,3,2.0,176.27,0
54079,15.0,1,E wallet,Others,3,0,2,3.0,208.11,0
54080,3.0,1,E wallet,Fashion,5,1,5,6.0,185.19,0
54081,12.0,2,Credit Card,Fashion,5,1,3,0.0,178.52,0
54082,3.0,1,Debit Card,Others,5,0,5,2.0,114.84,0
54083,10.0,1,E wallet,Mobile Phone,1,0,3,4.0,168.66,0
54084,14.0,1,E wallet,Laptop & Accessory,3,0,2,5.0,186.94,0
54085,2.0,2,E wallet,Fashion,4,0,4,7.0,260.56,0
54086,1.0,3,Debit Card,Grocery,5,0,1,4.0,226.75,0
54087,1.0,1,Debit Card,Laptop & Accessory,3,0,2,23.0,165.24,0
54088,9.0,1,Credit Card,Laptop & Accessory,1,1,4,5.0,165.29,1
54089,19.0,1,UPI,Laptop & Accessory,2,0,6,5.0,157.78,0
54090,0.0,1,E wallet,Laptop & Accessory,3,0,1,3.0,140.94,0
54091,13.0,1,E wallet,Grocery,4,1,6,3.0,255.35,0
54092,4.0,1,Credit Card,Laptop & Accessory,4,1,4,3.0,181.16,0
54093,7.0,1,Debit Card,Fashion,1,0,4,16.0,222.24,0
54094,26.0,3,Credit Card,Grocery,4,0,1,4.0,135.8,0
54095,4.0,1,E wallet,Fashion,4,0,1,0.0,249.64,0
54096,6.0,2,Credit Card,Laptop & Accessory,3,0,4,5.0,120.51,0
54097,0.0,1,UPI,Fashion,4,0,1,1.0,223.59,0
54098,1.0,3,Debit Card,Others,4,0,2,3.0,166.22,0
54099,3.0,1,Debit Card,Laptop & Accessory,3,0,1,0.0,235.81,0
54100,0.0,1,UPI,Laptop & Accessory,5,0,1,1.0,130.35,0
54101,10.0,3,Debit Card,Grocery,2,0,1,7.0,237.34,0
54102,6.0,1,Credit Card,Fashion,5,1,4,2.0,195.75,0
54103,8.0,1,UPI,Fashion,4,1,1,0.0,107.46,0
54104,2.0,1,Debit Card,Others,4,0,3,6.0,226.99,0
54105,4.0,3,E wallet,Fashion,1,1,5,0.0,155.55,0
54106,11.0,1,Debit Card,Mobile Phone,5,0,2,8.0,153.06,0
54107,34.0,3,E wallet,Mobile Phone,3,1,1,4.0,176.66,0
54108,1.0,1,Debit Card,Laptop & Accessory,4,0,4,10.0,213.46,0
54109,22.0,1,Credit Card,Laptop & Accessory,5,0,3,2.0,104.9,0
54110,9.0,1,Credit Card,Mobile Phone,2,0,4,1.0,159.01,0
54111,8.0,1,Credit Card,Laptop & Accessory,5,1,2,0.0,192.44,0
54112,7.0,1,Credit Card,Grocery,4,0,6,6.0,176.97,0
54113,1.0,2,UPI,Laptop & Accessory,4,1,7,12.0,143.78,1
54114,1.0,1,E wallet,Mobile Phone,5,0,2,6.0,132.01,1
54115,9.0,1,COD,Fashion,3,0,2,5.0,252.62,0
54116,4.0,2,Credit Card,Fashion,3,1,2,0.0,184.06,0
54117,25.0,3,Credit Card,Fashion,4,0,3,2.0,117.48,0
54118,5.0,2,Debit Card,Mobile Phone,4,0,1,14.0,186.1,0
54119,2.0,3,COD,Grocery,1,1,11,4.0,197.71,0
54120,13.0,1,Debit Card,Laptop & Accessory,2,0,4,2.0,211.65,0
54121,3.0,3,Debit Card,Fashion,1,0,4,1.0,160.61,0
54122,7.0,1,Debit Card,Grocery,2,0,5,2.0,171.13,0
54123,12.0,1,Debit Card,Laptop & Accessory,4,0,1,1.0,240.45,0
54124,23.0,3,UPI,Others,1,1,2,16.0,245.91,0
54125,16.0,3,Debit Card,Fashion,3,0,3,9.0,228.71,0
54126,11.0,2,UPI,Mobile Phone,3,0,6,3.0,109.88,0
54127,11.0,1,Credit Card,Laptop & Accessory,5,0,5,23.0,127.12,1
54128,29.0,1,UPI,Grocery,3,1,2,1.0,157.61,0
54129,4.0,1,Credit Card,Laptop & Accessory,4,1,1,1.0,161.91,0
54130,0.0,3,Debit Card,Mobile Phone,3,0,1,1.0,225.54,0
54131,3.0,1,Credit Card,Fashion,1,0,4,1.0,226.59,0
54132,2.0,3,Credit Card,Fashion,1,0,5,3.0,252.38,0
54133,11.0,1,Debit Card,Laptop & Accessory,3,0,1,7.0,161.95,0
54134,10.0,3,Debit Card,Laptop & Accessory,1,0,1,5.0,118.4,0
54135,9.0,3,Debit Card,Fashion,4,0,2,3.0,155.21,0
54136,0.0,1,Debit Card,Mobile Phone,3,0,3,0.0,200.32,0
54137,13.0,1,Credit Card,Laptop & Accessory,4,1,2,2.0,325.0,0
54138,4.0,3,Debit Card,Laptop & Accessory,2,1,3,2.0,152.88,0
54139,11.0,1,E wallet,Fashion,4,0,4,1.0,189.65,0
54140,8.0,2,COD,Mobile Phone,2,1,5,2.0,221.94,0
54141,4.0,1,Debit Card,Grocery,4,1,1,6.0,135.03,1
54142,1.0,1,Credit Card,Laptop & Accessory,3,0,4,7.0,170.67,0
54143,1.0,3,Debit Card,Grocery,4,0,2,1.0,124.86,0
54144,18.0,1,Debit Card,Grocery,5,1,6,5.0,182.94,0
54145,25.0,3,E wallet,Mobile Phone,3,1,6,2.0,204.45,1
54146,10.0,1,Debit Card,Laptop & Accessory,2,0,3,1.0,136.21,0
54147,1.0,2,Debit Card,Others,5,0,7,30.0,156.4,0
54148,5.0,1,Debit Card,Laptop & Accessory,3,0,5,0.0,264.67,0
54149,13.0,1,E wallet,Mobile Phone,4,0,3,10.0,174.59,0
54150,15.0,1,Credit Card,Mobile Phone,3,0,7,3.0,140.68,0
54151,1.0,2,COD,Grocery,3,0,2,14.0,156.92,1
54152,0.0,1,UPI,Mobile Phone,4,0,1,1.0,184.93,0
54153,12.0,3,Debit Card,Mobile Phone,2,1,4,27.0,163.88,1
54154,4.0,1,Debit Card,Grocery,5,0,7,7.0,208.37,0
54155,3.0,2,Debit Card,Others,3,0,1,4.0,198.84,0
54156,0.0,2,Credit Card,Mobile Phone,1,0,2,7.0,157.68,0
54157,8.0,1,Credit Card,Mobile Phone,3,0,1,7.0,229.38,1
54158,19.0,1,Debit Card,Grocery,4,1,4,2.0,164.41,0
54159,32.0,1,Debit Card,Grocery,5,1,3,14.0,212.35,0
54160,8.0,1,Debit Card,Laptop & Accessory,4,0,3,14.0,94.29,0
54161,7.0,1,UPI,Mobile Phone,3,0,3,2.0,174.67,1
54162,1.0,2,UPI,Laptop & Accessory,3,0,4,1.0,184.92,0
54163,8.0,1,Debit Card,Fashion,5,0,3,10.0,245.26,0
54164,5.0,2,Debit Card,Grocery,3,0,5,2.0,177.23,0
54165,9.0,3,Debit Card,Laptop & Accessory,3,0,3,12.0,236.97,0
54166,5.0,1,UPI,Laptop & Accessory,3,0,3,5.0,204.79,0
54167,3.0,1,COD,Mobile Phone,5,1,3,17.0,124.08,0
54168,1.0,1,Debit Card,Grocery,4,0,2,8.0,89.35,0
54169,4.0,3,Debit Card,Fashion,2,0,1,9.0,274.09,0
54170,1.0,1,Debit Card,Laptop & Accessory,1,0,1,0.0,266.15,1
54171,2.0,1,Credit Card,Laptop & Accessory,1,1,3,3.0,212.38,0
54172,44.0,3,Credit Card,Fashion,5,0,3,3.0,161.99,0
54173,6.0,1,Credit Card,Mobile Phone,5,1,2,8.0,163.6,0
54174,8.0,2,COD,Mobile Phone,4,0,5,2.0,183.35,0
54175,21.0,1,Debit Card,Fashion,3,0,1,6.0,149.79,0
54176,54.0,1,E wallet,Mobile Phone,4,1,3,6.0,78.03,0
54177,9.0,2,Debit Card,Mobile Phone,2,0,6,2.0,242.91,0
54178,17.0,1,Debit Card,Grocery,4,0,7,4.0,233.24,0
54179,4.0,2,E wallet,Grocery,5,0,2,6.0,75.82,0
54180,4.0,1,UPI,Laptop & Accessory,1,0,5,5.0,178.09,1
54181,5.0,3,E wallet,Mobile Phone,3,1,1,2.0,257.58,0
54182,11.0,1,E wallet,Mobile Phone,2,0,4,2.0,220.51,0
54183,11.0,1,E wallet,Laptop & Accessory,3,1,3,2.0,212.53,0
54184,4.0,1,Debit Card,Fashion,4,1,1,0.0,98.88,1
54185,1.0,1,E wallet,Mobile Phone,3,0,4,5.0,139.39,0
54186,10.0,1,E wallet,Fashion,4,0,2,6.0,177.28,0
54187,1.0,1,Credit Card,Laptop & Accessory,4,1,3,0.0,238.52,1
54188,9.0,1,Credit Card,Laptop & Accessory,5,1,4,18.0,198.88,0
54189,12.0,1,E wallet,Laptop & Accessory,5,0,2,8.0,206.21,0
54190,12.0,1,E wallet,Fashion,4,0,4,6.0,299.45,0
54191,14.0,1,Debit Card,Grocery,3,0,1,9.0,232.59,0
54192,21.0,1,E wallet,Mobile Phone,2,0,5,11.0,259.17,0
54193,7.0,3,E wallet,Mobile Phone,3,1,2,2.0,218.91,0
54194,13.0,1,Debit Card,Laptop & Accessory,2,0,3,3.0,250.0,0
54195,10.0,1,E wallet,Mobile Phone,5,0,3,5.0,180.74,0
54196,2.0,1,Debit Card,Mobile Phone,3,1,2,11.0,191.26,1
54197,0.0,3,Debit Card,Laptop & Accessory,5,0,4,6.0,149.16,0
54198,3.0,1,Credit Card,Fashion,4,0,2,5.0,171.81,0
54199,6.0,2,UPI,Laptop & Accessory,5,0,3,4.0,155.56,0
54200,10.0,1,Debit Card,Fashion,5,0,6,2.0,191.15,0
54201,19.0,1,E wallet,Mobile Phone,1,1,1,6.0,166.52,0
54202,2.0,3,Credit Card,Others,4,0,2,3.0,178.16,1
54203,1.0,1,UPI,Laptop & Accessory,2,0,5,1.0,134.64,0
54204,33.0,1,E wallet,Laptop & Accessory,5,0,7,8.0,205.6,0
54205,1.0,3,UPI,Others,4,0,1,6.0,239.53,0
54206,7.0,1,E wallet,Laptop & Accessory,1,0,5,3.0,137.53,0
54207,9.0,3,E wallet,Fashion,5,0,3,11.0,111.89,0
54208,8.0,1,Debit Card,Laptop & Accessory,3,0,3,6.0,198.32,0
54209,1.0,2,Debit Card,Fashion,3,0,4,4.0,146.09,0
54210,1.0,3,Debit Card,Mobile Phone,4,1,8,7.0,80.93,1
54211,1.0,1,E wallet,Fashion,5,0,3,10.0,256.49,0
54212,9.0,2,Debit Card,Laptop & Accessory,5,0,3,4.0,111.18,0
54213,8.0,1,Debit Card,Grocery,4,0,1,10.0,264.07,0
54214,3.0,1,UPI,Mobile Phone,3,1,1,6.0,97.48,1
54215,10.0,1,E wallet,Mobile Phone,3,1,1,4.0,151.33,0
54216,17.0,1,UPI,Mobile Phone,3,1,3,3.0,243.86,0
54217,0.0,2,Debit Card,Others,2,0,2,1.0,106.0,0
54218,7.0,1,Debit Card,Fashion,4,0,2,0.0,165.61,0
54219,12.0,3,Debit Card,Laptop & Accessory,3,0,5,1.0,88.42,0
54220,3.0,1,Debit Card,Fashion,4,0,1,1.0,220.27,0
54221,4.0,1,Debit Card,Mobile Phone,1,1,6,1.0,171.12,1
54222,10.0,1,Debit Card,Grocery,3,0,4,2.0,159.96,0
54223,23.0,1,Debit Card,Laptop & Accessory,2,0,5,3.0,178.37,0
54224,17.0,2,Credit Card,Laptop & Accessory,3,0,5,9.0,158.35,0
54225,9.0,2,Debit Card,Mobile Phone,3,1,4,2.0,183.18,0
54226,13.0,3,Debit Card,Fashion,3,1,3,1.0,209.22,0
54227,5.0,3,E wallet,Laptop & Accessory,3,1,2,22.0,183.14,0
54228,10.0,1,E wallet,Laptop & Accessory,4,0,8,31.0,189.58,0
54229,6.0,1,E wallet,Fashion,3,0,4,7.0,130.87,0
54230,2.0,2,Credit Card,Laptop & Accessory,2,0,3,2.0,190.54,0
54231,12.0,1,COD,Laptop & Accessory,3,1,3,3.0,161.05,0
54232,8.0,1,UPI,Fashion,4,0,3,1.0,144.69,0
54233,4.0,1,Credit Card,Grocery,1,1,6,2.0,184.1,1
54234,24.0,1,Credit Card,Fashion,2,0,1,6.0,175.73,0
54235,0.0,1,Debit Card,Mobile Phone,2,1,3,4.0,244.01,0
54236,4.0,3,E wallet,Laptop & Accessory,2,0,5,3.0,241.19,0
54237,1.0,1,Credit Card,Fashion,2,0,2,5.0,124.57,0
54238,15.0,1,UPI,Laptop & Accessory,3,0,2,3.0,183.94,0
54239,12.0,1,Credit Card,Mobile Phone,3,0,6,16.0,95.0,0
54240,4.0,3,COD,Laptop & Accessory,5,0,1,10.0,193.01,0
54241,11.0,3,UPI,Fashion,3,1,1,7.0,91.31,0
54242,5.0,2,COD,Mobile Phone,3,1,3,1.0,205.31,1
54243,14.0,1,Debit Card,Grocery,3,0,1,3.0,291.48,0
54244,6.0,3,Debit Card,Laptop & Accessory,5,1,7,5.0,190.4,0
54245,5.0,2,E wallet,Fashion,3,1,4,0.0,158.29,1
54246,27.0,3,E wallet,Mobile Phone,4,0,2,12.0,175.7,0
54247,3.0,2,Debit Card,Laptop & Accessory,4,1,3,1.0,194.6,0
54248,1.0,1,E wallet,Fashion,3,1,4,0.0,122.65,0
54249,9.0,1,Credit Card,Fashion,5,1,2,3.0,147.75,1
54250,35.0,1,Debit Card,Mobile Phone,2,0,3,1.0,147.72,0
54251,5.0,1,Credit Card,Laptop & Accessory,3,0,1,7.0,142.67,0
54252,1.0,2,UPI,Grocery,2,0,3,9.0,263.04,0
54253,4.0,3,Credit Card,Laptop & Accessory,4,0,5,3.0,155.35,0
54254,7.0,2,E wallet,Others,2,1,1,18.0,188.84,1
54255,2.0,1,Debit Card,Fashion,4,0,1,4.0,197.3,0
54256,11.0,1,E wallet,Fashion,2,1,1,4.0,245.29,0
54257,61.0,1,UPI,Laptop & Accessory,3,0,1,8.0,245.29,0
54258,6.0,1,Credit Card,Mobile Phone,3,0,1,1.0,182.66,0
54259,4.0,1,Debit Card,Mobile Phone,5,1,1,1.0,184.41,0
54260,5.0,1,Credit Card,Laptop & Accessory,1,0,1,9.0,198.83,0
54261,1.0,1,UPI,Laptop & Accessory,4,1,1,0.0,192.25,0
54262,21.0,3,Debit Card,Laptop & Accessory,4,0,3,2.0,129.4,0
54263,5.0,1,Credit Card,Laptop & Accessory,5,0,2,5.0,212.3,0
54264,5.0,3,Debit Card,Laptop & Accessory,5,1,1,5.0,196.16,0
54265,11.0,1,Credit Card,Laptop & Accessory,5,1,6,5.0,114.3,0
54266,6.0,1,Credit Card,Fashion,3,0,4,13.0,142.37,0
54267,10.0,2,UPI,Fashion,3,0,5,1.0,174.3,0
54268,1.0,2,Credit Card,Others,3,0,4,3.0,115.48,0
54269,17.0,1,Credit Card,Laptop & Accessory,3,0,1,1.0,167.93,0
54270,28.0,1,UPI,Fashion,3,1,2,8.0,30.54,0
54271,10.0,1,Debit Card,Mobile Phone,4,0,1,1.0,166.23,0
54272,31.0,2,Credit Card,Fashion,1,0,1,6.0,93.36,0
54273,2.0,3,E wallet,Mobile Phone,1,0,5,29.0,167.01,1
54274,6.0,1,Debit Card,Fashion,4,1,3,3.0,168.82,0
54275,9.0,1,Debit Card,Laptop & Accessory,5,1,5,3.0,204.86,1
54276,9.0,3,Credit Card,Laptop & Accessory,4,0,4,3.0,209.05,0
54277,5.0,1,Debit Card,Laptop & Accessory,2,0,3,4.0,176.26,0
54278,4.0,2,Debit Card,Laptop & Accessory,5,0,4,3.0,242.85,0
54279,1.0,1,COD,Mobile Phone,3,0,6,7.0,185.98,0
54280,5.0,1,Credit Card,Fashion,4,1,2,0.0,170.79,1
54281,2.0,1,UPI,Fashion,2,0,2,3.0,209.47,0
54282,13.0,1,Debit Card,Laptop & Accessory,3,1,1,4.0,215.8,0
54283,2.0,1,UPI,Fashion,3,0,2,0.0,176.2,0
54284,1.0,2,E wallet,Laptop & Accessory,5,1,2,1.0,150.39,0
54285,8.0,2,E wallet,Laptop & Accessory,3,0,3,2.0,115.64,0
54286,9.0,2,Debit Card,Fashion,4,1,2,2.0,114.0,0
54287,21.0,1,Credit Card,Fashion,4,0,1,13.0,281.28,0
54288,9.0,1,Credit Card,Mobile Phone,1,1,4,0.0,79.43,0
54289,4.0,1,E wallet,Laptop & Accessory,3,0,4,8.0,112.58,0
54290,16.0,3,E wallet,Grocery,3,0,3,0.0,107.09,0
54291,8.0,1,Debit Card,Grocery,4,0,1,9.0,255.32,0
54292,1.0,1,UPI,Mobile Phone,3,0,2,3.0,131.82,1
54293,8.0,1,UPI,Others,5,0,2,5.0,115.45,0
54294,24.0,1,Credit Card,Laptop & Accessory,4,0,3,1.0,86.33,0
54295,5.0,1,Debit Card,Mobile Phone,1,1,1,8.0,171.31,1
54296,4.0,3,E wallet,Grocery,4,1,5,3.0,119.75,0
54297,2.0,3,Credit Card,Mobile Phone,5,0,3,0.0,125.84,0
54298,2.0,3,E wallet,Mobile Phone,4,0,2,8.0,239.21,0
54299,6.0,3,E wallet,Laptop & Accessory,3,1,2,7.0,206.06,0
54300,9.0,3,Debit Card,Laptop & Accessory,4,1,4,7.0,143.59,0
54301,1.0,1,Credit Card,Laptop & Accessory,2,1,2,3.0,162.62,0
54302,28.0,1,Credit Card,Mobile Phone,4,1,3,0.0,302.22,0
54303,14.0,2,UPI,Laptop & Accessory,3,1,2,10.0,103.53,0
54304,9.0,1,Debit Card,Laptop & Accessory,1,0,4,5.0,137.95,0
54305,18.0,1,Debit Card,Mobile Phone,3,0,3,11.0,160.43,0
54306,1.0,1,UPI,Fashion,2,0,5,1.0,149.8,0
54307,6.0,1,Debit Card,Fashion,3,1,5,6.0,132.97,0
54308,10.0,1,Credit Card,Grocery,2,0,2,15.0,116.53,0
54309,18.0,1,Debit Card,Mobile Phone,5,0,6,28.0,138.14,0
54310,15.0,1,Credit Card,Mobile Phone,4,1,5,2.0,206.66,0
54311,3.0,3,Credit Card,Fashion,4,0,1,5.0,192.02,0
54312,28.0,1,Credit Card,Laptop & Accessory,3,1,2,3.0,133.94,0
54313,1.0,3,COD,Fashion,1,1,8,17.0,77.83,1
54314,21.0,1,Debit Card,Mobile Phone,2,0,3,2.0,209.37,0
54315,35.0,1,Debit Card,Mobile Phone,4,1,1,2.0,150.36,0
54316,2.0,1,Credit Card,Laptop & Accessory,4,0,4,0.0,112.97,1
54317,13.0,1,Credit Card,Laptop & Accessory,3,0,4,2.0,182.0,0
54318,0.0,2,Credit Card,Mobile Phone,3,0,1,2.0,150.51,0
54319,5.0,2,Debit Card,Laptop & Accessory,1,0,3,1.0,190.24,0
54320,7.0,2,UPI,Others,4,0,1,0.0,209.63,1
54321,9.0,3,Credit Card,Others,1,1,3,0.0,104.83,1
54322,27.0,1,Debit Card,Fashion,1,0,2,2.0,217.02,0
54323,11.0,1,Credit Card,Grocery,3,0,4,2.0,206.12,0
54324,7.0,1,Debit Card,Fashion,4,1,1,2.0,173.37,1
54325,17.0,1,Debit Card,Laptop & Accessory,5,0,3,3.0,173.69,0
54326,30.0,1,Debit Card,Mobile Phone,1,0,3,13.0,178.83,0
54327,0.0,1,Debit Card,Laptop & Accessory,3,1,4,2.0,163.87,0
54328,40.0,1,Debit Card,Fashion,4,0,3,8.0,112.52,0
54329,1.0,1,Credit Card,Laptop & Accessory,5,0,2,0.0,128.73,0
54330,17.0,1,Credit Card,Grocery,4,0,3,13.0,151.57,0
54331,3.0,2,Credit Card,Mobile Phone,5,0,4,2.0,256.6,0
54332,1.0,1,Debit Card,Laptop & Accessory,3,0,5,2.0,176.23,0
54333,6.0,2,UPI,Grocery,3,0,6,3.0,183.54,0
54334,10.0,2,E wallet,Grocery,4,0,5,2.0,83.72,0
54335,5.0,1,COD,Grocery,5,1,2,11.0,240.65,1
54336,1.0,1,Debit Card,Fashion,4,1,4,0.0,136.36,0
54337,9.0,1,Credit Card,Fashion,4,0,4,0.0,183.17,0
54338,23.0,3,Debit Card,Mobile Phone,3,0,1,2.0,140.82,0
54339,5.0,2,E wallet,Laptop & Accessory,4,0,1,1.0,232.12,0
54340,2.0,1,Debit Card,Laptop & Accessory,4,0,6,7.0,287.4,0
54341,6.0,1,Debit Card,Laptop & Accessory,4,0,4,1.0,200.48,1
54342,0.0,3,Credit Card,Laptop & Accessory,4,1,2,2.0,129.69,0
54343,17.0,1,Credit Card,Mobile Phone,2,0,3,1.0,184.21,0
54344,18.0,3,Credit Card,Laptop & Accessory,4,0,6,11.0,172.36,0
54345,9.0,1,Debit Card,Laptop & Accessory,3,1,1,9.0,189.85,1
54346,4.0,1,Credit Card,Fashion,1,0,3,4.0,146.96,0
54347,16.0,2,UPI,Laptop & Accessory,5,0,2,0.0,98.9,0
54348,8.0,2,UPI,Laptop & Accessory,1,1,2,2.0,126.13,1
54349,17.0,2,Credit Card,Mobile Phone,4,0,4,3.0,130.26,0
54350,10.0,1,Credit Card,Laptop & Accessory,5,0,2,4.0,105.62,0
54351,15.0,1,Debit Card,Others,1,1,2,1.0,205.9,0
54352,9.0,2,Debit Card,Fashion,2,1,2,5.0,154.46,1
54353,5.0,1,Debit Card,Mobile Phone,4,0,3,1.0,244.71,0
54354,32.0,1,Credit Card,Laptop & Accessory,1,0,6,3.0,213.19,0
54355,8.0,3,E wallet,Mobile Phone,5,0,3,2.0,142.0,0
54356,9.0,1,Credit Card,Fashion,1,0,9,2.0,144.69,0
54357,2.0,1,Debit Card,Others,5,0,4,2.0,260.79,0
54358,10.0,2,Credit Card,Mobile Phone,1,0,3,3.0,147.97,0
54359,8.0,3,Debit Card,Fashion,5,0,4,1.0,173.25,0
54360,2.0,1,E wallet,Laptop & Accessory,5,1,3,1.0,190.39,1
54361,1.0,1,Debit Card,Mobile Phone,3,0,2,1.0,269.69,0
54362,9.0,3,Credit Card,Laptop & Accessory,4,0,2,5.0,103.1,0
54363,14.0,3,Credit Card,Laptop & Accessory,1,1,4,1.0,231.29,0
54364,7.0,2,Debit Card,Mobile Phone,2,0,2,0.0,181.23,0
54365,3.0,1,Debit Card,Laptop & Accessory,3,0,2,3.0,205.2,0
54366,11.0,1,Credit Card,Fashion,3,0,3,3.0,130.14,0
54367,1.0,1,Debit Card,Others,5,0,2,16.0,210.49,0
54368,6.0,3,Credit Card,Mobile Phone,3,0,6,5.0,152.12,0
54369,2.0,3,E wallet,Laptop & Accessory,4,0,4,1.0,162.2,0
54370,2.0,1,Debit Card,Laptop & Accessory,4,0,3,3.0,196.34,0
54371,2.0,1,Credit Card,Mobile Phone,5,0,4,7.0,200.55,1
54372,5.0,1,UPI,Mobile Phone,4,0,5,9.0,71.52,1
54373,1.0,3,Credit Card,Laptop & Accessory,5,1,5,5.0,177.48,0
54374,5.0,2,COD,Mobile Phone,1,0,2,11.0,140.0,0
54375,7.0,1,Debit Card,Fashion,2,1,1,4.0,216.23,1
54376,7.0,1,E wallet,Laptop & Accessory,5,1,3,2.0,186.47,0
54377,5.0,1,Credit Card,Fashion,4,0,1,3.0,113.2,0
54378,18.0,1,UPI,Grocery,3,0,5,0.0,144.08,0
54379,2.0,3,Debit Card,Laptop & Accessory,5,1,2,0.0,242.48,0
54380,7.0,2,Debit Card,Mobile Phone,5,1,8,5.0,183.51,0
54381,1.0,1,Debit Card,Mobile Phone,1,0,2,1.0,229.6,0
54382,1.0,1,UPI,Fashion,5,1,3,3.0,186.9,0
54383,9.0,3,Credit Card,Mobile Phone,4,0,1,6.0,187.5,1
54384,8.0,1,UPI,Fashion,2,0,4,2.0,167.94,0
54385,21.0,1,Debit Card,Mobile Phone,4,0,2,5.0,92.72,0
54386,8.0,3,Debit Card,Mobile Phone,5,1,1,3.0,200.46,0
54387,32.0,3,Debit Card,Fashion,4,0,1,0.0,194.4,0
54388,0.0,3,Credit Card,Grocery,5,0,4,9.0,183.76,0
54389,1.0,1,E wallet,Fashion,1,0,2,8.0,223.31,0
54390,0.0,1,Debit Card,Others,4,0,3,5.0,220.68,0
54391,2.0,1,UPI,Laptop & Accessory,2,0,4,3.0,146.59,0
54392,8.0,1,Debit Card,Laptop & Accessory,1,0,9,1.0,128.01,0
54393,10.0,2,Credit Card,Mobile Phone,4,1,2,6.0,177.19,1
54394,0.0,1,E wallet,Laptop & Accessory,4,0,2,0.0,247.12,0
54395,29.0,2,Debit Card,Fashion,3,0,4,2.0,182.8,0
54396,18.0,1,Debit Card,Laptop & Accessory,5,1,2,4.0,183.94,0
54397,4.0,1,Debit Card,Mobile Phone,4,0,2,6.0,148.51,0
54398,1.0,3,Debit Card,Fashion,2,0,1,2.0,141.75,0
54399,2.0,1,UPI,Mobile Phone,5,0,2,5.0,170.5,0
54400,1.0,1,COD,Laptop & Accessory,2,1,8,0.0,206.7,0
54401,1.0,1,E wallet,Grocery,4,0,2,6.0,177.09,0
54402,7.0,1,E wallet,Fashion,2,0,1,1.0,120.75,1
54403,3.0,1,Debit Card,Mobile Phone,5,0,3,0.0,199.76,0
54404,4.0,1,Debit Card,Fashion,3,0,2,5.0,175.63,0
54405,46.0,2,E wallet,Mobile Phone,3,1,2,0.0,145.14,0
54406,12.0,3,Credit Card,Laptop & Accessory,3,1,1,3.0,278.97,0
54407,30.0,1,Credit Card,Laptop & Accessory,2,1,4,10.0,243.59,0
54408,2.0,1,E wallet,Fashion,3,0,1,2.0,101.06,0
54409,5.0,1,Credit Card,Mobile Phone,2,0,4,5.0,276.31,0
54410,8.0,1,Debit Card,Fashion,5,1,1,11.0,196.18,0
54411,1.0,1,E wallet,Laptop & Accessory,5,0,6,7.0,219.85,0
54412,0.0,2,Credit Card,Fashion,5,0,5,4.0,182.17,1
54413,11.0,1,E wallet,Laptop & Accessory,3,0,3,2.0,177.33,0
54414,10.0,3,Credit Card,Mobile Phone,1,0,4,12.0,174.31,1
54415,5.0,3,Debit Card,Fashion,1,0,1,1.0,191.85,1
54416,7.0,3,Debit Card,Fashion,3,0,2,4.0,138.57,0
54417,5.0,1,E wallet,Fashion,4,0,1,9.0,125.73,1
54418,0.0,1,Credit Card,Mobile Phone,5,0,3,1.0,188.51,0
54419,4.0,3,Credit Card,Mobile Phone,4,1,1,3.0,149.15,0
54420,2.0,1,Credit Card,Laptop & Accessory,5,1,1,8.0,178.66,0
54421,1.0,3,Credit Card,Laptop & Accessory,3,0,6,3.0,182.71,0
54422,31.0,1,Debit Card,Fashion,4,0,2,4.0,216.5,0
54423,9.0,1,Debit Card,Others,2,0,2,3.0,159.54,0
54424,13.0,2,Debit Card,Mobile Phone,3,0,3,3.0,147.93,0
54425,4.0,2,Debit Card,Fashion,4,0,1,15.0,155.83,0
54426,5.0,2,Credit Card,Fashion,4,0,5,8.0,150.31,0
54427,3.0,3,Debit Card,Others,3,1,5,5.0,199.05,0
54428,1.0,1,Debit Card,Fashion,2,1,6,5.0,149.73,1
54429,2.0,1,Debit Card,Mobile Phone,3,0,1,0.0,259.66,0
54430,16.0,3,Debit Card,Laptop & Accessory,1,0,3,7.0,131.47,0
54431,11.0,1,COD,Laptop & Accessory,4,0,3,3.0,153.62,0
54432,8.0,2,Debit Card,Laptop & Accessory,3,0,6,29.0,86.0,1
54433,6.0,1,Credit Card,Grocery,3,0,4,4.0,144.77,0
54434,26.0,1,Debit Card,Mobile Phone,4,0,3,6.0,185.16,0
54435,1.0,1,E wallet,Mobile Phone,4,0,5,9.0,180.67,0
54436,3.0,1,UPI,Others,4,0,4,1.0,150.68,0
54437,4.0,3,Credit Card,Grocery,3,1,7,4.0,213.58,0
54438,15.0,2,E wallet,Fashion,3,0,1,19.0,153.4,0
54439,49.0,1,Debit Card,Laptop & Accessory,5,0,3,1.0,115.67,0
54440,3.0,1,Debit Card,Laptop & Accessory,3,0,2,17.0,196.19,0
54441,21.0,1,Debit Card,Laptop & Accessory,3,0,3,10.0,186.22,0
54442,18.0,1,Debit Card,Fashion,5,1,4,8.0,157.33,0
54443,3.0,1,Debit Card,Mobile Phone,2,1,3,1.0,166.93,1
54444,5.0,1,Debit Card,Laptop & Accessory,4,1,2,1.0,201.11,0
54445,5.0,1,Credit Card,Fashion,3,1,2,9.0,257.17,1
54446,38.0,1,E wallet,Laptop & Accessory,5,0,3,5.0,154.01,0
54447,2.0,1,Debit Card,Mobile Phone,3,0,4,4.0,262.42,1
54448,16.0,1,Debit Card,Fashion,3,1,1,14.0,242.55,0
54449,4.0,1,Credit Card,Mobile Phone,2,1,3,1.0,152.51,1
54450,13.0,1,Credit Card,Others,5,0,2,15.0,162.34,0
54451,5.0,1,Debit Card,Mobile Phone,4,0,4,4.0,303.37,0
54452,9.0,3,Debit Card,Laptop & Accessory,1,0,5,1.0,111.15,0
54453,18.0,1,Credit Card,Laptop & Accessory,4,0,2,3.0,148.96,0
54454,16.0,3,Debit Card,Mobile Phone,1,0,1,7.0,145.06,0
54455,20.0,1,UPI,Grocery,2,1,1,0.0,66.13,0
54456,1.0,3,Debit Card,Others,4,0,7,13.0,234.56,0
54457,12.0,1,Debit Card,Others,3,0,3,1.0,213.69,0
54458,2.0,2,Credit Card,Mobile Phone,5,1,4,0.0,197.94,0
54459,5.0,1,COD,Mobile Phone,4,1,1,6.0,223.24,1
54460,8.0,2,Credit Card,Mobile Phone,5,1,2,3.0,192.17,1
54461,5.0,1,Debit Card,Mobile Phone,5,1,4,2.0,225.18,0
54462,7.0,1,Debit Card,Laptop & Accessory,3,0,2,4.0,263.2,0
54463,57.0,2,Credit Card,Laptop & Accessory,5,1,2,1.0,183.89,0
54464,1.0,1,Debit Card,Mobile Phone,5,0,4,0.0,325.0,0
54465,11.0,3,Credit Card,Laptop & Accessory,5,0,2,3.0,175.62,0
54466,5.0,1,Credit Card,Grocery,1,0,5,3.0,113.84,0
54467,1.0,1,Debit Card,Fashion,5,0,8,1.0,189.38,0
54468,2.0,2,Debit Card,Mobile Phone,1,0,5,3.0,250.34,0
54469,30.0,1,E wallet,Laptop & Accessory,3,0,3,7.0,209.75,0
54470,21.0,1,Credit Card,Mobile Phone,3,0,6,14.0,171.62,0
54471,24.0,2,E wallet,Mobile Phone,5,0,6,7.0,216.64,0
54472,48.0,2,Debit Card,Mobile Phone,3,0,1,2.0,182.35,0
54473,2.0,3,Credit Card,Fashion,4,0,2,2.0,148.02,0
54474,4.0,1,Debit Card,Grocery,4,0,2,1.0,267.75,0
54475,11.0,1,Debit Card,Fashion,1,1,3,1.0,227.78,0
54476,7.0,1,Credit Card,Mobile Phone,4,0,3,12.0,231.29,0
54477,5.0,1,E wallet,Laptop & Accessory,3,0,5,14.0,209.76,0
54478,4.0,2,Debit Card,Mobile Phone,4,0,2,4.0,301.89,0
54479,9.0,1,E wallet,Others,1,0,3,1.0,222.24,0
54480,9.0,1,Credit Card,Fashion,1,0,2,5.0,110.15,1
54481,2.0,1,Debit Card,Laptop & Accessory,2,0,5,4.0,184.51,0
54482,6.0,2,UPI,Fashion,5,1,1,10.0,198.66,0
54483,8.0,3,Credit Card,Laptop & Accessory,3,0,4,3.0,194.44,0
54484,8.0,2,Credit Card,Mobile Phone,3,0,1,1.0,207.85,0
54485,2.0,1,Credit Card,Fashion,3,1,3,3.0,150.06,0
54486,14.0,2,Credit Card,Mobile Phone,4,1,2,2.0,195.35,0
54487,0.0,1,E wallet,Mobile Phone,3,0,2,1.0,162.83,0
54488,4.0,1,Debit Card,Laptop & Accessory,1,0,3,0.0,145.77,0
54489,15.0,1,Debit Card,Laptop & Accessory,3,0,1,2.0,249.61,0
54490,8.0,1,UPI,Grocery,4,0,4,2.0,111.69,0
54491,3.0,1,E wallet,Fashion,5,0,3,13.0,97.18,0
54492,12.0,3,Debit Card,Fashion,1,0,3,2.0,132.04,0
54493,8.0,1,Debit Card,Laptop & Accessory,5,1,2,8.0,163.73,0
54494,16.0,1,Credit Card,Fashion,1,0,2,7.0,260.44,0
54495,13.0,3,Debit Card,Laptop & Accessory,3,0,4,3.0,191.05,0
54496,9.0,3,Credit Card,Laptop & Accessory,1,0,5,4.0,199.7,0
54497,7.0,2,Debit Card,Mobile Phone,5,0,3,3.0,146.4,0
54498,1.0,1,Credit Card,Mobile Phone,4,0,1,4.0,208.5,0
54499,3.0,1,Debit Card,Laptop & Accessory,3,0,2,4.0,241.55,0
54500,5.0,1,Credit Card,Laptop & Accessory,3,0,1,3.0,122.15,0
54501,9.0,1,Credit Card,Mobile Phone,4,0,6,8.0,195.33,0
54502,7.0,1,Credit Card,Laptop & Accessory,1,1,6,5.0,197.29,0
54503,3.0,1,Debit Card,Laptop & Accessory,2,0,3,2.0,224.7,1
54504,0.0,1,Debit Card,Mobile Phone,5,0,3,4.0,92.3,0
54505,7.0,1,Debit Card,Laptop & Accessory,2,0,1,2.0,145.99,0
54506,3.0,1,Credit Card,Mobile Phone,4,0,1,0.0,158.75,0
54507,13.0,1,Credit Card,Grocery,2,1,2,10.0,212.92,0
54508,0.0,1,Debit Card,Laptop & Accessory,1,0,2,7.0,223.93,1
54509,9.0,1,E wallet,Others,5,1,1,0.0,113.88,0
54510,28.0,1,E wallet,Laptop & Accessory,5,0,3,1.0,95.68,0
54511,2.0,1,Credit Card,Laptop & Accessory,4,0,3,8.0,248.93,0
54512,6.0,1,Debit Card,Fashion,3,0,6,6.0,147.31,0
54513,1.0,1,E wallet,Fashion,4,0,3,2.0,262.89,0
54514,10.0,3,E wallet,Mobile Phone,3,1,1,1.0,205.11,0
54515,8.0,3,COD,Laptop & Accessory,4,0,3,1.0,169.74,0
54516,5.0,1,Debit Card,Fashion,4,1,6,8.0,219.03,1
54517,7.0,3,UPI,Others,5,0,4,13.0,235.36,0
54518,23.0,1,Debit Card,Others,3,0,3,5.0,165.04,0
54519,2.0,1,Credit Card,Fashion,5,0,1,2.0,150.53,0
54520,0.0,3,Credit Card,Fashion,2,0,5,19.0,180.72,0
54521,20.0,1,Credit Card,Fashion,1,0,6,2.0,236.95,0
54522,9.0,2,Credit Card,Fashion,4,0,1,6.0,161.72,0
54523,22.0,1,Debit Card,Others,2,1,2,13.0,163.5,0
54524,9.0,1,UPI,Fashion,4,0,4,7.0,150.21,0
54525,17.0,1,Credit Card,Fashion,4,0,1,12.0,132.04,0
54526,6.0,1,UPI,Laptop & Accessory,3,1,2,1.0,194.26,0
54527,14.0,1,Debit Card,Mobile Phone,1,0,4,2.0,149.35,0
54528,24.0,1,Credit Card,Grocery,5,0,3,6.0,245.79,0
54529,8.0,1,Credit Card,Laptop & Accessory,1,0,1,3.0,249.84,0
54530,2.0,3,Credit Card,Laptop & Accessory,5,0,1,1.0,92.52,0
54531,3.0,2,E wallet,Laptop & Accessory,1,0,2,7.0,183.02,0
54532,2.0,1,Debit Card,Others,4,0,6,2.0,235.89,0
54533,3.0,1,Debit Card,Fashion,5,0,9,11.0,210.7,0
54534,4.0,3,E wallet,Laptop & Accessory,5,0,5,7.0,243.21,0
54535,8.0,1,Credit Card,Laptop & Accessory,5,1,4,2.0,141.17,0
54536,9.0,1,Debit Card,Fashion,5,0,2,3.0,98.85,0
54537,6.0,1,Credit Card,Mobile Phone,3,0,3,14.0,181.41,0
54538,10.0,3,Credit Card,Laptop & Accessory,4,0,5,4.0,192.82,0
54539,1.0,1,Credit Card,Others,4,0,1,7.0,228.29,0
54540,1.0,1,Debit Card,Mobile Phone,5,1,5,16.0,166.0,1
54541,2.0,1,Credit Card,Fashion,5,1,2,7.0,262.81,1
54542,7.0,1,Credit Card,Grocery,4,1,4,0.0,208.29,0
54543,2.0,1,E wallet,Laptop & Accessory,4,0,2,1.0,153.99,0
54544,3.0,1,UPI,Mobile Phone,4,0,1,2.0,108.33,0
54545,5.0,1,Credit Card,Mobile Phone,5,0,1,4.0,221.78,0
54546,17.0,1,Debit Card,Others,2,0,3,2.0,178.11,0
54547,0.0,1,Debit Card,Laptop & Accessory,2,1,1,5.0,217.6,0
54548,10.0,3,Debit Card,Fashion,5,0,3,13.0,211.78,0
54549,11.0,3,Debit Card,Mobile Phone,4,0,5,7.0,162.36,0
54550,16.0,1,E wallet,Grocery,3,0,4,0.0,119.23,0
54551,27.0,1,E wallet,Grocery,5,0,6,15.0,192.19,0
54552,0.0,1,Credit Card,Laptop & Accessory,5,0,3,1.0,187.04,0
54553,2.0,1,Debit Card,Laptop & Accessory,2,0,2,2.0,171.57,0
54554,22.0,2,Debit Card,Laptop & Accessory,2,1,7,0.0,174.18,0
54555,6.0,1,UPI,Mobile Phone,4,1,5,1.0,130.57,0
54556,8.0,2,UPI,Grocery,4,1,1,14.0,280.07,0
54557,11.0,2,Debit Card,Laptop & Accessory,2,1,2,5.0,212.38,0
54558,11.0,3,Credit Card,Mobile Phone,5,1,3,1.0,144.73,0
54559,27.0,1,Debit Card,Grocery,3,1,3,1.0,202.33,0
54560,58.0,1,Debit Card,Grocery,3,1,2,10.0,145.78,0
54561,13.0,1,Debit Card,Fashion,5,0,2,1.0,180.36,0
54562,3.0,3,Credit Card,Fashion,3,0,2,2.0,196.52,0
54563,21.0,2,Debit Card,Laptop & Accessory,2,0,3,3.0,230.21,0
54564,1.0,1,Debit Card,Laptop & Accessory,3,0,4,0.0,122.35,1
54565,3.0,1,Debit Card,Laptop & Accessory,3,0,2,3.0,143.96,0
54566,23.0,1,Debit Card,Mobile Phone,5,0,1,8.0,194.26,0
54567,3.0,1,Credit Card,Mobile Phone,3,0,3,8.0,153.02,1
54568,2.0,1,Debit Card,Laptop & Accessory,3,0,4,1.0,188.46,0
54569,1.0,1,UPI,Laptop & Accessory,4,0,6,7.0,72.18,0
54570,20.0,1,Debit Card,Laptop & Accessory,3,0,4,2.0,130.13,0
54571,7.0,2,Debit Card,Laptop & Accessory,4,1,6,6.0,227.85,1
54572,11.0,1,Debit Card,Others,2,1,6,6.0,207.73,1
54573,3.0,1,Debit Card,Others,2,0,2,9.0,148.5,0
54574,14.0,1,Debit Card,Laptop & Accessory,5,0,3,22.0,150.88,0
54575,14.0,3,Debit Card,Laptop & Accessory,3,0,4,1.0,277.14,0
54576,4.0,1,UPI,Grocery,4,0,2,1.0,243.26,0
54577,5.0,3,Credit Card,Laptop & Accessory,5,1,1,5.0,150.99,0
54578,2.0,1,UPI,Others,3,0,4,4.0,206.34,0
54579,38.0,3,Debit Card,Mobile Phone,3,1,1,9.0,125.37,0
54580,10.0,3,Credit Card,Mobile Phone,4,0,3,1.0,137.2,0
54581,27.0,1,Debit Card,Fashion,4,0,3,3.0,149.62,0
54582,4.0,3,E wallet,Laptop & Accessory,3,1,5,2.0,153.7,0
54583,15.0,1,COD,Laptop & Accessory,4,0,1,0.0,204.44,0
54584,15.0,1,E wallet,Fashion,5,0,3,7.0,145.65,0
54585,12.0,1,Debit Card,Others,2,1,2,3.0,136.16,0
54586,34.0,1,Debit Card,Fashion,1,0,4,0.0,136.18,0
54587,5.0,2,Debit Card,Fashion,3,1,3,0.0,134.02,1
54588,1.0,2,Debit Card,Others,4,0,1,0.0,235.78,0
54589,11.0,1,Debit Card,Laptop & Accessory,5,1,8,3.0,107.74,0
54590,13.0,1,Debit Card,Laptop & Accessory,5,1,4,12.0,102.56,0
54591,9.0,1,Debit Card,Laptop & Accessory,2,1,1,1.0,236.16,0
54592,2.0,2,Credit Card,Laptop & Accessory,5,0,4,1.0,130.36,0
54593,7.0,1,Credit Card,Fashion,5,0,1,4.0,231.69,0
54594,4.0,3,E wallet,Laptop & Accessory,4,0,2,3.0,195.61,1
54595,6.0,1,Debit Card,Laptop & Accessory,4,0,4,6.0,212.02,0
54596,10.0,1,Debit Card,Laptop & Accessory,5,0,2,2.0,117.05,0
54597,14.0,3,Credit Card,Laptop & Accessory,5,0,3,1.0,234.44,0
54598,3.0,1,Credit Card,Laptop & Accessory,5,1,5,7.0,174.37,1
54599,5.0,1,Debit Card,Laptop & Accessory,2,0,7,3.0,160.49,1
54600,3.0,1,UPI,Grocery,4,1,4,9.0,202.6,0
54601,2.0,1,Debit Card,Fashion,5,0,7,0.0,180.04,0
54602,15.0,3,Debit Card,Grocery,2,0,5,1.0,142.73,0
54603,24.0,1,Credit Card,Grocery,2,0,3,2.0,238.28,0
54604,5.0,1,Debit Card,Others,4,1,3,2.0,129.4,0
54605,14.0,1,Credit Card,Laptop & Accessory,3,1,2,0.0,80.41,0
54606,23.0,1,Debit Card,Grocery,3,0,2,2.0,198.31,0
54607,19.0,2,Debit Card,Mobile Phone,3,0,3,3.0,211.35,0
54608,2.0,3,UPI,Laptop & Accessory,2,0,3,6.0,182.82,0
54609,31.0,3,Debit Card,Fashion,5,0,4,1.0,151.36,0
54610,5.0,1,Credit Card,Laptop & Accessory,5,0,3,8.0,106.96,0
54611,4.0,1,Debit Card,Laptop & Accessory,3,0,1,10.0,198.63,1
54612,1.0,1,Credit Card,Laptop & Accessory,2,1,3,1.0,162.16,0
54613,7.0,2,Debit Card,Mobile Phone,3,0,3,3.0,160.88,0
54614,1.0,1,E wallet,Fashion,3,0,1,17.0,135.9,0
54615,3.0,1,E wallet,Laptop & Accessory,1,0,4,5.0,98.22,0
54616,4.0,3,Debit Card,Fashion,5,0,4,3.0,145.87,0
54617,17.0,1,Debit Card,Laptop & Accessory,5,0,4,5.0,156.55,0
54618,21.0,1,UPI,Mobile Phone,5,0,4,3.0,180.22,0
54619,4.0,1,UPI,Laptop & Accessory,5,0,2,24.0,231.38,0
54620,20.0,1,Credit Card,Grocery,4,0,4,0.0,145.32,0
54621,19.0,1,Credit Card,Others,4,1,2,1.0,150.54,0
54622,14.0,1,E wallet,Laptop & Accessory,5,1,1,7.0,122.13,0
54623,2.0,1,Debit Card,Others,4,0,1,8.0,170.8,0
54624,12.0,1,Credit Card,Fashion,4,0,4,4.0,140.6,0
54625,29.0,2,Credit Card,Laptop & Accessory,4,0,2,2.0,132.12,0
54626,11.0,1,E wallet,Mobile Phone,2,0,2,6.0,173.72,0
54627,4.0,2,Debit Card,Grocery,5,1,3,1.0,204.74,0
54628,7.0,1,Credit Card,Mobile Phone,1,0,3,1.0,216.11,0
54629,10.0,1,Credit Card,Mobile Phone,4,0,1,8.0,144.97,0
54630,7.0,3,E wallet,Mobile Phone,1,0,2,6.0,155.58,0
54631,1.0,1,Credit Card,Mobile Phone,5,0,1,4.0,261.55,0
54632,4.0,1,UPI,Laptop & Accessory,5,1,6,1.0,183.67,0
54633,16.0,3,UPI,Mobile Phone,3,0,9,9.0,178.8,0
54634,20.0,1,Credit Card,Fashion,5,1,5,0.0,212.49,0
54635,1.0,1,Debit Card,Fashion,3,0,2,5.0,222.74,1
54636,30.0,1,Credit Card,Mobile Phone,2,1,4,7.0,185.96,0
54637,4.0,2,UPI,Laptop & Accessory,3,0,1,2.0,91.59,0
54638,11.0,3,Debit Card,Laptop & Accessory,3,1,2,7.0,114.94,0
54639,14.0,1,Credit Card,Grocery,4,0,3,0.0,192.65,0
54640,17.0,1,Debit Card,Mobile Phone,4,0,2,14.0,203.97,0
54641,29.0,1,Debit Card,Mobile Phone,2,1,7,2.0,129.93,0
54642,4.0,1,Credit Card,Laptop & Accessory,1,0,3,9.0,200.32,0
54643,20.0,1,Credit Card,Laptop & Accessory,2,0,3,2.0,83.19,0
54644,1.0,1,Credit Card,Laptop & Accessory,3,0,1,6.0,110.34,0
54645,12.0,1,UPI,Fashion,3,0,4,4.0,126.09,0
54646,14.0,1,Debit Card,Fashion,2,0,1,3.0,269.89,0
54647,11.0,3,Debit Card,Mobile Phone,3,0,6,24.0,206.63,0
54648,3.0,1,UPI,Grocery,5,0,1,8.0,200.94,0
54649,21.0,1,Credit Card,Laptop & Accessory,2,0,2,1.0,181.61,0
54650,2.0,1,Debit Card,Laptop & Accessory,5,0,4,19.0,172.99,0
54651,1.0,3,E wallet,Laptop & Accessory,3,1,2,3.0,162.82,0
54652,13.0,2,UPI,Mobile Phone,4,0,2,5.0,124.09,0
54653,6.0,2,Credit Card,Grocery,5,0,2,1.0,186.43,0
54654,19.0,1,E wallet,Grocery,3,0,4,22.0,107.4,0
54655,5.0,3,Debit Card,Mobile Phone,5,0,3,3.0,167.21,0
54656,2.0,1,Debit Card,Fashion,1,1,2,3.0,204.14,0
54657,18.0,1,UPI,Grocery,3,0,7,2.0,179.64,0
54658,8.0,1,Credit Card,Mobile Phone,3,1,1,2.0,242.79,0
54659,2.0,3,Debit Card,Laptop & Accessory,3,1,2,7.0,78.85,1
54660,13.0,2,Credit Card,Fashion,3,1,2,0.0,115.49,0
54661,7.0,3,Credit Card,Fashion,5,1,2,2.0,190.64,0
54662,9.0,3,Debit Card,Fashion,3,0,5,2.0,166.96,1
54663,6.0,1,Credit Card,Laptop & Accessory,4,1,3,1.0,164.25,0
54664,18.0,1,Debit Card,Mobile Phone,5,0,4,1.0,258.13,0
54665,18.0,1,Debit Card,Mobile Phone,3,0,3,34.0,135.53,0
54666,12.0,3,Credit Card,Laptop & Accessory,3,0,4,8.0,165.61,0
54667,1.0,1,Debit Card,Mobile Phone,5,0,6,1.0,145.51,0
54668,18.0,3,Debit Card,Laptop & Accessory,5,0,5,11.0,133.45,1
54669,11.0,1,UPI,Mobile Phone,5,0,1,3.0,193.37,0
54670,12.0,1,Credit Card,Laptop & Accessory,3,1,3,0.0,214.59,1
54671,5.0,1,Credit Card,Others,4,1,2,5.0,151.93,0
54672,21.0,1,Debit Card,Laptop & Accessory,2,0,5,4.0,123.68,0
54673,13.0,3,Debit Card,Mobile Phone,5,0,1,3.0,147.89,0
54674,1.0,1,Credit Card,Laptop & Accessory,5,0,3,1.0,133.38,0
54675,5.0,1,Debit Card,Laptop & Accessory,3,0,2,7.0,193.62,0
54676,22.0,1,Credit Card,Fashion,2,1,4,4.0,159.13,0
54677,0.0,1,Credit Card,Laptop & Accessory,2,1,5,9.0,172.99,0
54678,33.0,1,Credit Card,Mobile Phone,4,0,1,1.0,143.82,0
54679,11.0,1,Debit Card,Laptop & Accessory,3,1,2,19.0,142.3,1
54680,10.0,3,Debit Card,Mobile Phone,4,0,3,6.0,99.05,0
54681,3.0,1,COD,Fashion,3,0,3,3.0,171.99,0
54682,3.0,1,COD,Grocery,5,0,4,7.0,223.99,0
54683,28.0,1,Credit Card,Mobile Phone,3,0,2,5.0,81.06,0
54684,4.0,1,E wallet,Grocery,3,0,3,3.0,99.67,1
54685,15.0,1,Credit Card,Fashion,3,0,3,8.0,186.16,0
54686,5.0,1,Debit Card,Laptop & Accessory,1,0,2,2.0,121.59,0
54687,1.0,1,Debit Card,Grocery,3,0,6,0.0,214.73,0
54688,0.0,2,Debit Card,Fashion,4,0,3,8.0,103.58,0
54689,8.0,1,Credit Card,Laptop & Accessory,5,0,1,2.0,228.11,0
54690,37.0,2,Credit Card,Others,1,1,2,5.0,203.45,0
54691,5.0,3,UPI,Laptop & Accessory,4,1,4,11.0,218.88,0
54692,4.0,1,E wallet,Mobile Phone,3,1,3,2.0,250.99,0
54693,4.0,1,UPI,Mobile Phone,5,0,1,11.0,211.32,0
54694,7.0,1,UPI,Mobile Phone,3,0,2,1.0,234.27,0
54695,6.0,1,E wallet,Fashion,2,0,1,1.0,138.33,0
54696,21.0,3,Debit Card,Laptop & Accessory,4,1,3,4.0,161.34,0
54697,7.0,2,Debit Card,Laptop & Accessory,5,1,2,4.0,138.74,0
54698,7.0,1,Credit Card,Laptop & Accessory,2,0,3,11.0,211.3,1
54699,1.0,1,Credit Card,Laptop & Accessory,1,0,2,1.0,197.62,0
54700,41.0,1,Debit Card,Fashion,5,0,3,16.0,214.55,0
54701,3.0,1,E wallet,Fashion,4,0,5,4.0,202.84,0
54702,1.0,2,COD,Mobile Phone,5,0,5,5.0,174.12,0
54703,11.0,1,Credit Card,Laptop & Accessory,1,0,4,0.0,171.11,0
54704,9.0,1,Credit Card,Mobile Phone,5,0,2,28.0,257.98,0
54705,5.0,2,E wallet,Laptop & Accessory,3,0,2,2.0,125.18,0
54706,5.0,1,Debit Card,Fashion,5,0,3,3.0,132.89,0
54707,15.0,1,Debit Card,Laptop & Accessory,1,0,2,0.0,163.53,0
54708,2.0,1,E wallet,Mobile Phone,5,0,8,3.0,94.74,0
54709,17.0,1,E wallet,Mobile Phone,4,1,3,0.0,206.82,0
54710,10.0,2,Credit Card,Others,4,1,2,17.0,134.03,1
54711,5.0,3,UPI,Laptop & Accessory,1,1,8,9.0,179.26,1
54712,6.0,1,Debit Card,Laptop & Accessory,4,0,1,6.0,259.86,0
54713,3.0,3,Credit Card,Others,4,1,2,4.0,165.32,0
54714,14.0,1,Credit Card,Mobile Phone,4,1,1,8.0,152.14,1
54715,7.0,2,Debit Card,Fashion,4,1,2,1.0,193.93,0
54716,4.0,3,Debit Card,Fashion,3,0,3,1.0,207.07,0
54717,9.0,1,UPI,Laptop & Accessory,2,0,5,0.0,253.85,0
54718,55.0,3,Debit Card,Laptop & Accessory,5,0,3,3.0,140.39,0
54719,6.0,1,Debit Card,Laptop & Accessory,5,0,6,6.0,139.2,0
54720,25.0,1,Credit Card,Fashion,2,1,3,2.0,148.35,0
54721,4.0,2,Debit Card,Grocery,4,0,4,0.0,165.28,0
54722,1.0,3,UPI,Fashion,2,0,4,0.0,205.67,1
54723,2.0,3,Debit Card,Mobile Phone,5,0,3,1.0,200.16,0
54724,5.0,1,Credit Card,Laptop & Accessory,1,0,3,3.0,112.35,1
54725,2.0,1,Debit Card,Mobile Phone,5,0,4,3.0,192.69,0
54726,0.0,1,E wallet,Grocery,4,0,3,1.0,200.08,0
54727,25.0,3,Credit Card,Grocery,1,0,2,8.0,276.16,0
54728,19.0,1,Debit Card,Laptop & Accessory,5,1,1,5.0,134.09,0
54729,14.0,2,COD,Laptop & Accessory,4,0,2,3.0,179.48,0
54730,2.0,1,Debit Card,Fashion,4,0,5,7.0,106.64,0
54731,1.0,1,Credit Card,Mobile Phone,3,0,8,17.0,143.04,1
54732,1.0,1,COD,Mobile Phone,3,0,4,0.0,249.68,0
54733,13.0,3,Credit Card,Mobile Phone,5,0,3,26.0,133.43,0
54734,26.0,1,E wallet,Laptop & Accessory,4,0,4,21.0,120.3,0
54735,6.0,3,Debit Card,Laptop & Accessory,1,0,6,1.0,140.24,0
54736,1.0,1,Debit Card,Laptop & Accessory,3,0,3,12.0,207.02,0
54737,7.0,1,Debit Card,Laptop & Accessory,4,0,4,7.0,199.04,0
54738,4.0,2,COD,Laptop & Accessory,2,0,6,1.0,172.36,0
54739,5.0,2,COD,Laptop & Accessory,1,0,3,8.0,205.53,0
54740,10.0,3,Debit Card,Laptop & Accessory,1,0,5,1.0,141.71,0
54741,13.0,1,Debit Card,Laptop & Accessory,4,1,2,1.0,155.42,0
54742,1.0,1,Debit Card,Laptop & Accessory,3,1,3,1.0,117.12,0
54743,0.0,1,Debit Card,Mobile Phone,3,0,6,6.0,178.72,0
54744,52.0,1,Debit Card,Others,1,0,5,0.0,47.08,0
54745,3.0,3,E wallet,Laptop & Accessory,4,0,3,4.0,190.75,0
54746,1.0,1,UPI,Laptop & Accessory,4,0,5,3.0,216.86,0
54747,2.0,1,E wallet,Laptop & Accessory,5,0,1,1.0,161.87,0
54748,0.0,1,Credit Card,Fashion,4,0,3,0.0,111.41,0
54749,5.0,1,E wallet,Laptop & Accessory,4,0,2,2.0,156.82,0
54750,16.0,1,E wallet,Laptop & Accessory,4,1,2,2.0,132.6,0
54751,4.0,1,Credit Card,Grocery,3,0,1,18.0,90.33,1
54752,6.0,1,Debit Card,Laptop & Accessory,3,0,3,1.0,142.27,0
54753,11.0,1,Debit Card,Others,1,0,3,3.0,178.94,0
54754,7.0,3,Credit Card,Grocery,3,1,4,3.0,213.8,0
54755,20.0,1,COD,Fashion,4,0,6,3.0,150.55,0
54756,20.0,1,Credit Card,Mobile Phone,5,0,4,15.0,202.64,0
54757,0.0,3,UPI,Laptop & Accessory,3,0,4,2.0,189.41,0
54758,15.0,2,Debit Card,Fashion,4,0,3,0.0,173.04,0
54759,6.0,3,E wallet,Laptop & Accessory,3,0,3,0.0,72.29,0
54760,45.0,3,UPI,Mobile Phone,4,1,1,10.0,206.04,0
54761,7.0,1,Credit Card,Laptop & Accessory,1,0,2,4.0,151.13,0
54762,43.0,2,UPI,Laptop & Accessory,2,1,1,1.0,203.07,0
54763,14.0,1,Credit Card,Mobile Phone,2,1,2,10.0,227.85,0
54764,3.0,1,Debit Card,Mobile Phone,5,0,2,7.0,139.25,0
54765,8.0,3,Debit Card,Laptop & Accessory,1,0,2,2.0,225.26,0
54766,48.0,1,Credit Card,Mobile Phone,4,0,3,4.0,168.15,0
54767,19.0,2,UPI,Fashion,5,1,3,5.0,187.21,0
54768,1.0,2,Debit Card,Mobile Phone,4,0,1,1.0,94.31,0
54769,12.0,1,Credit Card,Mobile Phone,3,0,2,5.0,247.1,0
54770,4.0,3,E wallet,Fashion,3,1,2,5.0,126.17,0
54771,0.0,1,Debit Card,Grocery,4,1,1,2.0,260.19,1
54772,5.0,1,Debit Card,Mobile Phone,3,1,2,5.0,189.98,0
54773,3.0,3,Debit Card,Others,4,0,4,2.0,248.34,0
54774,17.0,1,Debit Card,Laptop & Accessory,4,0,5,4.0,160.97,0
54775,4.0,2,Debit Card,Laptop & Accessory,4,1,2,4.0,126.84,1
54776,18.0,1,Debit Card,Fashion,5,0,1,21.0,178.03,0
54777,0.0,1,Debit Card,Laptop & Accessory,5,0,5,1.0,152.84,0
54778,4.0,3,Credit Card,Grocery,4,0,4,0.0,256.87,0
54779,3.0,1,Credit Card,Mobile Phone,3,0,3,2.0,184.62,0
54780,3.0,1,E wallet,Fashion,4,0,2,2.0,182.33,0
54781,1.0,1,Credit Card,Mobile Phone,5,0,1,17.0,182.88,0
54782,2.0,3,COD,Laptop & Accessory,3,0,2,34.0,185.42,1
54783,8.0,1,UPI,Fashion,4,0,3,6.0,219.3,0
54784,3.0,3,COD,Fashion,2,0,2,1.0,179.45,0
54785,5.0,1,Debit Card,Others,3,0,1,4.0,126.53,0
54786,5.0,1,UPI,Mobile Phone,5,0,1,10.0,209.44,0
54787,21.0,3,E wallet,Mobile Phone,3,1,3,3.0,107.5,0
54788,24.0,1,Debit Card,Grocery,2,0,7,4.0,246.0,0
54789,7.0,1,Debit Card,Laptop & Accessory,2,1,2,4.0,178.02,1
54790,4.0,2,Credit Card,Laptop & Accessory,3,0,3,5.0,196.07,0
54791,1.0,2,Debit Card,Laptop & Accessory,2,0,2,5.0,125.53,0
54792,31.0,1,Debit Card,Others,3,0,4,4.0,144.28,0
54793,1.0,1,Credit Card,Laptop & Accessory,4,0,6,2.0,210.61,0
54794,4.0,2,Credit Card,Fashion,5,0,4,2.0,152.52,1
54795,4.0,3,UPI,Mobile Phone,2,0,3,2.0,268.24,0
54796,4.0,2,Credit Card,Laptop & Accessory,4,1,8,8.0,133.82,1
54797,2.0,1,Credit Card,Grocery,2,1,2,3.0,107.62,0
54798,15.0,3,Debit Card,Mobile Phone,3,0,5,1.0,105.26,0
54799,1.0,1,Credit Card,Mobile Phone,5,1,3,2.0,166.6,0
54800,10.0,1,Credit Card,Laptop & Accessory,1,0,3,1.0,255.67,0
54801,1.0,1,UPI,Laptop & Accessory,1,0,1,0.0,252.56,0
54802,1.0,1,Debit Card,Fashion,3,0,3,2.0,319.33,0
54803,24.0,1,Credit Card,Laptop & Accessory,5,0,2,0.0,162.84,0
54804,2.0,1,Credit Card,Mobile Phone,1,1,2,2.0,221.49,1
54805,17.0,1,E wallet,Laptop & Accessory,2,0,3,0.0,192.77,0
54806,8.0,2,COD,Grocery,4,1,3,5.0,242.42,0
54807,1.0,1,Debit Card,Fashion,2,1,8,2.0,199.84,0
54808,31.0,1,Credit Card,Fashion,1,0,3,0.0,140.88,0
54809,3.0,1,E wallet,Laptop & Accessory,1,0,1,8.0,165.67,0
54810,20.0,1,UPI,Mobile Phone,4,0,2,0.0,158.67,0
54811,2.0,1,Credit Card,Laptop & Accessory,4,0,2,3.0,85.45,0
54812,19.0,1,Debit Card,Laptop & Accessory,4,1,6,0.0,275.23,0
54813,0.0,3,Debit Card,Laptop & Accessory,2,0,4,10.0,225.02,0
54814,7.0,3,Credit Card,Grocery,3,0,4,2.0,325.0,1
54815,15.0,3,Credit Card,Others,4,0,2,6.0,89.36,0
54816,27.0,1,Debit Card,Mobile Phone,2,1,3,1.0,199.12,0
54817,24.0,1,Debit Card,Mobile Phone,3,1,3,16.0,251.57,0
54818,17.0,1,Credit Card,Mobile Phone,4,1,2,9.0,149.36,0
54819,22.0,2,COD,Laptop & Accessory,5,0,4,0.0,98.65,0
54820,2.0,1,UPI,Fashion,4,1,5,1.0,107.62,0
54821,3.0,1,Credit Card,Fashion,5,0,4,1.0,175.62,0
54822,3.0,1,E wallet,Fashion,5,0,1,4.0,177.1,0
54823,5.0,1,Debit Card,Fashion,5,0,1,14.0,220.59,0
54824,5.0,3,Credit Card,Grocery,4,0,2,4.0,103.5,0
54825,8.0,2,Debit Card,Mobile Phone,2,0,1,1.0,205.86,0
54826,2.0,3,E wallet,Mobile Phone,3,0,4,3.0,154.62,0
54827,12.0,1,COD,Others,4,0,5,1.0,162.85,0
54828,2.0,3,UPI,Fashion,3,0,3,15.0,92.22,1
54829,4.0,1,Credit Card,Grocery,3,0,4,12.0,193.78,0
54830,7.0,3,E wallet,Laptop & Accessory,4,0,1,15.0,149.17,0
54831,16.0,1,UPI,Laptop & Accessory,5,1,2,18.0,113.42,1
54832,13.0,1,Debit Card,Mobile Phone,3,0,2,1.0,162.2,0
54833,10.0,2,E wallet,Laptop & Accessory,4,0,4,16.0,132.79,0
54834,2.0,1,Debit Card,Grocery,4,0,1,5.0,162.11,0
54835,8.0,3,UPI,Mobile Phone,2,1,6,2.0,240.59,0
54836,1.0,3,Debit Card,Others,1,0,1,3.0,203.62,1
54837,5.0,1,Debit Card,Laptop & Accessory,5,0,1,0.0,166.75,0
54838,5.0,1,E wallet,Laptop & Accessory,5,0,2,2.0,226.13,0
54839,0.0,1,Debit Card,Laptop & Accessory,5,1,6,5.0,145.64,0
54840,3.0,3,Debit Card,Laptop & Accessory,3,0,7,2.0,145.33,0
54841,31.0,1,Credit Card,Fashion,3,0,4,2.0,216.48,0
54842,31.0,1,E wallet,Laptop & Accessory,5,0,7,6.0,177.59,0
54843,4.0,1,Debit Card,Mobile Phone,5,0,4,2.0,151.3,0
54844,0.0,1,E wallet,Fashion,5,0,4,0.0,132.18,0
54845,2.0,2,E wallet,Laptop & Accessory,3,1,1,4.0,193.23,0
54846,5.0,1,Credit Card,Laptop & Accessory,4,0,6,11.0,226.74,0
54847,30.0,1,Credit Card,Mobile Phone,4,0,4,9.0,112.48,0
54848,2.0,2,Debit Card,Fashion,4,1,1,2.0,136.71,0
54849,14.0,1,Debit Card,Grocery,4,1,4,1.0,88.38,0
54850,1.0,1,Debit Card,Fashion,4,1,2,1.0,242.04,0
54851,40.0,1,Debit Card,Others,4,0,5,2.0,140.86,0
54852,5.0,1,Debit Card,Laptop & Accessory,2,0,2,1.0,107.87,0
54853,15.0,1,Debit Card,Laptop & Accessory,3,1,6,5.0,144.92,0
54854,4.0,3,E wallet,Grocery,4,0,5,19.0,259.4,0
54855,10.0,3,Credit Card,Fashion,3,0,2,0.0,277.99,0
54856,2.0,3,UPI,Fashion,5,1,3,2.0,161.81,0
54857,2.0,3,Debit Card,Mobile Phone,5,0,5,22.0,207.87,1
54858,28.0,1,Debit Card,Laptop & Accessory,5,0,2,0.0,175.94,0
54859,25.0,1,Credit Card,Laptop & Accessory,3,0,6,0.0,187.06,0
54860,22.0,1,Debit Card,Laptop & Accessory,2,0,5,2.0,152.25,0
54861,10.0,3,E wallet,Laptop & Accessory,2,0,2,2.0,156.46,0
54862,17.0,2,Credit Card,Fashion,4,1,5,8.0,209.47,0
54863,1.0,1,Credit Card,Laptop & Accessory,3,0,2,3.0,89.69,0
54864,4.0,1,Debit Card,Laptop & Accessory,3,0,2,2.0,112.36,0
54865,4.0,1,Debit Card,Others,2,0,3,5.0,164.07,0
54866,10.0,1,Credit Card,Mobile Phone,4,0,3,6.0,206.05,0
54867,4.0,3,Debit Card,Laptop & Accessory,3,0,2,32.0,116.56,1
54868,2.0,1,Debit Card,Fashion,3,0,2,3.0,185.26,0
54869,9.0,3,Credit Card,Fashion,2,0,4,3.0,182.59,0
54870,17.0,1,Debit Card,Laptop & Accessory,5,1,3,0.0,161.39,0
54871,5.0,2,E wallet,Fashion,3,0,4,2.0,135.45,0
54872,1.0,3,Debit Card,Laptop & Accessory,2,0,2,1.0,181.83,0
54873,2.0,3,Debit Card,Fashion,1,0,2,5.0,172.84,0
54874,3.0,1,Debit Card,Laptop & Accessory,2,0,1,5.0,204.2,0
54875,4.0,1,Debit Card,Mobile Phone,3,1,1,10.0,47.91,0
54876,10.0,1,Debit Card,Mobile Phone,4,0,1,1.0,80.94,0
54877,9.0,1,Debit Card,Fashion,5,0,3,3.0,26.29,0
54878,12.0,1,Debit Card,Fashion,3,0,4,3.0,266.4,0
54879,5.0,3,Debit Card,Grocery,4,0,1,5.0,171.46,0
54880,17.0,1,E wallet,Laptop & Accessory,5,0,3,18.0,238.19,0
54881,2.0,1,E wallet,Fashion,3,0,5,0.0,87.1,0
54882,6.0,1,Debit Card,Laptop & Accessory,3,0,1,8.0,203.19,0
54883,16.0,3,Debit Card,Mobile Phone,3,1,5,1.0,288.91,0
54884,2.0,3,Credit Card,Mobile Phone,5,0,1,3.0,218.62,0
54885,1.0,1,E wallet,Laptop & Accessory,1,1,6,2.0,210.94,0
54886,22.0,1,COD,Laptop & Accessory,3,0,1,8.0,200.55,0
54887,4.0,2,Debit Card,Grocery,4,0,4,7.0,131.1,0
54888,12.0,2,Credit Card,Laptop & Accessory,4,0,2,10.0,195.35,0
54889,0.0,1,E wallet,Laptop & Accessory,3,0,4,10.0,186.18,0
54890,12.0,3,E wallet,Fashion,4,0,2,2.0,135.47,0
54891,4.0,3,Debit Card,Laptop & Accessory,4,0,4,4.0,216.66,0
54892,1.0,1,Credit Card,Laptop & Accessory,4,1,4,1.0,143.98,0
54893,9.0,1,Debit Card,Mobile Phone,3,0,2,3.0,170.82,0
54894,3.0,1,Debit Card,Laptop & Accessory,3,0,4,5.0,212.97,0
54895,5.0,1,Credit Card,Grocery,3,0,2,15.0,252.55,0
54896,1.0,1,Debit Card,Others,5,1,3,2.0,222.54,1
54897,2.0,1,E wallet,Mobile Phone,2,0,2,10.0,173.11,1
54898,4.0,1,E wallet,Laptop & Accessory,2,0,2,8.0,252.83,1
54899,1.0,1,E wallet,Mobile Phone,3,1,1,4.0,178.07,0
54900,24.0,1,Debit Card,Laptop & Accessory,5,0,3,1.0,145.34,0
54901,0.0,1,Debit Card,Mobile Phone,4,0,1,11.0,159.46,0
54902,7.0,1,Debit Card,Laptop & Accessory,3,0,4,1.0,179.99,1
54903,1.0,1,Credit Card,Fashion,5,0,4,29.0,199.95,0
54904,4.0,1,Credit Card,Laptop & Accessory,5,0,3,5.0,166.04,0
54905,26.0,1,Debit Card,Mobile Phone,3,0,8,6.0,175.84,0
54906,2.0,3,Credit Card,Laptop & Accessory,4,0,1,3.0,144.82,0
54907,34.0,1,Credit Card,Mobile Phone,5,0,4,2.0,117.42,0
54908,2.0,3,Debit Card,Laptop & Accessory,3,1,3,3.0,225.94,0
54909,14.0,1,Credit Card,Grocery,3,0,5,9.0,140.49,0
54910,8.0,1,Credit Card,Mobile Phone,4,1,1,5.0,260.45,0
54911,22.0,1,E wallet,Laptop & Accessory,4,0,4,0.0,160.3,0
54912,8.0,2,Credit Card,Laptop & Accessory,1,0,5,5.0,97.52,0
54913,8.0,3,Debit Card,Laptop & Accessory,2,0,5,0.0,101.14,1
54914,2.0,3,Credit Card,Mobile Phone,5,0,4,0.0,190.44,0
54915,2.0,3,E wallet,Laptop & Accessory,1,1,6,5.0,134.99,1
54916,25.0,1,Debit Card,Mobile Phone,5,0,1,0.0,311.63,0
54917,4.0,1,E wallet,Laptop & Accessory,3,1,2,6.0,169.67,0
54918,5.0,1,Debit Card,Fashion,4,0,4,7.0,231.08,0
54919,14.0,1,Credit Card,Mobile Phone,4,0,1,1.0,212.52,0
54920,4.0,1,UPI,Grocery,3,1,4,4.0,185.01,1
54921,30.0,3,Credit Card,Others,1,0,6,16.0,178.42,0
54922,13.0,3,Credit Card,Others,2,0,4,2.0,145.59,0
54923,9.0,1,Debit Card,Laptop & Accessory,4,1,2,2.0,186.21,0
54924,21.0,1,Debit Card,Fashion,3,0,1,3.0,184.99,0
54925,1.0,1,Credit Card,Mobile Phone,3,0,6,9.0,112.94,0
54926,3.0,2,Credit Card,Mobile Phone,1,0,1,5.0,65.57,0
54927,6.0,1,Debit Card,Grocery,3,0,4,3.0,144.13,0
54928,3.0,3,UPI,Laptop & Accessory,3,0,2,5.0,186.93,0
54929,14.0,2,Debit Card,Mobile Phone,1,0,3,6.0,144.63,0
54930,25.0,1,Credit Card,Mobile Phone,1,1,6,0.0,228.51,0
54931,6.0,1,Credit Card,Laptop & Accessory,3,0,4,4.0,141.74,0
54932,4.0,1,Credit Card,Grocery,4,0,2,1.0,253.51,0
54933,33.0,3,Credit Card,Laptop & Accessory,3,1,3,1.0,235.81,0
54934,6.0,1,Debit Card,Fashion,3,1,4,10.0,149.98,0
54935,7.0,3,UPI,Grocery,4,0,2,6.0,159.5,0
54936,4.0,1,Credit Card,Fashion,5,0,7,3.0,142.93,0
54937,24.0,2,Credit Card,Grocery,3,0,3,3.0,178.93,0
54938,8.0,1,Credit Card,Laptop & Accessory,3,0,3,2.0,97.04,1
54939,14.0,1,Debit Card,Mobile Phone,5,0,3,3.0,178.71,0
54940,17.0,2,E wallet,Mobile Phone,5,0,2,1.0,118.75,0
54941,4.0,2,Credit Card,Fashion,3,0,6,4.0,169.52,0
54942,6.0,2,Credit Card,Laptop & Accessory,4,0,4,3.0,280.82,0
54943,19.0,1,E wallet,Fashion,3,0,1,9.0,142.88,0
54944,5.0,3,UPI,Laptop & Accessory,3,0,2,2.0,131.47,0
54945,16.0,3,Debit Card,Laptop & Accessory,4,0,3,24.0,119.77,0
54946,28.0,1,E wallet,Mobile Phone,3,1,3,13.0,193.47,0
54947,10.0,3,Debit Card,Mobile Phone,3,1,5,4.0,196.7,0
54948,14.0,1,Credit Card,Others,2,1,1,5.0,236.24,0
54949,16.0,2,Debit Card,Fashion,5,1,3,16.0,289.88,0
54950,19.0,1,Debit Card,Mobile Phone,5,0,2,2.0,118.75,0
54951,5.0,3,Debit Card,Laptop & Accessory,1,1,3,0.0,103.92,0
54952,1.0,1,Debit Card,Laptop & Accessory,4,0,3,2.0,146.68,0
54953,5.0,1,Debit Card,Mobile Phone,2,0,4,0.0,163.82,0
54954,11.0,1,Credit Card,Laptop & Accessory,4,0,5,8.0,152.69,0
54955,6.0,1,Debit Card,Fashion,5,0,4,2.0,155.87,0
54956,14.0,1,E wallet,Laptop & Accessory,3,0,4,1.0,179.25,0
54957,4.0,1,Debit Card,Laptop & Accessory,3,0,6,19.0,177.99,0
54958,10.0,2,Debit Card,Fashion,4,1,3,0.0,235.27,0
54959,2.0,3,Credit Card,Grocery,4,1,2,21.0,100.63,1
54960,14.0,3,Debit Card,Laptop & Accessory,3,1,2,5.0,199.24,0
54961,8.0,3,Debit Card,Laptop & Accessory,5,0,5,4.0,175.88,0
54962,2.0,1,COD,Others,5,1,2,5.0,185.56,0
54963,3.0,1,Debit Card,Fashion,3,0,4,14.0,232.21,0
54964,14.0,1,E wallet,Fashion,1,1,3,1.0,135.64,0
54965,7.0,1,Debit Card,Laptop & Accessory,3,1,3,5.0,225.64,1
54966,2.0,3,UPI,Mobile Phone,4,0,3,3.0,98.11,0
54967,34.0,1,Debit Card,Laptop & Accessory,2,0,1,9.0,238.25,0
54968,13.0,3,UPI,Laptop & Accessory,1,0,3,3.0,189.52,0
54969,31.0,1,Debit Card,Laptop & Accessory,3,1,2,3.0,222.94,0
54970,6.0,3,Debit Card,Laptop & Accessory,1,0,3,13.0,188.53,1
54971,6.0,1,Credit Card,Others,4,1,4,8.0,164.0,1
54972,23.0,1,Credit Card,Mobile Phone,2,0,5,1.0,236.07,0
54973,7.0,2,Debit Card,Fashion,4,1,4,3.0,238.4,1
54974,12.0,1,Debit Card,Grocery,2,0,2,6.0,190.41,1
54975,3.0,2,E wallet,Laptop & Accessory,5,0,3,1.0,185.33,0
54976,6.0,1,Debit Card,Laptop & Accessory,3,0,3,6.0,244.05,0
54977,1.0,1,Credit Card,Laptop & Accessory,1,1,3,8.0,102.7,1
54978,2.0,3,Credit Card,Grocery,4,0,2,8.0,250.42,0
54979,0.0,1,Credit Card,Fashion,3,0,7,0.0,245.53,0
54980,0.0,2,Debit Card,Mobile Phone,4,0,6,2.0,92.84,1
54981,38.0,1,Credit Card,Fashion,5,1,2,23.0,126.79,0
54982,3.0,1,Debit Card,Laptop & Accessory,3,0,3,7.0,185.26,0
54983,11.0,1,Debit Card,Laptop & Accessory,5,0,4,8.0,178.73,0
54984,18.0,1,Credit Card,Mobile Phone,3,1,2,6.0,193.22,1
54985,8.0,1,UPI,Fashion,4,0,4,10.0,204.2,0
54986,2.0,1,Debit Card,Laptop & Accessory,1,0,6,6.0,173.52,0
54987,13.0,1,Debit Card,Laptop & Accessory,5,0,5,4.0,70.2,0
54988,9.0,2,Credit Card,Mobile Phone,2,0,1,5.0,63.96,0
54989,13.0,2,Debit Card,Laptop & Accessory,3,1,3,3.0,161.45,0
54990,15.0,1,Credit Card,Fashion,5,0,4,1.0,133.51,0
54991,37.0,1,COD,Mobile Phone,2,0,4,1.0,241.0,0
54992,9.0,1,COD,Mobile Phone,3,1,1,1.0,218.08,0
54993,4.0,1,Debit Card,Grocery,4,0,5,8.0,129.38,0
54994,10.0,1,Credit Card,Fashion,5,0,7,3.0,204.1,0
54995,1.0,1,UPI,Laptop & Accessory,4,0,2,2.0,243.15,0
54996,23.0,3,Debit Card,Mobile Phone,2,0,2,1.0,135.95,0
54997,1.0,2,Credit Card,Laptop & Accessory,4,0,6,1.0,255.14,0
54998,4.0,1,Debit Card,Fashion,3,0,5,3.0,169.87,0
54999,17.0,1,Debit Card,Fashion,5,1,3,2.0,156.02,0
55000,9.0,2,COD,Mobile Phone,4,0,2,1.0,277.94,0
55001,5.0,1,E wallet,Fashion,3,0,6,1.0,130.31,0
55002,6.0,2,Debit Card,Mobile Phone,4,0,1,10.0,154.33,0
55003,19.0,3,E wallet,Fashion,4,1,6,2.0,269.85,0
55004,4.0,1,Credit Card,Laptop & Accessory,4,0,3,10.0,145.5,1
55005,20.0,1,UPI,Laptop & Accessory,1,1,5,11.0,166.6,1
55006,1.0,2,Debit Card,Fashion,2,0,2,5.0,152.7,0
55007,15.0,3,Debit Card,Laptop & Accessory,3,0,3,11.0,156.82,1
55008,19.0,1,Debit Card,Fashion,3,1,1,13.0,141.56,0
55009,2.0,2,Credit Card,Fashion,3,0,6,1.0,156.23,0
55010,6.0,1,Debit Card,Fashion,2,0,3,9.0,238.08,0
55011,2.0,1,Debit Card,Fashion,5,0,2,17.0,195.82,0
55012,12.0,2,COD,Mobile Phone,1,0,3,4.0,207.19,0
55013,8.0,3,UPI,Grocery,5,0,4,11.0,125.49,0
55014,10.0,1,Credit Card,Mobile Phone,5,1,3,5.0,156.66,0
55015,2.0,2,UPI,Mobile Phone,4,0,5,9.0,29.95,1
55016,2.0,1,UPI,Mobile Phone,1,0,6,1.0,187.29,0
55017,0.0,1,Credit Card,Grocery,2,0,3,1.0,244.71,0
55018,4.0,1,Credit Card,Laptop & Accessory,5,0,4,9.0,137.29,0
55019,8.0,1,UPI,Fashion,5,0,2,7.0,153.45,0
55020,20.0,1,Credit Card,Laptop & Accessory,5,0,5,11.0,179.36,0
55021,11.0,1,Debit Card,Laptop & Accessory,5,0,4,0.0,115.12,0
55022,6.0,2,Debit Card,Others,1,1,2,5.0,156.07,1
55023,31.0,3,Credit Card,Laptop & Accessory,4,0,4,3.0,173.08,0
55024,13.0,1,UPI,Fashion,5,0,3,2.0,104.38,0
55025,27.0,1,Credit Card,Mobile Phone,3,0,2,10.0,60.24,0
55026,7.0,1,UPI,Grocery,3,1,3,2.0,226.33,1
55027,3.0,3,E wallet,Fashion,3,0,4,2.0,172.61,0
55028,1.0,1,Debit Card,Laptop & Accessory,1,0,2,1.0,122.69,0
55029,13.0,1,E wallet,Mobile Phone,1,0,1,18.0,207.05,1
55030,1.0,1,Debit Card,Laptop & Accessory,1,0,4,5.0,227.7,0
55031,4.0,1,Credit Card,Mobile Phone,3,0,2,6.0,120.56,1
55032,8.0,1,E wallet,Fashion,4,0,4,20.0,179.9,0
55033,8.0,3,Credit Card,Laptop & Accessory,3,0,1,4.0,182.45,0
55034,9.0,3,E wallet,Fashion,5,0,1,3.0,298.34,0
55035,2.0,1,Debit Card,Laptop & Accessory,5,1,3,3.0,161.12,0
55036,5.0,1,E wallet,Laptop & Accessory,2,0,2,6.0,191.87,0
55037,10.0,1,Debit Card,Laptop & Accessory,1,0,3,12.0,136.12,0
55038,35.0,3,Credit Card,Laptop & Accessory,3,0,1,7.0,165.57,0
55039,13.0,1,Credit Card,Mobile Phone,4,0,1,4.0,222.1,0
55040,26.0,2,Credit Card,Laptop & Accessory,3,1,2,2.0,179.7,0
55041,14.0,1,Debit Card,Others,3,1,3,9.0,105.61,0
55042,9.0,1,Debit Card,Others,2,0,3,9.0,123.45,0
55043,2.0,1,Credit Card,Mobile Phone,3,1,2,1.0,246.26,1
55044,11.0,1,Credit Card,Mobile Phone,5,0,2,6.0,221.27,0
55045,10.0,1,Credit Card,Grocery,3,0,5,4.0,153.0,0
55046,9.0,1,Credit Card,Fashion,4,0,4,1.0,153.31,0
55047,7.0,1,UPI,Laptop & Accessory,1,0,3,2.0,262.34,0
55048,8.0,1,UPI,Fashion,1,1,4,7.0,208.76,0
55049,4.0,1,Debit Card,Laptop & Accessory,3,0,4,15.0,176.6,0
55050,7.0,1,Debit Card,Mobile Phone,4,0,2,5.0,174.06,0
55051,2.0,1,Credit Card,Mobile Phone,3,1,2,18.0,286.5,1
55052,16.0,3,Debit Card,Fashion,2,0,2,4.0,134.01,0
55053,2.0,1,Debit Card,Laptop & Accessory,4,0,6,10.0,204.54,0
55054,1.0,1,Debit Card,Laptop & Accessory,2,0,1,18.0,195.94,1
55055,6.0,1,Debit Card,Grocery,4,0,3,0.0,160.64,0
55056,11.0,1,Credit Card,Fashion,5,0,6,0.0,122.99,0
55057,6.0,1,Debit Card,Mobile Phone,3,0,2,1.0,163.7,0
55058,3.0,2,Debit Card,Fashion,2,0,3,2.0,300.86,0
55059,8.0,1,UPI,Fashion,5,0,6,4.0,214.7,0
55060,4.0,1,UPI,Mobile Phone,3,0,4,3.0,269.1,0
55061,27.0,3,UPI,Laptop & Accessory,5,0,4,9.0,205.71,0
55062,26.0,3,Debit Card,Mobile Phone,4,0,4,4.0,165.16,0
55063,7.0,3,Debit Card,Others,3,0,2,2.0,204.48,0
55064,4.0,2,Debit Card,Grocery,4,1,1,1.0,215.76,0
55065,13.0,3,Debit Card,Mobile Phone,2,1,3,2.0,150.37,1
55066,0.0,1,Debit Card,Laptop & Accessory,3,1,2,1.0,170.31,0
55067,6.0,1,UPI,Grocery,4,0,1,5.0,158.39,0
55068,4.0,1,COD,Fashion,4,0,4,1.0,89.58,0
55069,25.0,2,E wallet,Mobile Phone,4,0,2,10.0,217.67,0
55070,0.0,3,E wallet,Laptop & Accessory,4,1,3,17.0,134.52,1
55071,8.0,1,Credit Card,Fashion,2,0,3,2.0,191.61,1
55072,13.0,1,E wallet,Laptop & Accessory,1,0,5,13.0,284.82,0
55073,7.0,2,UPI,Mobile Phone,2,0,1,10.0,104.41,0
55074,1.0,3,Credit Card,Mobile Phone,4,0,4,4.0,130.25,0
55075,36.0,1,Debit Card,Fashion,1,0,1,1.0,156.56,0
55076,7.0,3,Debit Card,Mobile Phone,2,0,1,4.0,236.53,0
55077,10.0,1,Credit Card,Fashion,3,0,4,7.0,113.34,0
55078,3.0,1,Debit Card,Laptop & Accessory,4,1,2,1.0,172.45,0
55079,7.0,1,UPI,Fashion,3,0,4,14.0,157.86,0
55080,6.0,1,Credit Card,Laptop & Accessory,2,0,2,7.0,204.53,0
55081,1.0,1,Credit Card,Mobile Phone,3,1,2,9.0,197.43,1
55082,1.0,2,Debit Card,Mobile Phone,4,0,3,4.0,122.87,1
55083,18.0,2,Credit Card,Fashion,4,0,1,1.0,148.25,0
55084,3.0,2,Credit Card,Fashion,2,0,1,0.0,180.78,0
55085,2.0,1,E wallet,Fashion,4,1,4,3.0,75.71,1
55086,7.0,1,Debit Card,Laptop & Accessory,1,1,2,0.0,210.58,0
55087,15.0,1,COD,Mobile Phone,4,0,2,1.0,130.18,0
55088,1.0,1,Credit Card,Laptop & Accessory,4,1,4,3.0,248.62,0
55089,9.0,1,Credit Card,Mobile Phone,3,0,4,4.0,198.04,0
55090,1.0,1,UPI,Fashion,2,0,1,4.0,146.32,1
55091,0.0,1,COD,Laptop & Accessory,4,0,6,4.0,179.45,0
55092,1.0,2,Debit Card,Mobile Phone,1,0,1,2.0,176.31,0
55093,18.0,1,E wallet,Grocery,5,0,5,5.0,160.41,0
55094,1.0,3,Debit Card,Fashion,4,0,6,2.0,167.86,1
55095,0.0,1,Credit Card,Fashion,4,1,1,3.0,133.65,1
55096,6.0,3,Debit Card,Grocery,4,1,2,2.0,185.83,0
55097,19.0,1,Credit Card,Mobile Phone,1,1,3,1.0,151.03,0
55098,3.0,1,Credit Card,Fashion,5,1,4,1.0,236.4,0
55099,5.0,1,Credit Card,Laptop & Accessory,5,0,4,8.0,68.91,0
55100,0.0,3,Credit Card,Laptop & Accessory,3,0,1,5.0,188.3,0
55101,6.0,1,Credit Card,Laptop & Accessory,4,0,5,0.0,193.38,0
55102,9.0,1,Debit Card,Laptop & Accessory,4,1,4,9.0,150.42,0
55103,8.0,3,E wallet,Mobile Phone,5,0,1,0.0,151.97,0
55104,4.0,1,Credit Card,Laptop & Accessory,3,0,2,1.0,223.77,0
55105,4.0,1,Credit Card,Others,3,1,4,0.0,150.98,0
55106,1.0,1,COD,Grocery,4,0,2,2.0,95.69,0
55107,5.0,2,Debit Card,Others,4,0,1,1.0,184.44,0
55108,1.0,1,Credit Card,Fashion,3,0,2,2.0,171.29,0
55109,15.0,1,Credit Card,Others,3,0,2,1.0,199.08,0
55110,34.0,1,Debit Card,Laptop & Accessory,5,0,5,8.0,214.96,0
55111,35.0,1,Debit Card,Mobile Phone,3,0,2,1.0,150.54,0
55112,20.0,2,E wallet,Laptop & Accessory,4,0,5,0.0,211.73,0
55113,9.0,1,Debit Card,Fashion,3,1,4,1.0,66.51,0
55114,12.0,1,Credit Card,Fashion,3,0,2,2.0,158.95,0
55115,3.0,1,Credit Card,Mobile Phone,4,0,4,2.0,161.77,0
55116,10.0,1,Credit Card,Laptop & Accessory,5,0,2,0.0,191.03,0
55117,6.0,1,E wallet,Mobile Phone,5,0,3,3.0,198.94,0
55118,7.0,1,UPI,Laptop & Accessory,2,0,3,2.0,118.15,0
55119,14.0,1,Debit Card,Fashion,5,0,2,4.0,125.8,0
55120,3.0,3,E wallet,Mobile Phone,3,0,3,1.0,160.25,0
55121,4.0,1,E wallet,Grocery,2,1,1,7.0,173.74,1
55122,26.0,1,Debit Card,Grocery,4,0,6,6.0,128.78,0
55123,1.0,1,COD,Laptop & Accessory,3,1,1,0.0,210.15,1
55124,7.0,1,UPI,Others,5,1,3,2.0,247.13,0
55125,24.0,3,Debit Card,Others,2,0,5,2.0,173.95,0
55126,9.0,1,Credit Card,Mobile Phone,4,0,5,1.0,175.89,0
55127,8.0,1,E wallet,Fashion,3,0,6,3.0,172.75,0
55128,3.0,2,Credit Card,Laptop & Accessory,3,1,5,7.0,193.14,1
55129,4.0,1,UPI,Others,1,0,1,0.0,179.09,0
55130,19.0,1,Credit Card,Mobile Phone,3,0,6,0.0,213.64,0
55131,8.0,1,Credit Card,Grocery,3,1,2,9.0,86.01,0
55132,7.0,1,Debit Card,Mobile Phone,1,0,5,5.0,213.57,0
55133,1.0,1,Credit Card,Fashion,2,0,3,2.0,260.97,0
55134,0.0,1,Credit Card,Mobile Phone,3,0,3,22.0,127.39,0
55135,33.0,1,E wallet,Laptop & Accessory,5,0,6,4.0,61.85,0
55136,5.0,1,Credit Card,Others,5,0,3,6.0,141.15,0
55137,9.0,1,Debit Card,Fashion,3,0,3,11.0,173.08,0
55138,1.0,3,Debit Card,Grocery,3,1,3,2.0,162.91,1
55139,11.0,1,Credit Card,Mobile Phone,5,0,1,0.0,176.22,0
55140,27.0,3,E wallet,Grocery,5,0,1,22.0,176.31,0
55141,9.0,1,E wallet,Fashion,2,0,1,2.0,149.98,0
55142,1.0,2,Credit Card,Laptop & Accessory,3,1,4,5.0,143.4,1
55143,9.0,1,Debit Card,Fashion,5,0,3,1.0,211.62,0
55144,15.0,1,Debit Card,Laptop & Accessory,5,0,2,2.0,123.47,0
55145,5.0,3,Debit Card,Fashion,4,0,4,2.0,110.04,0
55146,21.0,3,E wallet,Laptop & Accessory,3,1,4,17.0,233.21,0
55147,10.0,1,Debit Card,Mobile Phone,3,0,5,1.0,215.35,0
55148,23.0,1,Credit Card,Fashion,5,0,2,0.0,164.62,0
55149,10.0,1,Credit Card,Fashion,2,0,5,5.0,210.97,0
55150,1.0,3,COD,Fashion,3,0,1,3.0,175.53,0
55151,4.0,1,COD,Grocery,4,1,1,3.0,304.87,0
55152,2.0,2,COD,Laptop & Accessory,5,0,4,3.0,165.57,0
55153,24.0,2,E wallet,Mobile Phone,3,0,4,0.0,282.92,0
55154,14.0,2,E wallet,Laptop & Accessory,3,0,5,1.0,191.08,0
55155,11.0,1,E wallet,Mobile Phone,3,0,7,10.0,132.49,0
55156,4.0,1,UPI,Laptop & Accessory,5,0,8,6.0,159.2,1
55157,2.0,3,COD,Fashion,4,0,1,7.0,159.77,0
55158,14.0,1,Credit Card,Laptop & Accessory,5,0,5,13.0,168.13,0
55159,6.0,2,Credit Card,Grocery,1,0,5,2.0,167.91,0
55160,3.0,1,Credit Card,Laptop & Accessory,3,1,3,2.0,145.61,0
55161,10.0,2,Credit Card,Laptop & Accessory,2,0,3,9.0,176.28,1
55162,0.0,1,E wallet,Mobile Phone,4,0,6,12.0,224.04,0
55163,4.0,1,UPI,Laptop & Accessory,3,0,3,10.0,155.11,1
55164,6.0,2,Credit Card,Laptop & Accessory,4,1,5,6.0,124.88,0
55165,2.0,1,Debit Card,Fashion,1,0,2,0.0,256.08,0
55166,42.0,2,COD,Mobile Phone,3,1,2,1.0,249.89,0
55167,2.0,1,Debit Card,Laptop & Accessory,2,1,2,13.0,166.54,1
55168,1.0,1,Debit Card,Laptop & Accessory,4,0,3,6.0,224.55,0
55169,2.0,1,E wallet,Mobile Phone,4,0,4,3.0,198.63,0
55170,15.0,1,Debit Card,Fashion,3,0,3,6.0,173.38,0
55171,6.0,1,Debit Card,Laptop & Accessory,3,0,3,11.0,180.36,0
55172,8.0,2,Debit Card,Laptop & Accessory,1,0,1,6.0,162.11,0
55173,0.0,3,Debit Card,Mobile Phone,4,0,4,3.0,150.31,0
55174,0.0,1,Credit Card,Others,5,1,4,17.0,190.17,0
55175,6.0,1,Debit Card,Mobile Phone,4,0,3,6.0,223.52,1
55176,17.0,2,Credit Card,Laptop & Accessory,5,1,5,8.0,239.24,0
55177,22.0,2,Debit Card,Mobile Phone,5,0,3,1.0,207.89,0
55178,1.0,2,E wallet,Fashion,3,0,1,5.0,186.91,0
55179,8.0,2,Debit Card,Laptop & Accessory,4,0,2,9.0,121.72,0
55180,24.0,1,Debit Card,Mobile Phone,3,1,1,5.0,270.24,0
55181,5.0,1,Debit Card,Grocery,5,0,1,0.0,225.55,0
55182,18.0,1,Credit Card,Laptop & Accessory,4,0,1,0.0,192.53,0
55183,1.0,1,Credit Card,Grocery,4,0,2,2.0,92.61,0
55184,27.0,2,Credit Card,Mobile Phone,1,0,4,4.0,90.96,0
55185,14.0,1,COD,Mobile Phone,4,0,4,8.0,184.26,0
55186,28.0,3,UPI,Others,4,0,6,7.0,131.69,0
55187,11.0,3,Credit Card,Laptop & Accessory,3,0,1,0.0,74.92,0
55188,5.0,3,Debit Card,Fashion,1,0,3,2.0,130.02,1
55189,28.0,3,Credit Card,Fashion,4,0,1,9.0,182.14,0
55190,3.0,1,Debit Card,Mobile Phone,3,0,1,3.0,154.22,0
55191,4.0,3,E wallet,Laptop & Accessory,3,0,8,0.0,173.7,0
55192,12.0,1,Debit Card,Mobile Phone,4,0,2,7.0,170.16,0
55193,14.0,1,E wallet,Laptop & Accessory,2,0,2,4.0,300.62,1
55194,27.0,2,UPI,Mobile Phone,2,1,6,1.0,198.92,0
55195,2.0,1,Credit Card,Fashion,5,0,3,3.0,241.11,0
55196,16.0,3,Credit Card,Mobile Phone,3,0,4,0.0,126.23,0
55197,13.0,2,Credit Card,Fashion,3,1,3,12.0,201.1,0
55198,1.0,2,Debit Card,Laptop & Accessory,1,1,4,1.0,242.92,1
55199,5.0,1,UPI,Laptop & Accessory,2,0,3,9.0,158.8,0
55200,3.0,2,Credit Card,Grocery,3,0,4,7.0,170.65,0
55201,4.0,1,Debit Card,Laptop & Accessory,3,1,3,3.0,168.33,0
55202,41.0,3,E wallet,Laptop & Accessory,3,1,3,1.0,134.33,0
55203,10.0,1,Debit Card,Others,4,1,2,11.0,188.88,1
55204,13.0,2,Debit Card,Mobile Phone,4,0,4,1.0,104.19,0
55205,38.0,1,Credit Card,Fashion,3,0,3,1.0,103.8,0
55206,5.0,1,Credit Card,Laptop & Accessory,5,1,3,1.0,173.67,0
55207,16.0,1,Credit Card,Laptop & Accessory,5,0,4,2.0,230.22,0
55208,6.0,1,Credit Card,Mobile Phone,4,0,2,2.0,224.53,0
55209,20.0,2,Debit Card,Fashion,2,1,3,23.0,119.13,0
55210,2.0,1,Credit Card,Others,3,1,5,5.0,99.41,0
55211,30.0,1,Debit Card,Mobile Phone,4,1,4,0.0,287.15,0
55212,2.0,1,COD,Laptop & Accessory,1,0,1,0.0,167.47,0
55213,4.0,1,Debit Card,Laptop & Accessory,1,0,4,0.0,95.75,0
55214,14.0,1,Debit Card,Laptop & Accessory,5,0,5,3.0,153.65,0
55215,5.0,3,UPI,Laptop & Accessory,4,1,1,3.0,157.45,0
55216,9.0,1,COD,Mobile Phone,2,0,4,10.0,209.68,0
55217,6.0,1,E wallet,Laptop & Accessory,3,0,2,2.0,248.4,0
55218,14.0,1,Debit Card,Laptop & Accessory,2,0,4,3.0,219.01,0
55219,3.0,1,Credit Card,Others,1,0,3,5.0,243.85,1
55220,1.0,1,Credit Card,Mobile Phone,3,1,4,8.0,209.71,0
55221,4.0,1,E wallet,Laptop & Accessory,4,0,2,8.0,154.6,0
55222,6.0,2,Debit Card,Laptop & Accessory,5,1,3,7.0,114.8,1
55223,2.0,1,Debit Card,Fashion,4,0,4,3.0,228.83,0
55224,4.0,1,Credit Card,Grocery,2,1,1,14.0,185.13,0
55225,5.0,1,Debit Card,Fashion,3,0,3,3.0,143.7,0
55226,1.0,1,Credit Card,Mobile Phone,3,0,3,3.0,98.97,1
55227,9.0,3,E wallet,Fashion,2,1,1,10.0,195.18,1
55228,22.0,1,E wallet,Others,5,0,2,2.0,139.03,0
55229,2.0,3,Credit Card,Laptop & Accessory,2,0,4,2.0,166.56,1
55230,9.0,1,UPI,Grocery,3,1,3,1.0,218.55,0
55231,11.0,1,Debit Card,Grocery,4,0,2,0.0,147.59,0
55232,5.0,1,Debit Card,Laptop & Accessory,2,1,5,7.0,170.66,0
55233,12.0,1,Credit Card,Laptop & Accessory,4,0,2,0.0,105.28,0
55234,5.0,1,Debit Card,Mobile Phone,5,0,5,4.0,158.64,0
55235,7.0,1,Debit Card,Laptop & Accessory,4,0,4,18.0,116.08,0
55236,0.0,1,Debit Card,Laptop & Accessory,5,0,3,5.0,204.75,0
55237,12.0,1,UPI,Others,3,0,3,0.0,136.82,0
55238,11.0,1,UPI,Mobile Phone,3,0,4,6.0,182.69,0
55239,0.0,1,Credit Card,Mobile Phone,3,0,3,7.0,140.48,0
55240,5.0,3,Debit Card,Laptop & Accessory,4,0,2,2.0,129.04,0
55241,39.0,1,Debit Card,Mobile Phone,3,1,2,0.0,125.1,0
55242,5.0,2,Debit Card,Fashion,3,1,3,2.0,134.53,1
55243,7.0,1,Debit Card,Laptop & Accessory,2,0,2,0.0,160.95,0
55244,24.0,1,Debit Card,Laptop & Accessory,4,0,2,2.0,231.88,0
55245,13.0,1,Credit Card,Laptop & Accessory,4,0,4,8.0,171.22,0
55246,9.0,1,Credit Card,Laptop & Accessory,2,0,1,12.0,157.72,0
55247,16.0,1,Debit Card,Grocery,4,1,3,3.0,193.77,0
55248,20.0,1,E wallet,Laptop & Accessory,5,0,3,12.0,210.26,0
55249,6.0,1,E wallet,Laptop & Accessory,2,1,3,10.0,224.86,0
55250,6.0,1,Credit Card,Mobile Phone,3,0,3,3.0,258.22,0
55251,5.0,3,Debit Card,Mobile Phone,5,0,5,11.0,182.02,0
55252,34.0,1,UPI,Laptop & Accessory,3,1,5,4.0,179.46,0
55253,12.0,1,Credit Card,Fashion,5,0,1,6.0,76.64,0
55254,1.0,1,Debit Card,Laptop & Accessory,2,0,3,0.0,242.56,0
55255,20.0,3,Credit Card,Laptop & Accessory,1,0,6,5.0,173.0,0
55256,7.0,1,Credit Card,Laptop & Accessory,1,1,3,5.0,254.65,0
55257,1.0,1,Credit Card,Laptop & Accessory,5,0,1,2.0,188.01,0
55258,8.0,3,Credit Card,Mobile Phone,2,0,1,9.0,148.65,1
55259,5.0,2,Credit Card,Mobile Phone,5,1,2,1.0,297.43,1
55260,21.0,1,E wallet,Laptop & Accessory,3,0,1,4.0,140.21,0
55261,2.0,1,Credit Card,Laptop & Accessory,1,0,2,4.0,167.01,0
55262,18.0,2,Debit Card,Fashion,2,1,1,3.0,98.73,0
55263,8.0,3,Debit Card,Mobile Phone,3,1,4,0.0,145.87,0
55264,1.0,1,Debit Card,Laptop & Accessory,2,1,5,17.0,83.03,1
55265,36.0,1,Credit Card,Laptop & Accessory,5,1,4,7.0,99.02,0
55266,7.0,1,Debit Card,Fashion,5,1,2,0.0,164.4,0
55267,3.0,1,Credit Card,Laptop & Accessory,2,0,1,2.0,218.4,0
55268,6.0,2,Debit Card,Mobile Phone,4,0,3,2.0,112.39,0
55269,20.0,1,E wallet,Laptop & Accessory,3,0,3,2.0,175.76,0
55270,4.0,3,E wallet,Fashion,5,1,3,4.0,162.21,0
55271,2.0,2,Debit Card,Fashion,1,1,1,0.0,85.0,0
55272,1.0,1,Credit Card,Fashion,3,0,3,1.0,220.73,0
55273,4.0,1,COD,Mobile Phone,3,1,3,1.0,239.91,1
55274,15.0,1,Debit Card,Fashion,4,0,3,1.0,182.9,0
55275,6.0,1,UPI,Fashion,2,0,3,10.0,143.14,0
55276,3.0,2,Credit Card,Laptop & Accessory,4,1,5,0.0,38.06,1
55277,2.0,1,Credit Card,Grocery,5,0,3,2.0,170.51,0
55278,4.0,1,Debit Card,Others,3,1,3,12.0,232.47,1
55279,28.0,1,E wallet,Laptop & Accessory,3,1,4,9.0,122.31,0
55280,4.0,3,Credit Card,Fashion,3,1,4,5.0,176.28,1
55281,44.0,1,E wallet,Mobile Phone,3,0,1,1.0,169.46,0
55282,7.0,1,E wallet,Mobile Phone,3,1,5,5.0,228.07,0
55283,2.0,2,Credit Card,Mobile Phone,3,1,2,8.0,200.59,0
55284,22.0,1,Debit Card,Laptop & Accessory,5,1,6,2.0,132.19,0
55285,6.0,2,Debit Card,Grocery,2,0,2,0.0,182.16,0
55286,12.0,1,Debit Card,Fashion,3,0,4,22.0,270.51,0
55287,41.0,3,UPI,Mobile Phone,2,1,1,2.0,192.44,0
55288,1.0,1,Debit Card,Fashion,3,1,3,9.0,159.52,0
55289,1.0,1,Debit Card,Fashion,1,1,3,1.0,199.8,1
55290,13.0,1,Debit Card,Laptop & Accessory,5,0,2,10.0,111.23,0
55291,3.0,1,UPI,Laptop & Accessory,3,0,2,13.0,154.16,0
55292,2.0,1,Credit Card,Grocery,5,1,1,5.0,187.9,0
55293,0.0,1,COD,Fashion,3,0,2,9.0,147.47,0
55294,0.0,3,E wallet,Others,2,0,2,11.0,180.91,0
55295,15.0,3,UPI,Laptop & Accessory,2,0,6,9.0,188.6,0
55296,1.0,1,Debit Card,Mobile Phone,3,0,3,14.0,186.18,0
55297,6.0,1,Debit Card,Fashion,1,0,1,1.0,208.18,0
55298,9.0,1,Debit Card,Mobile Phone,4,0,4,1.0,186.68,0
55299,6.0,3,Credit Card,Fashion,4,0,2,10.0,222.93,0
55300,0.0,1,E wallet,Laptop & Accessory,4,1,4,20.0,126.64,1
55301,15.0,1,Debit Card,Laptop & Accessory,5,0,4,1.0,206.21,0
55302,0.0,2,Debit Card,Laptop & Accessory,3,0,4,6.0,172.1,1
55303,14.0,2,Credit Card,Mobile Phone,3,1,4,4.0,203.35,0
55304,22.0,1,Debit Card,Laptop & Accessory,3,0,1,1.0,219.97,0
55305,6.0,3,Credit Card,Grocery,2,0,6,6.0,118.07,0
55306,8.0,3,Debit Card,Laptop & Accessory,3,0,2,5.0,217.63,0
55307,6.0,1,Credit Card,Mobile Phone,3,0,7,3.0,174.8,0
55308,5.0,1,Credit Card,Others,4,0,3,0.0,153.32,1
55309,22.0,3,Credit Card,Mobile Phone,3,1,2,9.0,127.13,0
55310,22.0,1,Debit Card,Laptop & Accessory,1,1,3,1.0,108.84,0
55311,4.0,1,Debit Card,Laptop & Accessory,4,1,6,6.0,170.12,0
55312,10.0,1,E wallet,Mobile Phone,4,0,1,31.0,164.61,0
55313,26.0,3,E wallet,Laptop & Accessory,5,0,2,13.0,219.04,0
55314,33.0,2,Credit Card,Others,1,0,1,3.0,185.21,0
55315,7.0,1,Credit Card,Mobile Phone,4,0,1,0.0,149.11,0
55316,6.0,3,Debit Card,Fashion,4,1,1,11.0,220.88,1
55317,3.0,2,UPI,Mobile Phone,1,0,5,0.0,212.77,0
55318,32.0,3,E wallet,Others,4,0,2,2.0,228.96,0
55319,2.0,1,Credit Card,Mobile Phone,1,0,6,7.0,190.01,0
55320,9.0,1,UPI,Fashion,4,0,7,8.0,124.09,0
55321,3.0,2,Debit Card,Grocery,4,0,4,4.0,156.76,0
55322,3.0,1,Credit Card,Grocery,4,0,2,2.0,193.27,0
55323,5.0,2,COD,Laptop & Accessory,2,0,3,1.0,151.42,0
55324,61.0,3,Debit Card,Laptop & Accessory,5,1,3,3.0,178.18,0
55325,1.0,1,Debit Card,Laptop & Accessory,5,0,4,5.0,298.64,0
55326,9.0,3,E wallet,Laptop & Accessory,5,1,2,19.0,76.14,0
55327,1.0,1,Debit Card,Grocery,3,0,2,19.0,146.55,0
55328,2.0,1,UPI,Laptop & Accessory,3,0,2,8.0,248.33,0
55329,6.0,1,Debit Card,Laptop & Accessory,2,0,1,1.0,169.02,0
55330,7.0,1,Credit Card,Laptop & Accessory,1,0,6,13.0,229.88,0
55331,3.0,1,Debit Card,Others,1,0,5,3.0,211.0,0
55332,4.0,3,Debit Card,Fashion,4,0,2,0.0,253.53,0
55333,1.0,2,UPI,Mobile Phone,3,0,5,6.0,94.2,0
55334,4.0,1,E wallet,Fashion,4,0,5,6.0,163.83,0
55335,34.0,2,Debit Card,Fashion,4,1,4,1.0,220.85,0
55336,29.0,1,Debit Card,Fashion,5,1,3,0.0,193.96,0
55337,4.0,1,E wallet,Laptop & Accessory,5,0,1,16.0,185.81,0
55338,8.0,1,E wallet,Fashion,4,1,5,6.0,238.26,0
55339,24.0,1,E wallet,Mobile Phone,5,0,2,2.0,150.97,0
55340,0.0,2,Credit Card,Fashion,1,0,3,4.0,147.68,1
55341,17.0,1,Debit Card,Mobile Phone,1,1,1,5.0,116.63,0
55342,30.0,2,UPI,Others,3,0,2,3.0,152.89,0
55343,1.0,2,E wallet,Mobile Phone,4,1,6,1.0,158.71,0
55344,2.0,3,Credit Card,Mobile Phone,4,0,2,0.0,168.74,0
55345,32.0,1,Credit Card,Grocery,3,0,7,9.0,215.3,0
55346,8.0,1,Credit Card,Laptop & Accessory,5,1,3,5.0,56.2,1
55347,0.0,1,E wallet,Laptop & Accessory,5,0,3,0.0,162.71,0
55348,3.0,3,E wallet,Mobile Phone,2,0,1,9.0,184.4,0
55349,6.0,1,UPI,Mobile Phone,3,0,2,3.0,171.87,0
55350,12.0,1,Credit Card,Laptop & Accessory,5,0,4,3.0,215.77,0
55351,13.0,1,Credit Card,Fashion,3,0,2,0.0,202.14,0
55352,54.0,1,UPI,Fashion,3,0,2,13.0,172.31,0
55353,3.0,1,Debit Card,Mobile Phone,3,0,4,1.0,93.6,1
55354,8.0,1,Credit Card,Mobile Phone,3,0,4,5.0,185.53,0
55355,8.0,1,Credit Card,Laptop & Accessory,4,1,5,1.0,211.02,0
55356,5.0,1,UPI,Grocery,1,0,5,6.0,237.9,1
55357,2.0,1,Debit Card,Fashion,5,0,3,5.0,246.8,0
55358,38.0,1,Debit Card,Mobile Phone,5,0,7,0.0,163.7,0
55359,19.0,1,Debit Card,Fashion,4,0,3,1.0,133.75,0
55360,7.0,3,Debit Card,Laptop & Accessory,5,1,2,7.0,141.78,1
55361,9.0,1,Debit Card,Laptop & Accessory,1,0,7,11.0,169.06,0
55362,3.0,3,Credit Card,Laptop & Accessory,3,1,1,2.0,188.92,1
55363,8.0,1,UPI,Laptop & Accessory,1,1,1,3.0,169.64,1
55364,12.0,3,Credit Card,Mobile Phone,5,1,4,2.0,205.08,0
55365,7.0,1,Debit Card,Mobile Phone,5,0,5,17.0,152.58,1
55366,46.0,1,UPI,Mobile Phone,3,0,1,2.0,170.76,0
55367,9.0,1,Credit Card,Mobile Phone,3,0,2,0.0,187.51,0
55368,5.0,2,Debit Card,Laptop & Accessory,3,0,4,1.0,186.33,0
55369,15.0,1,Debit Card,Fashion,3,0,7,3.0,226.01,0
55370,2.0,1,E wallet,Laptop & Accessory,3,1,3,2.0,221.03,0
55371,5.0,1,E wallet,Fashion,4,0,3,3.0,230.31,0
55372,4.0,1,Credit Card,Mobile Phone,2,1,2,5.0,117.66,0
55373,6.0,1,Debit Card,Laptop & Accessory,2,0,6,2.0,170.91,0
55374,15.0,1,E wallet,Mobile Phone,2,0,2,3.0,186.69,0
55375,7.0,1,Debit Card,Fashion,1,0,4,9.0,186.77,0
55376,16.0,1,E wallet,Mobile Phone,4,0,1,12.0,156.67,0
55377,9.0,3,Credit Card,Laptop & Accessory,2,0,1,7.0,187.13,0
55378,4.0,1,Debit Card,Laptop & Accessory,3,0,2,1.0,203.07,0
55379,17.0,1,Debit Card,Mobile Phone,4,0,5,5.0,116.61,0
55380,3.0,3,Debit Card,Fashion,3,0,1,12.0,77.81,0
55381,3.0,1,Debit Card,Mobile Phone,5,0,1,7.0,188.79,0
55382,7.0,1,Debit Card,Laptop & Accessory,4,0,2,0.0,206.25,0
55383,3.0,3,Credit Card,Fashion,3,0,6,5.0,253.75,0
55384,0.0,1,Credit Card,Laptop & Accessory,2,0,3,2.0,231.36,0
55385,10.0,1,Credit Card,Grocery,5,1,2,18.0,152.97,0
55386,7.0,3,Credit Card,Grocery,3,0,5,3.0,147.78,0
55387,6.0,3,E wallet,Mobile Phone,3,1,3,1.0,183.32,0
55388,34.0,1,UPI,Grocery,5,1,4,2.0,104.68,0
55389,8.0,1,Debit Card,Laptop & Accessory,1,0,3,2.0,130.26,0
55390,20.0,1,Credit Card,Laptop & Accessory,3,1,6,9.0,106.48,0
55391,2.0,1,Debit Card,Laptop & Accessory,4,0,5,5.0,325.0,0
55392,8.0,1,Debit Card,Fashion,5,0,5,2.0,160.94,1
55393,20.0,1,Credit Card,Mobile Phone,5,0,2,8.0,281.68,0
55394,9.0,3,Credit Card,Laptop & Accessory,3,0,6,1.0,93.74,0
55395,13.0,3,E wallet,Laptop & Accessory,5,0,2,1.0,217.08,0
55396,5.0,1,Credit Card,Fashion,1,0,1,1.0,104.38,0
55397,1.0,1,Debit Card,Laptop & Accessory,3,1,1,4.0,197.05,0
55398,6.0,1,UPI,Laptop & Accessory,1,0,1,0.0,171.31,1
55399,5.0,1,Debit Card,Laptop & Accessory,2,1,4,6.0,182.1,0
55400,20.0,1,Debit Card,Laptop & Accessory,4,1,1,1.0,184.75,0
55401,3.0,2,Debit Card,Laptop & Accessory,1,0,2,5.0,201.89,0
55402,34.0,1,COD,Mobile Phone,3,0,1,5.0,122.37,0
55403,32.0,3,Credit Card,Mobile Phone,3,0,6,1.0,154.91,0
55404,3.0,1,Credit Card,Mobile Phone,2,0,2,0.0,146.43,0
55405,4.0,1,E wallet,Fashion,4,1,3,0.0,126.76,0
55406,23.0,1,Credit Card,Grocery,4,0,2,1.0,167.07,0
55407,34.0,1,E wallet,Laptop & Accessory,4,0,1,4.0,225.44,0
55408,6.0,3,Credit Card,Laptop & Accessory,4,0,4,4.0,91.14,0
55409,4.0,2,COD,Laptop & Accessory,3,0,5,2.0,190.9,0
55410,7.0,1,E wallet,Mobile Phone,5,0,3,0.0,131.99,0
55411,12.0,1,Credit Card,Laptop & Accessory,1,0,1,6.0,103.85,0
55412,3.0,1,Debit Card,Fashion,4,0,2,1.0,108.89,0
55413,13.0,3,UPI,Mobile Phone,5,0,3,6.0,165.17,0
55414,1.0,2,Credit Card,Fashion,2,0,4,1.0,219.56,0
55415,1.0,1,Credit Card,Laptop & Accessory,3,1,8,1.0,200.83,0
55416,5.0,1,E wallet,Mobile Phone,4,0,3,9.0,188.81,0
55417,4.0,1,Credit Card,Fashion,4,0,2,5.0,217.39,1
55418,4.0,1,Debit Card,Laptop & Accessory,3,0,2,0.0,237.44,0
55419,7.0,1,Debit Card,Mobile Phone,5,1,3,0.0,222.96,0
55420,4.0,1,Credit Card,Laptop & Accessory,2,0,4,1.0,130.95,0
55421,2.0,3,Debit Card,Mobile Phone,5,0,4,4.0,216.27,0
55422,4.0,1,Credit Card,Grocery,3,1,3,11.0,181.82,1
55423,37.0,1,E wallet,Laptop & Accessory,4,0,3,21.0,126.98,0
55424,5.0,3,Debit Card,Mobile Phone,3,0,3,2.0,122.14,1
55425,6.0,1,Debit Card,Grocery,3,0,3,6.0,119.63,0
55426,9.0,1,E wallet,Mobile Phone,3,0,3,10.0,188.09,0
55427,41.0,1,Credit Card,Laptop & Accessory,3,0,5,1.0,164.25,0
55428,3.0,1,Debit Card,Others,5,0,2,3.0,275.2,0
55429,11.0,1,E wallet,Laptop & Accessory,4,0,5,14.0,170.95,0
55430,13.0,1,Credit Card,Laptop & Accessory,3,0,2,3.0,114.07,0
55431,9.0,2,Debit Card,Grocery,3,0,4,5.0,190.56,0
55432,1.0,1,Debit Card,Laptop & Accessory,5,0,3,3.0,135.11,0
55433,11.0,2,Debit Card,Fashion,5,0,3,4.0,189.53,0
55434,1.0,1,E wallet,Laptop & Accessory,3,0,2,14.0,157.52,0
55435,9.0,2,Credit Card,Fashion,4,0,1,0.0,155.95,0
55436,13.0,2,Credit Card,Fashion,3,1,3,1.0,185.86,0
55437,2.0,2,UPI,Mobile Phone,2,0,4,3.0,165.67,0
55438,18.0,1,Debit Card,Mobile Phone,3,0,1,1.0,150.56,0
55439,0.0,2,Debit Card,Laptop & Accessory,4,0,3,4.0,158.52,0
55440,19.0,1,Debit Card,Laptop & Accessory,4,0,9,1.0,137.11,0
55441,6.0,3,Debit Card,Fashion,5,0,2,7.0,207.95,0
55442,2.0,1,Credit Card,Grocery,1,0,3,4.0,125.71,0
55443,1.0,1,Credit Card,Fashion,3,0,3,3.0,148.58,0
55444,31.0,1,Debit Card,Grocery,3,0,4,7.0,114.35,0
55445,1.0,2,Debit Card,Grocery,4,1,1,9.0,168.39,0
55446,2.0,1,Debit Card,Fashion,2,0,1,18.0,259.09,0
55447,4.0,3,COD,Grocery,4,0,2,12.0,264.95,0
55448,10.0,3,Credit Card,Laptop & Accessory,4,0,2,16.0,175.38,0
55449,8.0,1,Credit Card,Fashion,4,0,3,6.0,215.47,0
55450,1.0,1,Debit Card,Fashion,3,0,2,1.0,238.19,0
55451,3.0,2,Credit Card,Laptop & Accessory,1,1,4,0.0,186.4,0
55452,3.0,1,Debit Card,Grocery,2,0,5,3.0,134.45,0
55453,2.0,1,COD,Laptop & Accessory,4,0,3,6.0,90.33,0
55454,5.0,3,E wallet,Mobile Phone,1,0,2,2.0,246.11,1
55455,12.0,3,Credit Card,Laptop & Accessory,2,0,4,6.0,162.65,0
55456,2.0,3,Credit Card,Mobile Phone,5,0,6,1.0,247.44,0
55457,5.0,1,Credit Card,Mobile Phone,3,0,4,3.0,145.02,0
55458,5.0,1,Debit Card,Mobile Phone,3,0,1,3.0,96.62,0
55459,37.0,1,Debit Card,Fashion,1,1,1,6.0,251.95,0
55460,31.0,1,Credit Card,Fashion,4,0,5,5.0,171.38,0
55461,16.0,1,Debit Card,Fashion,3,0,4,3.0,182.31,0
55462,3.0,1,Debit Card,Laptop & Accessory,3,0,5,1.0,163.97,0
55463,1.0,1,Credit Card,Mobile Phone,3,1,2,7.0,246.84,1
55464,4.0,2,UPI,Fashion,5,0,5,5.0,234.25,0
55465,3.0,2,UPI,Fashion,3,0,6,0.0,193.12,1
55466,7.0,3,Debit Card,Fashion,4,0,2,3.0,243.1,0
55467,15.0,1,Debit Card,Laptop & Accessory,3,1,3,4.0,232.48,0
55468,20.0,1,Credit Card,Laptop & Accessory,3,0,2,12.0,166.51,0
55469,19.0,2,E wallet,Others,1,1,1,8.0,276.05,0
55470,4.0,1,COD,Grocery,4,1,2,0.0,209.95,1
55471,12.0,1,UPI,Laptop & Accessory,2,0,1,10.0,160.14,0
55472,4.0,1,Credit Card,Mobile Phone,3,0,4,2.0,237.15,0
55473,1.0,1,Debit Card,Mobile Phone,3,0,2,11.0,132.81,1
55474,12.0,1,Debit Card,Mobile Phone,3,1,6,2.0,249.39,0
55475,0.0,3,Debit Card,Mobile Phone,3,1,1,10.0,126.69,1
55476,5.0,3,Credit Card,Fashion,2,0,5,1.0,194.19,0
55477,4.0,1,Debit Card,Others,3,0,4,3.0,165.84,0
55478,12.0,1,E wallet,Grocery,1,1,2,4.0,184.47,0
55479,15.0,3,E wallet,Grocery,2,0,1,3.0,186.37,0
55480,4.0,1,Debit Card,Fashion,4,0,4,3.0,166.54,0
55481,17.0,1,UPI,Laptop & Accessory,5,0,2,1.0,186.22,0
55482,3.0,3,Credit Card,Mobile Phone,4,0,3,11.0,320.37,0
55483,6.0,2,UPI,Mobile Phone,4,0,3,4.0,160.05,0
55484,13.0,3,UPI,Grocery,5,0,4,9.0,215.39,0
55485,12.0,1,Debit Card,Grocery,2,1,3,4.0,196.47,0
55486,44.0,1,Debit Card,Mobile Phone,3,0,3,3.0,77.37,0
55487,3.0,3,Debit Card,Laptop & Accessory,2,0,1,0.0,156.68,0
55488,11.0,1,E wallet,Laptop & Accessory,4,0,3,0.0,200.78,0
55489,9.0,2,Credit Card,Mobile Phone,3,1,6,3.0,227.55,0
55490,25.0,1,UPI,Laptop & Accessory,5,0,5,0.0,131.09,0
55491,2.0,3,Debit Card,Grocery,4,0,3,4.0,227.44,0
55492,14.0,1,Credit Card,Mobile Phone,3,0,2,1.0,185.51,0
55493,8.0,1,COD,Others,3,0,3,5.0,260.31,0
55494,3.0,1,Credit Card,Laptop & Accessory,1,0,3,2.0,134.3,1
55495,6.0,2,Debit Card,Laptop & Accessory,3,0,1,2.0,149.16,1
55496,4.0,1,Credit Card,Mobile Phone,4,1,1,18.0,107.89,1
55497,9.0,1,Debit Card,Grocery,2,0,4,4.0,213.61,0
55498,22.0,3,Debit Card,Laptop & Accessory,5,0,2,1.0,251.58,0
55499,8.0,1,Debit Card,Grocery,5,0,4,9.0,174.86,0
55500,10.0,1,Debit Card,Mobile Phone,3,0,3,10.0,179.95,0
55501,7.0,1,E wallet,Grocery,4,0,2,13.0,144.47,0
55502,1.0,3,Debit Card,Laptop & Accessory,1,1,3,0.0,176.27,1
55503,3.0,1,E wallet,Mobile Phone,4,0,2,7.0,181.23,0
55504,7.0,1,Debit Card,Laptop & Accessory,4,0,4,7.0,195.97,0
55505,4.0,3,Debit Card,Laptop & Accessory,5,1,3,1.0,193.65,0
55506,2.0,1,Debit Card,Mobile Phone,3,0,4,3.0,161.95,0
55507,7.0,1,Debit Card,Laptop & Accessory,5,0,1,3.0,131.34,1
55508,4.0,1,Debit Card,Fashion,5,0,2,1.0,107.14,0
55509,3.0,2,Credit Card,Fashion,4,0,3,20.0,204.05,0
55510,6.0,1,COD,Laptop & Accessory,3,0,3,7.0,184.84,0
55511,1.0,3,Debit Card,Others,4,1,4,1.0,151.32,1
55512,26.0,3,Debit Card,Others,4,0,4,4.0,121.41,0
55513,20.0,1,Debit Card,Grocery,5,0,2,4.0,152.8,0
55514,12.0,2,UPI,Mobile Phone,2,0,5,3.0,186.99,0
55515,1.0,1,Credit Card,Mobile Phone,3,1,2,3.0,235.83,1
55516,15.0,1,E wallet,Laptop & Accessory,4,0,3,0.0,106.37,0
55517,17.0,1,Debit Card,Laptop & Accessory,3,1,3,5.0,195.22,0
55518,15.0,3,Debit Card,Fashion,4,0,5,9.0,174.62,0
55519,1.0,1,Debit Card,Mobile Phone,2,0,4,8.0,79.22,0
55520,10.0,1,UPI,Mobile Phone,4,0,4,1.0,291.31,0
55521,18.0,1,Debit Card,Mobile Phone,4,0,7,2.0,160.33,0
55522,9.0,1,Credit Card,Laptop & Accessory,4,1,5,8.0,133.81,0
55523,10.0,1,Credit Card,Fashion,4,0,2,5.0,113.17,0
55524,6.0,1,Credit Card,Laptop & Accessory,5,0,3,7.0,150.93,0
55525,8.0,1,Debit Card,Mobile Phone,5,0,3,9.0,183.93,0
55526,0.0,1,Credit Card,Laptop & Accessory,2,1,4,13.0,204.94,0
55527,10.0,1,Debit Card,Laptop & Accessory,4,0,4,1.0,181.11,0
55528,1.0,1,COD,Grocery,3,0,1,1.0,199.1,0
55529,6.0,3,Debit Card,Laptop & Accessory,3,0,5,18.0,62.14,0
55530,3.0,3,Debit Card,Mobile Phone,5,0,1,11.0,206.31,0
55531,8.0,1,Debit Card,Grocery,4,0,4,4.0,151.69,0
55532,1.0,1,E wallet,Laptop & Accessory,3,0,3,5.0,152.94,0
55533,12.0,3,Debit Card,Mobile Phone,4,0,1,1.0,217.28,0
55534,16.0,2,Credit Card,Laptop & Accessory,4,0,1,2.0,206.33,0
55535,2.0,1,Debit Card,Laptop & Accessory,5,0,4,2.0,140.41,0
55536,1.0,1,Debit Card,Mobile Phone,2,1,2,2.0,203.32,1
55537,2.0,1,Credit Card,Mobile Phone,4,1,3,7.0,238.49,0
55538,21.0,1,Debit Card,Laptop & Accessory,2,0,9,15.0,151.76,0
55539,8.0,1,Credit Card,Mobile Phone,2,0,5,7.0,228.09,0
55540,6.0,3,E wallet,Laptop & Accessory,2,1,1,10.0,94.93,0
55541,1.0,1,UPI,Grocery,2,0,3,6.0,267.46,0
55542,10.0,2,Debit Card,Fashion,4,1,3,0.0,168.71,0
55543,20.0,3,Credit Card,Laptop & Accessory,4,0,3,4.0,135.65,0
55544,18.0,2,UPI,Fashion,2,0,2,3.0,213.06,0
55545,10.0,3,E wallet,Laptop & Accessory,3,0,2,5.0,175.97,0
55546,1.0,3,Debit Card,Laptop & Accessory,1,0,4,6.0,211.2,0
55547,1.0,1,Credit Card,Laptop & Accessory,3,0,7,16.0,140.54,0
55548,1.0,3,UPI,Mobile Phone,3,0,5,1.0,131.71,0
55549,3.0,2,Credit Card,Laptop & Accessory,2,0,2,12.0,166.58,0
55550,1.0,1,E wallet,Laptop & Accessory,5,1,4,6.0,165.56,0
55551,3.0,2,Credit Card,Mobile Phone,5,0,1,4.0,186.49,0
55552,5.0,2,Debit Card,Others,2,1,4,3.0,186.94,0
55553,29.0,3,Debit Card,Mobile Phone,3,0,5,6.0,168.86,0
55554,9.0,1,Debit Card,Mobile Phone,4,0,1,2.0,35.54,1
55555,18.0,1,Debit Card,Others,5,0,2,6.0,207.14,0
55556,12.0,1,UPI,Laptop & Accessory,1,0,1,7.0,153.74,0
55557,1.0,1,Credit Card,Laptop & Accessory,5,0,4,1.0,151.03,0
55558,13.0,1,E wallet,Grocery,1,1,7,2.0,173.35,0
55559,3.0,1,Credit Card,Fashion,4,0,1,1.0,159.58,1
55560,10.0,3,Debit Card,Laptop & Accessory,1,0,6,8.0,94.19,1
55561,4.0,1,Debit Card,Fashion,5,0,5,1.0,153.62,0
55562,61.0,1,UPI,Fashion,3,0,7,0.0,146.78,0
55563,3.0,1,Credit Card,Laptop & Accessory,4,1,2,2.0,254.72,0
55564,3.0,1,Credit Card,Mobile Phone,2,1,7,2.0,174.69,0
55565,27.0,1,COD,Laptop & Accessory,3,0,3,3.0,209.54,0
55566,0.0,1,Debit Card,Fashion,4,0,6,6.0,149.91,0
55567,12.0,1,UPI,Fashion,5,0,3,2.0,200.56,0
55568,13.0,1,UPI,Laptop & Accessory,5,0,4,10.0,224.02,0
55569,18.0,1,Debit Card,Fashion,5,0,2,8.0,121.99,1
55570,37.0,1,Debit Card,Fashion,5,0,2,3.0,180.33,0
55571,37.0,1,COD,Laptop & Accessory,5,0,4,10.0,74.92,0
55572,1.0,1,Credit Card,Mobile Phone,1,0,4,7.0,258.01,0
55573,17.0,1,Debit Card,Mobile Phone,2,1,1,7.0,220.72,0
55574,10.0,3,Credit Card,Mobile Phone,1,1,5,7.0,131.71,0
55575,10.0,2,Credit Card,Grocery,3,0,4,1.0,125.55,0
55576,1.0,1,E wallet,Laptop & Accessory,5,0,9,1.0,194.83,0
55577,11.0,1,UPI,Laptop & Accessory,4,1,1,5.0,93.36,0
55578,40.0,2,UPI,Fashion,4,0,7,4.0,157.98,0
55579,24.0,1,UPI,Mobile Phone,5,1,1,5.0,126.44,0
55580,6.0,3,Debit Card,Others,5,0,3,3.0,138.75,0
55581,0.0,3,E wallet,Laptop & Accessory,4,0,4,1.0,136.56,0
55582,4.0,3,Debit Card,Mobile Phone,5,0,4,8.0,167.24,0
55583,18.0,3,Debit Card,Mobile Phone,2,0,1,17.0,188.28,0
55584,12.0,2,E wallet,Grocery,3,1,4,7.0,169.71,0
55585,6.0,1,Credit Card,Mobile Phone,3,1,4,3.0,147.3,0
55586,1.0,2,UPI,Fashion,3,0,1,7.0,133.07,0
55587,6.0,3,Debit Card,Laptop & Accessory,2,0,1,1.0,105.23,0
55588,6.0,2,E wallet,Mobile Phone,5,0,2,22.0,146.85,0
55589,26.0,1,Debit Card,Laptop & Accessory,3,0,2,6.0,189.38,0
55590,10.0,1,Debit Card,Others,3,1,4,6.0,180.55,0
55591,4.0,3,Credit Card,Laptop & Accessory,3,0,6,3.0,240.76,0
55592,7.0,1,Debit Card,Mobile Phone,5,1,4,8.0,183.33,0
55593,1.0,2,Credit Card,Laptop & Accessory,4,1,1,8.0,169.49,1
55594,36.0,3,UPI,Grocery,1,1,4,5.0,138.52,0
55595,4.0,2,Credit Card,Mobile Phone,3,0,1,19.0,133.02,1
55596,6.0,3,Debit Card,Others,5,0,2,4.0,122.33,0
55597,4.0,2,Debit Card,Laptop & Accessory,5,0,2,2.0,182.84,0
55598,11.0,1,Credit Card,Laptop & Accessory,3,1,2,1.0,235.49,1
55599,11.0,3,Credit Card,Mobile Phone,4,0,4,4.0,106.41,0
55600,13.0,1,Credit Card,Mobile Phone,5,0,3,1.0,124.6,0
55601,3.0,1,Debit Card,Laptop & Accessory,4,0,2,4.0,232.72,0
55602,4.0,1,E wallet,Fashion,5,0,3,4.0,97.44,0
55603,1.0,1,Debit Card,Laptop & Accessory,3,0,8,7.0,119.07,0
55604,11.0,1,Credit Card,Mobile Phone,5,0,6,16.0,289.59,0
55605,0.0,1,Credit Card,Mobile Phone,3,0,4,3.0,147.01,0
55606,9.0,1,Debit Card,Mobile Phone,4,1,3,2.0,225.28,0
55607,20.0,3,E wallet,Mobile Phone,1,0,5,0.0,93.05,0
55608,22.0,1,Credit Card,Laptop & Accessory,4,1,4,1.0,183.39,0
55609,6.0,1,Credit Card,Grocery,4,0,7,2.0,195.32,0
55610,6.0,2,Credit Card,Fashion,3,0,4,3.0,229.45,0
55611,1.0,2,UPI,Mobile Phone,3,0,2,0.0,246.11,0
55612,11.0,3,Credit Card,Mobile Phone,3,0,1,9.0,217.81,0
55613,17.0,1,Debit Card,Laptop & Accessory,5,0,3,1.0,183.56,0
55614,3.0,3,Debit Card,Mobile Phone,3,0,3,2.0,178.4,0
55615,5.0,1,Debit Card,Mobile Phone,2,1,4,2.0,159.75,0
55616,18.0,1,Debit Card,Laptop & Accessory,1,1,2,14.0,144.71,1
55617,21.0,1,COD,Fashion,4,1,3,4.0,85.8,0
55618,3.0,1,Credit Card,Laptop & Accessory,3,0,6,1.0,111.74,0
55619,8.0,1,UPI,Laptop & Accessory,1,0,2,1.0,148.46,0
55620,2.0,1,Debit Card,Mobile Phone,3,0,4,33.0,195.63,1
55621,1.0,1,Credit Card,Fashion,5,1,4,3.0,226.61,1
55622,24.0,3,COD,Laptop & Accessory,5,0,5,4.0,209.18,0
55623,17.0,2,Debit Card,Mobile Phone,1,1,6,7.0,62.68,0
55624,14.0,1,Credit Card,Laptop & Accessory,2,0,4,5.0,155.61,0
55625,0.0,1,UPI,Fashion,1,0,3,0.0,172.4,0
55626,19.0,1,UPI,Mobile Phone,5,0,4,1.0,112.42,0
55627,6.0,3,E wallet,Grocery,1,0,1,4.0,159.22,0
55628,4.0,1,UPI,Mobile Phone,2,0,4,4.0,174.9,0
55629,8.0,1,Credit Card,Fashion,2,0,4,3.0,195.94,0
55630,1.0,1,Debit Card,Fashion,5,0,1,6.0,186.62,0
55631,0.0,1,COD,Laptop & Accessory,4,0,1,2.0,146.83,0
55632,1.0,1,UPI,Laptop & Accessory,1,1,4,6.0,110.02,0
55633,0.0,1,UPI,Fashion,3,0,2,2.0,195.56,0
55634,2.0,1,UPI,Mobile Phone,2,0,2,0.0,198.44,1
55635,14.0,1,COD,Fashion,1,0,1,5.0,240.15,0
55636,0.0,1,COD,Laptop & Accessory,3,0,2,12.0,137.76,0
55637,0.0,1,Credit Card,Grocery,1,1,3,1.0,176.56,1
55638,1.0,1,Debit Card,Mobile Phone,4,1,1,0.0,227.14,1
55639,1.0,1,UPI,Grocery,4,0,1,9.0,162.72,0
55640,0.0,3,UPI,Laptop & Accessory,2,0,3,3.0,198.71,0
55641,1.0,1,Credit Card,Fashion,3,1,2,1.0,57.33,0
55642,2.0,1,Credit Card,Others,1,0,5,9.0,123.78,0
55643,14.0,1,E wallet,Grocery,3,1,6,5.0,106.39,0
55644,1.0,1,UPI,Mobile Phone,5,1,5,3.0,173.96,0
55645,3.0,1,E wallet,Grocery,2,1,4,1.0,210.61,0
55646,2.0,1,Credit Card,Mobile Phone,2,0,1,0.0,113.77,0
55647,5.0,3,Credit Card,Laptop & Accessory,3,0,2,7.0,136.12,0
55648,5.0,2,Credit Card,Mobile Phone,2,1,6,2.0,235.42,0
55649,8.0,3,Credit Card,Mobile Phone,2,0,3,5.0,135.92,0
55650,0.0,1,E wallet,Grocery,1,0,2,38.0,126.9,1
55651,2.0,1,UPI,Laptop & Accessory,3,0,2,9.0,203.46,0
55652,0.0,1,Debit Card,Fashion,5,0,4,2.0,206.38,0
55653,0.0,1,COD,Laptop & Accessory,1,1,2,24.0,281.1,1
55654,14.0,1,Debit Card,Laptop & Accessory,3,0,1,0.0,164.76,0
55655,1.0,2,Credit Card,Fashion,5,1,4,9.0,83.26,0
55656,5.0,1,Debit Card,Laptop & Accessory,2,0,1,3.0,207.04,1
55657,2.0,1,UPI,Fashion,2,0,1,15.0,127.67,0
55658,0.0,2,Debit Card,Laptop & Accessory,1,0,2,2.0,211.52,0
55659,14.0,1,Credit Card,Grocery,5,0,3,3.0,186.73,0
55660,0.0,1,Debit Card,Fashion,5,0,1,9.0,115.75,0
55661,2.0,3,Debit Card,Laptop & Accessory,2,0,4,0.0,128.5,0
55662,1.0,1,Credit Card,Others,3,0,3,3.0,152.78,0
55663,1.0,3,E wallet,Grocery,3,1,4,13.0,199.53,1
55664,1.0,1,COD,Fashion,4,0,3,0.0,191.75,0
55665,0.0,3,Credit Card,Grocery,3,0,2,9.0,110.55,0
