customer_id,churn_risk_pct,risk_tier,tenure_months,satisfaction_score,complaint_status,prefered_order_cat,preferred_payment_mode,day_since_last_order,order_count,cashback_amount,rfm_segment,r_score,f_score,m_score,recommended_action
54313,97.57,High,1.0,1,Yes (Active Ticket),Fashion,COD,17.0,8,77.83,At Risk,1,5,1,URGENT: Support Escalation & Retention Credit
54077,95.22,High,6.0,1,Yes (Active Ticket),Fashion,Debit Card,28.0,2,96.84,Hibernating,1,2,1,URGENT: Support Escalation & Retention Credit
55070,94.8,High,0.0,4,Yes (Active Ticket),Laptop & Accessory,E wallet,17.0,3,134.52,At Risk,1,4,1,URGENT: Support Escalation & Retention Credit
52310,94.39,High,4.0,3,Yes (Active Ticket),Mobile Phone,Credit Card,40.0,1,189.35,Promising,1,1,4,URGENT: Support Escalation & Retention Credit
50912,94.27,High,3.0,3,Yes (Active Ticket),Laptop & Accessory,Debit Card,18.0,5,113.59,At Risk,1,5,1,URGENT: Support Escalation & Retention Credit
52805,94.15,High,7.0,3,Yes (Active Ticket),Laptop & Accessory,Debit Card,27.0,2,200.37,Need Attention,1,2,4,URGENT: Support Escalation & Retention Credit
54751,93.89,High,4.0,3,No,Grocery,Credit Card,18.0,1,90.33,Hibernating,1,1,1,Onboarding Outreach & Personal Discount
55264,93.68,High,1.0,2,Yes (Active Ticket),Laptop & Accessory,Debit Card,17.0,5,83.03,At Risk,1,5,1,URGENT: Support Escalation & Retention Credit
52606,93.66,High,7.0,3,Yes (Active Ticket),Mobile Phone,Credit Card,26.0,3,130.48,At Risk,1,3,1,URGENT: Support Escalation & Retention Credit
51534,93.54,High,3.0,1,Yes (Active Ticket),Others,Debit Card,15.0,2,212.55,Need Attention,1,2,4,URGENT: Support Escalation & Retention Credit
54867,93.53,High,4.0,3,No,Laptop & Accessory,Debit Card,32.0,2,116.56,Hibernating,1,2,1,Onboarding Outreach & Personal Discount
52235,93.44,High,11.0,3,Yes (Active Ticket),Fashion,E wallet,20.0,2,208.3,Need Attention,1,2,4,URGENT: Support Escalation & Retention Credit
52466,93.34,High,2.0,3,No,Laptop & Accessory,Debit Card,28.0,2,158.87,Hibernating,1,2,2,Onboarding Outreach & Personal Discount
51191,93.22,High,1.0,5,Yes (Active Ticket),Fashion,E wallet,30.0,1,105.0,Hibernating,1,1,1,URGENT: Support Escalation & Retention Credit
53761,93.21,High,1.0,4,Yes (Active Ticket),Laptop & Accessory,E wallet,11.0,3,132.9,At Risk,1,3,1,URGENT: Support Escalation & Retention Credit
52300,93.2,High,4.0,3,Yes (Active Ticket),Fashion,Debit Card,18.0,2,185.16,Need Attention,1,2,3,URGENT: Support Escalation & Retention Credit
52754,93.05,High,4.0,4,Yes (Active Ticket),Grocery,Debit Card,15.0,1,163.01,Hibernating,1,1,2,URGENT: Support Escalation & Retention Credit
54254,93.03,High,7.0,2,Yes (Active Ticket),Others,E wallet,18.0,1,188.84,Promising,1,1,4,URGENT: Support Escalation & Retention Credit
54153,92.78,High,12.0,2,Yes (Active Ticket),Mobile Phone,Debit Card,27.0,4,163.88,At Risk,1,4,3,URGENT: Support Escalation & Retention Credit
53998,92.61,High,5.0,3,No,Laptop & Accessory,E wallet,25.0,5,154.99,At Risk,1,5,2,Onboarding Outreach & Personal Discount
54064,92.61,High,3.0,1,Yes (Active Ticket),Fashion,Debit Card,4.0,2,168.88,Potential Loyalist,3,2,3,URGENT: Support Escalation & Retention Credit
53548,92.54,High,7.0,3,No,Laptop & Accessory,COD,35.0,2,175.8,Need Attention,1,2,3,Targeted Win-Back Campaign
51266,92.47,High,1.0,3,Yes (Active Ticket),Mobile Phone,Credit Card,27.0,4,219.25,At Risk,1,4,5,URGENT: Support Escalation & Retention Credit
53881,92.44,High,7.0,3,No,Mobile Phone,Debit Card,25.0,1,199.17,Promising,1,1,4,Targeted Win-Back Campaign
51393,92.36,High,2.0,1,No,Laptop & Accessory,Debit Card,16.0,1,197.78,Promising,1,1,4,Onboarding Outreach & Personal Discount
50913,92.0,High,10.0,1,Yes (Active Ticket),Mobile Phone,Credit Card,11.0,2,191.97,Need Attention,1,2,4,URGENT: Support Escalation & Retention Credit
54959,91.95,High,2.0,4,Yes (Active Ticket),Grocery,Credit Card,21.0,2,100.63,Hibernating,1,2,1,URGENT: Support Escalation & Retention Credit
52184,91.86,High,4.0,5,Yes (Active Ticket),Mobile Phone,E wallet,44.0,1,180.18,Promising,1,1,3,URGENT: Support Escalation & Retention Credit
53307,91.75,High,5.0,5,Yes (Active Ticket),Mobile Phone,UPI,18.0,3,167.02,At Risk,1,3,3,URGENT: Support Escalation & Retention Credit
52400,91.67,High,10.0,2,Yes (Active Ticket),Laptop & Accessory,Credit Card,17.0,1,167.08,Promising,1,1,3,URGENT: Support Escalation & Retention Credit
52775,91.54,High,8.0,5,Yes (Active Ticket),Laptop & Accessory,UPI,28.0,1,129.17,Hibernating,1,1,1,URGENT: Support Escalation & Retention Credit
50134,91.44,High,4.0,5,Yes (Active Ticket),Mobile Phone,Debit Card,19.0,3,67.03,At Risk,1,3,1,URGENT: Support Escalation & Retention Credit
50129,91.17,High,0.0,5,Yes (Active Ticket),Fashion,E wallet,12.0,3,133.64,At Risk,1,3,1,URGENT: Support Escalation & Retention Credit
54796,91.17,High,4.0,4,Yes (Active Ticket),Laptop & Accessory,Credit Card,8.0,8,133.82,At Risk,1,5,1,URGENT: Support Escalation & Retention Credit
50522,91.11,High,5.0,3,Yes (Active Ticket),Mobile Phone,Debit Card,16.0,5,200.49,At Risk,1,5,4,URGENT: Support Escalation & Retention Credit
53429,91.07,High,20.0,2,Yes (Active Ticket),Mobile Phone,Debit Card,25.0,9,121.16,At Risk,1,5,1,URGENT: Support Escalation & Retention Credit
53313,91.01,High,12.0,3,Yes (Active Ticket),Fashion,E wallet,16.0,2,180.97,Need Attention,1,2,3,URGENT: Support Escalation & Retention Credit
55595,90.88,High,4.0,3,No,Mobile Phone,Credit Card,19.0,1,133.02,Hibernating,1,1,1,Onboarding Outreach & Personal Discount
54782,90.87,High,2.0,3,No,Laptop & Accessory,COD,34.0,2,185.42,Need Attention,1,2,3,Onboarding Outreach & Personal Discount
55051,90.81,High,2.0,3,Yes (Active Ticket),Mobile Phone,Credit Card,18.0,2,286.5,Need Attention,1,2,5,URGENT: Support Escalation & Retention Credit
51751,90.76,High,8.0,2,Yes (Active Ticket),Laptop & Accessory,UPI,9.0,2,156.48,Hibernating,1,2,2,URGENT: Support Escalation & Retention Credit
54540,90.71,High,1.0,5,Yes (Active Ticket),Mobile Phone,Debit Card,16.0,5,166.0,At Risk,1,5,3,URGENT: Support Escalation & Retention Credit
53011,90.61,High,8.0,2,No,Fashion,E wallet,18.0,4,155.43,At Risk,1,4,2,Targeted Win-Back Campaign
50185,90.46,High,3.0,1,Yes (Active Ticket),Grocery,Credit Card,9.0,2,177.41,Need Attention,1,2,3,URGENT: Support Escalation & Retention Credit
53488,90.45,High,1.0,3,No,Grocery,Debit Card,14.0,1,41.12,Hibernating,1,1,1,Onboarding Outreach & Personal Discount
54445,90.44,High,5.0,3,Yes (Active Ticket),Fashion,Credit Card,9.0,2,257.17,Need Attention,1,2,5,URGENT: Support Escalation & Retention Credit
55300,90.43,High,0.0,4,Yes (Active Ticket),Laptop & Accessory,E wallet,20.0,4,126.64,At Risk,1,4,1,URGENT: Support Escalation & Retention Credit
54432,90.25,High,8.0,3,No,Laptop & Accessory,Debit Card,29.0,6,86.0,At Risk,1,5,1,Targeted Win-Back Campaign
53616,90.24,High,1.0,4,Yes (Active Ticket),Mobile Phone,E wallet,18.0,2,183.95,Need Attention,1,2,3,URGENT: Support Escalation & Retention Credit
53058,90.23,High,1.0,3,Yes (Active Ticket),Mobile Phone,UPI,7.0,2,126.21,Hibernating,2,2,1,URGENT: Support Escalation & Retention Credit
53696,90.14,High,0.0,3,Yes (Active Ticket),Others,Debit Card,14.0,4,180.73,At Risk,1,4,3,URGENT: Support Escalation & Retention Credit
55620,90.06,High,2.0,3,No,Mobile Phone,Debit Card,33.0,4,195.63,At Risk,1,5,4,Onboarding Outreach & Personal Discount
50989,90.03,High,3.0,3,Yes (Active Ticket),Mobile Phone,Debit Card,19.0,2,154.7,Hibernating,1,2,2,URGENT: Support Escalation & Retention Credit
50344,89.95,High,6.0,1,No,Fashion,Debit Card,15.0,5,131.12,At Risk,1,5,1,Onboarding Outreach & Personal Discount
54072,89.88,High,11.0,3,Yes (Active Ticket),Mobile Phone,Credit Card,15.0,7,141.57,At Risk,1,5,2,URGENT: Support Escalation & Retention Credit
53711,89.84,High,0.0,2,Yes (Active Ticket),Mobile Phone,Credit Card,14.0,2,94.75,Hibernating,1,2,1,URGENT: Support Escalation & Retention Credit
53201,89.65,High,8.0,1,Yes (Active Ticket),Laptop & Accessory,Credit Card,12.0,3,141.8,At Risk,1,3,2,URGENT: Support Escalation & Retention Credit
50953,89.58,High,2.0,4,Yes (Active Ticket),Laptop & Accessory,Debit Card,14.0,5,110.17,At Risk,1,5,1,URGENT: Support Escalation & Retention Credit
52492,89.55,High,2.0,2,Yes (Active Ticket),Laptop & Accessory,Credit Card,1.0,5,211.0,Champions,5,5,4,URGENT: Support Escalation & Retention Credit
54775,89.48,High,4.0,4,Yes (Active Ticket),Laptop & Accessory,Debit Card,4.0,2,126.84,Potential Loyalist,3,2,1,URGENT: Support Escalation & Retention Credit
55289,89.43,High,1.0,1,Yes (Active Ticket),Fashion,Debit Card,1.0,3,199.8,Champions,4,4,4,URGENT: Support Escalation & Retention Credit
55473,89.36,High,1.0,3,No,Mobile Phone,Debit Card,11.0,2,132.81,At Risk,1,3,1,Onboarding Outreach & Personal Discount
52743,89.32,High,2.0,3,Yes (Active Ticket),Laptop & Accessory,Credit Card,12.0,3,190.79,At Risk,1,3,4,URGENT: Support Escalation & Retention Credit
54977,89.31,High,1.0,1,Yes (Active Ticket),Laptop & Accessory,Credit Card,8.0,3,102.7,At Risk,1,4,1,URGENT: Support Escalation & Retention Credit
54352,89.28,High,9.0,2,Yes (Active Ticket),Fashion,Debit Card,5.0,2,154.46,Hibernating,2,2,2,URGENT: Support Escalation & Retention Credit
50223,89.23,High,1.0,2,No,Laptop & Accessory,COD,19.0,4,179.15,At Risk,1,4,3,Onboarding Outreach & Personal Discount
50455,89.21,High,1.0,2,Yes (Active Ticket),Laptop & Accessory,UPI,2.0,2,130.4,Potential Loyalist,4,2,1,URGENT: Support Escalation & Retention Credit
55346,89.2,High,8.0,5,Yes (Active Ticket),Laptop & Accessory,Credit Card,5.0,3,56.2,At Risk,2,4,1,URGENT: Support Escalation & Retention Credit
54196,89.09,High,2.0,3,Yes (Active Ticket),Mobile Phone,Debit Card,11.0,2,191.26,Need Attention,1,2,4,URGENT: Support Escalation & Retention Credit
50073,89.03,High,0.0,3,Yes (Active Ticket),Others,Debit Card,13.0,3,196.71,At Risk,1,3,4,URGENT: Support Escalation & Retention Credit
50802,89.02,High,2.0,4,Yes (Active Ticket),Laptop & Accessory,Credit Card,7.0,2,143.28,Hibernating,2,2,2,URGENT: Support Escalation & Retention Credit
53554,89.0,High,7.0,2,Yes (Active Ticket),Mobile Phone,E wallet,3.0,2,148.84,Potential Loyalist,3,2,2,URGENT: Support Escalation & Retention Credit
50104,88.91,High,7.0,2,Yes (Active Ticket),Others,Debit Card,10.0,3,190.02,At Risk,1,3,4,URGENT: Support Escalation & Retention Credit
50298,88.87,High,2.0,2,No,Grocery,Debit Card,18.0,7,160.05,At Risk,1,5,2,Onboarding Outreach & Personal Discount
54113,88.87,High,1.0,4,Yes (Active Ticket),Laptop & Accessory,UPI,12.0,7,143.78,At Risk,1,5,2,URGENT: Support Escalation & Retention Credit
52995,88.83,High,1.0,3,No,Grocery,Debit Card,14.0,3,94.94,At Risk,1,3,1,Onboarding Outreach & Personal Discount
51664,88.81,High,7.0,1,No,Others,Debit Card,10.0,3,153.99,At Risk,1,3,2,Targeted Win-Back Campaign
52190,88.81,High,11.0,2,Yes (Active Ticket),Fashion,E wallet,9.0,2,128.71,Hibernating,1,2,1,URGENT: Support Escalation & Retention Credit
52741,88.81,High,5.0,3,Yes (Active Ticket),Fashion,Debit Card,14.0,1,177.0,Promising,1,1,3,URGENT: Support Escalation & Retention Credit
55167,88.81,High,2.0,2,Yes (Active Ticket),Laptop & Accessory,Debit Card,13.0,2,166.54,Need Attention,1,2,3,URGENT: Support Escalation & Retention Credit
52538,88.77,High,2.0,4,Yes (Active Ticket),Others,E wallet,9.0,2,240.74,Need Attention,1,2,5,URGENT: Support Escalation & Retention Credit
54295,88.71,High,5.0,1,Yes (Active Ticket),Mobile Phone,Debit Card,8.0,1,171.31,Promising,1,1,3,URGENT: Support Escalation & Retention Credit
53264,88.65,High,0.0,3,Yes (Active Ticket),Laptop & Accessory,Debit Card,3.0,2,59.25,Potential Loyalist,3,2,1,URGENT: Support Escalation & Retention Credit
52870,88.49,High,4.0,3,Yes (Active Ticket),Laptop & Accessory,Debit Card,11.0,4,149.64,At Risk,1,4,2,URGENT: Support Escalation & Retention Credit
50187,88.36,High,17.0,1,Yes (Active Ticket),Laptop & Accessory,Credit Card,4.0,2,95.76,Potential Loyalist,3,2,1,URGENT: Support Escalation & Retention Credit
54711,88.32,High,5.0,1,Yes (Active Ticket),Laptop & Accessory,UPI,9.0,8,179.26,At Risk,1,5,3,URGENT: Support Escalation & Retention Credit
52817,88.3,High,7.0,3,No,Laptop & Accessory,Credit Card,19.0,1,141.2,Hibernating,1,1,2,Targeted Win-Back Campaign
54915,88.29,High,2.0,1,Yes (Active Ticket),Laptop & Accessory,E wallet,5.0,6,134.99,At Risk,2,5,1,URGENT: Support Escalation & Retention Credit
52323,88.26,High,9.0,2,Yes (Active Ticket),Laptop & Accessory,Credit Card,3.0,5,97.36,Loyal Customers,3,5,1,URGENT: Support Escalation & Retention Credit
51837,88.2,High,1.0,2,No,Laptop & Accessory,UPI,26.0,3,254.82,At Risk,1,3,5,Onboarding Outreach & Personal Discount
54335,88.17,High,5.0,5,Yes (Active Ticket),Grocery,COD,11.0,2,240.65,Need Attention,1,2,5,URGENT: Support Escalation & Retention Credit
53332,88.15,High,14.0,5,Yes (Active Ticket),Fashion,Debit Card,26.0,1,193.11,Promising,1,1,4,URGENT: Support Escalation & Retention Credit
53051,88.11,High,2.0,1,No,Mobile Phone,Credit Card,9.0,2,109.46,Hibernating,1,2,1,Onboarding Outreach & Personal Discount
53364,88.09,High,3.0,1,Yes (Active Ticket),Laptop & Accessory,Debit Card,9.0,2,195.42,Need Attention,1,2,4,URGENT: Support Escalation & Retention Credit
55475,88.07,High,0.0,3,Yes (Active Ticket),Mobile Phone,Debit Card,10.0,1,126.69,Hibernating,1,1,1,URGENT: Support Escalation & Retention Credit
52578,88.02,High,9.0,4,Yes (Active Ticket),Laptop & Accessory,Credit Card,11.0,5,88.43,At Risk,1,5,1,URGENT: Support Escalation & Retention Credit
55054,87.98,High,1.0,2,No,Laptop & Accessory,Debit Card,18.0,1,195.94,Promising,1,1,4,Onboarding Outreach & Personal Discount
52048,87.97,High,12.0,2,Yes (Active Ticket),Grocery,Debit Card,14.0,4,152.58,At Risk,1,4,2,URGENT: Support Escalation & Retention Credit
50539,87.96,High,6.0,3,No,Laptop & Accessory,E wallet,23.0,6,217.8,At Risk,1,5,5,Onboarding Outreach & Personal Discount
50758,87.96,High,8.0,3,Yes (Active Ticket),Laptop & Accessory,E wallet,1.0,2,124.11,Potential Loyalist,5,2,1,URGENT: Support Escalation & Retention Credit
51103,87.94,High,22.0,1,Yes (Active Ticket),Mobile Phone,E wallet,25.0,3,128.16,At Risk,1,3,1,URGENT: Support Escalation & Retention Credit
52220,87.93,High,1.0,2,Yes (Active Ticket),Mobile Phone,Credit Card,1.0,2,119.42,Potential Loyalist,5,2,1,URGENT: Support Escalation & Retention Credit
50226,87.86,High,3.0,5,Yes (Active Ticket),Laptop & Accessory,Debit Card,4.0,1,130.28,Potential Loyalist,3,1,1,URGENT: Support Escalation & Retention Credit
53937,87.84,High,5.0,4,Yes (Active Ticket),Fashion,E wallet,9.0,5,70.88,At Risk,1,5,1,URGENT: Support Escalation & Retention Credit
52567,87.83,High,3.0,3,No,Laptop & Accessory,Credit Card,9.0,3,106.37,At Risk,1,3,1,Onboarding Outreach & Personal Discount
54184,87.81,High,4.0,4,Yes (Active Ticket),Fashion,Debit Card,0.0,1,98.88,Potential Loyalist,5,1,1,URGENT: Support Escalation & Retention Credit
54804,87.77,High,2.0,1,Yes (Active Ticket),Mobile Phone,Credit Card,2.0,2,221.49,Potential Loyalist,4,2,5,URGENT: Support Escalation & Retention Credit
52385,87.76,High,4.0,3,Yes (Active Ticket),Others,Debit Card,6.0,2,155.87,Hibernating,2,2,2,URGENT: Support Escalation & Retention Credit
53093,87.72,High,5.0,1,Yes (Active Ticket),Fashion,Credit Card,1.0,3,142.52,Loyal Customers,5,3,2,URGENT: Support Escalation & Retention Credit
51811,87.68,High,11.0,3,No,Fashion,UPI,27.0,3,173.17,At Risk,1,3,3,Targeted Win-Back Campaign
53951,87.68,High,0.0,4,No,Mobile Phone,Debit Card,16.0,2,129.87,Hibernating,1,2,1,Onboarding Outreach & Personal Discount
50438,87.62,High,17.0,3,Yes (Active Ticket),Fashion,Debit Card,14.0,2,271.86,Need Attention,1,2,5,URGENT: Support Escalation & Retention Credit
53041,87.62,High,2.0,2,No,Laptop & Accessory,E wallet,9.0,2,98.75,Hibernating,1,2,1,Onboarding Outreach & Personal Discount
52308,87.58,High,10.0,4,Yes (Active Ticket),Laptop & Accessory,Debit Card,13.0,5,156.28,At Risk,1,5,2,URGENT: Support Escalation & Retention Credit
51415,87.57,High,8.0,3,Yes (Active Ticket),Mobile Phone,UPI,8.0,4,184.6,At Risk,2,4,3,URGENT: Support Escalation & Retention Credit
55278,87.55,High,4.0,3,Yes (Active Ticket),Others,Debit Card,12.0,3,232.47,At Risk,1,4,5,URGENT: Support Escalation & Retention Credit
52925,87.44,High,5.0,3,Yes (Active Ticket),Others,E wallet,11.0,3,236.24,At Risk,1,3,5,URGENT: Support Escalation & Retention Credit
51659,87.38,High,5.0,3,No,Laptop & Accessory,Credit Card,15.0,2,170.61,Need Attention,1,2,3,Onboarding Outreach & Personal Discount
53250,87.34,High,10.0,1,Yes (Active Ticket),Others,Credit Card,2.0,1,111.09,Potential Loyalist,4,1,1,URGENT: Support Escalation & Retention Credit
50206,87.29,High,0.0,1,Yes (Active Ticket),Fashion,Debit Card,2.0,4,192.89,Champions,4,4,4,URGENT: Support Escalation & Retention Credit
50554,87.27,High,8.0,2,Yes (Active Ticket),Laptop & Accessory,E wallet,2.0,2,165.97,Potential Loyalist,4,2,3,URGENT: Support Escalation & Retention Credit
50469,87.22,High,3.0,5,Yes (Active Ticket),Fashion,Debit Card,10.0,1,162.33,Hibernating,1,1,2,URGENT: Support Escalation & Retention Credit
53252,87.21,High,1.0,5,Yes (Active Ticket),Grocery,Debit Card,3.0,3,113.81,Loyal Customers,3,3,1,URGENT: Support Escalation & Retention Credit
52780,87.2,High,2.0,3,No,Laptop & Accessory,Debit Card,27.0,2,157.17,Hibernating,1,2,2,Onboarding Outreach & Personal Discount
52292,87.19,High,3.0,1,Yes (Active Ticket),Laptop & Accessory,Debit Card,3.0,5,172.29,Loyal Customers,3,5,3,URGENT: Support Escalation & Retention Credit
52645,87.13,High,0.0,1,No,Mobile Phone,E wallet,13.0,3,122.32,At Risk,1,3,1,Onboarding Outreach & Personal Discount
54321,87.12,High,9.0,1,Yes (Active Ticket),Others,Credit Card,0.0,3,104.83,Loyal Customers,5,3,1,URGENT: Support Escalation & Retention Credit
50889,87.06,High,1.0,4,Yes (Active Ticket),Mobile Phone,E wallet,10.0,2,215.36,Need Attention,1,2,4,URGENT: Support Escalation & Retention Credit
51804,87.0,High,4.0,4,Yes (Active Ticket),Laptop & Accessory,Debit Card,0.0,3,71.55,Loyal Customers,5,3,1,URGENT: Support Escalation & Retention Credit
52717,86.99,High,10.0,4,Yes (Active Ticket),Others,Credit Card,6.0,6,171.92,At Risk,2,5,3,URGENT: Support Escalation & Retention Credit
53521,86.87,High,3.0,2,No,Laptop & Accessory,UPI,20.0,6,214.24,At Risk,1,5,4,Onboarding Outreach & Personal Discount
51558,86.86,High,5.0,4,Yes (Active Ticket),Grocery,UPI,32.0,1,242.35,Promising,1,1,5,URGENT: Support Escalation & Retention Credit
55226,86.86,High,1.0,3,No,Mobile Phone,Credit Card,3.0,3,98.97,Loyal Customers,3,4,1,Onboarding Outreach & Personal Discount
50149,86.83,High,1.0,4,Yes (Active Ticket),Laptop & Accessory,Debit Card,12.0,7,274.76,At Risk,1,5,5,URGENT: Support Escalation & Retention Credit
53930,86.83,High,1.0,2,Yes (Active Ticket),Laptop & Accessory,Credit Card,5.0,4,106.57,At Risk,2,4,1,URGENT: Support Escalation & Retention Credit
55536,86.8,High,1.0,2,Yes (Active Ticket),Mobile Phone,Debit Card,2.0,2,203.32,Loyal Customers,4,3,4,URGENT: Support Escalation & Retention Credit
54141,86.76,High,4.0,4,Yes (Active Ticket),Grocery,Debit Card,6.0,1,135.03,Hibernating,2,1,1,URGENT: Support Escalation & Retention Credit
53316,86.75,High,11.0,3,No,Laptop & Accessory,E wallet,15.0,2,279.91,Need Attention,1,2,5,Targeted Win-Back Campaign
53069,86.72,High,3.0,5,Yes (Active Ticket),Laptop & Accessory,Credit Card,11.0,6,99.53,At Risk,1,5,1,URGENT: Support Escalation & Retention Credit
54724,86.71,High,5.0,1,No,Laptop & Accessory,Credit Card,3.0,3,112.35,Loyal Customers,3,4,1,Onboarding Outreach & Personal Discount
54210,86.69,High,1.0,4,Yes (Active Ticket),Mobile Phone,Debit Card,7.0,8,80.93,At Risk,2,5,1,URGENT: Support Escalation & Retention Credit
51040,86.62,High,4.0,3,No,Mobile Phone,Debit Card,11.0,2,149.03,Hibernating,1,2,2,Onboarding Outreach & Personal Discount
51715,86.6,High,1.0,2,Yes (Active Ticket),Laptop & Accessory,Debit Card,4.0,2,74.02,Potential Loyalist,3,2,1,URGENT: Support Escalation & Retention Credit
54980,86.59,High,0.0,4,No,Mobile Phone,Debit Card,2.0,6,92.84,Loyal Customers,4,5,1,Onboarding Outreach & Personal Discount
52641,86.57,High,4.0,1,No,Laptop & Accessory,Debit Card,9.0,2,151.43,Hibernating,1,2,2,Onboarding Outreach & Personal Discount
53486,86.57,High,9.0,2,No,Mobile Phone,Debit Card,16.0,1,145.52,Hibernating,1,1,2,Targeted Win-Back Campaign
54831,86.54,High,16.0,5,Yes (Active Ticket),Laptop & Accessory,UPI,18.0,2,113.42,Hibernating,1,2,1,URGENT: Support Escalation & Retention Credit
52382,86.53,High,19.0,1,Yes (Active Ticket),Laptop & Accessory,Debit Card,11.0,2,125.76,Hibernating,1,2,1,URGENT: Support Escalation & Retention Credit
55621,86.53,High,1.0,5,Yes (Active Ticket),Fashion,Credit Card,3.0,4,226.61,Loyal Customers,3,5,5,URGENT: Support Escalation & Retention Credit
50944,86.47,High,18.0,3,Yes (Active Ticket),Fashion,COD,19.0,3,178.8,At Risk,1,3,3,URGENT: Support Escalation & Retention Credit
55363,86.45,High,8.0,1,Yes (Active Ticket),Laptop & Accessory,UPI,3.0,1,169.64,Potential Loyalist,3,1,3,URGENT: Support Escalation & Retention Credit
54731,86.42,High,1.0,3,No,Mobile Phone,Credit Card,17.0,8,143.04,At Risk,1,5,2,Onboarding Outreach & Personal Discount
55276,86.3,High,3.0,4,Yes (Active Ticket),Laptop & Accessory,Credit Card,0.0,5,38.06,Loyal Customers,5,5,1,URGENT: Support Escalation & Retention Credit
50191,86.29,High,1.0,5,Yes (Active Ticket),Fashion,Credit Card,12.0,1,158.88,Hibernating,1,1,2,URGENT: Support Escalation & Retention Credit
52760,86.27,High,1.0,1,Yes (Active Ticket),Laptop & Accessory,Debit Card,5.0,5,160.58,At Risk,2,5,2,URGENT: Support Escalation & Retention Credit
52132,86.24,High,0.0,4,Yes (Active Ticket),Mobile Phone,Debit Card,1.0,2,85.62,Potential Loyalist,5,2,1,URGENT: Support Escalation & Retention Credit
51946,86.2,High,7.0,1,Yes (Active Ticket),Grocery,UPI,1.0,1,325.0,Potential Loyalist,5,1,5,URGENT: Support Escalation & Retention Credit
50172,86.19,High,0.0,3,No,Others,Credit Card,31.0,4,317.97,At Risk,1,4,5,Onboarding Outreach & Personal Discount
53308,86.13,High,1.0,1,No,Mobile Phone,UPI,9.0,6,136.48,At Risk,1,5,2,Onboarding Outreach & Personal Discount
55203,86.12,High,10.0,4,Yes (Active Ticket),Others,Debit Card,11.0,2,188.88,Need Attention,1,2,4,URGENT: Support Escalation & Retention Credit
53315,86.1,High,2.0,4,Yes (Active Ticket),Fashion,UPI,4.0,2,119.53,Potential Loyalist,3,2,1,URGENT: Support Escalation & Retention Credit
52118,86.09,High,10.0,2,Yes (Active Ticket),Grocery,E wallet,7.0,2,223.18,Need Attention,2,2,5,URGENT: Support Escalation & Retention Credit
51284,86.08,High,0.0,1,Yes (Active Ticket),Mobile Phone,Debit Card,2.0,2,213.34,Potential Loyalist,4,2,4,URGENT: Support Escalation & Retention Credit
52180,86.05,High,7.0,2,Yes (Active Ticket),Laptop & Accessory,Debit Card,1.0,2,201.34,Potential Loyalist,5,2,4,URGENT: Support Escalation & Retention Credit
51532,85.98,High,9.0,3,Yes (Active Ticket),Mobile Phone,Debit Card,6.0,4,130.9,At Risk,2,4,1,URGENT: Support Escalation & Retention Credit
51587,85.98,High,12.0,3,No,Laptop & Accessory,Credit Card,12.0,2,99.74,Hibernating,1,2,1,Targeted Win-Back Campaign
55022,85.98,High,6.0,1,Yes (Active Ticket),Others,Debit Card,5.0,2,156.07,Hibernating,2,2,2,URGENT: Support Escalation & Retention Credit
52131,85.94,High,2.0,1,Yes (Active Ticket),Laptop & Accessory,Debit Card,9.0,1,179.05,Promising,1,1,3,URGENT: Support Escalation & Retention Credit
54345,85.91,High,9.0,3,Yes (Active Ticket),Laptop & Accessory,Debit Card,9.0,1,189.85,Promising,1,1,4,URGENT: Support Escalation & Retention Credit
52924,85.85,High,2.0,5,Yes (Active Ticket),Others,Debit Card,0.0,6,115.77,Loyal Customers,5,5,1,URGENT: Support Escalation & Retention Credit
53926,85.83,High,0.0,4,No,Laptop & Accessory,UPI,2.0,6,119.72,Loyal Customers,4,5,1,Onboarding Outreach & Personal Discount
53960,85.83,High,0.0,4,Yes (Active Ticket),Mobile Phone,Debit Card,14.0,2,275.87,Need Attention,1,2,5,URGENT: Support Escalation & Retention Credit
52279,85.78,High,10.0,4,Yes (Active Ticket),Laptop & Accessory,UPI,11.0,1,143.37,Hibernating,1,1,2,URGENT: Support Escalation & Retention Credit
51384,85.69,High,3.0,1,Yes (Active Ticket),Laptop & Accessory,UPI,3.0,1,137.29,Potential Loyalist,3,1,2,URGENT: Support Escalation & Retention Credit
53973,85.67,High,3.0,2,Yes (Active Ticket),Others,COD,3.0,3,97.04,Loyal Customers,3,3,1,URGENT: Support Escalation & Retention Credit
54789,85.64,High,7.0,2,Yes (Active Ticket),Laptop & Accessory,Debit Card,4.0,2,178.02,Potential Loyalist,3,2,3,URGENT: Support Escalation & Retention Credit
52178,85.63,High,10.0,2,No,Fashion,Credit Card,1.0,7,110.54,Loyal Customers,5,5,1,Targeted Win-Back Campaign
50074,85.59,High,17.0,3,Yes (Active Ticket),Fashion,Credit Card,1.0,7,75.14,Loyal Customers,5,5,1,URGENT: Support Escalation & Retention Credit
50695,85.47,High,1.0,2,Yes (Active Ticket),Mobile Phone,Credit Card,8.0,4,175.38,At Risk,2,4,3,URGENT: Support Escalation & Retention Credit
50462,85.46,High,10.0,1,Yes (Active Ticket),Fashion,COD,2.0,1,177.09,Potential Loyalist,4,1,3,URGENT: Support Escalation & Retention Credit
51157,85.45,High,2.0,5,Yes (Active Ticket),Others,E wallet,6.0,4,236.08,At Risk,2,4,5,URGENT: Support Escalation & Retention Credit
51918,85.35,High,9.0,2,No,Grocery,Credit Card,12.0,6,88.72,At Risk,1,5,1,Targeted Win-Back Campaign
54971,85.33,High,6.0,4,Yes (Active Ticket),Others,Credit Card,8.0,4,164.0,At Risk,1,4,3,URGENT: Support Escalation & Retention Credit
53537,85.23,High,3.0,1,No,Laptop & Accessory,Debit Card,10.0,2,119.51,Hibernating,1,2,1,Onboarding Outreach & Personal Discount
53371,85.15,High,2.0,3,Yes (Active Ticket),Laptop & Accessory,Debit Card,4.0,3,128.49,Loyal Customers,3,3,1,URGENT: Support Escalation & Retention Credit
50574,85.14,High,10.0,1,Yes (Active Ticket),Laptop & Accessory,E wallet,4.0,1,235.39,Potential Loyalist,3,1,5,URGENT: Support Escalation & Retention Credit
55593,85.14,High,1.0,4,Yes (Active Ticket),Laptop & Accessory,Credit Card,8.0,1,169.49,Promising,1,1,3,URGENT: Support Escalation & Retention Credit
51633,85.09,High,11.0,1,Yes (Active Ticket),Fashion,Credit Card,2.0,4,224.63,Champions,4,4,5,URGENT: Support Escalation & Retention Credit
50874,85.05,High,5.0,2,Yes (Active Ticket),Mobile Phone,Credit Card,8.0,3,165.5,At Risk,2,3,3,URGENT: Support Escalation & Retention Credit
54070,85.05,High,19.0,4,Yes (Active Ticket),Fashion,Debit Card,15.0,3,246.47,At Risk,1,3,5,URGENT: Support Escalation & Retention Credit
54459,85.04,High,5.0,4,Yes (Active Ticket),Mobile Phone,COD,6.0,1,223.24,Promising,2,1,5,URGENT: Support Escalation & Retention Credit
52729,85.0,High,3.0,4,Yes (Active Ticket),Laptop & Accessory,Debit Card,1.0,2,108.6,Potential Loyalist,5,2,1,URGENT: Support Escalation & Retention Credit
55198,84.98,High,1.0,1,Yes (Active Ticket),Laptop & Accessory,Debit Card,1.0,4,242.92,Champions,4,4,5,URGENT: Support Escalation & Retention Credit
51494,84.96,High,1.0,2,Yes (Active Ticket),Laptop & Accessory,Credit Card,1.0,4,179.74,Loyal Customers,5,4,3,URGENT: Support Escalation & Retention Credit
53967,84.95,High,4.0,1,Yes (Active Ticket),Laptop & Accessory,COD,1.0,5,199.35,Champions,4,5,4,URGENT: Support Escalation & Retention Credit
51820,84.81,High,5.0,1,No,Mobile Phone,UPI,3.0,4,112.25,Loyal Customers,3,4,1,Onboarding Outreach & Personal Discount
52259,84.81,High,4.0,1,Yes (Active Ticket),Laptop & Accessory,Credit Card,1.0,5,204.1,Champions,5,5,4,URGENT: Support Escalation & Retention Credit
52617,84.81,High,4.0,5,Yes (Active Ticket),Others,Credit Card,6.0,2,148.31,Hibernating,2,2,2,URGENT: Support Escalation & Retention Credit
55005,84.81,High,20.0,1,Yes (Active Ticket),Laptop & Accessory,UPI,11.0,5,166.6,At Risk,1,5,3,URGENT: Support Escalation & Retention Credit
51602,84.79,High,4.0,3,Yes (Active Ticket),Laptop & Accessory,Credit Card,1.0,4,72.04,Loyal Customers,5,4,1,URGENT: Support Escalation & Retention Credit
55222,84.77,High,6.0,5,Yes (Active Ticket),Laptop & Accessory,Debit Card,7.0,3,114.8,At Risk,2,4,1,URGENT: Support Escalation & Retention Credit
55422,84.76,High,4.0,3,Yes (Active Ticket),Grocery,Credit Card,11.0,3,181.82,At Risk,1,4,3,URGENT: Support Escalation & Retention Credit
50152,84.73,High,3.0,2,Yes (Active Ticket),Fashion,Debit Card,3.0,3,153.29,Loyal Customers,3,3,2,URGENT: Support Escalation & Retention Credit
53842,84.72,High,0.0,1,Yes (Active Ticket),Laptop & Accessory,E wallet,10.0,7,242.19,At Risk,1,5,5,URGENT: Support Escalation & Retention Credit
54348,84.72,High,8.0,1,Yes (Active Ticket),Laptop & Accessory,UPI,2.0,2,126.13,Potential Loyalist,4,2,1,URGENT: Support Escalation & Retention Credit
50198,84.7,High,23.0,4,Yes (Active Ticket),Mobile Phone,UPI,4.0,1,111.1,Potential Loyalist,3,1,1,URGENT: Support Escalation & Retention Credit
54443,84.69,High,3.0,2,Yes (Active Ticket),Mobile Phone,Debit Card,1.0,3,166.93,Loyal Customers,4,3,3,URGENT: Support Escalation & Retention Credit
52172,84.68,High,1.0,5,Yes (Active Ticket),Fashion,Credit Card,4.0,1,119.85,Potential Loyalist,3,1,1,URGENT: Support Escalation & Retention Credit
50441,84.66,High,1.0,1,Yes (Active Ticket),Mobile Phone,UPI,3.0,2,148.6,Potential Loyalist,3,2,2,URGENT: Support Escalation & Retention Credit
50895,84.6,High,11.0,2,Yes (Active Ticket),Laptop & Accessory,Credit Card,10.0,5,56.32,At Risk,1,5,1,URGENT: Support Escalation & Retention Credit
53419,84.6,High,3.0,5,Yes (Active Ticket),Mobile Phone,Debit Card,7.0,3,155.76,At Risk,2,3,2,URGENT: Support Escalation & Retention Credit
54151,84.58,High,1.0,3,No,Grocery,COD,14.0,2,156.92,Hibernating,1,2,2,Onboarding Outreach & Personal Discount
52218,84.57,High,3.0,4,Yes (Active Ticket),Fashion,COD,7.0,1,106.77,Hibernating,2,1,1,URGENT: Support Escalation & Retention Credit
51575,84.54,High,2.0,3,No,Laptop & Accessory,E wallet,16.0,1,175.5,Promising,1,1,3,Onboarding Outreach & Personal Discount
51805,84.54,High,4.0,4,Yes (Active Ticket),Laptop & Accessory,Credit Card,1.0,2,99.15,Potential Loyalist,5,2,1,URGENT: Support Escalation & Retention Credit
51529,84.52,High,16.0,1,Yes (Active Ticket),Grocery,Debit Card,2.0,8,216.97,Champions,4,5,4,URGENT: Support Escalation & Retention Credit
51912,84.5,High,21.0,3,Yes (Active Ticket),Fashion,UPI,8.0,2,105.91,Hibernating,2,2,1,URGENT: Support Escalation & Retention Credit
55502,84.5,High,1.0,1,Yes (Active Ticket),Laptop & Accessory,Debit Card,0.0,3,176.27,Loyal Customers,5,4,3,URGENT: Support Escalation & Retention Credit
53613,84.49,High,5.0,4,Yes (Active Ticket),Fashion,Credit Card,1.0,4,95.03,Loyal Customers,4,4,1,URGENT: Support Escalation & Retention Credit
52191,84.45,High,3.0,4,Yes (Active Ticket),Grocery,UPI,8.0,4,132.37,At Risk,2,4,1,URGENT: Support Escalation & Retention Credit
52480,84.42,High,16.0,1,Yes (Active Ticket),Grocery,E wallet,7.0,5,130.76,At Risk,2,5,1,URGENT: Support Escalation & Retention Credit
51692,84.41,High,7.0,1,No,Laptop & Accessory,E wallet,9.0,3,86.34,At Risk,1,3,1,Targeted Win-Back Campaign
54393,84.41,High,10.0,4,Yes (Active Ticket),Mobile Phone,Credit Card,6.0,2,177.19,Need Attention,2,2,3,URGENT: Support Escalation & Retention Credit
54010,84.39,High,1.0,5,Yes (Active Ticket),Laptop & Accessory,Credit Card,4.0,2,171.09,Potential Loyalist,3,2,3,URGENT: Support Escalation & Retention Credit
52197,84.34,High,6.0,3,Yes (Active Ticket),Laptop & Accessory,Debit Card,6.0,3,157.7,At Risk,2,3,2,URGENT: Support Escalation & Retention Credit
51655,84.32,High,1.0,3,No,Grocery,Credit Card,12.0,1,139.14,Hibernating,1,1,2,Onboarding Outreach & Personal Discount
51662,84.26,High,7.0,5,No,Mobile Phone,Debit Card,15.0,1,125.95,Hibernating,1,1,1,Targeted Win-Back Campaign
53712,84.23,High,13.0,3,No,Fashion,Credit Card,18.0,1,63.02,Hibernating,1,1,1,Targeted Win-Back Campaign
50613,84.21,High,10.0,3,Yes (Active Ticket),Grocery,COD,5.0,3,222.19,At Risk,2,3,5,URGENT: Support Escalation & Retention Credit
51155,84.18,High,10.0,3,No,Laptop & Accessory,Debit Card,17.0,5,160.72,At Risk,1,5,2,Targeted Win-Back Campaign
53254,84.16,High,1.0,5,Yes (Active Ticket),Laptop & Accessory,Credit Card,3.0,8,213.99,Loyal Customers,3,5,4,URGENT: Support Escalation & Retention Credit
50201,84.11,High,10.0,3,No,Mobile Phone,Debit Card,4.0,3,55.67,Loyal Customers,3,3,1,Targeted Win-Back Campaign
50090,84.1,High,6.0,2,Yes (Active Ticket),Fashion,Debit Card,1.0,2,188.71,Potential Loyalist,5,1,4,URGENT: Support Escalation & Retention Credit
54016,84.07,High,3.0,5,Yes (Active Ticket),Fashion,Debit Card,4.0,2,179.55,Potential Loyalist,3,2,3,URGENT: Support Escalation & Retention Credit
54221,84.06,High,4.0,1,Yes (Active Ticket),Mobile Phone,Debit Card,1.0,6,171.12,Loyal Customers,4,5,3,URGENT: Support Escalation & Retention Credit
55029,84.06,High,13.0,1,No,Mobile Phone,E wallet,18.0,1,207.05,Promising,1,1,4,Targeted Win-Back Campaign
51279,84.04,High,2.0,4,Yes (Active Ticket),Laptop & Accessory,Credit Card,2.0,3,226.67,Loyal Customers,4,3,5,URGENT: Support Escalation & Retention Credit
50690,83.98,High,2.0,1,Yes (Active Ticket),Grocery,COD,1.0,1,156.36,Potential Loyalist,5,1,2,URGENT: Support Escalation & Retention Credit
52170,83.9,High,4.0,2,Yes (Active Ticket),Mobile Phone,Credit Card,3.0,2,192.89,Potential Loyalist,3,2,4,URGENT: Support Escalation & Retention Credit
53841,83.9,High,8.0,3,No,Grocery,Credit Card,4.0,4,55.06,Loyal Customers,3,4,1,Targeted Win-Back Campaign
54414,83.87,High,10.0,1,No,Mobile Phone,Credit Card,12.0,4,174.31,At Risk,1,4,3,Targeted Win-Back Campaign
50570,83.85,High,4.0,4,Yes (Active Ticket),Fashion,COD,8.0,3,173.2,At Risk,2,3,3,URGENT: Support Escalation & Retention Credit
51230,83.77,High,5.0,2,Yes (Active Ticket),Others,Credit Card,5.0,4,144.83,At Risk,2,4,2,URGENT: Support Escalation & Retention Credit
52905,83.75,High,7.0,3,Yes (Active Ticket),Fashion,Debit Card,6.0,2,148.92,Hibernating,2,2,2,URGENT: Support Escalation & Retention Credit
54214,83.74,High,3.0,3,Yes (Active Ticket),Mobile Phone,UPI,6.0,1,97.48,Hibernating,2,1,1,URGENT: Support Escalation & Retention Credit
50605,83.55,High,1.0,3,Yes (Active Ticket),Mobile Phone,E wallet,6.0,4,222.94,At Risk,2,4,5,URGENT: Support Escalation & Retention Credit
50315,83.54,High,18.0,4,Yes (Active Ticket),Laptop & Accessory,E wallet,10.0,3,206.61,At Risk,1,3,4,URGENT: Support Escalation & Retention Credit
51328,83.52,High,16.0,2,Yes (Active Ticket),Mobile Phone,Credit Card,1.0,4,128.9,Loyal Customers,5,4,1,URGENT: Support Escalation & Retention Credit
50602,83.34,High,3.0,4,No,Laptop & Accessory,Debit Card,8.0,2,156.58,Hibernating,2,2,2,Onboarding Outreach & Personal Discount
53247,83.27,High,7.0,3,Yes (Active Ticket),Mobile Phone,Credit Card,6.0,4,184.55,At Risk,2,4,3,URGENT: Support Escalation & Retention Credit
51160,83.24,High,0.0,2,Yes (Active Ticket),Laptop & Accessory,Debit Card,2.0,2,151.65,Potential Loyalist,4,2,2,URGENT: Support Escalation & Retention Credit
55161,83.22,High,10.0,2,No,Laptop & Accessory,Credit Card,9.0,3,176.28,At Risk,1,4,3,Targeted Win-Back Campaign
53980,83.17,High,6.0,5,Yes (Active Ticket),Mobile Phone,Credit Card,8.0,1,227.68,Promising,1,1,5,URGENT: Support Escalation & Retention Credit
51022,83.16,High,4.0,4,No,Laptop & Accessory,Debit Card,9.0,4,57.17,At Risk,1,4,1,Onboarding Outreach & Personal Discount
50568,83.14,High,6.0,4,No,Fashion,Debit Card,4.0,3,58.46,Loyal Customers,3,3,1,Onboarding Outreach & Personal Discount
55081,83.12,High,1.0,3,Yes (Active Ticket),Mobile Phone,Credit Card,9.0,2,197.43,Need Attention,1,2,4,URGENT: Support Escalation & Retention Credit
52304,82.98,High,3.0,1,No,Fashion,Credit Card,11.0,4,177.8,At Risk,1,4,3,Onboarding Outreach & Personal Discount
55259,82.95,High,5.0,5,Yes (Active Ticket),Mobile Phone,Credit Card,1.0,2,297.43,Potential Loyalist,4,2,5,URGENT: Support Escalation & Retention Credit
55258,82.91,High,8.0,2,No,Mobile Phone,Credit Card,9.0,1,148.65,Hibernating,1,1,2,Targeted Win-Back Campaign
50374,82.9,High,11.0,4,Yes (Active Ticket),Laptop & Accessory,Debit Card,7.0,1,162.39,Hibernating,2,1,2,URGENT: Support Escalation & Retention Credit
50317,82.87,High,5.0,2,No,Laptop & Accessory,Debit Card,16.0,4,200.28,At Risk,1,4,4,Onboarding Outreach & Personal Discount
51593,82.85,High,1.0,2,No,Laptop & Accessory,Debit Card,5.0,3,144.41,At Risk,2,3,2,Onboarding Outreach & Personal Discount
55090,82.74,High,1.0,2,No,Fashion,UPI,4.0,1,146.32,Potential Loyalist,3,1,2,Onboarding Outreach & Personal Discount
52906,82.73,High,1.0,5,Yes (Active Ticket),Mobile Phone,Credit Card,4.0,3,194.24,Loyal Customers,3,3,4,URGENT: Support Escalation & Retention Credit
53675,82.7,High,9.0,2,Yes (Active Ticket),Laptop & Accessory,Debit Card,3.0,4,128.59,Loyal Customers,3,4,1,URGENT: Support Escalation & Retention Credit
53724,82.68,High,2.0,1,No,Others,Debit Card,12.0,6,148.13,At Risk,1,5,2,Onboarding Outreach & Personal Discount
50986,82.65,High,7.0,3,No,Others,E wallet,8.0,2,95.19,Hibernating,2,2,1,Targeted Win-Back Campaign
55463,82.62,High,1.0,3,Yes (Active Ticket),Mobile Phone,Credit Card,7.0,2,246.84,At Risk,2,3,5,URGENT: Support Escalation & Retention Credit
55273,82.6,High,4.0,3,Yes (Active Ticket),Mobile Phone,COD,1.0,3,239.91,Champions,4,4,5,URGENT: Support Escalation & Retention Credit
53770,82.51,High,1.0,2,Yes (Active Ticket),Laptop & Accessory,Debit Card,1.0,3,172.77,Loyal Customers,4,3,3,URGENT: Support Escalation & Retention Credit
54572,82.42,High,11.0,2,Yes (Active Ticket),Others,Debit Card,6.0,6,207.73,At Risk,2,5,4,URGENT: Support Escalation & Retention Credit
53021,82.36,High,3.0,2,No,Laptop & Accessory,Debit Card,8.0,2,168.85,Need Attention,1,2,3,Onboarding Outreach & Personal Discount
50542,82.29,High,9.0,4,Yes (Active Ticket),Mobile Phone,COD,4.0,2,182.9,Potential Loyalist,3,2,3,URGENT: Support Escalation & Retention Credit
55515,82.25,High,1.0,3,Yes (Active Ticket),Mobile Phone,Credit Card,3.0,2,235.83,Loyal Customers,3,3,5,URGENT: Support Escalation & Retention Credit
53358,82.23,High,5.0,4,No,Grocery,Credit Card,14.0,5,189.47,At Risk,1,5,4,Onboarding Outreach & Personal Discount
52898,82.22,High,3.0,4,Yes (Active Ticket),Mobile Phone,Debit Card,8.0,5,126.67,At Risk,2,5,1,URGENT: Support Escalation & Retention Credit
50591,82.2,High,1.0,1,No,Mobile Phone,UPI,12.0,1,167.95,Promising,1,1,3,Onboarding Outreach & Personal Discount
51700,82.2,High,8.0,5,Yes (Active Ticket),Mobile Phone,Credit Card,2.0,3,129.63,Loyal Customers,4,3,1,URGENT: Support Escalation & Retention Credit
53857,82.19,High,4.0,3,Yes (Active Ticket),Grocery,Debit Card,0.0,1,134.24,Potential Loyalist,5,1,1,URGENT: Support Escalation & Retention Credit
53848,82.15,High,8.0,3,Yes (Active Ticket),Fashion,Credit Card,3.0,4,241.66,Loyal Customers,3,4,5,URGENT: Support Escalation & Retention Credit
52534,82.14,High,0.0,4,Yes (Active Ticket),Laptop & Accessory,Debit Card,7.0,1,159.49,Hibernating,2,1,2,URGENT: Support Escalation & Retention Credit
50078,82.13,High,1.0,4,Yes (Active Ticket),Fashion,Credit Card,5.0,5,217.59,Loyal Customers,3,5,5,URGENT: Support Escalation & Retention Credit
54587,82.12,High,5.0,3,Yes (Active Ticket),Fashion,Debit Card,0.0,3,134.02,Loyal Customers,5,3,1,URGENT: Support Escalation & Retention Credit
53232,82.11,High,9.0,4,Yes (Active Ticket),Laptop & Accessory,Credit Card,4.0,3,224.28,Loyal Customers,3,3,5,URGENT: Support Escalation & Retention Credit
50079,82.1,High,4.0,4,Yes (Active Ticket),Laptop & Accessory,Credit Card,4.0,1,165.86,Potential Loyalist,3,1,3,URGENT: Support Escalation & Retention Credit
52581,82.0,High,1.0,3,No,Grocery,E wallet,3.0,5,42.87,Loyal Customers,3,5,1,Onboarding Outreach & Personal Discount
52608,81.98,High,3.0,3,Yes (Active Ticket),Laptop & Accessory,Debit Card,4.0,1,150.25,Potential Loyalist,3,1,2,URGENT: Support Escalation & Retention Credit
51537,81.97,High,2.0,3,Yes (Active Ticket),Laptop & Accessory,E wallet,3.0,2,172.81,Potential Loyalist,3,2,3,URGENT: Support Escalation & Retention Credit
52319,81.95,High,5.0,1,Yes (Active Ticket),Laptop & Accessory,Debit Card,2.0,1,187.9,Potential Loyalist,4,1,3,URGENT: Support Escalation & Retention Credit
50557,81.94,High,1.0,2,No,Fashion,E wallet,3.0,6,92.57,Loyal Customers,3,5,1,Onboarding Outreach & Personal Discount
54233,81.94,High,4.0,1,Yes (Active Ticket),Grocery,Credit Card,2.0,6,184.1,Loyal Customers,4,5,3,URGENT: Support Escalation & Retention Credit
53144,81.92,High,8.0,4,Yes (Active Ticket),Others,Credit Card,5.0,2,198.66,Need Attention,2,2,4,URGENT: Support Escalation & Retention Credit
52181,81.84,High,4.0,1,Yes (Active Ticket),Laptop & Accessory,Credit Card,6.0,1,201.09,Promising,2,1,4,URGENT: Support Escalation & Retention Credit
50157,81.74,High,11.0,1,No,Grocery,Credit Card,1.0,3,123.72,Loyal Customers,5,3,1,Targeted Win-Back Campaign
51234,81.69,High,0.0,4,Yes (Active Ticket),Laptop & Accessory,Debit Card,2.0,4,90.61,Loyal Customers,4,4,1,URGENT: Support Escalation & Retention Credit
50769,81.67,High,4.0,2,No,Fashion,E wallet,15.0,3,194.34,At Risk,1,3,4,Onboarding Outreach & Personal Discount
52973,81.66,High,15.0,3,Yes (Active Ticket),Laptop & Accessory,Credit Card,0.0,3,130.23,Loyal Customers,5,3,1,URGENT: Support Escalation & Retention Credit
53349,81.65,High,4.0,4,No,Laptop & Accessory,Credit Card,12.0,2,113.96,Hibernating,1,2,1,Onboarding Outreach & Personal Discount
51194,81.61,High,10.0,1,No,Mobile Phone,Debit Card,5.0,8,301.06,At Risk,2,5,5,Targeted Win-Back Campaign
50029,81.54,High,9.0,2,Yes (Active Ticket),Fashion,Credit Card,2.0,2,179.38,Potential Loyalist,4,1,3,URGENT: Support Escalation & Retention Credit
50372,81.47,High,0.0,3,No,Laptop & Accessory,Debit Card,8.0,1,133.22,Hibernating,2,1,1,Onboarding Outreach & Personal Discount
54242,81.45,High,5.0,3,Yes (Active Ticket),Mobile Phone,COD,1.0,3,205.31,Loyal Customers,4,3,4,URGENT: Support Escalation & Retention Credit
55142,81.39,High,1.0,3,Yes (Active Ticket),Laptop & Accessory,Credit Card,5.0,4,143.4,At Risk,2,4,2,URGENT: Support Escalation & Retention Credit
50280,81.35,High,16.0,4,Yes (Active Ticket),Grocery,Credit Card,7.0,4,189.78,At Risk,2,4,4,URGENT: Support Escalation & Retention Credit
52883,81.28,High,2.0,4,Yes (Active Ticket),Laptop & Accessory,Debit Card,2.0,3,225.1,Loyal Customers,4,3,5,URGENT: Support Escalation & Retention Credit
51339,81.15,High,1.0,5,Yes (Active Ticket),Fashion,Credit Card,5.0,6,189.62,At Risk,2,5,4,URGENT: Support Escalation & Retention Credit
55511,81.15,High,1.0,4,Yes (Active Ticket),Others,Debit Card,1.0,4,151.32,Loyal Customers,4,4,2,URGENT: Support Escalation & Retention Credit
51475,81.14,High,4.0,3,Yes (Active Ticket),Fashion,Credit Card,11.0,3,162.67,At Risk,1,3,2,URGENT: Support Escalation & Retention Credit
54043,81.1,High,6.0,3,Yes (Active Ticket),Mobile Phone,E wallet,5.0,3,175.34,At Risk,2,3,3,URGENT: Support Escalation & Retention Credit
54984,81.1,High,18.0,3,Yes (Active Ticket),Mobile Phone,Credit Card,6.0,2,193.22,Need Attention,2,2,4,URGENT: Support Escalation & Retention Credit
51921,81.06,High,12.0,4,Yes (Active Ticket),Laptop & Accessory,E wallet,6.0,3,261.97,At Risk,2,3,5,URGENT: Support Escalation & Retention Credit
50351,81.03,High,7.0,4,No,Others,Credit Card,14.0,3,156.7,At Risk,1,3,2,Targeted Win-Back Campaign
50328,80.95,High,9.0,5,Yes (Active Ticket),Mobile Phone,COD,1.0,2,209.78,Potential Loyalist,5,2,4,URGENT: Support Escalation & Retention Credit
51375,80.89,High,3.0,2,Yes (Active Ticket),Laptop & Accessory,Credit Card,6.0,1,211.29,Promising,2,1,4,URGENT: Support Escalation & Retention Credit
50815,80.88,High,20.0,1,Yes (Active Ticket),Laptop & Accessory,UPI,0.0,6,125.09,Loyal Customers,5,5,1,URGENT: Support Escalation & Retention Credit
53005,80.88,High,8.0,2,Yes (Active Ticket),Laptop & Accessory,COD,1.0,3,214.73,Loyal Customers,5,3,4,URGENT: Support Escalation & Retention Credit
54275,80.88,High,9.0,5,Yes (Active Ticket),Laptop & Accessory,Debit Card,3.0,5,204.86,Loyal Customers,3,5,4,URGENT: Support Escalation & Retention Credit
53845,80.87,High,2.0,4,No,Laptop & Accessory,Debit Card,9.0,2,185.25,Need Attention,1,2,3,Onboarding Outreach & Personal Discount
54460,80.85,High,8.0,5,Yes (Active Ticket),Mobile Phone,Credit Card,3.0,2,192.17,Potential Loyalist,3,2,4,URGENT: Support Escalation & Retention Credit
52956,80.81,High,12.0,2,Yes (Active Ticket),Laptop & Accessory,E wallet,8.0,4,247.43,At Risk,2,4,5,URGENT: Support Escalation & Retention Credit
53134,80.79,High,8.0,4,No,Mobile Phone,E wallet,15.0,3,199.29,At Risk,1,3,4,Targeted Win-Back Campaign
53456,80.79,High,2.0,3,Yes (Active Ticket),Mobile Phone,Debit Card,4.0,1,143.99,Potential Loyalist,3,1,2,URGENT: Support Escalation & Retention Credit
53871,80.68,High,5.0,2,Yes (Active Ticket),Grocery,E wallet,7.0,4,190.58,At Risk,2,4,4,URGENT: Support Escalation & Retention Credit
53963,80.63,High,0.0,4,No,Laptop & Accessory,Credit Card,6.0,6,178.24,At Risk,2,5,3,Onboarding Outreach & Personal Discount
55123,80.59,High,1.0,3,Yes (Active Ticket),Laptop & Accessory,COD,0.0,1,210.15,Potential Loyalist,5,1,4,URGENT: Support Escalation & Retention Credit
51948,80.54,High,2.0,3,Yes (Active Ticket),Laptop & Accessory,UPI,5.0,3,160.93,At Risk,2,3,2,URGENT: Support Escalation & Retention Credit
53137,80.45,High,14.0,3,Yes (Active Ticket),Grocery,Credit Card,4.0,6,182.68,Loyal Customers,3,5,3,URGENT: Support Escalation & Retention Credit
53987,80.3,High,1.0,3,No,Grocery,Debit Card,1.0,4,151.18,Loyal Customers,4,4,2,Onboarding Outreach & Personal Discount
52417,80.27,High,5.0,2,Yes (Active Ticket),Mobile Phone,Debit Card,1.0,5,108.21,Loyal Customers,5,5,1,URGENT: Support Escalation & Retention Credit
54187,80.27,High,1.0,4,Yes (Active Ticket),Laptop & Accessory,Credit Card,0.0,3,238.52,Loyal Customers,5,3,5,URGENT: Support Escalation & Retention Credit
54897,80.24,High,2.0,2,No,Mobile Phone,E wallet,10.0,2,173.11,Need Attention,1,2,3,Onboarding Outreach & Personal Discount
50624,80.22,High,7.0,2,Yes (Active Ticket),Mobile Phone,E wallet,3.0,2,202.75,Potential Loyalist,3,2,4,URGENT: Support Escalation & Retention Credit
53241,80.22,High,5.0,4,No,Others,E wallet,6.0,3,82.36,At Risk,2,3,1,Onboarding Outreach & Personal Discount
54039,80.21,High,11.0,4,No,Mobile Phone,Credit Card,13.0,4,143.63,At Risk,1,4,2,Targeted Win-Back Campaign
51966,80.18,High,9.0,1,No,Laptop & Accessory,Credit Card,10.0,2,136.15,Hibernating,1,2,2,Targeted Win-Back Campaign
51240,80.11,High,2.0,4,No,Laptop & Accessory,Debit Card,10.0,3,146.66,At Risk,1,3,2,Onboarding Outreach & Personal Discount
53314,80.1,High,0.0,2,Yes (Active Ticket),Mobile Phone,Credit Card,0.0,6,224.97,Champions,5,5,5,URGENT: Support Escalation & Retention Credit
53588,80.09,High,14.0,3,Yes (Active Ticket),Grocery,Debit Card,5.0,1,85.57,Hibernating,2,1,1,URGENT: Support Escalation & Retention Credit
52025,80.03,High,5.0,2,Yes (Active Ticket),Grocery,E wallet,2.0,3,193.21,Loyal Customers,4,3,4,URGENT: Support Escalation & Retention Credit
55065,79.91,Medium,13.0,2,Yes (Active Ticket),Mobile Phone,Debit Card,2.0,3,150.37,Loyal Customers,4,4,2,Engagement Email & Product Recommendation
52199,79.87,Medium,8.0,3,No,Grocery,Debit Card,7.0,2,254.29,Need Attention,2,2,5,Engagement Email & Product Recommendation
54508,79.8,Medium,0.0,1,No,Laptop & Accessory,Debit Card,7.0,2,223.93,Need Attention,2,2,5,Engagement Email & Product Recommendation
54069,79.77,Medium,11.0,5,No,Fashion,Debit Card,3.0,1,71.82,Potential Loyalist,3,1,1,Engagement Email & Product Recommendation
50922,79.76,Medium,7.0,2,No,Mobile Phone,Credit Card,8.0,3,145.69,At Risk,2,3,2,Engagement Email & Product Recommendation
52873,79.75,Medium,22.0,5,Yes (Active Ticket),Laptop & Accessory,Debit Card,13.0,3,170.94,At Risk,1,3,3,Engagement Email & Product Recommendation
52693,79.61,Medium,0.0,4,No,Laptop & Accessory,Debit Card,2.0,2,70.94,Potential Loyalist,4,2,1,Engagement Email & Product Recommendation
52325,79.59,Medium,17.0,4,Yes (Active Ticket),Laptop & Accessory,COD,2.0,3,146.77,Loyal Customers,4,3,2,Engagement Email & Product Recommendation
52548,79.58,Medium,5.0,4,Yes (Active Ticket),Fashion,Credit Card,3.0,3,222.26,Loyal Customers,3,3,5,Engagement Email & Product Recommendation
54670,79.57,Medium,12.0,3,Yes (Active Ticket),Laptop & Accessory,Credit Card,0.0,3,214.59,Loyal Customers,5,3,4,Engagement Email & Product Recommendation
53175,79.55,Medium,1.0,5,No,Grocery,Debit Card,8.0,2,174.24,Need Attention,1,2,3,Engagement Email & Product Recommendation
51046,79.53,Medium,10.0,3,Yes (Active Ticket),Laptop & Accessory,Credit Card,6.0,1,163.25,Hibernating,2,1,2,Engagement Email & Product Recommendation
53272,79.51,Medium,0.0,3,No,Fashion,Credit Card,8.0,3,178.95,At Risk,1,3,3,Engagement Email & Product Recommendation
54249,79.42,Medium,9.0,5,Yes (Active Ticket),Fashion,Credit Card,3.0,2,147.75,Potential Loyalist,3,2,2,Engagement Email & Product Recommendation
54771,79.42,Medium,0.0,4,Yes (Active Ticket),Grocery,Debit Card,2.0,1,260.19,Potential Loyalist,4,1,5,Engagement Email & Product Recommendation
53304,79.4,Medium,4.0,1,No,Laptop & Accessory,Credit Card,5.0,4,250.6,At Risk,2,4,5,Engagement Email & Product Recommendation
53122,79.36,Medium,3.0,1,Yes (Active Ticket),Fashion,UPI,5.0,5,232.57,At Risk,2,5,5,Engagement Email & Product Recommendation
52014,79.35,Medium,1.0,3,Yes (Active Ticket),Laptop & Accessory,Debit Card,4.0,2,163.54,Potential Loyalist,3,2,2,Engagement Email & Product Recommendation
50755,79.33,Medium,1.0,5,No,Others,Credit Card,1.0,5,109.63,Loyal Customers,5,5,1,Engagement Email & Product Recommendation
55280,79.23,Medium,4.0,3,Yes (Active Ticket),Fashion,Credit Card,5.0,4,176.28,At Risk,2,4,3,Engagement Email & Product Recommendation
54598,79.21,Medium,3.0,5,Yes (Active Ticket),Laptop & Accessory,Credit Card,7.0,5,174.37,At Risk,2,5,3,Engagement Email & Product Recommendation
53685,79.18,Medium,11.0,4,Yes (Active Ticket),Mobile Phone,Credit Card,6.0,4,165.73,At Risk,2,4,3,Engagement Email & Product Recommendation
50789,79.15,Medium,6.0,1,No,Others,E wallet,6.0,2,155.24,Hibernating,2,2,2,Engagement Email & Product Recommendation
50320,79.1,Medium,3.0,3,No,Laptop & Accessory,Debit Card,6.0,3,245.12,At Risk,2,3,5,Engagement Email & Product Recommendation
53539,79.09,Medium,11.0,2,Yes (Active Ticket),Others,Credit Card,2.0,2,237.04,Potential Loyalist,4,2,5,Engagement Email & Product Recommendation
52328,79.01,Medium,0.0,4,No,Laptop & Accessory,E wallet,7.0,3,240.05,At Risk,2,3,5,Engagement Email & Product Recommendation
50048,78.98,Medium,7.0,3,Yes (Active Ticket),Laptop & Accessory,Debit Card,2.0,2,131.84,Potential Loyalist,4,1,1,Engagement Email & Product Recommendation
50094,78.95,Medium,8.0,1,No,Laptop & Accessory,Debit Card,17.0,6,220.95,At Risk,1,5,5,Engagement Email & Product Recommendation
50450,78.95,Medium,1.0,3,Yes (Active Ticket),Mobile Phone,Credit Card,1.0,3,246.62,Loyal Customers,5,3,5,Engagement Email & Product Recommendation
51221,78.94,Medium,30.0,3,No,Grocery,Credit Card,6.0,1,106.16,Hibernating,2,1,1,Engagement Email & Product Recommendation
53217,78.92,Medium,2.0,5,Yes (Active Ticket),Mobile Phone,Debit Card,4.0,1,233.73,Potential Loyalist,3,1,5,Engagement Email & Product Recommendation
53644,78.92,Medium,6.0,3,Yes (Active Ticket),Mobile Phone,UPI,0.0,3,191.84,Loyal Customers,5,3,4,Engagement Email & Product Recommendation
51258,78.9,Medium,7.0,2,No,Laptop & Accessory,Credit Card,3.0,1,62.22,Potential Loyalist,3,1,1,Engagement Email & Product Recommendation
51652,78.87,Medium,4.0,1,No,Others,Credit Card,1.0,2,160.53,Potential Loyalist,5,2,2,Engagement Email & Product Recommendation
54074,78.86,Medium,9.0,1,No,Mobile Phone,Debit Card,10.0,3,178.28,At Risk,1,3,3,Engagement Email & Product Recommendation
54571,78.84,Medium,7.0,4,Yes (Active Ticket),Laptop & Accessory,Debit Card,6.0,6,227.85,At Risk,2,5,5,Engagement Email & Product Recommendation
53700,78.8,Medium,3.0,4,Yes (Active Ticket),Grocery,Credit Card,4.0,3,192.78,Loyal Customers,3,3,4,Engagement Email & Product Recommendation
50560,78.76,Medium,10.0,4,Yes (Active Ticket),Others,Credit Card,4.0,1,214.18,Potential Loyalist,3,1,4,Engagement Email & Product Recommendation
52447,78.72,Medium,3.0,3,Yes (Active Ticket),Laptop & Accessory,Credit Card,5.0,2,261.25,Need Attention,2,2,5,Engagement Email & Product Recommendation
54449,78.7,Medium,4.0,2,Yes (Active Ticket),Mobile Phone,Credit Card,1.0,3,152.51,Loyal Customers,4,3,2,Engagement Email & Product Recommendation
51940,78.68,Medium,1.0,1,No,Mobile Phone,E wallet,1.0,5,273.99,Champions,5,5,5,Engagement Email & Product Recommendation
54480,78.64,Medium,9.0,1,No,Fashion,Credit Card,5.0,2,110.15,Hibernating,2,2,1,Engagement Email & Product Recommendation
52600,78.47,Medium,1.0,4,No,Fashion,UPI,4.0,8,266.45,Loyal Customers,3,5,5,Engagement Email & Product Recommendation
55494,78.46,Medium,3.0,1,No,Laptop & Accessory,Credit Card,2.0,3,134.3,Loyal Customers,4,4,1,Engagement Email & Product Recommendation
50908,78.31,Medium,4.0,3,No,Laptop & Accessory,Debit Card,4.0,1,117.62,Potential Loyalist,3,1,1,Engagement Email & Product Recommendation
53687,78.31,Medium,26.0,5,Yes (Active Ticket),Fashion,E wallet,4.0,1,141.27,Potential Loyalist,3,1,2,Engagement Email & Product Recommendation
50332,78.29,Medium,14.0,2,No,Mobile Phone,Debit Card,8.0,1,287.31,Promising,2,1,5,Engagement Email & Product Recommendation
50211,78.27,Medium,8.0,3,No,Laptop & Accessory,E wallet,8.0,1,126.4,Hibernating,2,1,1,Engagement Email & Product Recommendation
55365,78.2,Medium,7.0,5,No,Mobile Phone,Debit Card,17.0,5,152.58,At Risk,1,5,2,Engagement Email & Product Recommendation
52859,78.19,Medium,0.0,5,Yes (Active Ticket),Laptop & Accessory,Credit Card,0.0,3,182.18,Loyal Customers,5,3,3,Engagement Email & Product Recommendation
52128,78.13,Medium,2.0,3,Yes (Active Ticket),Fashion,COD,4.0,4,142.76,Loyal Customers,3,4,2,Engagement Email & Product Recommendation
52109,77.93,Medium,3.0,3,No,Others,Debit Card,10.0,1,212.34,Promising,1,1,4,Engagement Email & Product Recommendation
50040,77.9,Medium,6.0,4,Yes (Active Ticket),Grocery,Debit Card,8.0,2,247.43,Promising,2,1,5,Engagement Email & Product Recommendation
52299,77.9,Medium,1.0,3,Yes (Active Ticket),Laptop & Accessory,Credit Card,1.0,2,136.04,Potential Loyalist,5,2,2,Engagement Email & Product Recommendation
52849,77.89,Medium,8.0,2,Yes (Active Ticket),Mobile Phone,Debit Card,0.0,4,299.49,Champions,5,4,5,Engagement Email & Product Recommendation
54280,77.89,Medium,5.0,4,Yes (Active Ticket),Fashion,Credit Card,0.0,2,170.79,Potential Loyalist,5,2,3,Engagement Email & Product Recommendation
51988,77.83,Medium,7.0,2,No,Mobile Phone,Credit Card,7.0,2,171.87,Need Attention,2,2,3,Engagement Email & Product Recommendation
55554,77.82,Medium,9.0,4,No,Mobile Phone,Debit Card,2.0,1,35.54,Potential Loyalist,4,1,1,Engagement Email & Product Recommendation
53150,77.79,Medium,6.0,2,No,Fashion,Credit Card,9.0,3,112.74,At Risk,1,3,1,Engagement Email & Product Recommendation
50230,77.78,Medium,10.0,4,Yes (Active Ticket),Fashion,Debit Card,5.0,1,165.76,Potential Loyalist,3,1,3,Engagement Email & Product Recommendation
54973,77.62,Medium,7.0,4,Yes (Active Ticket),Fashion,Debit Card,3.0,4,238.4,Loyal Customers,3,4,5,Engagement Email & Product Recommendation
54668,77.58,Medium,18.0,5,No,Laptop & Accessory,Debit Card,11.0,5,133.45,At Risk,1,5,1,Engagement Email & Product Recommendation
51789,77.52,Medium,1.0,1,No,Laptop & Accessory,Debit Card,3.0,6,162.16,Loyal Customers,3,5,2,Engagement Email & Product Recommendation
52674,77.48,Medium,2.0,5,No,Fashion,Credit Card,8.0,2,187.82,Need Attention,2,2,3,Engagement Email & Product Recommendation
53635,77.38,Medium,1.0,4,No,Mobile Phone,E wallet,6.0,3,63.94,At Risk,2,3,1,Engagement Email & Product Recommendation
50603,77.29,Medium,2.0,3,No,Laptop & Accessory,Credit Card,6.0,4,239.83,At Risk,2,4,5,Engagement Email & Product Recommendation
50871,77.22,Medium,5.0,3,Yes (Active Ticket),Laptop & Accessory,Debit Card,8.0,4,238.9,At Risk,2,4,5,Engagement Email & Product Recommendation
51368,77.21,Medium,24.0,3,No,Laptop & Accessory,Credit Card,6.0,4,148.07,At Risk,2,4,2,Engagement Email & Product Recommendation
54974,76.98,Medium,12.0,2,No,Grocery,Debit Card,6.0,2,190.41,Need Attention,2,2,4,Engagement Email & Product Recommendation
52335,76.9,Medium,1.0,5,No,Laptop & Accessory,Debit Card,1.0,8,135.14,Loyal Customers,5,5,1,Engagement Email & Product Recommendation
50460,76.78,Medium,1.0,3,No,Laptop & Accessory,UPI,4.0,2,144.76,Potential Loyalist,3,2,2,Engagement Email & Product Recommendation
55229,76.75,Medium,2.0,2,No,Laptop & Accessory,Credit Card,2.0,4,166.56,Loyal Customers,4,4,3,Engagement Email & Product Recommendation
50471,76.66,Medium,0.0,1,No,Mobile Phone,E wallet,2.0,6,144.17,Loyal Customers,4,5,2,Engagement Email & Product Recommendation
51212,76.66,Medium,6.0,3,Yes (Active Ticket),Laptop & Accessory,UPI,5.0,4,214.51,At Risk,2,4,4,Engagement Email & Product Recommendation
54567,76.62,Medium,3.0,3,No,Mobile Phone,Credit Card,8.0,3,153.02,At Risk,1,3,2,Engagement Email & Product Recommendation
53240,76.53,Medium,8.0,1,No,Laptop & Accessory,Credit Card,7.0,2,214.19,Need Attention,2,2,4,Engagement Email & Product Recommendation
52085,76.43,Medium,8.0,5,Yes (Active Ticket),Laptop & Accessory,Debit Card,9.0,3,203.09,At Risk,1,3,4,Engagement Email & Product Recommendation
50214,76.34,Medium,3.0,2,No,Others,E wallet,4.0,6,141.78,Loyal Customers,3,5,2,Engagement Email & Product Recommendation
51043,76.33,Medium,4.0,2,No,Fashion,Credit Card,9.0,4,151.56,At Risk,1,4,2,Engagement Email & Product Recommendation
52082,76.29,Medium,1.0,3,No,Mobile Phone,Credit Card,11.0,5,190.05,At Risk,1,5,4,Engagement Email & Product Recommendation
53999,76.27,Medium,8.0,3,Yes (Active Ticket),Grocery,Credit Card,15.0,2,166.21,Need Attention,1,2,3,Engagement Email & Product Recommendation
53422,76.25,Medium,10.0,5,Yes (Active Ticket),Laptop & Accessory,Debit Card,1.0,2,168.54,Potential Loyalist,4,2,3,Engagement Email & Product Recommendation
52113,76.24,Medium,2.0,3,Yes (Active Ticket),Fashion,E wallet,15.0,4,127.69,At Risk,1,4,1,Engagement Email & Product Recommendation
51645,76.19,Medium,1.0,5,No,Grocery,E wallet,5.0,5,188.66,At Risk,2,5,4,Engagement Email & Product Recommendation
55007,76.15,Medium,15.0,3,No,Laptop & Accessory,Debit Card,11.0,3,156.82,At Risk,1,4,2,Engagement Email & Product Recommendation
53621,76.14,Medium,11.0,3,Yes (Active Ticket),Mobile Phone,Credit Card,0.0,2,214.18,Potential Loyalist,5,2,4,Engagement Email & Product Recommendation
53844,76.14,Medium,5.0,1,Yes (Active Ticket),Laptop & Accessory,Credit Card,3.0,3,210.43,Loyal Customers,3,3,4,Engagement Email & Product Recommendation
54145,76.12,Medium,25.0,3,Yes (Active Ticket),Mobile Phone,E wallet,2.0,6,204.45,Champions,4,5,4,Engagement Email & Product Recommendation
50643,76.09,Medium,2.0,3,No,Fashion,Debit Card,1.0,6,123.26,Loyal Customers,5,5,1,Engagement Email & Product Recommendation
54814,76.09,Medium,7.0,3,No,Grocery,Credit Card,2.0,4,325.0,Champions,4,4,5,Engagement Email & Product Recommendation
51327,76.08,Medium,2.0,1,No,Mobile Phone,Debit Card,7.0,2,164.94,Need Attention,2,2,3,Engagement Email & Product Recommendation
54245,76.07,Medium,5.0,3,Yes (Active Ticket),Fashion,E wallet,0.0,4,158.29,Loyal Customers,5,4,2,Engagement Email & Product Recommendation
55031,75.97,Medium,4.0,3,No,Mobile Phone,Credit Card,6.0,2,120.56,Hibernating,2,2,1,Engagement Email & Product Recommendation
52098,75.96,Medium,10.0,4,No,Grocery,E wallet,2.0,3,94.83,Loyal Customers,4,3,1,Engagement Email & Product Recommendation
54002,75.96,Medium,16.0,1,No,Laptop & Accessory,Credit Card,12.0,4,223.41,At Risk,1,4,5,Engagement Email & Product Recommendation
51964,75.87,Medium,5.0,5,Yes (Active Ticket),Mobile Phone,Debit Card,3.0,2,199.44,Potential Loyalist,3,2,4,Engagement Email & Product Recommendation
55026,75.81,Medium,7.0,3,Yes (Active Ticket),Grocery,UPI,2.0,3,226.33,Champions,4,4,5,Engagement Email & Product Recommendation
54273,75.8,Medium,2.0,1,No,Mobile Phone,E wallet,29.0,5,167.01,At Risk,1,5,3,Engagement Email & Product Recommendation
54896,75.8,Medium,1.0,5,Yes (Active Ticket),Others,Debit Card,2.0,3,222.54,Champions,4,4,5,Engagement Email & Product Recommendation
50737,75.72,Medium,5.0,3,No,Laptop & Accessory,Credit Card,4.0,2,131.2,Potential Loyalist,3,2,1,Engagement Email & Product Recommendation
54965,75.69,Medium,7.0,3,Yes (Active Ticket),Laptop & Accessory,Debit Card,5.0,3,225.64,At Risk,2,4,5,Engagement Email & Product Recommendation
54970,75.68,Medium,6.0,1,No,Laptop & Accessory,Debit Card,13.0,3,188.53,At Risk,1,4,4,Engagement Email & Product Recommendation
52438,75.63,Medium,4.0,3,Yes (Active Ticket),Mobile Phone,Credit Card,2.0,2,233.03,Potential Loyalist,4,2,5,Engagement Email & Product Recommendation
51463,75.59,Medium,1.0,4,No,Laptop & Accessory,Debit Card,3.0,1,119.99,Potential Loyalist,3,1,1,Engagement Email & Product Recommendation
53993,75.56,Medium,14.0,5,Yes (Active Ticket),Fashion,Credit Card,2.0,3,144.49,Loyal Customers,4,3,2,Engagement Email & Product Recommendation
50410,75.55,Medium,1.0,3,No,Fashion,Debit Card,7.0,1,137.76,Hibernating,2,1,2,Engagement Email & Product Recommendation
55529,75.55,Medium,6.0,3,No,Laptop & Accessory,Debit Card,18.0,5,62.14,At Risk,1,5,1,Engagement Email & Product Recommendation
50639,75.48,Medium,3.0,5,Yes (Active Ticket),Mobile Phone,Debit Card,1.0,1,158.01,Potential Loyalist,5,1,2,Engagement Email & Product Recommendation
55424,75.44,Medium,5.0,3,No,Mobile Phone,Debit Card,2.0,3,122.14,Loyal Customers,4,4,1,Engagement Email & Product Recommendation
51984,75.38,Medium,7.0,5,No,Fashion,Credit Card,13.0,2,155.16,Hibernating,1,2,2,Engagement Email & Product Recommendation
50109,75.35,Medium,3.0,4,Yes (Active Ticket),Mobile Phone,E wallet,4.0,3,152.37,Loyal Customers,3,3,2,Engagement Email & Product Recommendation
50851,75.34,Medium,1.0,1,No,Grocery,Credit Card,5.0,2,158.26,Hibernating,2,2,2,Engagement Email & Product Recommendation
51245,75.29,Medium,14.0,2,Yes (Active Ticket),Mobile Phone,Debit Card,5.0,3,220.62,At Risk,2,3,5,Engagement Email & Product Recommendation
54635,75.28,Medium,1.0,3,No,Fashion,Debit Card,5.0,2,222.74,Need Attention,2,2,5,Engagement Email & Product Recommendation
50186,75.22,Medium,11.0,4,Yes (Active Ticket),Laptop & Accessory,Debit Card,2.0,2,191.54,Potential Loyalist,4,2,4,Engagement Email & Product Recommendation
51906,75.22,Medium,2.0,3,No,Grocery,Debit Card,6.0,3,82.46,At Risk,2,3,1,Engagement Email & Product Recommendation
50065,75.07,Medium,3.0,3,No,Laptop & Accessory,Debit Card,7.0,1,175.29,Promising,2,1,3,Engagement Email & Product Recommendation
54170,75.07,Medium,1.0,1,No,Laptop & Accessory,Debit Card,0.0,1,266.15,Potential Loyalist,5,1,5,Engagement Email & Product Recommendation
50061,75.03,Medium,5.0,1,No,Laptop & Accessory,Credit Card,16.0,2,143.79,Hibernating,1,1,2,Engagement Email & Product Recommendation
50583,75.0,Medium,7.0,3,No,Laptop & Accessory,E wallet,3.0,4,268.83,Loyal Customers,3,4,5,Engagement Email & Product Recommendation
54292,74.82,Medium,1.0,3,No,Mobile Phone,UPI,3.0,2,131.82,Potential Loyalist,3,2,1,Engagement Email & Product Recommendation
52712,74.81,Medium,7.0,4,No,Others,UPI,5.0,2,146.97,Hibernating,2,2,2,Engagement Email & Product Recommendation
51543,74.77,Medium,8.0,2,No,Mobile Phone,Debit Card,2.0,8,231.51,Champions,4,5,5,Engagement Email & Product Recommendation
54227,74.77,Medium,5.0,3,Yes (Active Ticket),Laptop & Accessory,E wallet,22.0,2,183.14,Need Attention,1,2,3,Engagement Email & Product Recommendation
53786,74.7,Medium,1.0,3,Yes (Active Ticket),Fashion,COD,2.0,8,181.2,Loyal Customers,4,5,3,Engagement Email & Product Recommendation
54564,74.64,Medium,1.0,3,No,Laptop & Accessory,Debit Card,0.0,4,122.35,Loyal Customers,5,4,1,Engagement Email & Product Recommendation
52580,74.57,Medium,10.0,4,No,Laptop & Accessory,E wallet,3.0,7,114.1,Loyal Customers,3,5,1,Engagement Email & Product Recommendation
52959,74.49,Medium,3.0,3,Yes (Active Ticket),Laptop & Accessory,Debit Card,0.0,3,201.78,Loyal Customers,5,3,4,Engagement Email & Product Recommendation
55043,74.48,Medium,2.0,3,Yes (Active Ticket),Mobile Phone,Credit Card,1.0,2,246.26,Potential Loyalist,4,2,5,Engagement Email & Product Recommendation
54684,74.45,Medium,4.0,3,No,Grocery,E wallet,3.0,3,99.67,Loyal Customers,3,3,1,Engagement Email & Product Recommendation
53716,74.44,Medium,4.0,5,No,Laptop & Accessory,E wallet,6.0,3,216.67,At Risk,2,3,4,Engagement Email & Product Recommendation
55219,74.35,Medium,3.0,1,No,Others,Credit Card,5.0,3,243.85,At Risk,2,4,5,Engagement Email & Product Recommendation
55163,74.33,Medium,4.0,3,No,Laptop & Accessory,UPI,10.0,3,155.11,At Risk,1,4,2,Engagement Email & Product Recommendation
54913,74.26,Medium,8.0,2,No,Laptop & Accessory,Debit Card,0.0,5,101.14,Loyal Customers,5,5,1,Engagement Email & Product Recommendation
54857,74.15,Medium,2.0,5,No,Mobile Phone,Debit Card,22.0,5,207.87,At Risk,1,5,4,Engagement Email & Product Recommendation
52816,74.09,Medium,15.0,2,No,Fashion,Credit Card,1.0,7,193.15,Champions,5,5,4,Engagement Email & Product Recommendation
50069,74.01,Medium,1.0,4,No,Fashion,Credit Card,1.0,7,144.47,Loyal Customers,5,5,2,Engagement Email & Product Recommendation
51819,74.0,Medium,10.0,5,Yes (Active Ticket),Grocery,Debit Card,3.0,4,189.28,Loyal Customers,3,4,4,Engagement Email & Product Recommendation
51603,73.85,Medium,3.0,2,No,Fashion,Credit Card,6.0,5,141.31,At Risk,2,5,2,Engagement Email & Product Recommendation
50132,73.83,Medium,3.0,4,Yes (Active Ticket),Laptop & Accessory,Debit Card,3.0,3,174.96,Loyal Customers,3,3,3,Engagement Email & Product Recommendation
51725,73.76,Medium,12.0,3,No,Fashion,Debit Card,8.0,6,185.13,At Risk,2,5,3,Engagement Email & Product Recommendation
54836,73.68,Medium,1.0,1,No,Others,Debit Card,3.0,1,203.62,Potential Loyalist,3,1,4,Engagement Email & Product Recommendation
53485,73.64,Medium,9.0,3,Yes (Active Ticket),Mobile Phone,COD,3.0,3,184.25,Loyal Customers,3,3,3,Engagement Email & Product Recommendation
54008,73.56,Medium,5.0,1,No,Laptop & Accessory,Credit Card,1.0,6,126.86,Loyal Customers,4,5,1,Engagement Email & Product Recommendation
54054,73.52,Medium,8.0,5,No,Laptop & Accessory,E wallet,3.0,2,207.29,Potential Loyalist,3,2,4,Engagement Email & Product Recommendation
53164,73.5,Medium,7.0,3,No,Fashion,UPI,8.0,3,167.65,At Risk,1,3,3,Engagement Email & Product Recommendation
50148,73.45,Medium,7.0,1,No,Laptop & Accessory,Debit Card,2.0,4,269.19,Champions,4,4,5,Engagement Email & Product Recommendation
51013,73.38,Medium,29.0,5,No,Fashion,Debit Card,1.0,5,121.38,Loyal Customers,5,5,1,Engagement Email & Product Recommendation
55398,73.35,Medium,6.0,1,No,Laptop & Accessory,UPI,0.0,1,171.31,Potential Loyalist,5,1,3,Engagement Email & Product Recommendation
54067,73.32,Medium,1.0,4,No,Mobile Phone,Credit Card,3.0,7,199.26,Loyal Customers,3,5,4,Engagement Email & Product Recommendation
51314,73.21,Medium,17.0,3,Yes (Active Ticket),Fashion,Debit Card,8.0,4,200.79,At Risk,2,4,4,Engagement Email & Product Recommendation
54360,73.11,Medium,2.0,5,Yes (Active Ticket),Laptop & Accessory,E wallet,1.0,3,190.39,Loyal Customers,4,3,4,Engagement Email & Product Recommendation
52183,72.98,Medium,0.0,4,No,Grocery,E wallet,1.0,1,123.23,Potential Loyalist,5,1,1,Engagement Email & Product Recommendation
52902,72.94,Medium,15.0,4,Yes (Active Ticket),Mobile Phone,Credit Card,0.0,2,185.36,Potential Loyalist,5,2,3,Engagement Email & Product Recommendation
51535,72.8,Medium,5.0,3,Yes (Active Ticket),Laptop & Accessory,Debit Card,26.0,1,181.21,Promising,1,1,3,Engagement Email & Product Recommendation
54374,72.72,Medium,5.0,1,No,Mobile Phone,COD,11.0,2,140.0,Hibernating,1,2,2,Engagement Email & Product Recommendation
51800,72.66,Medium,0.0,1,Yes (Active Ticket),Fashion,Credit Card,26.0,2,212.46,Need Attention,1,2,4,Engagement Email & Product Recommendation
54180,72.55,Medium,4.0,1,No,Laptop & Accessory,UPI,5.0,5,178.09,At Risk,2,5,3,Engagement Email & Product Recommendation
52533,72.5,Medium,3.0,2,No,Others,Debit Card,6.0,1,164.49,Promising,2,1,3,Engagement Email & Product Recommendation
52237,72.48,Medium,22.0,3,Yes (Active Ticket),Laptop & Accessory,Credit Card,1.0,2,271.25,Potential Loyalist,5,2,5,Engagement Email & Product Recommendation
50778,72.47,Medium,13.0,3,Yes (Active Ticket),Laptop & Accessory,Debit Card,0.0,2,181.17,Potential Loyalist,5,2,3,Engagement Email & Product Recommendation
50723,72.4,Medium,1.0,5,No,Mobile Phone,Debit Card,3.0,3,142.59,Loyal Customers,3,3,2,Engagement Email & Product Recommendation
53165,72.37,Medium,1.0,1,No,Laptop & Accessory,Credit Card,0.0,1,158.75,Potential Loyalist,5,1,2,Engagement Email & Product Recommendation
52620,72.12,Medium,4.0,2,No,Grocery,Debit Card,31.0,3,140.07,At Risk,1,3,2,Engagement Email & Product Recommendation
52701,72.1,Medium,7.0,3,No,Mobile Phone,E wallet,3.0,2,150.79,Potential Loyalist,3,2,2,Engagement Email & Product Recommendation
53237,72.1,Medium,2.0,3,No,Laptop & Accessory,UPI,3.0,2,94.61,Potential Loyalist,3,2,1,Engagement Email & Product Recommendation
51476,72.09,Medium,11.0,4,No,Others,Debit Card,11.0,1,191.96,Promising,1,1,4,Engagement Email & Product Recommendation
51540,72.05,Medium,7.0,5,No,Mobile Phone,Credit Card,9.0,4,174.08,At Risk,1,4,3,Engagement Email & Product Recommendation
51459,72.04,Medium,2.0,2,No,Laptop & Accessory,Credit Card,12.0,4,219.93,At Risk,1,4,5,Engagement Email & Product Recommendation
50704,71.98,Medium,1.0,4,Yes (Active Ticket),Fashion,UPI,3.0,5,135.44,Loyal Customers,3,5,2,Engagement Email & Product Recommendation
50540,71.93,Medium,1.0,2,No,Laptop & Accessory,Credit Card,2.0,1,144.87,Potential Loyalist,4,1,2,Engagement Email & Product Recommendation
52408,71.58,Medium,2.0,3,No,Laptop & Accessory,Credit Card,2.0,4,169.06,Loyal Customers,4,4,3,Engagement Email & Product Recommendation
52987,71.58,Medium,1.0,2,No,Mobile Phone,Debit Card,8.0,3,207.57,At Risk,2,3,4,Engagement Email & Product Recommendation
55004,71.53,Medium,4.0,4,No,Laptop & Accessory,Credit Card,10.0,3,145.5,At Risk,1,4,2,Engagement Email & Product Recommendation
53634,71.52,Medium,4.0,1,No,Laptop & Accessory,Credit Card,8.0,2,151.08,Hibernating,1,2,2,Engagement Email & Product Recommendation
51720,71.48,Medium,3.0,3,No,Laptop & Accessory,COD,10.0,4,162.7,At Risk,1,4,2,Engagement Email & Product Recommendation
55454,71.48,Medium,5.0,1,No,Mobile Phone,E wallet,2.0,2,246.11,Loyal Customers,4,3,5,Engagement Email & Product Recommendation
50022,71.42,Medium,2.0,1,Yes (Active Ticket),Others,Debit Card,2.0,2,150.08,Potential Loyalist,4,1,2,Engagement Email & Product Recommendation
51253,71.41,Medium,1.0,3,No,Laptop & Accessory,Debit Card,8.0,4,166.52,At Risk,2,4,3,Engagement Email & Product Recommendation
51605,71.41,Medium,1.0,2,No,Others,Debit Card,2.0,2,165.63,Potential Loyalist,4,2,3,Engagement Email & Product Recommendation
51224,71.4,Medium,29.0,3,Yes (Active Ticket),Laptop & Accessory,Debit Card,7.0,4,243.56,At Risk,2,4,5,Engagement Email & Product Recommendation
55193,71.31,Medium,14.0,2,No,Laptop & Accessory,E wallet,4.0,2,300.62,Potential Loyalist,3,2,5,Engagement Email & Product Recommendation
54402,71.21,Medium,7.0,2,No,Fashion,E wallet,1.0,1,120.75,Potential Loyalist,4,1,1,Engagement Email & Product Recommendation
53641,71.13,Medium,3.0,2,Yes (Active Ticket),Fashion,Debit Card,15.0,1,185.86,Promising,1,1,3,Engagement Email & Product Recommendation
54599,71.12,Medium,5.0,2,No,Laptop & Accessory,Debit Card,3.0,7,160.49,Loyal Customers,3,5,2,Engagement Email & Product Recommendation
55188,71.09,Medium,5.0,1,No,Fashion,Debit Card,2.0,3,130.02,Loyal Customers,4,4,1,Engagement Email & Product Recommendation
52763,70.95,Medium,10.0,4,Yes (Active Ticket),Mobile Phone,Debit Card,9.0,2,174.4,Need Attention,1,2,3,Engagement Email & Product Recommendation
54324,70.82,Medium,7.0,4,Yes (Active Ticket),Fashion,Debit Card,2.0,1,173.37,Potential Loyalist,4,1,3,Engagement Email & Product Recommendation
51119,70.74,Medium,3.0,5,No,Laptop & Accessory,COD,2.0,7,145.83,Loyal Customers,4,5,2,Engagement Email & Product Recommendation
53865,70.71,Medium,1.0,3,No,Laptop & Accessory,Debit Card,0.0,2,157.62,Potential Loyalist,5,2,2,Engagement Email & Product Recommendation
51677,70.64,Medium,1.0,3,No,Fashion,Debit Card,1.0,7,170.18,Loyal Customers,5,5,3,Engagement Email & Product Recommendation
51867,70.52,Medium,0.0,3,Yes (Active Ticket),Mobile Phone,Debit Card,16.0,3,258.83,At Risk,1,3,5,Engagement Email & Product Recommendation
54898,70.5,Medium,4.0,2,No,Laptop & Accessory,E wallet,8.0,2,252.83,Need Attention,1,2,5,Engagement Email & Product Recommendation
53701,70.48,Medium,9.0,3,Yes (Active Ticket),Mobile Phone,Debit Card,17.0,1,116.0,Hibernating,1,1,1,Engagement Email & Product Recommendation
52750,70.45,Medium,10.0,2,No,Mobile Phone,E wallet,8.0,6,207.15,At Risk,2,5,4,Engagement Email & Product Recommendation
55465,70.43,Medium,3.0,3,No,Fashion,UPI,0.0,6,193.12,Champions,5,5,4,Engagement Email & Product Recommendation
52891,70.37,Medium,4.0,3,No,Grocery,Debit Card,4.0,2,125.96,Potential Loyalist,3,2,1,Engagement Email & Product Recommendation
54662,70.29,Medium,9.0,3,No,Fashion,Debit Card,2.0,5,166.96,Loyal Customers,4,5,3,Engagement Email & Product Recommendation
50378,70.18,Medium,0.0,5,No,Others,Debit Card,5.0,3,151.47,At Risk,2,3,2,Engagement Email & Product Recommendation
51427,70.09,Medium,0.0,3,No,Others,Debit Card,3.0,2,151.33,Potential Loyalist,3,2,2,Engagement Email & Product Recommendation
51872,70.08,Medium,2.0,3,No,Mobile Phone,Credit Card,4.0,3,127.76,Loyal Customers,3,3,1,Engagement Email & Product Recommendation
53033,69.98,Medium,14.0,1,No,Laptop & Accessory,Credit Card,4.0,1,187.83,Potential Loyalist,3,1,3,Engagement Email & Product Recommendation
55637,69.95,Medium,0.0,1,Yes (Active Ticket),Grocery,Credit Card,1.0,3,176.56,Loyal Customers,4,4,3,Engagement Email & Product Recommendation
55086,69.91,Medium,7.0,1,Yes (Active Ticket),Laptop & Accessory,Debit Card,0.0,2,210.58,Potential Loyalist,5,2,4,Engagement Email & Product Recommendation
51489,69.81,Medium,5.0,2,Yes (Active Ticket),Fashion,Credit Card,4.0,2,162.0,Potential Loyalist,3,2,2,Engagement Email & Product Recommendation
53519,69.79,Medium,1.0,5,No,Laptop & Accessory,E wallet,6.0,4,112.42,At Risk,2,4,1,Engagement Email & Product Recommendation
53783,69.77,Medium,0.0,3,No,Grocery,Credit Card,4.0,1,164.63,Potential Loyalist,3,1,3,Engagement Email & Product Recommendation
52545,69.72,Medium,1.0,1,No,Grocery,Debit Card,4.0,2,184.46,Potential Loyalist,3,2,3,Engagement Email & Product Recommendation
52194,69.68,Medium,8.0,5,No,Laptop & Accessory,E wallet,5.0,2,147.46,Hibernating,2,2,2,Engagement Email & Product Recommendation
54428,69.66,Medium,1.0,2,Yes (Active Ticket),Fashion,Debit Card,5.0,6,149.73,At Risk,2,5,2,Engagement Email & Product Recommendation
54058,69.65,Medium,0.0,3,Yes (Active Ticket),Laptop & Accessory,Debit Card,5.0,2,145.9,Hibernating,2,2,2,Engagement Email & Product Recommendation
50475,69.52,Medium,8.0,3,Yes (Active Ticket),Fashion,Credit Card,5.0,4,175.56,At Risk,2,4,3,Engagement Email & Product Recommendation
53791,69.52,Medium,2.0,3,No,Grocery,Debit Card,1.0,5,244.63,Champions,4,5,5,Engagement Email & Product Recommendation
54157,69.5,Medium,8.0,3,No,Mobile Phone,Credit Card,7.0,1,229.38,Promising,2,1,5,Engagement Email & Product Recommendation
53853,69.43,Medium,9.0,3,No,Laptop & Accessory,Credit Card,1.0,7,251.93,Champions,4,5,5,Engagement Email & Product Recommendation
51852,69.33,Medium,17.0,1,No,Mobile Phone,Debit Card,1.0,1,167.68,Potential Loyalist,5,1,3,Engagement Email & Product Recommendation
51914,69.32,Medium,5.0,2,No,Mobile Phone,Debit Card,2.0,1,146.84,Potential Loyalist,4,1,2,Engagement Email & Product Recommendation
51178,69.25,Medium,1.0,4,Yes (Active Ticket),Mobile Phone,COD,1.0,5,178.85,Loyal Customers,5,5,3,Engagement Email & Product Recommendation
51171,69.19,Medium,10.0,5,No,Others,Debit Card,4.0,1,136.79,Potential Loyalist,3,1,2,Engagement Email & Product Recommendation
50580,69.16,Medium,3.0,5,No,Fashion,Credit Card,11.0,5,186.73,At Risk,1,5,3,Engagement Email & Product Recommendation
51607,69.15,Medium,1.0,5,No,Laptop & Accessory,Debit Card,6.0,4,202.62,At Risk,2,4,4,Engagement Email & Product Recommendation
55650,69.09,Medium,0.0,1,No,Grocery,E wallet,38.0,2,126.9,At Risk,1,3,1,Engagement Email & Product Recommendation
50395,69.05,Medium,4.0,3,No,Grocery,Debit Card,7.0,1,214.68,Promising,2,1,4,Engagement Email & Product Recommendation
53296,69.05,Medium,1.0,3,No,Fashion,UPI,7.0,4,236.84,At Risk,2,4,5,Engagement Email & Product Recommendation
54202,69.02,Medium,2.0,4,No,Others,Credit Card,3.0,2,178.16,Potential Loyalist,3,2,3,Engagement Email & Product Recommendation
52544,69.01,Medium,10.0,2,No,Fashion,Debit Card,1.0,1,99.7,Potential Loyalist,5,1,1,Engagement Email & Product Recommendation
51353,69.0,Medium,6.0,3,No,Mobile Phone,Debit Card,1.0,4,288.65,Champions,5,4,5,Engagement Email & Product Recommendation
54698,68.96,Medium,7.0,2,No,Laptop & Accessory,Credit Card,11.0,3,211.3,At Risk,1,4,4,Engagement Email & Product Recommendation
55496,68.91,Medium,4.0,4,Yes (Active Ticket),Mobile Phone,Credit Card,18.0,1,107.89,Hibernating,1,1,1,Engagement Email & Product Recommendation
55353,68.83,Medium,3.0,3,No,Mobile Phone,Debit Card,1.0,4,93.6,Loyal Customers,4,4,1,Engagement Email & Product Recommendation
51036,68.74,Medium,12.0,3,No,Mobile Phone,Credit Card,6.0,5,174.79,At Risk,2,5,3,Engagement Email & Product Recommendation
50547,68.73,Medium,1.0,3,No,Laptop & Accessory,E wallet,10.0,1,110.39,Hibernating,1,1,1,Engagement Email & Product Recommendation
51674,68.73,Medium,16.0,4,Yes (Active Ticket),Mobile Phone,Debit Card,2.0,3,218.13,Loyal Customers,4,3,5,Engagement Email & Product Recommendation
53128,68.73,Medium,1.0,5,No,Grocery,Credit Card,7.0,2,222.66,Need Attention,2,2,5,Engagement Email & Product Recommendation
52251,68.68,Medium,1.0,5,No,Mobile Phone,Debit Card,6.0,1,175.64,Promising,2,1,3,Engagement Email & Product Recommendation
50169,68.64,Medium,0.0,3,No,Mobile Phone,UPI,4.0,1,199.85,Potential Loyalist,3,1,4,Engagement Email & Product Recommendation
52627,68.61,Medium,1.0,3,No,Laptop & Accessory,Debit Card,3.0,1,224.49,Potential Loyalist,3,1,5,Engagement Email & Product Recommendation
55507,68.5,Medium,7.0,5,No,Laptop & Accessory,Debit Card,3.0,1,131.34,Potential Loyalist,3,1,1,Engagement Email & Product Recommendation
51744,68.49,Medium,0.0,3,No,Mobile Phone,Debit Card,5.0,3,126.25,At Risk,2,3,1,Engagement Email & Product Recommendation
52748,68.45,Medium,2.0,3,Yes (Active Ticket),Fashion,COD,1.0,1,206.0,Potential Loyalist,5,1,4,Engagement Email & Product Recommendation
50488,68.39,Medium,3.0,3,No,Fashion,Debit Card,0.0,5,225.3,Champions,5,5,5,Engagement Email & Product Recommendation
54679,68.35,Medium,11.0,3,Yes (Active Ticket),Laptop & Accessory,Debit Card,19.0,2,142.3,Hibernating,1,2,2,Engagement Email & Product Recommendation
54341,68.27,Medium,6.0,4,No,Laptop & Accessory,Debit Card,1.0,4,200.48,Champions,4,4,4,Engagement Email & Product Recommendation
55302,68.27,Medium,0.0,3,No,Laptop & Accessory,Debit Card,6.0,4,172.1,At Risk,2,4,3,Engagement Email & Product Recommendation
52713,68.23,Medium,4.0,2,No,Laptop & Accessory,Credit Card,0.0,4,200.49,Champions,5,4,4,Engagement Email & Product Recommendation
55082,68.2,Medium,1.0,4,No,Mobile Phone,Debit Card,4.0,3,122.87,Loyal Customers,3,4,1,Engagement Email & Product Recommendation
52786,67.84,Medium,3.0,2,No,Mobile Phone,Credit Card,4.0,2,169.54,Potential Loyalist,3,2,3,Engagement Email & Product Recommendation
52487,67.77,Medium,7.0,3,Yes (Active Ticket),Mobile Phone,Debit Card,1.0,3,128.3,Loyal Customers,5,3,1,Engagement Email & Product Recommendation
52017,67.66,Medium,4.0,4,No,Laptop & Accessory,Debit Card,7.0,3,161.21,At Risk,2,3,2,Engagement Email & Product Recommendation
50098,67.63,Medium,6.0,4,No,Laptop & Accessory,Debit Card,6.0,5,145.48,At Risk,2,5,2,Engagement Email & Product Recommendation
51838,67.62,Medium,4.0,3,No,Laptop & Accessory,Debit Card,5.0,6,242.73,At Risk,2,5,5,Engagement Email & Product Recommendation
52122,67.62,Medium,7.0,3,No,Mobile Phone,E wallet,0.0,2,213.01,Potential Loyalist,5,2,4,Engagement Email & Product Recommendation
53221,67.55,Medium,7.0,2,No,Fashion,UPI,1.0,4,140.61,Loyal Customers,5,4,2,Engagement Email & Product Recommendation
52276,67.52,Medium,9.0,2,Yes (Active Ticket),Mobile Phone,Credit Card,22.0,1,108.74,Hibernating,1,1,1,Engagement Email & Product Recommendation
52681,67.41,Medium,3.0,3,Yes (Active Ticket),Laptop & Accessory,Debit Card,8.0,4,160.29,At Risk,2,4,2,Engagement Email & Product Recommendation
52051,67.39,Medium,6.0,3,Yes (Active Ticket),Fashion,Debit Card,7.0,3,226.62,At Risk,2,3,5,Engagement Email & Product Recommendation
55210,67.29,Medium,2.0,3,Yes (Active Ticket),Others,Credit Card,5.0,5,99.41,At Risk,2,5,1,Engagement Email & Product Recommendation
53823,67.25,Medium,16.0,4,No,Others,Credit Card,2.0,2,123.39,Potential Loyalist,4,2,1,Engagement Email & Product Recommendation
55094,67.18,Medium,1.0,4,No,Fashion,Debit Card,2.0,6,167.86,Loyal Customers,4,5,3,Engagement Email & Product Recommendation
54938,67.07,Medium,8.0,3,No,Laptop & Accessory,Credit Card,2.0,3,97.04,Loyal Customers,4,4,1,Engagement Email & Product Recommendation
54053,67.06,Medium,17.0,5,No,Mobile Phone,Debit Card,2.0,6,230.81,Champions,4,5,5,Engagement Email & Product Recommendation
53895,66.97,Medium,13.0,1,No,Laptop & Accessory,E wallet,0.0,1,210.04,Potential Loyalist,5,1,4,Engagement Email & Product Recommendation
55174,66.77,Medium,0.0,5,Yes (Active Ticket),Others,Credit Card,17.0,4,190.17,At Risk,1,4,4,Engagement Email & Product Recommendation
51942,66.72,Medium,4.0,5,No,Fashion,Debit Card,1.0,3,186.09,Loyal Customers,5,3,3,Engagement Email & Product Recommendation
54415,66.72,Medium,5.0,1,No,Fashion,Debit Card,1.0,1,191.85,Potential Loyalist,4,1,4,Engagement Email & Product Recommendation
53290,66.64,Medium,2.0,2,Yes (Active Ticket),Laptop & Accessory,COD,6.0,3,98.97,At Risk,2,3,1,Engagement Email & Product Recommendation
53991,66.49,Medium,1.0,2,No,Laptop & Accessory,Debit Card,6.0,5,239.33,At Risk,2,5,5,Engagement Email & Product Recommendation
53405,66.47,Medium,14.0,2,No,Laptop & Accessory,Debit Card,1.0,5,104.33,Loyal Customers,5,5,1,Engagement Email & Product Recommendation
51959,66.39,Medium,10.0,1,No,Fashion,Credit Card,3.0,3,231.61,Loyal Customers,3,3,5,Engagement Email & Product Recommendation
51868,66.34,Medium,2.0,1,No,Mobile Phone,Debit Card,2.0,3,169.3,Loyal Customers,4,3,3,Engagement Email & Product Recommendation
54173,66.32,Medium,6.0,5,Yes (Active Ticket),Mobile Phone,Credit Card,8.0,2,163.6,Hibernating,1,2,2,Engagement Email & Product Recommendation
50477,66.31,Medium,1.0,2,No,Fashion,Debit Card,1.0,2,178.41,Potential Loyalist,5,2,3,Engagement Email & Product Recommendation
52479,66.17,Medium,1.0,3,No,Laptop & Accessory,E wallet,2.0,5,226.08,Champions,4,5,5,Engagement Email & Product Recommendation
50312,66.15,Medium,1.0,1,No,Fashion,E wallet,3.0,4,215.01,Loyal Customers,3,4,4,Engagement Email & Product Recommendation
54611,66.0,Medium,4.0,3,No,Laptop & Accessory,Debit Card,10.0,1,198.63,Promising,1,1,4,Engagement Email & Product Recommendation
52239,65.99,Medium,1.0,2,Yes (Active Ticket),Mobile Phone,Credit Card,14.0,5,140.04,At Risk,1,5,2,Engagement Email & Product Recommendation
50354,65.98,Medium,2.0,4,No,Mobile Phone,UPI,5.0,1,200.85,Promising,2,1,4,Engagement Email & Product Recommendation
51580,65.63,Medium,8.0,2,No,Grocery,COD,1.0,2,201.04,Potential Loyalist,5,2,4,Engagement Email & Product Recommendation
51697,65.5,Medium,0.0,4,Yes (Active Ticket),Mobile Phone,Credit Card,11.0,3,218.37,At Risk,1,3,5,Engagement Email & Product Recommendation
55655,65.38,Medium,1.0,5,Yes (Active Ticket),Fashion,Credit Card,9.0,4,83.26,At Risk,1,5,1,Engagement Email & Product Recommendation
52981,65.11,Medium,6.0,3,No,Laptop & Accessory,Credit Card,7.0,3,198.36,At Risk,2,3,4,Engagement Email & Product Recommendation
51531,65.09,Medium,4.0,3,No,Fashion,Debit Card,0.0,4,150.32,Loyal Customers,5,4,2,Engagement Email & Product Recommendation
54088,65.01,Medium,9.0,1,Yes (Active Ticket),Laptop & Accessory,Credit Card,5.0,4,165.29,At Risk,2,4,3,Engagement Email & Product Recommendation
54316,65.01,Medium,2.0,4,No,Laptop & Accessory,Credit Card,0.0,4,112.97,Loyal Customers,5,4,1,Engagement Email & Product Recommendation
51582,64.95,Medium,5.0,3,No,Mobile Phone,E wallet,7.0,1,224.16,Promising,2,1,5,Engagement Email & Product Recommendation
54022,64.82,Medium,3.0,2,Yes (Active Ticket),Laptop & Accessory,Debit Card,15.0,5,136.46,At Risk,1,5,2,Engagement Email & Product Recommendation
51765,64.73,Medium,2.0,1,No,Mobile Phone,Credit Card,8.0,2,84.08,Hibernating,2,2,1,Engagement Email & Product Recommendation
53401,64.73,Medium,1.0,3,Yes (Active Ticket),Laptop & Accessory,E wallet,6.0,4,240.25,At Risk,2,4,5,Engagement Email & Product Recommendation
52811,64.59,Medium,3.0,5,Yes (Active Ticket),Others,UPI,16.0,3,125.37,At Risk,1,3,1,Engagement Email & Product Recommendation
52997,64.25,Medium,2.0,3,Yes (Active Ticket),Others,Debit Card,14.0,3,97.79,At Risk,1,3,1,Engagement Email & Product Recommendation
54710,64.23,Medium,10.0,4,Yes (Active Ticket),Others,Credit Card,17.0,2,134.03,Hibernating,1,2,1,Engagement Email & Product Recommendation
53688,64.11,Medium,5.0,1,Yes (Active Ticket),Others,Credit Card,13.0,2,179.3,Need Attention,1,2,3,Engagement Email & Product Recommendation
53413,64.08,Medium,0.0,2,Yes (Active Ticket),Mobile Phone,Debit Card,3.0,2,157.16,Potential Loyalist,3,2,2,Engagement Email & Product Recommendation
54659,64.01,Medium,2.0,3,Yes (Active Ticket),Laptop & Accessory,Debit Card,7.0,2,78.85,Hibernating,2,2,1,Engagement Email & Product Recommendation
50062,63.92,Medium,3.0,1,Yes (Active Ticket),Laptop & Accessory,COD,13.0,6,176.93,At Risk,1,5,3,Engagement Email & Product Recommendation
53012,63.92,Medium,3.0,2,No,Laptop & Accessory,Credit Card,9.0,4,153.62,At Risk,1,4,2,Engagement Email & Product Recommendation
50285,63.84,Medium,9.0,3,Yes (Active Ticket),Mobile Phone,UPI,7.0,3,189.07,At Risk,2,3,4,Engagement Email & Product Recommendation
51566,63.83,Medium,6.0,1,Yes (Active Ticket),Mobile Phone,Credit Card,3.0,1,140.97,Potential Loyalist,3,1,2,Engagement Email & Product Recommendation
54041,63.75,Medium,20.0,3,No,Fashion,Debit Card,2.0,1,143.13,Potential Loyalist,4,1,2,Engagement Email & Product Recommendation
55663,63.75,Medium,1.0,3,Yes (Active Ticket),Grocery,E wallet,13.0,4,199.53,At Risk,1,5,4,Engagement Email & Product Recommendation
52344,63.7,Medium,4.0,5,No,Mobile Phone,Debit Card,0.0,4,120.04,Loyal Customers,5,4,1,Engagement Email & Product Recommendation
52330,63.65,Medium,1.0,1,Yes (Active Ticket),Mobile Phone,E wallet,8.0,4,37.95,At Risk,2,4,1,Engagement Email & Product Recommendation
54007,63.53,Medium,4.0,5,Yes (Active Ticket),Fashion,Credit Card,5.0,3,179.49,At Risk,2,3,3,Engagement Email & Product Recommendation
53014,63.51,Medium,4.0,3,Yes (Active Ticket),Fashion,Credit Card,8.0,1,147.96,Hibernating,2,1,2,Engagement Email & Product Recommendation
53892,63.5,Medium,8.0,3,Yes (Active Ticket),Laptop & Accessory,Credit Card,1.0,2,130.14,Potential Loyalist,4,2,1,Engagement Email & Product Recommendation
52213,63.46,Medium,0.0,3,No,Fashion,Debit Card,2.0,4,190.66,Champions,4,4,4,Engagement Email & Product Recommendation
55657,63.4,Medium,2.0,2,No,Fashion,UPI,15.0,1,127.67,Hibernating,1,1,1,Engagement Email & Product Recommendation
50411,63.34,Medium,4.0,2,No,Laptop & Accessory,Credit Card,4.0,3,180.83,Loyal Customers,3,3,3,Engagement Email & Product Recommendation
51337,63.34,Medium,2.0,4,No,Mobile Phone,Credit Card,2.0,5,206.32,Champions,4,5,4,Engagement Email & Product Recommendation
53992,63.14,Medium,2.0,1,No,Mobile Phone,Credit Card,1.0,5,112.14,Loyal Customers,4,5,1,Engagement Email & Product Recommendation
54447,63.0,Medium,2.0,3,No,Mobile Phone,Debit Card,4.0,4,262.42,Loyal Customers,3,4,5,Engagement Email & Product Recommendation
51671,62.98,Medium,5.0,2,No,Laptop & Accessory,Credit Card,4.0,1,183.44,Potential Loyalist,3,1,3,Engagement Email & Product Recommendation
52633,62.97,Medium,0.0,5,Yes (Active Ticket),Grocery,Debit Card,6.0,3,232.27,At Risk,2,3,5,Engagement Email & Product Recommendation
55071,62.9,Medium,8.0,2,No,Fashion,Credit Card,2.0,3,191.61,Champions,4,4,4,Engagement Email & Product Recommendation
52478,62.82,Medium,16.0,2,No,Laptop & Accessory,Credit Card,2.0,2,176.22,Potential Loyalist,4,2,3,Engagement Email & Product Recommendation
55397,62.73,Medium,1.0,3,Yes (Active Ticket),Laptop & Accessory,Debit Card,4.0,1,197.05,Potential Loyalist,3,1,4,Engagement Email & Product Recommendation
54025,62.7,Medium,11.0,1,Yes (Active Ticket),Others,Credit Card,3.0,2,189.88,Potential Loyalist,3,2,4,Engagement Email & Product Recommendation
50630,62.57,Medium,3.0,2,Yes (Active Ticket),Fashion,Debit Card,6.0,3,182.29,At Risk,2,3,3,Engagement Email & Product Recommendation
54797,62.54,Medium,2.0,2,Yes (Active Ticket),Grocery,Credit Card,3.0,2,107.62,Potential Loyalist,3,2,1,Engagement Email & Product Recommendation
55632,62.54,Medium,1.0,1,Yes (Active Ticket),Laptop & Accessory,UPI,6.0,4,110.02,At Risk,2,5,1,Engagement Email & Product Recommendation
54161,62.53,Medium,7.0,3,No,Mobile Phone,UPI,2.0,3,174.67,Loyal Customers,4,3,3,Engagement Email & Product Recommendation
54012,62.43,Medium,5.0,2,No,Laptop & Accessory,Debit Card,1.0,5,206.64,Champions,4,5,4,Engagement Email & Product Recommendation
52388,62.4,Medium,9.0,3,No,Laptop & Accessory,Credit Card,21.0,2,186.16,Need Attention,1,2,3,Engagement Email & Product Recommendation
55653,62.39,Medium,0.0,1,Yes (Active Ticket),Laptop & Accessory,COD,24.0,2,281.1,At Risk,1,3,5,Engagement Email & Product Recommendation
52022,62.35,Medium,8.0,3,Yes (Active Ticket),Grocery,E wallet,3.0,2,178.99,Potential Loyalist,3,2,3,Engagement Email & Product Recommendation
50657,62.26,Medium,3.0,4,No,Fashion,Credit Card,4.0,5,168.23,Loyal Customers,3,5,3,Engagement Email & Product Recommendation
52376,62.22,Medium,3.0,3,No,Laptop & Accessory,Credit Card,13.0,3,160.27,At Risk,1,3,2,Engagement Email & Product Recommendation
54371,62.08,Medium,2.0,5,No,Mobile Phone,Credit Card,7.0,4,200.55,At Risk,2,4,4,Engagement Email & Product Recommendation
53680,62.01,Medium,5.0,3,Yes (Active Ticket),Laptop & Accessory,Debit Card,2.0,2,132.44,Potential Loyalist,4,2,1,Engagement Email & Product Recommendation
55641,61.97,Medium,1.0,3,Yes (Active Ticket),Fashion,Credit Card,1.0,2,57.33,Loyal Customers,4,3,1,Engagement Email & Product Recommendation
52414,61.93,Medium,0.0,4,Yes (Active Ticket),Laptop & Accessory,Debit Card,8.0,5,135.42,At Risk,2,5,1,Engagement Email & Product Recommendation
52646,61.85,Medium,4.0,2,Yes (Active Ticket),Fashion,Debit Card,13.0,1,163.43,Hibernating,1,1,2,Engagement Email & Product Recommendation
53611,61.8,Medium,8.0,3,Yes (Active Ticket),Fashion,Debit Card,6.0,3,220.84,At Risk,2,3,5,Engagement Email & Product Recommendation
55495,61.73,Medium,6.0,3,No,Laptop & Accessory,Debit Card,2.0,1,149.16,Potential Loyalist,4,1,2,Engagement Email & Product Recommendation
50492,61.62,Medium,10.0,3,Yes (Active Ticket),Laptop & Accessory,Debit Card,0.0,2,173.58,Potential Loyalist,5,2,3,Engagement Email & Product Recommendation
53256,61.6,Medium,2.0,5,Yes (Active Ticket),Laptop & Accessory,Credit Card,3.0,4,218.35,Loyal Customers,3,4,5,Engagement Email & Product Recommendation
54087,61.52,Medium,1.0,3,No,Laptop & Accessory,Debit Card,23.0,2,165.24,Need Attention,1,2,3,Engagement Email & Product Recommendation
52240,61.47,Medium,3.0,3,No,Laptop & Accessory,Debit Card,10.0,2,150.4,Hibernating,1,2,2,Engagement Email & Product Recommendation
55249,61.47,Medium,6.0,2,Yes (Active Ticket),Laptop & Accessory,E wallet,10.0,3,224.86,At Risk,1,4,5,Engagement Email & Product Recommendation
54375,61.46,Medium,7.0,2,Yes (Active Ticket),Fashion,Debit Card,4.0,1,216.23,Potential Loyalist,3,1,4,Engagement Email & Product Recommendation
54594,61.46,Medium,4.0,4,No,Laptop & Accessory,E wallet,3.0,2,195.61,Potential Loyalist,3,2,4,Engagement Email & Product Recommendation
51228,61.4,Medium,3.0,2,No,Laptop & Accessory,Debit Card,22.0,4,211.69,At Risk,1,4,4,Engagement Email & Product Recommendation
53581,61.4,Medium,7.0,3,Yes (Active Ticket),Fashion,Debit Card,10.0,3,164.84,At Risk,1,3,3,Engagement Email & Product Recommendation
51727,61.38,Medium,7.0,2,Yes (Active Ticket),Fashion,Credit Card,2.0,1,149.4,Potential Loyalist,4,1,2,Engagement Email & Product Recommendation
54066,61.35,Medium,1.0,5,Yes (Active Ticket),Laptop & Accessory,Credit Card,4.0,5,238.85,Loyal Customers,3,5,5,Engagement Email & Product Recommendation
53962,61.34,Medium,5.0,2,No,Others,Debit Card,2.0,2,225.69,Potential Loyalist,4,2,5,Engagement Email & Product Recommendation
55014,61.3,Medium,10.0,5,Yes (Active Ticket),Mobile Phone,Credit Card,5.0,3,156.66,At Risk,2,4,2,Engagement Email & Product Recommendation
54373,61.12,Medium,1.0,5,Yes (Active Ticket),Laptop & Accessory,Credit Card,5.0,5,177.48,At Risk,2,5,3,Engagement Email & Product Recommendation
52117,61.06,Medium,6.0,3,No,Laptop & Accessory,Debit Card,2.0,2,151.48,Potential Loyalist,4,2,2,Engagement Email & Product Recommendation
54656,61.06,Medium,2.0,1,Yes (Active Ticket),Fashion,Debit Card,3.0,2,204.14,Potential Loyalist,3,2,4,Engagement Email & Product Recommendation
54301,61.05,Medium,1.0,2,Yes (Active Ticket),Laptop & Accessory,Credit Card,3.0,2,162.62,Potential Loyalist,3,2,2,Engagement Email & Product Recommendation
55095,61.04,Medium,0.0,4,Yes (Active Ticket),Fashion,Credit Card,3.0,1,133.65,Potential Loyalist,3,1,1,Engagement Email & Product Recommendation
55360,60.97,Medium,7.0,5,Yes (Active Ticket),Laptop & Accessory,Debit Card,7.0,2,141.78,Hibernating,2,2,2,Engagement Email & Product Recommendation
54770,60.89,Medium,4.0,3,Yes (Active Ticket),Fashion,E wallet,5.0,2,126.17,Hibernating,2,2,1,Engagement Email & Product Recommendation
54140,60.61,Medium,8.0,2,Yes (Active Ticket),Mobile Phone,COD,2.0,5,221.94,Champions,4,5,5,Engagement Email & Product Recommendation
55451,60.49,Medium,3.0,1,Yes (Active Ticket),Laptop & Accessory,Credit Card,0.0,4,186.4,Loyal Customers,5,4,3,Engagement Email & Product Recommendation
52151,60.36,Medium,4.0,1,No,Fashion,E wallet,16.0,4,146.17,At Risk,1,4,2,Engagement Email & Product Recommendation
51504,60.19,Medium,4.0,4,No,Laptop & Accessory,E wallet,18.0,2,132.69,Hibernating,1,2,1,Engagement Email & Product Recommendation
52715,60.16,Medium,0.0,4,No,Laptop & Accessory,Debit Card,2.0,4,158.56,Loyal Customers,4,4,2,Engagement Email & Product Recommendation
51048,60.05,Medium,0.0,2,Yes (Active Ticket),Fashion,Debit Card,1.0,1,169.31,Potential Loyalist,5,1,3,Engagement Email & Product Recommendation
55417,59.96,Medium,4.0,4,No,Fashion,Credit Card,5.0,2,217.39,At Risk,2,3,5,Engagement Email & Product Recommendation
52687,59.93,Medium,1.0,3,Yes (Active Ticket),Laptop & Accessory,Debit Card,5.0,5,216.07,At Risk,2,5,4,Engagement Email & Product Recommendation
53678,59.92,Medium,5.0,3,Yes (Active Ticket),Fashion,COD,6.0,1,153.05,Hibernating,2,1,2,Engagement Email & Product Recommendation
51454,59.91,Medium,8.0,5,No,Mobile Phone,Credit Card,4.0,2,194.01,Potential Loyalist,3,2,4,Engagement Email & Product Recommendation
50164,59.9,Medium,8.0,1,Yes (Active Ticket),Laptop & Accessory,Credit Card,4.0,2,188.32,Potential Loyalist,3,1,4,Engagement Email & Product Recommendation
55372,59.88,Medium,4.0,2,Yes (Active Ticket),Mobile Phone,Credit Card,5.0,2,117.66,Hibernating,2,2,1,Engagement Email & Product Recommendation
51689,59.86,Medium,9.0,3,No,Mobile Phone,Debit Card,5.0,4,168.75,At Risk,2,4,3,Engagement Email & Product Recommendation
55085,59.83,Medium,2.0,4,Yes (Active Ticket),Fashion,E wallet,3.0,4,75.71,Loyal Customers,3,4,1,Engagement Email & Product Recommendation
51822,59.72,Medium,1.0,3,Yes (Active Ticket),Fashion,COD,6.0,4,171.39,At Risk,2,4,3,Engagement Email & Product Recommendation
55648,59.71,Medium,5.0,2,Yes (Active Ticket),Mobile Phone,Credit Card,2.0,6,235.42,Champions,4,5,5,Engagement Email & Product Recommendation
55642,59.6,Medium,2.0,1,No,Others,Credit Card,9.0,5,123.78,At Risk,1,5,1,Engagement Email & Product Recommendation
55073,59.55,Medium,7.0,2,No,Mobile Phone,UPI,10.0,1,104.41,Hibernating,1,1,1,Engagement Email & Product Recommendation
55522,59.43,Medium,9.0,4,Yes (Active Ticket),Laptop & Accessory,Credit Card,8.0,5,133.81,At Risk,1,5,1,Engagement Email & Product Recommendation
54004,59.4,Medium,2.0,2,No,Laptop & Accessory,Credit Card,10.0,3,153.32,At Risk,1,3,2,Engagement Email & Product Recommendation
54772,59.39,Medium,5.0,3,Yes (Active Ticket),Mobile Phone,Debit Card,5.0,2,189.98,Need Attention,2,2,4,Engagement Email & Product Recommendation
54028,59.35,Medium,2.0,3,Yes (Active Ticket),Laptop & Accessory,Debit Card,7.0,1,207.85,Promising,2,1,4,Engagement Email & Product Recommendation
52703,59.33,Medium,1.0,5,Yes (Active Ticket),Laptop & Accessory,Credit Card,4.0,3,223.36,Loyal Customers,3,3,5,Engagement Email & Product Recommendation
51799,59.28,Medium,1.0,1,Yes (Active Ticket),Laptop & Accessory,Debit Card,13.0,2,163.55,Hibernating,1,2,2,Engagement Email & Product Recommendation
53231,59.26,Medium,7.0,2,Yes (Active Ticket),Others,E wallet,14.0,2,162.63,Hibernating,1,2,2,Engagement Email & Product Recommendation
54612,59.21,Medium,1.0,2,Yes (Active Ticket),Laptop & Accessory,Credit Card,1.0,3,162.16,Loyal Customers,4,3,2,Engagement Email & Product Recommendation
52809,59.18,Medium,6.0,5,No,Laptop & Accessory,Debit Card,0.0,1,220.64,Potential Loyalist,5,1,5,Engagement Email & Product Recommendation
50650,59.15,Medium,7.0,1,Yes (Active Ticket),Mobile Phone,Credit Card,0.0,2,165.28,Potential Loyalist,5,2,3,Engagement Email & Product Recommendation
54440,59.13,Medium,3.0,3,No,Laptop & Accessory,Debit Card,17.0,2,196.19,Need Attention,1,2,4,Engagement Email & Product Recommendation
50205,59.12,Medium,9.0,3,No,Others,Credit Card,3.0,4,185.77,Loyal Customers,3,4,3,Engagement Email & Product Recommendation
50865,59.12,Medium,5.0,5,Yes (Active Ticket),Fashion,Credit Card,3.0,2,204.71,Potential Loyalist,3,2,4,Engagement Email & Product Recommendation
53649,59.09,Medium,9.0,3,No,Laptop & Accessory,UPI,4.0,3,175.45,Loyal Customers,3,3,3,Engagement Email & Product Recommendation
54917,59.02,Medium,4.0,3,Yes (Active Ticket),Laptop & Accessory,E wallet,6.0,2,169.67,Need Attention,2,2,3,Engagement Email & Product Recommendation
53195,58.95,Medium,4.0,3,No,Laptop & Accessory,Debit Card,4.0,3,144.96,Loyal Customers,3,3,2,Engagement Email & Product Recommendation
52057,58.94,Medium,6.0,1,Yes (Active Ticket),Mobile Phone,Credit Card,2.0,5,156.14,Loyal Customers,4,5,2,Engagement Email & Product Recommendation
52912,58.86,Medium,0.0,3,Yes (Active Ticket),Fashion,Credit Card,5.0,6,207.77,At Risk,2,5,4,Engagement Email & Product Recommendation
53657,58.8,Medium,4.0,4,Yes (Active Ticket),Mobile Phone,Debit Card,13.0,1,295.48,Promising,1,1,5,Engagement Email & Product Recommendation
52762,58.77,Medium,0.0,3,Yes (Active Ticket),Others,Debit Card,5.0,3,152.46,At Risk,2,3,2,Engagement Email & Product Recommendation
53520,58.7,Medium,2.0,4,Yes (Active Ticket),Laptop & Accessory,Debit Card,1.0,2,117.85,Potential Loyalist,4,2,1,Engagement Email & Product Recommendation
55434,58.67,Medium,1.0,3,No,Laptop & Accessory,E wallet,14.0,2,157.52,At Risk,1,3,2,Engagement Email & Product Recommendation
53253,58.58,Medium,9.0,5,Yes (Active Ticket),Laptop & Accessory,Credit Card,5.0,2,188.8,Need Attention,2,2,4,Engagement Email & Product Recommendation
52495,58.52,Medium,7.0,4,Yes (Active Ticket),Grocery,Debit Card,8.0,3,121.12,At Risk,2,3,1,Engagement Email & Product Recommendation
52020,58.48,Medium,11.0,2,No,Mobile Phone,Credit Card,19.0,2,140.63,Hibernating,1,2,2,Engagement Email & Product Recommendation
55227,58.47,Medium,9.0,2,Yes (Active Ticket),Fashion,E wallet,10.0,1,195.18,Promising,1,1,4,Engagement Email & Product Recommendation
55316,58.47,Medium,6.0,4,Yes (Active Ticket),Fashion,Debit Card,11.0,1,220.88,Promising,1,1,5,Engagement Email & Product Recommendation
51100,58.39,Medium,4.0,1,No,Laptop & Accessory,E wallet,9.0,3,136.23,At Risk,1,3,2,Engagement Email & Product Recommendation
51647,58.31,Medium,1.0,5,Yes (Active Ticket),Others,Debit Card,11.0,2,235.19,Need Attention,1,2,5,Engagement Email & Product Recommendation
53587,58.09,Medium,6.0,2,Yes (Active Ticket),Fashion,Debit Card,3.0,3,178.25,Loyal Customers,3,3,3,Engagement Email & Product Recommendation
54845,58.04,Medium,2.0,3,Yes (Active Ticket),Laptop & Accessory,E wallet,4.0,1,193.23,Potential Loyalist,3,1,4,Engagement Email & Product Recommendation
50137,57.94,Medium,7.0,4,Yes (Active Ticket),Laptop & Accessory,Debit Card,6.0,4,169.12,At Risk,2,4,3,Engagement Email & Product Recommendation
50398,57.87,Medium,6.0,3,Yes (Active Ticket),Mobile Phone,Debit Card,13.0,1,135.83,Hibernating,1,1,2,Engagement Email & Product Recommendation
53873,57.86,Medium,2.0,2,Yes (Active Ticket),Others,Debit Card,0.0,2,116.47,Potential Loyalist,5,2,1,Engagement Email & Product Recommendation
51506,57.84,Medium,5.0,4,Yes (Active Ticket),Fashion,Debit Card,5.0,1,145.07,Hibernating,2,1,2,Engagement Email & Product Recommendation
54485,57.79,Medium,2.0,3,Yes (Active Ticket),Fashion,Credit Card,3.0,3,150.06,Loyal Customers,3,3,2,Engagement Email & Product Recommendation
50103,57.78,Medium,4.0,1,Yes (Active Ticket),Laptop & Accessory,E wallet,4.0,2,164.02,Potential Loyalist,3,1,3,Engagement Email & Product Recommendation
54671,57.71,Medium,5.0,4,Yes (Active Ticket),Others,Credit Card,5.0,2,151.93,Hibernating,2,2,2,Engagement Email & Product Recommendation
51931,57.69,Medium,9.0,4,Yes (Active Ticket),Laptop & Accessory,Debit Card,3.0,2,176.09,Potential Loyalist,3,2,3,Engagement Email & Product Recommendation
52857,57.62,Medium,2.0,4,No,Others,Debit Card,11.0,2,102.3,Hibernating,1,2,1,Engagement Email & Product Recommendation
52454,57.55,Medium,4.0,2,No,Laptop & Accessory,Credit Card,10.0,4,128.7,At Risk,1,4,1,Engagement Email & Product Recommendation
52173,57.46,Medium,2.0,3,Yes (Active Ticket),Laptop & Accessory,COD,4.0,1,114.48,Potential Loyalist,3,1,1,Engagement Email & Product Recommendation
55399,57.45,Medium,5.0,2,Yes (Active Ticket),Laptop & Accessory,Debit Card,6.0,4,182.1,At Risk,2,4,3,Engagement Email & Product Recommendation
54299,57.37,Medium,6.0,3,Yes (Active Ticket),Laptop & Accessory,E wallet,7.0,2,206.06,Need Attention,2,2,4,Engagement Email & Product Recommendation
51170,57.33,Medium,3.0,4,Yes (Active Ticket),Laptop & Accessory,Debit Card,33.0,2,191.78,Need Attention,1,2,4,Engagement Email & Product Recommendation
50232,57.3,Medium,7.0,3,Yes (Active Ticket),Laptop & Accessory,Credit Card,1.0,5,60.15,Loyal Customers,5,5,1,Engagement Email & Product Recommendation
52963,57.19,Medium,4.0,1,Yes (Active Ticket),Laptop & Accessory,UPI,10.0,2,226.19,Need Attention,1,2,5,Engagement Email & Product Recommendation
52367,57.17,Medium,1.0,3,Yes (Active Ticket),Mobile Phone,Credit Card,14.0,1,133.46,Hibernating,1,1,1,Engagement Email & Product Recommendation
52978,57.07,Medium,0.0,3,Yes (Active Ticket),Mobile Phone,Debit Card,4.0,2,194.0,Potential Loyalist,3,2,4,Engagement Email & Product Recommendation
50670,57.05,Medium,3.0,1,Yes (Active Ticket),Laptop & Accessory,E wallet,1.0,3,179.02,Loyal Customers,5,3,3,Engagement Email & Product Recommendation
51189,56.98,Medium,4.0,4,Yes (Active Ticket),Fashion,E wallet,6.0,2,189.96,Need Attention,2,2,4,Engagement Email & Product Recommendation
53654,56.98,Medium,2.0,2,Yes (Active Ticket),Mobile Phone,Debit Card,1.0,5,168.28,Loyal Customers,4,5,3,Engagement Email & Product Recommendation
52273,56.97,Medium,7.0,2,Yes (Active Ticket),Laptop & Accessory,Credit Card,1.0,2,167.47,Potential Loyalist,5,2,3,Engagement Email & Product Recommendation
51422,56.9,Medium,7.0,5,Yes (Active Ticket),Fashion,Debit Card,13.0,5,189.84,At Risk,1,5,4,Engagement Email & Product Recommendation
50131,56.87,Medium,5.0,3,No,Mobile Phone,UPI,30.0,2,187.18,Promising,1,1,3,Engagement Email & Product Recommendation
53766,56.8,Medium,4.0,1,Yes (Active Ticket),Others,Credit Card,2.0,1,205.93,Potential Loyalist,4,1,4,Engagement Email & Product Recommendation
51442,56.78,Medium,1.0,4,Yes (Active Ticket),Mobile Phone,Debit Card,5.0,5,150.76,At Risk,2,5,2,Engagement Email & Product Recommendation
51721,56.78,Medium,2.0,3,Yes (Active Ticket),Others,UPI,4.0,2,137.57,Potential Loyalist,3,2,2,Engagement Email & Product Recommendation
54902,56.78,Medium,7.0,3,No,Laptop & Accessory,Debit Card,1.0,4,179.99,Loyal Customers,4,4,3,Engagement Email & Product Recommendation
54713,56.69,Medium,3.0,4,Yes (Active Ticket),Others,Credit Card,4.0,2,165.32,Potential Loyalist,3,2,3,Engagement Email & Product Recommendation
52067,56.67,Medium,2.0,2,No,Laptop & Accessory,Debit Card,13.0,3,178.59,At Risk,1,3,3,Engagement Email & Product Recommendation
53984,56.6,Medium,3.0,5,Yes (Active Ticket),Grocery,Credit Card,1.0,2,211.41,Potential Loyalist,4,2,4,Engagement Email & Product Recommendation
54809,56.59,Medium,3.0,1,No,Laptop & Accessory,E wallet,8.0,1,165.67,Promising,1,1,3,Engagement Email & Product Recommendation
51322,56.56,Medium,2.0,3,Yes (Active Ticket),Mobile Phone,E wallet,5.0,2,167.21,Need Attention,2,2,3,Engagement Email & Product Recommendation
53351,56.54,Medium,2.0,3,No,Laptop & Accessory,Credit Card,7.0,3,169.45,At Risk,2,3,3,Engagement Email & Product Recommendation
50831,56.52,Medium,3.0,3,Yes (Active Ticket),Mobile Phone,Credit Card,5.0,2,229.59,Need Attention,2,2,5,Engagement Email & Product Recommendation
53655,56.5,Medium,0.0,3,No,Mobile Phone,Credit Card,10.0,1,171.99,Promising,1,1,3,Engagement Email & Product Recommendation
50593,56.47,Medium,2.0,3,No,Mobile Phone,Debit Card,8.0,1,134.55,Hibernating,2,1,1,Engagement Email & Product Recommendation
55283,56.44,Medium,2.0,3,Yes (Active Ticket),Mobile Phone,Credit Card,8.0,2,200.59,Need Attention,1,2,4,Engagement Email & Product Recommendation
52677,56.21,Medium,5.0,5,No,Fashion,E wallet,1.0,3,257.65,Loyal Customers,5,3,5,Engagement Email & Product Recommendation
50030,56.14,Medium,0.0,3,Yes (Active Ticket),Grocery,Debit Card,7.0,3,144.64,At Risk,2,3,2,Engagement Email & Product Recommendation
54806,56.12,Medium,8.0,4,Yes (Active Ticket),Grocery,COD,5.0,3,242.42,At Risk,2,4,5,Engagement Email & Product Recommendation
55616,56.12,Medium,18.0,1,Yes (Active Ticket),Laptop & Accessory,Debit Card,14.0,2,144.71,At Risk,1,3,2,Engagement Email & Product Recommendation
52342,56.1,Medium,1.0,2,Yes (Active Ticket),Fashion,COD,2.0,1,132.61,Potential Loyalist,4,1,1,Engagement Email & Product Recommendation
54791,56.09,Medium,1.0,2,No,Laptop & Accessory,Debit Card,5.0,2,125.53,Hibernating,2,2,1,Engagement Email & Product Recommendation
52586,56.06,Medium,10.0,3,Yes (Active Ticket),Laptop & Accessory,Debit Card,12.0,2,151.32,Hibernating,1,2,2,Engagement Email & Product Recommendation
53437,56.02,Medium,3.0,4,Yes (Active Ticket),Laptop & Accessory,Debit Card,1.0,3,143.48,Loyal Customers,4,3,2,Engagement Email & Product Recommendation
55199,56.02,Medium,5.0,2,No,Laptop & Accessory,UPI,9.0,3,158.8,At Risk,1,4,2,Engagement Email & Product Recommendation
53174,55.85,Medium,2.0,4,Yes (Active Ticket),Laptop & Accessory,Credit Card,6.0,4,148.51,At Risk,2,4,2,Engagement Email & Product Recommendation
53948,55.62,Medium,9.0,3,Yes (Active Ticket),Mobile Phone,Debit Card,5.0,3,113.01,At Risk,2,3,1,Engagement Email & Product Recommendation
53035,55.56,Medium,3.0,4,No,Fashion,Debit Card,18.0,2,154.52,Hibernating,1,2,2,Engagement Email & Product Recommendation
50896,55.53,Medium,2.0,1,No,Laptop & Accessory,Credit Card,10.0,3,176.6,At Risk,1,3,3,Engagement Email & Product Recommendation
55128,55.48,Medium,3.0,3,Yes (Active Ticket),Laptop & Accessory,Credit Card,7.0,5,193.14,At Risk,2,5,4,Engagement Email & Product Recommendation
51340,55.46,Medium,0.0,2,No,Laptop & Accessory,Debit Card,4.0,1,156.07,Potential Loyalist,3,1,2,Engagement Email & Product Recommendation
53718,55.46,Medium,1.0,1,No,Grocery,Debit Card,24.0,5,159.97,At Risk,1,5,2,Engagement Email & Product Recommendation
50167,55.32,Medium,4.0,4,Yes (Active Ticket),Mobile Phone,Debit Card,10.0,4,135.25,At Risk,1,4,1,Engagement Email & Product Recommendation
55121,55.27,Medium,4.0,2,Yes (Active Ticket),Grocery,E wallet,7.0,1,173.74,Promising,2,1,3,Engagement Email & Product Recommendation
51764,55.21,Medium,7.0,1,No,Mobile Phone,Credit Card,9.0,4,126.79,At Risk,1,4,1,Engagement Email & Product Recommendation
50302,55.2,Medium,8.0,4,Yes (Active Ticket),Fashion,Debit Card,12.0,1,188.7,Promising,1,1,4,Engagement Email & Product Recommendation
54288,55.18,Medium,9.0,1,Yes (Active Ticket),Mobile Phone,Credit Card,0.0,4,79.43,Loyal Customers,5,4,1,Engagement Email & Product Recommendation
53899,55.14,Medium,8.0,1,Yes (Active Ticket),Others,Debit Card,4.0,2,280.52,Potential Loyalist,3,2,5,Engagement Email & Product Recommendation
51614,55.08,Medium,4.0,1,Yes (Active Ticket),Laptop & Accessory,Debit Card,10.0,5,199.22,At Risk,1,5,4,Engagement Email & Product Recommendation
54021,54.95,Medium,5.0,3,No,Fashion,Credit Card,11.0,3,119.92,At Risk,1,3,1,Engagement Email & Product Recommendation
54096,54.93,Medium,6.0,3,No,Laptop & Accessory,Credit Card,5.0,4,120.51,At Risk,2,4,1,Engagement Email & Product Recommendation
53781,54.92,Medium,5.0,2,Yes (Active Ticket),Others,Debit Card,19.0,1,141.27,Hibernating,1,1,2,Engagement Email & Product Recommendation
52877,54.78,Medium,7.0,4,Yes (Active Ticket),Fashion,Credit Card,14.0,3,257.12,At Risk,1,3,5,Engagement Email & Product Recommendation
55636,54.74,Medium,0.0,3,No,Laptop & Accessory,COD,12.0,2,137.76,At Risk,1,3,2,Engagement Email & Product Recommendation
55327,54.7,Medium,1.0,3,No,Grocery,Debit Card,19.0,2,146.55,Hibernating,1,2,2,Engagement Email & Product Recommendation
54167,54.69,Medium,3.0,5,Yes (Active Ticket),Mobile Phone,COD,17.0,3,124.08,At Risk,1,3,1,Engagement Email & Product Recommendation
51788,54.63,Medium,10.0,3,Yes (Active Ticket),Mobile Phone,Debit Card,3.0,2,138.85,Potential Loyalist,3,2,2,Engagement Email & Product Recommendation
55560,54.57,Medium,10.0,1,No,Laptop & Accessory,Debit Card,8.0,6,94.19,At Risk,1,5,1,Engagement Email & Product Recommendation
54516,54.54,Medium,5.0,4,Yes (Active Ticket),Fashion,Debit Card,8.0,6,219.03,At Risk,1,5,5,Engagement Email & Product Recommendation
51236,54.48,Medium,5.0,2,No,Fashion,Credit Card,11.0,1,160.82,Hibernating,1,1,2,Engagement Email & Product Recommendation
53714,54.44,Medium,10.0,4,Yes (Active Ticket),Fashion,E wallet,4.0,1,185.56,Potential Loyalist,3,1,3,Engagement Email & Product Recommendation
53345,54.41,Medium,6.0,4,No,Laptop & Accessory,Debit Card,0.0,1,160.85,Potential Loyalist,5,1,2,Engagement Email & Product Recommendation
50653,54.38,Medium,9.0,1,Yes (Active Ticket),Mobile Phone,Debit Card,1.0,3,153.87,Loyal Customers,5,3,2,Engagement Email & Product Recommendation
52505,54.27,Medium,2.0,1,Yes (Active Ticket),Mobile Phone,Credit Card,5.0,2,228.76,Need Attention,2,2,5,Engagement Email & Product Recommendation
51694,54.21,Medium,2.0,4,Yes (Active Ticket),Fashion,Credit Card,8.0,2,251.63,Need Attention,2,2,5,Engagement Email & Product Recommendation
52392,54.14,Medium,2.0,5,Yes (Active Ticket),Laptop & Accessory,E wallet,12.0,5,175.08,At Risk,1,5,3,Engagement Email & Product Recommendation
52175,54.12,Medium,3.0,5,Yes (Active Ticket),Laptop & Accessory,Credit Card,5.0,3,192.25,At Risk,2,3,4,Engagement Email & Product Recommendation
52634,54.1,Medium,2.0,4,Yes (Active Ticket),Others,Debit Card,6.0,2,161.03,Hibernating,2,2,2,Engagement Email & Product Recommendation
53446,54.1,Medium,10.0,3,Yes (Active Ticket),Laptop & Accessory,Credit Card,7.0,3,198.53,At Risk,2,3,4,Engagement Email & Product Recommendation
54400,54.07,Medium,1.0,2,Yes (Active Ticket),Laptop & Accessory,COD,0.0,8,206.7,Champions,5,5,4,Engagement Email & Product Recommendation
55537,54.07,Medium,2.0,4,Yes (Active Ticket),Mobile Phone,Credit Card,7.0,3,238.49,At Risk,2,4,5,Engagement Email & Product Recommendation
53943,54.05,Medium,1.0,3,No,Laptop & Accessory,COD,18.0,2,161.53,Hibernating,1,2,2,Engagement Email & Product Recommendation
52930,53.94,Medium,5.0,4,No,Mobile Phone,Credit Card,1.0,3,173.96,Loyal Customers,5,3,3,Engagement Email & Product Recommendation
52869,53.93,Medium,3.0,5,No,Laptop & Accessory,Debit Card,1.0,4,168.34,Loyal Customers,5,4,3,Engagement Email & Product Recommendation
55540,53.93,Medium,6.0,2,Yes (Active Ticket),Laptop & Accessory,E wallet,10.0,1,94.93,Hibernating,1,1,1,Engagement Email & Product Recommendation
53118,53.81,Medium,0.0,3,Yes (Active Ticket),Laptop & Accessory,Credit Card,8.0,2,57.27,Hibernating,1,2,1,Engagement Email & Product Recommendation
52081,53.8,Medium,0.0,2,Yes (Active Ticket),Laptop & Accessory,UPI,4.0,2,224.77,Potential Loyalist,3,2,5,Engagement Email & Product Recommendation
54045,53.77,Medium,5.0,3,Yes (Active Ticket),Laptop & Accessory,Debit Card,3.0,3,192.75,Loyal Customers,3,3,4,Engagement Email & Product Recommendation
51143,53.69,Medium,11.0,1,Yes (Active Ticket),Others,Debit Card,5.0,6,136.91,At Risk,2,5,2,Engagement Email & Product Recommendation
51763,53.68,Medium,1.0,2,Yes (Active Ticket),Grocery,COD,1.0,3,160.44,Loyal Customers,5,3,2,Engagement Email & Product Recommendation
53864,53.65,Medium,3.0,1,Yes (Active Ticket),Fashion,Credit Card,4.0,4,174.98,Loyal Customers,3,4,3,Engagement Email & Product Recommendation
53073,53.63,Medium,4.0,1,Yes (Active Ticket),Mobile Phone,Credit Card,10.0,4,199.31,At Risk,1,4,4,Engagement Email & Product Recommendation
54168,53.6,Medium,1.0,4,No,Grocery,Debit Card,8.0,2,89.35,Hibernating,1,2,1,Engagement Email & Product Recommendation
50651,53.46,Medium,1.0,3,Yes (Active Ticket),Laptop & Accessory,E wallet,7.0,2,179.99,Need Attention,2,2,3,Engagement Email & Product Recommendation
50267,53.4,Medium,12.0,4,Yes (Active Ticket),Laptop & Accessory,E wallet,7.0,3,230.92,At Risk,2,3,5,Engagement Email & Product Recommendation
53321,53.26,Medium,8.0,3,No,Laptop & Accessory,Debit Card,13.0,2,159.64,Hibernating,1,2,2,Engagement Email & Product Recommendation
53674,53.25,Medium,1.0,3,No,Fashion,Debit Card,5.0,2,138.26,Hibernating,2,2,2,Engagement Email & Product Recommendation
50937,53.24,Medium,0.0,3,No,Laptop & Accessory,Debit Card,14.0,2,175.58,Need Attention,1,2,3,Engagement Email & Product Recommendation
50794,53.19,Medium,9.0,1,Yes (Active Ticket),Laptop & Accessory,Credit Card,2.0,4,198.73,Champions,4,4,4,Engagement Email & Product Recommendation
50357,53.11,Medium,0.0,2,No,Fashion,UPI,8.0,4,177.74,At Risk,2,4,3,Engagement Email & Product Recommendation
55385,53.07,Medium,10.0,5,Yes (Active Ticket),Grocery,Credit Card,18.0,2,152.97,Hibernating,1,2,2,Engagement Email & Product Recommendation
54951,53.06,Medium,5.0,1,Yes (Active Ticket),Laptop & Accessory,Debit Card,0.0,3,103.92,Loyal Customers,5,4,1,Engagement Email & Product Recommendation
53759,53.05,Medium,6.0,2,Yes (Active Ticket),Mobile Phone,UPI,19.0,2,227.95,Need Attention,1,2,5,Engagement Email & Product Recommendation
50020,53.04,Medium,3.0,1,No,Fashion,Debit Card,5.0,1,126.6,Potential Loyalist,3,1,1,Engagement Email & Product Recommendation
51277,53.01,Medium,3.0,4,Yes (Active Ticket),Laptop & Accessory,Debit Card,5.0,2,119.81,Hibernating,2,2,1,Engagement Email & Product Recommendation
50263,52.92,Medium,2.0,4,Yes (Active Ticket),Fashion,Credit Card,5.0,4,202.8,Loyal Customers,3,4,4,Engagement Email & Product Recommendation
51069,52.77,Medium,4.0,3,No,Laptop & Accessory,Credit Card,9.0,8,61.07,At Risk,1,5,1,Engagement Email & Product Recommendation
52707,52.76,Medium,1.0,2,No,Laptop & Accessory,Debit Card,1.0,7,73.96,Loyal Customers,5,5,1,Engagement Email & Product Recommendation
53108,52.76,Medium,0.0,2,Yes (Active Ticket),Grocery,Credit Card,8.0,1,173.61,Promising,1,1,3,Engagement Email & Product Recommendation
50171,52.58,Medium,11.0,4,Yes (Active Ticket),Mobile Phone,Debit Card,9.0,3,168.67,At Risk,1,3,3,Engagement Email & Product Recommendation
52298,52.56,Medium,0.0,4,Yes (Active Ticket),Mobile Phone,Credit Card,9.0,3,114.02,At Risk,1,3,1,Engagement Email & Product Recommendation
50088,52.51,Medium,10.0,1,Yes (Active Ticket),Fashion,Credit Card,3.0,1,182.7,Potential Loyalist,3,1,3,Engagement Email & Product Recommendation
52177,52.51,Medium,3.0,3,Yes (Active Ticket),Laptop & Accessory,Credit Card,2.0,4,235.51,Champions,4,4,5,Engagement Email & Product Recommendation
51403,52.49,Medium,0.0,3,Yes (Active Ticket),Laptop & Accessory,Credit Card,18.0,3,235.6,At Risk,1,3,5,Engagement Email & Product Recommendation
55445,52.47,Medium,1.0,4,Yes (Active Ticket),Grocery,Debit Card,9.0,1,168.39,Promising,1,1,3,Engagement Email & Product Recommendation
52564,52.45,Medium,1.0,4,No,Laptop & Accessory,Credit Card,0.0,2,183.07,Potential Loyalist,5,2,3,Engagement Email & Product Recommendation
52203,52.4,Medium,5.0,3,No,Laptop & Accessory,UPI,9.0,3,141.18,At Risk,1,3,2,Engagement Email & Product Recommendation
54627,52.35,Medium,4.0,5,Yes (Active Ticket),Grocery,Debit Card,1.0,3,204.74,Loyal Customers,4,3,4,Engagement Email & Product Recommendation
53123,52.32,Medium,1.0,5,Yes (Active Ticket),Laptop & Accessory,Credit Card,0.0,3,80.38,Loyal Customers,5,3,1,Engagement Email & Product Recommendation
55293,52.31,Medium,0.0,3,No,Fashion,COD,9.0,2,147.47,Hibernating,1,2,2,Engagement Email & Product Recommendation
51395,52.29,Medium,4.0,3,Yes (Active Ticket),Mobile Phone,Debit Card,2.0,4,184.98,Loyal Customers,4,4,3,Engagement Email & Product Recommendation
55665,52.29,Medium,0.0,3,No,Grocery,Credit Card,9.0,2,110.55,At Risk,1,3,1,Engagement Email & Product Recommendation
55470,52.27,Medium,4.0,4,Yes (Active Ticket),Grocery,COD,0.0,2,209.95,Loyal Customers,5,3,4,Engagement Email & Product Recommendation
53202,52.22,Medium,7.0,4,Yes (Active Ticket),Fashion,Credit Card,3.0,5,239.9,Loyal Customers,3,5,5,Engagement Email & Product Recommendation
52910,52.21,Medium,4.0,2,Yes (Active Ticket),Laptop & Accessory,Credit Card,2.0,1,203.73,Potential Loyalist,4,1,4,Engagement Email & Product Recommendation
50515,52.18,Medium,0.0,2,Yes (Active Ticket),Fashion,Debit Card,5.0,4,219.15,At Risk,2,4,5,Engagement Email & Product Recommendation
52039,52.18,Medium,3.0,3,Yes (Active Ticket),Fashion,Debit Card,1.0,4,126.5,Loyal Customers,5,4,1,Engagement Email & Product Recommendation
53827,52.17,Medium,6.0,3,Yes (Active Ticket),Laptop & Accessory,Debit Card,2.0,2,188.48,Potential Loyalist,4,2,4,Engagement Email & Product Recommendation
50834,52.13,Medium,2.0,5,Yes (Active Ticket),Grocery,Credit Card,5.0,1,111.04,Hibernating,2,1,1,Engagement Email & Product Recommendation
55209,52.13,Medium,20.0,2,Yes (Active Ticket),Fashion,Debit Card,23.0,3,119.13,At Risk,1,4,1,Engagement Email & Product Recommendation
55598,52.08,Medium,11.0,3,Yes (Active Ticket),Laptop & Accessory,Credit Card,1.0,2,235.49,Loyal Customers,4,3,5,Engagement Email & Product Recommendation
50237,52.07,Medium,3.0,5,Yes (Active Ticket),Laptop & Accessory,Debit Card,3.0,2,172.5,Potential Loyalist,3,2,3,Engagement Email & Product Recommendation
54934,52.05,Medium,6.0,3,Yes (Active Ticket),Fashion,Debit Card,10.0,4,149.98,At Risk,1,4,2,Engagement Email & Product Recommendation
53061,52.01,Medium,4.0,3,No,Mobile Phone,Debit Card,12.0,2,175.51,Need Attention,1,2,3,Engagement Email & Product Recommendation
53369,51.77,Medium,2.0,1,No,Laptop & Accessory,Debit Card,3.0,1,120.11,Potential Loyalist,3,1,1,Engagement Email & Product Recommendation
55559,51.75,Medium,3.0,4,No,Fashion,Credit Card,1.0,1,159.58,Potential Loyalist,4,1,2,Engagement Email & Product Recommendation
51696,51.74,Medium,1.0,4,Yes (Active Ticket),Mobile Phone,Debit Card,1.0,1,233.65,Potential Loyalist,5,1,5,Engagement Email & Product Recommendation
51726,51.74,Medium,1.0,4,No,Laptop & Accessory,Credit Card,8.0,3,98.68,At Risk,2,3,1,Engagement Email & Product Recommendation
53775,51.73,Medium,11.0,4,Yes (Active Ticket),Others,Credit Card,7.0,2,208.74,Need Attention,2,2,4,Engagement Email & Product Recommendation
52073,51.71,Medium,2.0,5,Yes (Active Ticket),Mobile Phone,Debit Card,12.0,3,185.4,At Risk,1,3,3,Engagement Email & Product Recommendation
50181,51.69,Medium,4.0,2,No,Mobile Phone,Debit Card,9.0,4,174.02,At Risk,1,4,3,Engagement Email & Product Recommendation
50449,51.68,Medium,5.0,4,Yes (Active Ticket),Fashion,Credit Card,8.0,1,156.24,Hibernating,2,1,2,Engagement Email & Product Recommendation
50276,51.58,Medium,7.0,3,No,Laptop & Accessory,Debit Card,12.0,4,145.73,At Risk,1,4,2,Engagement Email & Product Recommendation
55078,51.57,Medium,3.0,4,Yes (Active Ticket),Laptop & Accessory,Debit Card,1.0,2,172.45,Potential Loyalist,4,2,3,Engagement Email & Product Recommendation
51035,51.55,Medium,1.0,2,Yes (Active Ticket),Laptop & Accessory,Debit Card,3.0,3,200.29,Loyal Customers,3,3,4,Engagement Email & Product Recommendation
50847,51.53,Medium,1.0,3,Yes (Active Ticket),Mobile Phone,UPI,1.0,2,119.71,Potential Loyalist,5,2,1,Engagement Email & Product Recommendation
50194,51.51,Medium,10.0,5,Yes (Active Ticket),Grocery,Credit Card,2.0,2,68.09,Potential Loyalist,4,2,1,Engagement Email & Product Recommendation
55526,51.5,Medium,0.0,2,Yes (Active Ticket),Laptop & Accessory,Credit Card,13.0,4,204.94,At Risk,1,4,4,Engagement Email & Product Recommendation
50453,51.48,Medium,6.0,4,Yes (Active Ticket),Laptop & Accessory,Debit Card,9.0,3,185.51,At Risk,1,3,3,Engagement Email & Product Recommendation
52557,51.48,Medium,7.0,3,Yes (Active Ticket),Laptop & Accessory,Credit Card,1.0,3,189.36,Loyal Customers,5,3,4,Engagement Email & Product Recommendation
51276,51.46,Medium,1.0,3,Yes (Active Ticket),Laptop & Accessory,Credit Card,2.0,5,233.8,Champions,4,5,5,Engagement Email & Product Recommendation
50091,51.44,Medium,1.0,5,Yes (Active Ticket),Laptop & Accessory,E wallet,18.0,2,155.9,Hibernating,1,1,2,Engagement Email & Product Recommendation
52666,51.4,Medium,3.0,5,Yes (Active Ticket),Fashion,Credit Card,5.0,4,128.07,At Risk,2,4,1,Engagement Email & Product Recommendation
55547,51.37,Medium,1.0,3,No,Laptop & Accessory,Credit Card,16.0,7,140.54,At Risk,1,5,2,Engagement Email & Product Recommendation
52202,51.35,Medium,1.0,4,Yes (Active Ticket),Mobile Phone,Debit Card,15.0,6,153.2,At Risk,1,5,2,Engagement Email & Product Recommendation
53379,51.34,Medium,1.0,3,No,Mobile Phone,Debit Card,9.0,4,162.66,At Risk,1,4,2,Engagement Email & Product Recommendation
54493,51.16,Medium,8.0,5,Yes (Active Ticket),Laptop & Accessory,Debit Card,8.0,2,163.73,Hibernating,1,2,2,Engagement Email & Product Recommendation
52068,51.08,Medium,3.0,2,Yes (Active Ticket),Others,Credit Card,5.0,1,133.73,Hibernating,2,1,1,Engagement Email & Product Recommendation
52456,51.04,Medium,1.0,2,Yes (Active Ticket),Laptop & Accessory,Credit Card,1.0,3,152.56,Loyal Customers,5,3,2,Engagement Email & Product Recommendation
55574,51.03,Medium,10.0,1,Yes (Active Ticket),Mobile Phone,Credit Card,7.0,5,131.71,At Risk,2,5,1,Engagement Email & Product Recommendation
54156,51.01,Medium,0.0,1,No,Mobile Phone,Credit Card,7.0,2,157.68,Hibernating,2,2,2,Engagement Email & Product Recommendation
54286,50.99,Medium,9.0,4,Yes (Active Ticket),Fashion,Debit Card,2.0,2,114.0,Potential Loyalist,4,2,1,Engagement Email & Product Recommendation
53564,50.98,Medium,5.0,3,No,Mobile Phone,Debit Card,16.0,3,92.71,At Risk,1,3,1,Engagement Email & Product Recommendation
50742,50.95,Medium,4.0,4,Yes (Active Ticket),Mobile Phone,Credit Card,9.0,4,222.59,At Risk,1,4,5,Engagement Email & Product Recommendation
50598,50.9,Medium,2.0,2,No,Laptop & Accessory,Debit Card,19.0,2,214.91,Need Attention,1,2,4,Engagement Email & Product Recommendation
53330,50.9,Medium,11.0,5,Yes (Active Ticket),Laptop & Accessory,Credit Card,4.0,3,216.25,Loyal Customers,3,3,4,Engagement Email & Product Recommendation
50983,50.81,Medium,1.0,3,No,Laptop & Accessory,Debit Card,6.0,2,175.53,Need Attention,2,2,3,Engagement Email & Product Recommendation
55263,50.81,Medium,8.0,3,Yes (Active Ticket),Mobile Phone,Debit Card,0.0,4,145.87,Loyal Customers,5,4,2,Engagement Email & Product Recommendation
52103,50.78,Medium,2.0,3,Yes (Active Ticket),Mobile Phone,Debit Card,12.0,6,120.37,At Risk,1,5,1,Engagement Email & Product Recommendation
54420,50.78,Medium,2.0,5,Yes (Active Ticket),Laptop & Accessory,Credit Card,8.0,1,178.66,Promising,1,1,3,Engagement Email & Product Recommendation
50038,50.77,Medium,1.0,5,Yes (Active Ticket),Others,Debit Card,1.0,2,152.63,Potential Loyalist,5,1,2,Engagement Email & Product Recommendation
51238,50.77,Medium,6.0,5,Yes (Active Ticket),Laptop & Accessory,Debit Card,4.0,1,133.3,Potential Loyalist,3,1,1,Engagement Email & Product Recommendation
50244,50.73,Medium,5.0,5,No,Others,Debit Card,6.0,2,148.89,Hibernating,2,2,2,Engagement Email & Product Recommendation
50674,50.66,Medium,7.0,3,Yes (Active Ticket),Laptop & Accessory,Credit Card,8.0,5,166.79,At Risk,2,5,3,Engagement Email & Product Recommendation
52448,50.62,Medium,2.0,3,No,Laptop & Accessory,Debit Card,6.0,2,14.12,Hibernating,2,2,1,Engagement Email & Product Recommendation
51724,50.59,Medium,1.0,3,Yes (Active Ticket),Fashion,E wallet,1.0,3,175.92,Loyal Customers,5,3,3,Engagement Email & Product Recommendation
51841,50.49,Medium,5.0,2,Yes (Active Ticket),Laptop & Accessory,Credit Card,3.0,1,158.53,Potential Loyalist,3,1,2,Engagement Email & Product Recommendation
54142,50.44,Medium,1.0,3,No,Laptop & Accessory,Credit Card,7.0,4,170.67,At Risk,2,4,3,Engagement Email & Product Recommendation
52853,50.4,Medium,2.0,3,Yes (Active Ticket),Mobile Phone,Credit Card,2.0,4,180.5,Loyal Customers,4,4,3,Engagement Email & Product Recommendation
53531,50.36,Medium,3.0,1,No,Mobile Phone,Debit Card,10.0,5,93.85,At Risk,1,5,1,Engagement Email & Product Recommendation
50376,50.35,Medium,4.0,2,Yes (Active Ticket),Laptop & Accessory,Credit Card,3.0,2,219.22,Potential Loyalist,3,2,5,Engagement Email & Product Recommendation
55164,50.34,Medium,6.0,4,Yes (Active Ticket),Laptop & Accessory,Credit Card,6.0,5,124.88,At Risk,2,5,1,Engagement Email & Product Recommendation
54427,50.32,Medium,3.0,3,Yes (Active Ticket),Others,Debit Card,5.0,5,199.05,At Risk,2,5,4,Engagement Email & Product Recommendation
53666,50.31,Medium,6.0,3,Yes (Active Ticket),Mobile Phone,UPI,15.0,7,144.4,At Risk,1,5,2,Engagement Email & Product Recommendation
50751,50.28,Medium,1.0,1,No,Mobile Phone,Debit Card,7.0,6,145.07,At Risk,2,5,2,Engagement Email & Product Recommendation
54839,50.21,Medium,0.0,5,Yes (Active Ticket),Laptop & Accessory,Debit Card,5.0,6,145.64,At Risk,2,5,2,Engagement Email & Product Recommendation
55288,50.21,Medium,1.0,3,Yes (Active Ticket),Fashion,Debit Card,9.0,3,159.52,At Risk,1,4,2,Engagement Email & Product Recommendation
52284,50.2,Medium,0.0,1,No,Mobile Phone,Debit Card,4.0,3,110.94,Loyal Customers,3,3,1,Engagement Email & Product Recommendation
50403,50.19,Medium,7.0,3,Yes (Active Ticket),Mobile Phone,Debit Card,4.0,3,234.82,Loyal Customers,3,3,5,Engagement Email & Product Recommendation
50027,50.13,Medium,2.0,3,Yes (Active Ticket),Grocery,Credit Card,11.0,1,170.74,Promising,1,1,3,Engagement Email & Product Recommendation
51250,50.12,Medium,10.0,5,Yes (Active Ticket),Laptop & Accessory,Credit Card,1.0,3,117.38,Loyal Customers,5,3,1,Engagement Email & Product Recommendation
53601,50.09,Medium,2.0,3,Yes (Active Ticket),Laptop & Accessory,Debit Card,5.0,5,179.03,At Risk,2,5,3,Engagement Email & Product Recommendation
50899,50.06,Medium,0.0,5,Yes (Active Ticket),Laptop & Accessory,Credit Card,4.0,1,156.67,Potential Loyalist,3,1,2,Engagement Email & Product Recommendation
54573,50.01,Medium,3.0,2,No,Others,Debit Card,9.0,2,148.5,Hibernating,1,2,2,Engagement Email & Product Recommendation
53111,49.99,Low,10.0,4,Yes (Active Ticket),Mobile Phone,Debit Card,5.0,3,217.43,At Risk,2,3,5,Standard Loyalty Nurture
55224,49.98,Low,4.0,2,Yes (Active Ticket),Grocery,Credit Card,14.0,1,185.13,Promising,1,1,3,Standard Loyalty Nurture
53301,49.95,Low,6.0,1,No,Fashion,Debit Card,13.0,2,162.84,Hibernating,1,2,2,Standard Loyalty Nurture
51117,49.92,Low,1.0,3,Yes (Active Ticket),Others,Debit Card,0.0,2,201.83,Potential Loyalist,5,2,4,Standard Loyalty Nurture
52728,49.92,Low,3.0,1,Yes (Active Ticket),Grocery,Debit Card,13.0,3,186.1,At Risk,1,3,3,Standard Loyalty Nurture
54466,49.88,Low,5.0,1,No,Grocery,Credit Card,3.0,5,113.84,Loyal Customers,3,5,1,Standard Loyalty Nurture
55256,49.78,Low,7.0,1,Yes (Active Ticket),Laptop & Accessory,Credit Card,5.0,3,254.65,At Risk,2,4,5,Standard Loyalty Nurture
53593,49.75,Low,8.0,5,Yes (Active Ticket),Laptop & Accessory,Debit Card,4.0,1,160.51,Potential Loyalist,3,1,2,Standard Loyalty Nurture
51809,49.71,Low,2.0,4,Yes (Active Ticket),Laptop & Accessory,Credit Card,3.0,4,200.34,Loyal Customers,3,4,4,Standard Loyalty Nurture
54993,49.63,Low,4.0,4,No,Grocery,Debit Card,8.0,5,129.38,At Risk,1,5,1,Standard Loyalty Nurture
52393,49.61,Low,6.0,2,Yes (Active Ticket),Grocery,UPI,9.0,2,201.08,Need Attention,1,2,4,Standard Loyalty Nurture
50006,49.59,Low,2.0,3,No,Fashion,Debit Card,6.0,3,116.34,At Risk,2,3,1,Standard Loyalty Nurture
50761,49.56,Low,2.0,5,Yes (Active Ticket),Laptop & Accessory,Credit Card,9.0,3,179.95,At Risk,1,3,3,Standard Loyalty Nurture
54742,49.56,Low,1.0,3,Yes (Active Ticket),Laptop & Accessory,Debit Card,1.0,3,117.12,Loyal Customers,4,4,1,Standard Loyalty Nurture
55220,49.54,Low,1.0,3,Yes (Active Ticket),Mobile Phone,Credit Card,8.0,4,209.71,At Risk,1,4,4,Standard Loyalty Nurture
52016,49.48,Low,5.0,2,Yes (Active Ticket),Fashion,Credit Card,7.0,3,83.95,At Risk,2,3,1,Standard Loyalty Nurture
53004,49.46,Low,10.0,2,Yes (Active Ticket),Laptop & Accessory,Debit Card,9.0,3,195.01,At Risk,1,3,4,Standard Loyalty Nurture
55160,49.42,Low,3.0,3,Yes (Active Ticket),Laptop & Accessory,Credit Card,2.0,3,145.61,Loyal Customers,4,4,2,Standard Loyalty Nurture
51165,49.39,Low,2.0,5,Yes (Active Ticket),Laptop & Accessory,Debit Card,4.0,3,213.81,Loyal Customers,3,3,4,Standard Loyalty Nurture
52865,49.36,Low,6.0,3,Yes (Active Ticket),Laptop & Accessory,UPI,4.0,1,118.51,Potential Loyalist,3,1,1,Standard Loyalty Nurture
54171,49.31,Low,2.0,1,Yes (Active Ticket),Laptop & Accessory,Credit Card,3.0,3,212.38,Loyal Customers,3,3,4,Standard Loyalty Nurture
52227,49.3,Low,4.0,2,Yes (Active Ticket),Fashion,Debit Card,2.0,5,106.53,Loyal Customers,4,5,1,Standard Loyalty Nurture
53744,49.3,Low,1.0,3,Yes (Active Ticket),Laptop & Accessory,Debit Card,0.0,3,115.88,Loyal Customers,5,3,1,Standard Loyalty Nurture
53626,49.28,Low,3.0,1,No,Laptop & Accessory,Credit Card,5.0,7,107.34,At Risk,2,5,1,Standard Loyalty Nurture
52297,49.24,Low,2.0,3,Yes (Active Ticket),Laptop & Accessory,Debit Card,10.0,4,120.3,At Risk,1,4,1,Standard Loyalty Nurture
50225,49.22,Low,3.0,3,No,Laptop & Accessory,Debit Card,23.0,1,118.95,Hibernating,1,1,1,Standard Loyalty Nurture
52360,49.22,Low,2.0,2,No,Grocery,Debit Card,3.0,3,113.65,Loyal Customers,3,3,1,Standard Loyalty Nurture
52429,49.16,Low,4.0,5,Yes (Active Ticket),Laptop & Accessory,Debit Card,10.0,3,250.6,At Risk,1,3,5,Standard Loyalty Nurture
52232,49.15,Low,0.0,3,Yes (Active Ticket),Fashion,Credit Card,3.0,4,149.8,Loyal Customers,3,4,2,Standard Loyalty Nurture
50739,49.14,Low,6.0,4,Yes (Active Ticket),Laptop & Accessory,Credit Card,1.0,3,133.78,Loyal Customers,5,3,1,Standard Loyalty Nurture
54850,49.14,Low,1.0,4,Yes (Active Ticket),Fashion,Debit Card,1.0,2,242.04,Potential Loyalist,4,2,5,Standard Loyalty Nurture
52800,49.11,Low,2.0,4,Yes (Active Ticket),Laptop & Accessory,Debit Card,5.0,4,185.66,At Risk,2,4,3,Standard Loyalty Nurture
51833,49.02,Low,9.0,3,Yes (Active Ticket),Laptop & Accessory,Credit Card,5.0,4,146.3,At Risk,2,4,2,Standard Loyalty Nurture
53522,49.02,Low,6.0,3,No,Laptop & Accessory,Debit Card,14.0,2,166.32,Need Attention,1,2,3,Standard Loyalty Nurture
55232,49.02,Low,5.0,2,Yes (Active Ticket),Laptop & Accessory,Debit Card,7.0,5,170.66,At Risk,2,5,3,Standard Loyalty Nurture
54342,49.0,Low,0.0,4,Yes (Active Ticket),Laptop & Accessory,Credit Card,2.0,2,129.69,Potential Loyalist,4,2,1,Standard Loyalty Nurture
54604,49.0,Low,5.0,4,Yes (Active Ticket),Others,Debit Card,2.0,3,129.4,Loyal Customers,4,3,1,Standard Loyalty Nurture
54006,48.96,Low,3.0,2,Yes (Active Ticket),Laptop & Accessory,Credit Card,5.0,6,196.96,At Risk,2,5,4,Standard Loyalty Nurture
51752,48.92,Low,2.0,3,No,Grocery,Debit Card,8.0,4,162.37,At Risk,2,4,2,Standard Loyalty Nurture
51256,48.91,Low,6.0,2,Yes (Active Ticket),Laptop & Accessory,Credit Card,5.0,2,242.4,Need Attention,2,2,5,Standard Loyalty Nurture
50707,48.9,Low,4.0,2,No,Laptop & Accessory,Debit Card,20.0,4,195.86,At Risk,1,4,4,Standard Loyalty Nurture
50980,48.87,Low,9.0,3,No,Others,Debit Card,9.0,2,157.33,Hibernating,1,2,2,Standard Loyalty Nurture
54215,48.84,Low,10.0,3,Yes (Active Ticket),Mobile Phone,E wallet,4.0,1,151.33,Potential Loyalist,3,1,2,Standard Loyalty Nurture
50112,48.81,Low,2.0,4,Yes (Active Ticket),Laptop & Accessory,Debit Card,5.0,4,108.89,Loyal Customers,3,4,1,Standard Loyalty Nurture
53662,48.81,Low,7.0,3,Yes (Active Ticket),Others,E wallet,11.0,4,214.34,At Risk,1,4,4,Standard Loyalty Nurture
53594,48.79,Low,9.0,3,Yes (Active Ticket),Laptop & Accessory,COD,1.0,2,146.04,Potential Loyalist,4,2,2,Standard Loyalty Nurture
51292,48.74,Low,1.0,3,Yes (Active Ticket),Mobile Phone,UPI,6.0,3,211.66,At Risk,2,3,4,Standard Loyalty Nurture
53927,48.71,Low,9.0,3,Yes (Active Ticket),Laptop & Accessory,Debit Card,3.0,1,135.55,Potential Loyalist,3,1,2,Standard Loyalty Nurture
52209,48.7,Low,3.0,4,Yes (Active Ticket),Others,Debit Card,7.0,5,203.0,At Risk,2,5,4,Standard Loyalty Nurture
54828,48.61,Low,2.0,3,No,Fashion,UPI,15.0,3,92.22,At Risk,1,4,1,Standard Loyalty Nurture
50694,48.58,Low,3.0,3,Yes (Active Ticket),Fashion,Debit Card,6.0,1,207.33,Promising,2,1,4,Standard Loyalty Nurture
52223,48.58,Low,1.0,5,Yes (Active Ticket),Grocery,Debit Card,4.0,6,223.78,Loyal Customers,3,5,5,Standard Loyalty Nurture
54303,48.56,Low,14.0,3,Yes (Active Ticket),Laptop & Accessory,UPI,10.0,2,103.53,Hibernating,1,2,1,Standard Loyalty Nurture
54962,48.56,Low,2.0,5,Yes (Active Ticket),Others,COD,5.0,2,185.56,Need Attention,2,2,3,Standard Loyalty Nurture
50697,48.55,Low,3.0,1,Yes (Active Ticket),Mobile Phone,Debit Card,2.0,4,138.3,Loyal Customers,4,4,2,Standard Loyalty Nurture
50031,48.52,Low,9.0,3,Yes (Active Ticket),Grocery,Debit Card,2.0,2,168.3,Potential Loyalist,4,1,3,Standard Loyalty Nurture
54541,48.49,Low,2.0,5,Yes (Active Ticket),Fashion,Credit Card,7.0,2,262.81,Need Attention,2,2,5,Standard Loyalty Nurture
51083,48.42,Low,5.0,5,Yes (Active Ticket),Mobile Phone,E wallet,6.0,2,143.44,Hibernating,2,2,2,Standard Loyalty Nurture
52593,48.42,Low,8.0,3,Yes (Active Ticket),Laptop & Accessory,Credit Card,8.0,2,136.7,Hibernating,2,2,2,Standard Loyalty Nurture
50745,48.41,Low,3.0,5,No,Laptop & Accessory,Debit Card,2.0,7,120.67,Loyal Customers,4,5,1,Standard Loyalty Nurture
53843,48.4,Low,6.0,2,Yes (Active Ticket),Fashion,Debit Card,10.0,1,201.52,Promising,1,1,4,Standard Loyalty Nurture
50924,48.36,Low,16.0,1,Yes (Active Ticket),Laptop & Accessory,Debit Card,11.0,3,177.4,At Risk,1,3,3,Standard Loyalty Nurture
52506,48.35,Low,1.0,3,No,Mobile Phone,Debit Card,3.0,3,127.1,Loyal Customers,3,3,1,Standard Loyalty Nurture
51326,48.32,Low,4.0,5,Yes (Active Ticket),Fashion,Credit Card,12.0,4,151.51,At Risk,1,4,2,Standard Loyalty Nurture
52526,48.22,Low,3.0,4,Yes (Active Ticket),Laptop & Accessory,Debit Card,6.0,4,191.29,At Risk,2,4,4,Standard Loyalty Nurture
55647,48.22,Low,5.0,3,No,Laptop & Accessory,Credit Card,7.0,2,136.12,At Risk,2,3,2,Standard Loyalty Nurture
52903,48.2,Low,0.0,3,No,Mobile Phone,Debit Card,5.0,2,62.89,Hibernating,2,2,1,Standard Loyalty Nurture
55270,48.2,Low,4.0,5,Yes (Active Ticket),Fashion,E wallet,4.0,3,162.21,Loyal Customers,3,4,2,Standard Loyalty Nurture
55275,48.2,Low,6.0,2,No,Fashion,UPI,10.0,3,143.14,At Risk,1,4,2,Standard Loyalty Nurture
53278,48.18,Low,7.0,3,Yes (Active Ticket),Laptop & Accessory,Debit Card,7.0,5,166.31,At Risk,2,5,3,Standard Loyalty Nurture
51695,48.17,Low,5.0,2,No,Laptop & Accessory,UPI,9.0,1,151.67,Hibernating,1,1,2,Standard Loyalty Nurture
53672,48.15,Low,1.0,2,Yes (Active Ticket),Grocery,Credit Card,3.0,4,221.07,Loyal Customers,3,4,5,Standard Loyalty Nurture
53510,48.11,Low,1.0,2,Yes (Active Ticket),Laptop & Accessory,Debit Card,7.0,2,209.91,Need Attention,2,2,4,Standard Loyalty Nurture
55549,48.1,Low,3.0,2,No,Laptop & Accessory,Credit Card,12.0,2,166.58,At Risk,1,3,3,Standard Loyalty Nurture
53026,48.08,Low,5.0,3,Yes (Active Ticket),Laptop & Accessory,Credit Card,2.0,4,92.63,Loyal Customers,4,4,1,Standard Loyalty Nurture
51128,48.03,Low,5.0,4,Yes (Active Ticket),Mobile Phone,Debit Card,1.0,3,230.72,Loyal Customers,5,3,5,Standard Loyalty Nurture
51138,48.02,Low,7.0,4,No,Mobile Phone,Debit Card,11.0,2,124.75,Hibernating,1,2,1,Standard Loyalty Nurture
53658,48.0,Low,7.0,3,No,Fashion,E wallet,24.0,6,308.32,At Risk,1,5,5,Standard Loyalty Nurture
55282,48.0,Low,7.0,3,Yes (Active Ticket),Mobile Phone,E wallet,5.0,5,228.07,At Risk,2,5,5,Standard Loyalty Nurture
50600,47.99,Low,0.0,3,Yes (Active Ticket),Fashion,UPI,2.0,2,163.84,Potential Loyalist,4,2,2,Standard Loyalty Nurture
53409,47.99,Low,3.0,3,Yes (Active Ticket),Grocery,Debit Card,12.0,3,143.46,At Risk,1,3,2,Standard Loyalty Nurture
53940,47.98,Low,5.0,3,Yes (Active Ticket),Mobile Phone,COD,7.0,5,192.34,At Risk,2,5,4,Standard Loyalty Nurture
52881,47.97,Low,4.0,3,Yes (Active Ticket),Fashion,Credit Card,14.0,1,85.91,Hibernating,1,1,1,Standard Loyalty Nurture
52941,47.97,Low,3.0,5,Yes (Active Ticket),Fashion,E wallet,4.0,1,208.52,Potential Loyalist,3,1,4,Standard Loyalty Nurture
55066,47.96,Low,0.0,3,Yes (Active Ticket),Laptop & Accessory,Debit Card,1.0,2,170.31,Potential Loyalist,4,2,3,Standard Loyalty Nurture
54697,47.93,Low,7.0,5,Yes (Active Ticket),Laptop & Accessory,Debit Card,4.0,2,138.74,Potential Loyalist,3,2,2,Standard Loyalty Nurture
50700,47.9,Low,7.0,1,No,Mobile Phone,Debit Card,8.0,1,154.39,Hibernating,2,1,2,Standard Loyalty Nurture
51962,47.9,Low,5.0,1,No,Grocery,Credit Card,4.0,7,113.55,Loyal Customers,3,5,1,Standard Loyalty Nurture
54274,47.86,Low,6.0,4,Yes (Active Ticket),Fashion,Debit Card,3.0,3,168.82,Loyal Customers,3,3,3,Standard Loyalty Nurture
50699,47.81,Low,2.0,5,Yes (Active Ticket),Fashion,Debit Card,7.0,4,170.71,At Risk,2,4,3,Standard Loyalty Nurture
55338,47.81,Low,8.0,4,Yes (Active Ticket),Fashion,E wallet,6.0,5,238.26,At Risk,2,5,5,Standard Loyalty Nurture
53037,47.78,Low,6.0,4,Yes (Active Ticket),Laptop & Accessory,Debit Card,3.0,2,209.46,Potential Loyalist,3,2,4,Standard Loyalty Nurture
53015,47.75,Low,10.0,2,Yes (Active Ticket),Fashion,Debit Card,2.0,3,110.22,Loyal Customers,4,3,1,Standard Loyalty Nurture
54799,47.75,Low,1.0,5,Yes (Active Ticket),Mobile Phone,Credit Card,2.0,3,166.6,Loyal Customers,4,4,3,Standard Loyalty Nurture
52971,47.72,Low,5.0,3,Yes (Active Ticket),Laptop & Accessory,E wallet,7.0,7,193.16,At Risk,2,5,4,Standard Loyalty Nurture
53139,47.72,Low,7.0,3,Yes (Active Ticket),Laptop & Accessory,UPI,1.0,2,220.97,Potential Loyalist,5,2,5,Standard Loyalty Nurture
50529,47.67,Low,1.0,4,Yes (Active Ticket),Fashion,Credit Card,1.0,4,140.63,Loyal Customers,5,4,2,Standard Loyalty Nurture
51058,47.67,Low,5.0,2,No,Mobile Phone,Debit Card,4.0,2,161.95,Potential Loyalist,3,2,2,Standard Loyalty Nurture
55197,47.63,Low,13.0,3,Yes (Active Ticket),Fashion,Credit Card,12.0,3,201.1,At Risk,1,4,4,Standard Loyalty Nurture
53099,47.58,Low,0.0,4,Yes (Active Ticket),Fashion,Credit Card,4.0,3,150.24,Loyal Customers,3,3,2,Standard Loyalty Nurture
53689,47.57,Low,1.0,3,Yes (Active Ticket),Laptop & Accessory,Credit Card,13.0,6,157.94,At Risk,1,5,2,Standard Loyalty Nurture
51096,47.53,Low,2.0,3,No,Laptop & Accessory,UPI,4.0,1,142.17,Potential Loyalist,3,1,2,Standard Loyalty Nurture
52339,47.51,Low,1.0,3,No,Fashion,UPI,8.0,3,151.54,At Risk,2,3,2,Standard Loyalty Nurture
51203,47.48,Low,0.0,3,Yes (Active Ticket),Laptop & Accessory,Debit Card,2.0,3,171.88,Loyal Customers,4,3,3,Standard Loyalty Nurture
53747,47.47,Low,11.0,1,Yes (Active Ticket),Laptop & Accessory,Credit Card,5.0,3,154.91,At Risk,2,3,2,Standard Loyalty Nurture
52070,47.39,Low,4.0,3,No,Laptop & Accessory,COD,8.0,3,173.98,At Risk,2,3,3,Standard Loyalty Nurture
53266,47.34,Low,1.0,3,Yes (Active Ticket),Laptop & Accessory,Credit Card,7.0,1,186.07,Promising,2,1,3,Standard Loyalty Nurture
50503,47.33,Low,4.0,1,No,Others,Debit Card,10.0,4,178.46,At Risk,1,4,3,Standard Loyalty Nurture
50819,47.32,Low,1.0,1,No,Mobile Phone,Debit Card,8.0,3,210.15,At Risk,2,3,4,Standard Loyalty Nurture
54417,47.28,Low,5.0,4,No,Fashion,E wallet,9.0,1,125.73,Hibernating,1,1,1,Standard Loyalty Nurture
51723,47.27,Low,4.0,4,Yes (Active Ticket),Grocery,Credit Card,7.0,3,231.91,At Risk,2,3,5,Standard Loyalty Nurture
52412,47.23,Low,2.0,3,No,Fashion,Credit Card,12.0,1,171.19,Promising,1,1,3,Standard Loyalty Nurture
52405,47.2,Low,11.0,1,Yes (Active Ticket),Laptop & Accessory,UPI,8.0,4,154.58,At Risk,2,4,2,Standard Loyalty Nurture
52823,47.17,Low,10.0,5,Yes (Active Ticket),Fashion,Credit Card,7.0,5,209.19,At Risk,2,5,4,Standard Loyalty Nurture
50658,47.16,Low,5.0,3,Yes (Active Ticket),Laptop & Accessory,Debit Card,6.0,7,226.66,At Risk,2,5,5,Standard Loyalty Nurture
52615,47.16,Low,4.0,3,Yes (Active Ticket),Fashion,E wallet,2.0,3,196.59,Loyal Customers,4,3,4,Standard Loyalty Nurture
51439,47.15,Low,2.0,2,No,Fashion,Credit Card,4.0,3,103.43,Loyal Customers,3,3,1,Standard Loyalty Nurture
51612,47.07,Low,11.0,3,Yes (Active Ticket),Laptop & Accessory,Debit Card,6.0,2,121.67,Hibernating,2,2,1,Standard Loyalty Nurture
52740,47.03,Low,1.0,5,Yes (Active Ticket),Laptop & Accessory,Debit Card,2.0,2,147.05,Potential Loyalist,4,2,2,Standard Loyalty Nurture
50358,47.01,Low,9.0,4,No,Laptop & Accessory,UPI,27.0,2,97.44,Hibernating,1,2,1,Standard Loyalty Nurture
53172,46.95,Low,3.0,2,No,Mobile Phone,Credit Card,6.0,5,161.51,At Risk,2,5,2,Standard Loyalty Nurture
53177,46.95,Low,11.0,2,No,Laptop & Accessory,Credit Card,11.0,2,110.72,Hibernating,1,2,1,Standard Loyalty Nurture
54266,46.95,Low,6.0,3,No,Fashion,Credit Card,13.0,4,142.37,At Risk,1,4,2,Standard Loyalty Nurture
52406,46.93,Low,9.0,2,Yes (Active Ticket),Laptop & Accessory,Debit Card,5.0,3,204.22,At Risk,2,3,4,Standard Loyalty Nurture
51600,46.9,Low,22.0,3,Yes (Active Ticket),Laptop & Accessory,Debit Card,26.0,3,182.43,At Risk,1,3,3,Standard Loyalty Nurture
51986,46.88,Low,1.0,2,No,Mobile Phone,UPI,7.0,2,137.73,Hibernating,2,2,2,Standard Loyalty Nurture
50245,46.87,Low,0.0,3,No,Laptop & Accessory,Credit Card,13.0,2,154.15,Hibernating,1,2,2,Standard Loyalty Nurture
52856,46.86,Low,7.0,4,Yes (Active Ticket),Others,Credit Card,24.0,2,157.4,Hibernating,1,2,2,Standard Loyalty Nurture
51707,46.84,Low,10.0,2,Yes (Active Ticket),Fashion,E wallet,8.0,1,190.9,Promising,2,1,4,Standard Loyalty Nurture
53299,46.84,Low,5.0,2,Yes (Active Ticket),Laptop & Accessory,Credit Card,2.0,4,197.26,Champions,4,4,4,Standard Loyalty Nurture
55564,46.78,Low,3.0,2,Yes (Active Ticket),Mobile Phone,Credit Card,2.0,7,174.69,Loyal Customers,4,5,3,Standard Loyalty Nurture
50405,46.72,Low,4.0,4,Yes (Active Ticket),Laptop & Accessory,Debit Card,15.0,4,196.97,At Risk,1,4,4,Standard Loyalty Nurture
55326,46.69,Low,9.0,5,Yes (Active Ticket),Laptop & Accessory,E wallet,19.0,2,76.14,Hibernating,1,2,1,Standard Loyalty Nurture
52156,46.65,Low,3.0,1,No,Mobile Phone,Credit Card,6.0,3,113.14,At Risk,2,3,1,Standard Loyalty Nurture
52394,46.64,Low,2.0,5,Yes (Active Ticket),Laptop & Accessory,Debit Card,14.0,4,140.91,At Risk,1,4,2,Standard Loyalty Nurture
52531,46.62,Low,11.0,3,Yes (Active Ticket),Laptop & Accessory,Credit Card,5.0,1,166.85,Promising,2,1,3,Standard Loyalty Nurture
50661,46.61,Low,4.0,1,No,Laptop & Accessory,Credit Card,6.0,2,176.0,Need Attention,2,2,3,Standard Loyalty Nurture
54124,46.61,Low,23.0,1,Yes (Active Ticket),Others,UPI,16.0,2,245.91,Need Attention,1,2,5,Standard Loyalty Nurture
50340,46.6,Low,1.0,5,Yes (Active Ticket),Mobile Phone,Debit Card,5.0,4,119.08,Loyal Customers,3,4,1,Standard Loyalty Nurture
54899,46.6,Low,1.0,3,Yes (Active Ticket),Mobile Phone,E wallet,4.0,1,178.07,Potential Loyalist,3,1,3,Standard Loyalty Nurture
55221,46.6,Low,4.0,4,No,Laptop & Accessory,E wallet,8.0,2,154.6,Hibernating,1,2,2,Standard Loyalty Nurture
53368,46.59,Low,3.0,2,No,Laptop & Accessory,Debit Card,5.0,2,167.06,Need Attention,2,2,3,Standard Loyalty Nurture
54556,46.58,Low,8.0,4,Yes (Active Ticket),Grocery,UPI,14.0,1,280.07,Promising,1,1,5,Standard Loyalty Nurture
51644,46.56,Low,10.0,2,No,Fashion,Credit Card,3.0,2,83.05,Potential Loyalist,3,2,1,Standard Loyalty Nurture
51313,46.55,Low,8.0,4,Yes (Active Ticket),Mobile Phone,Credit Card,1.0,2,137.35,Potential Loyalist,5,2,2,Standard Loyalty Nurture
50415,46.49,Low,10.0,4,Yes (Active Ticket),Laptop & Accessory,UPI,14.0,2,229.8,Need Attention,1,2,5,Standard Loyalty Nurture
52832,46.48,Low,11.0,3,Yes (Active Ticket),Fashion,Credit Card,4.0,3,242.64,Loyal Customers,3,3,5,Standard Loyalty Nurture
50075,46.46,Low,12.0,4,Yes (Active Ticket),Laptop & Accessory,E wallet,14.0,5,120.54,At Risk,1,5,1,Standard Loyalty Nurture
52249,46.44,Low,9.0,3,Yes (Active Ticket),Laptop & Accessory,Credit Card,2.0,4,210.81,Champions,4,4,4,Standard Loyalty Nurture
52686,46.41,Low,0.0,3,No,Fashion,Credit Card,5.0,3,130.94,At Risk,2,3,1,Standard Loyalty Nurture
52747,46.41,Low,9.0,2,Yes (Active Ticket),Fashion,Debit Card,3.0,1,212.14,Potential Loyalist,3,1,4,Standard Loyalty Nurture
54820,46.41,Low,2.0,4,Yes (Active Ticket),Fashion,UPI,1.0,5,107.62,Loyal Customers,4,5,1,Standard Loyalty Nurture
51952,46.4,Low,2.0,3,Yes (Active Ticket),Laptop & Accessory,Debit Card,1.0,6,224.67,Champions,5,5,5,Standard Loyalty Nurture
50633,46.35,Low,7.0,2,No,Mobile Phone,Credit Card,12.0,2,156.7,Hibernating,1,2,2,Standard Loyalty Nurture
50925,46.34,Low,6.0,1,No,Mobile Phone,Debit Card,12.0,1,159.74,Hibernating,1,1,2,Standard Loyalty Nurture
50771,46.33,Low,1.0,1,Yes (Active Ticket),Others,UPI,5.0,3,92.52,At Risk,2,3,1,Standard Loyalty Nurture
50284,46.28,Low,1.0,3,Yes (Active Ticket),Laptop & Accessory,Debit Card,10.0,3,53.11,At Risk,1,3,1,Standard Loyalty Nurture
50668,46.27,Low,2.0,4,Yes (Active Ticket),Mobile Phone,Debit Card,7.0,2,46.34,Hibernating,2,2,1,Standard Loyalty Nurture
51878,46.21,Low,7.0,4,Yes (Active Ticket),Fashion,Debit Card,19.0,3,150.48,At Risk,1,3,2,Standard Loyalty Nurture
51802,46.2,Low,13.0,3,Yes (Active Ticket),Fashion,Debit Card,10.0,2,214.04,Need Attention,1,2,4,Standard Loyalty Nurture
51220,46.19,Low,3.0,4,Yes (Active Ticket),Others,Credit Card,0.0,5,181.71,Loyal Customers,5,5,3,Standard Loyalty Nurture
55489,46.17,Low,9.0,3,Yes (Active Ticket),Mobile Phone,Credit Card,3.0,6,227.55,Loyal Customers,3,5,5,Standard Loyalty Nurture
52282,46.14,Low,4.0,3,No,Laptop & Accessory,Credit Card,4.0,2,132.84,Potential Loyalist,3,2,1,Standard Loyalty Nurture
51127,46.09,Low,1.0,5,No,Others,E wallet,16.0,5,134.35,At Risk,1,5,1,Standard Loyalty Nurture
52012,46.01,Low,1.0,3,No,Mobile Phone,Credit Card,15.0,1,161.71,Hibernating,1,1,2,Standard Loyalty Nurture
52246,46.01,Low,7.0,3,Yes (Active Ticket),Mobile Phone,Debit Card,1.0,3,193.39,Loyal Customers,5,3,4,Standard Loyalty Nurture
51909,45.99,Low,4.0,4,Yes (Active Ticket),Laptop & Accessory,Debit Card,1.0,1,152.11,Potential Loyalist,5,1,2,Standard Loyalty Nurture
53526,45.99,Low,2.0,1,No,Fashion,Debit Card,4.0,2,128.86,Potential Loyalist,3,2,1,Standard Loyalty Nurture
54398,45.99,Low,1.0,2,No,Fashion,Debit Card,2.0,1,141.75,Potential Loyalist,4,1,2,Standard Loyalty Nurture
51317,45.97,Low,7.0,3,Yes (Active Ticket),Laptop & Accessory,Credit Card,2.0,3,169.69,Loyal Customers,4,3,3,Standard Loyalty Nurture
54715,45.97,Low,7.0,4,Yes (Active Ticket),Fashion,Debit Card,1.0,2,193.93,Potential Loyalist,4,2,4,Standard Loyalty Nurture
51029,45.95,Low,4.0,4,Yes (Active Ticket),Laptop & Accessory,E wallet,3.0,3,123.49,Loyal Customers,3,3,1,Standard Loyalty Nurture
51843,45.92,Low,6.0,3,Yes (Active Ticket),Laptop & Accessory,Debit Card,2.0,6,129.46,Loyal Customers,4,5,1,Standard Loyalty Nurture
55102,45.84,Low,9.0,4,Yes (Active Ticket),Laptop & Accessory,Debit Card,9.0,4,150.42,At Risk,1,4,2,Standard Loyalty Nurture
54885,45.83,Low,1.0,1,Yes (Active Ticket),Laptop & Accessory,E wallet,2.0,6,210.94,Champions,4,5,4,Standard Loyalty Nurture
51381,45.82,Low,2.0,3,No,Grocery,Credit Card,4.0,3,134.49,Loyal Customers,3,3,1,Standard Loyalty Nurture
51973,45.8,Low,3.0,3,Yes (Active Ticket),Fashion,Credit Card,6.0,1,194.93,Promising,2,1,4,Standard Loyalty Nurture
52316,45.8,Low,1.0,3,No,Laptop & Accessory,Debit Card,11.0,3,139.44,At Risk,1,3,2,Standard Loyalty Nurture
54300,45.79,Low,9.0,4,Yes (Active Ticket),Laptop & Accessory,Debit Card,7.0,4,143.59,At Risk,2,4,2,Standard Loyalty Nurture
53448,45.75,Low,13.0,1,Yes (Active Ticket),Laptop & Accessory,UPI,1.0,2,181.58,Potential Loyalist,4,2,3,Standard Loyalty Nurture
53499,45.75,Low,2.0,4,No,Fashion,E wallet,7.0,3,36.54,At Risk,2,3,1,Standard Loyalty Nurture
54075,45.72,Low,11.0,1,Yes (Active Ticket),Laptop & Accessory,Debit Card,8.0,3,232.59,At Risk,1,3,5,Standard Loyalty Nurture
52679,45.68,Low,1.0,3,No,Grocery,Credit Card,11.0,3,162.77,At Risk,1,3,2,Standard Loyalty Nurture
53083,45.68,Low,2.0,1,Yes (Active Ticket),Mobile Phone,Debit Card,4.0,1,206.55,Potential Loyalist,3,1,4,Standard Loyalty Nurture
52764,45.64,Low,6.0,5,Yes (Active Ticket),Grocery,Credit Card,6.0,3,267.16,At Risk,2,3,5,Standard Loyalty Nurture
55049,45.63,Low,4.0,3,No,Laptop & Accessory,Debit Card,15.0,4,176.6,At Risk,1,4,3,Standard Loyalty Nurture
54677,45.62,Low,0.0,2,Yes (Active Ticket),Laptop & Accessory,Credit Card,9.0,5,172.99,At Risk,1,5,3,Standard Loyalty Nurture
50843,45.55,Low,2.0,3,Yes (Active Ticket),Mobile Phone,Credit Card,0.0,1,198.94,Potential Loyalist,5,1,4,Standard Loyalty Nurture
54410,45.55,Low,8.0,5,Yes (Active Ticket),Fashion,Debit Card,11.0,1,196.18,Promising,1,1,4,Standard Loyalty Nurture
51037,45.53,Low,4.0,3,Yes (Active Ticket),Others,Credit Card,3.0,1,237.59,Potential Loyalist,3,1,5,Standard Loyalty Nurture
54651,45.52,Low,1.0,3,Yes (Active Ticket),Laptop & Accessory,E wallet,3.0,2,162.82,Potential Loyalist,3,2,2,Standard Loyalty Nurture
51977,45.48,Low,3.0,2,No,Laptop & Accessory,E wallet,17.0,3,183.07,At Risk,1,3,3,Standard Loyalty Nurture
50401,45.47,Low,1.0,5,Yes (Active Ticket),Fashion,Credit Card,4.0,4,184.24,Loyal Customers,3,4,3,Standard Loyalty Nurture
50955,45.45,Low,5.0,3,No,Laptop & Accessory,Debit Card,5.0,3,151.27,At Risk,2,3,2,Standard Loyalty Nurture
50318,45.43,Low,2.0,3,No,Mobile Phone,Debit Card,8.0,2,144.22,Hibernating,2,2,2,Standard Loyalty Nurture
53863,45.4,Low,5.0,4,Yes (Active Ticket),Laptop & Accessory,UPI,5.0,1,172.03,Promising,2,1,3,Standard Loyalty Nurture
53533,45.39,Low,4.0,4,Yes (Active Ticket),Laptop & Accessory,Debit Card,1.0,3,256.02,Loyal Customers,4,3,5,Standard Loyalty Nurture
51078,45.38,Low,11.0,3,Yes (Active Ticket),Laptop & Accessory,E wallet,7.0,5,146.92,At Risk,2,5,2,Standard Loyalty Nurture
52518,45.38,Low,6.0,3,No,Mobile Phone,UPI,4.0,3,71.35,Loyal Customers,3,3,1,Standard Loyalty Nurture
53268,45.37,Low,8.0,3,Yes (Active Ticket),Grocery,UPI,6.0,1,73.85,Hibernating,2,1,1,Standard Loyalty Nurture
51273,45.33,Low,15.0,3,Yes (Active Ticket),Fashion,COD,15.0,1,178.96,Promising,1,1,3,Standard Loyalty Nurture
52463,45.28,Low,10.0,4,Yes (Active Ticket),Laptop & Accessory,Credit Card,6.0,1,180.01,Promising,2,1,3,Standard Loyalty Nurture
53030,45.18,Low,10.0,3,Yes (Active Ticket),Mobile Phone,Credit Card,2.0,4,188.96,Champions,4,4,4,Standard Loyalty Nurture
54336,45.18,Low,1.0,4,Yes (Active Ticket),Fashion,Debit Card,0.0,4,136.36,Loyal Customers,5,4,2,Standard Loyalty Nurture
51120,45.16,Low,1.0,3,No,Others,Debit Card,16.0,1,173.63,Promising,1,1,3,Standard Loyalty Nurture
53904,45.15,Low,3.0,3,No,Others,Debit Card,3.0,2,90.35,Potential Loyalist,3,2,1,Standard Loyalty Nurture
52765,45.14,Low,1.0,2,No,Mobile Phone,Credit Card,7.0,3,133.53,At Risk,2,3,1,Standard Loyalty Nurture
50911,45.13,Low,9.0,5,Yes (Active Ticket),Mobile Phone,E wallet,5.0,3,242.98,At Risk,2,3,5,Standard Loyalty Nurture
50254,45.12,Low,4.0,2,Yes (Active Ticket),Others,Debit Card,0.0,7,141.88,Loyal Customers,5,5,2,Standard Loyalty Nurture
52157,45.09,Low,2.0,3,No,Fashion,UPI,19.0,4,165.73,At Risk,1,4,3,Standard Loyalty Nurture
54235,45.07,Low,0.0,2,Yes (Active Ticket),Mobile Phone,Debit Card,4.0,3,244.01,Loyal Customers,3,3,5,Standard Loyalty Nurture
53597,45.06,Low,3.0,4,Yes (Active Ticket),Mobile Phone,UPI,1.0,3,189.63,Loyal Customers,4,3,4,Standard Loyalty Nurture
55644,45.06,Low,1.0,5,Yes (Active Ticket),Mobile Phone,UPI,3.0,5,173.96,Loyal Customers,3,5,3,Standard Loyalty Nurture
51134,45.02,Low,2.0,3,Yes (Active Ticket),Fashion,Debit Card,1.0,5,208.81,Champions,5,5,4,Standard Loyalty Nurture
55138,45.02,Low,1.0,3,Yes (Active Ticket),Grocery,Debit Card,2.0,3,162.91,Loyal Customers,4,4,2,Standard Loyalty Nurture
51208,44.99,Low,6.0,4,Yes (Active Ticket),Fashion,Debit Card,0.0,1,107.12,Potential Loyalist,5,1,1,Standard Loyalty Nurture
53461,44.99,Low,3.0,2,No,Fashion,UPI,4.0,2,120.84,Potential Loyalist,3,2,1,Standard Loyalty Nurture
51996,44.97,Low,11.0,1,Yes (Active Ticket),Laptop & Accessory,Credit Card,10.0,6,178.21,At Risk,1,5,3,Standard Loyalty Nurture
50360,44.94,Low,9.0,3,No,Fashion,Debit Card,11.0,1,150.94,Hibernating,1,1,2,Standard Loyalty Nurture
54614,44.89,Low,1.0,3,No,Fashion,E wallet,17.0,1,135.9,Hibernating,1,1,2,Standard Loyalty Nurture
50334,44.88,Low,1.0,3,No,Fashion,Debit Card,9.0,3,171.91,At Risk,1,3,3,Standard Loyalty Nurture
52721,44.88,Low,23.0,4,Yes (Active Ticket),Mobile Phone,E wallet,15.0,2,237.88,Need Attention,1,2,5,Standard Loyalty Nurture
54505,44.87,Low,7.0,2,No,Laptop & Accessory,Debit Card,2.0,1,145.99,Potential Loyalist,4,1,2,Standard Loyalty Nurture
54785,44.87,Low,5.0,3,No,Others,Debit Card,4.0,1,126.53,Potential Loyalist,3,1,1,Standard Loyalty Nurture
53430,44.85,Low,9.0,2,No,Laptop & Accessory,Debit Card,13.0,1,140.6,Hibernating,1,1,2,Standard Loyalty Nurture
54105,44.85,Low,4.0,1,Yes (Active Ticket),Fashion,E wallet,0.0,5,155.55,Loyal Customers,5,5,2,Standard Loyalty Nurture
55590,44.84,Low,10.0,3,Yes (Active Ticket),Others,Debit Card,6.0,4,180.55,At Risk,2,5,3,Standard Loyalty Nurture
52612,44.82,Low,0.0,5,Yes (Active Ticket),Laptop & Accessory,UPI,7.0,3,174.65,At Risk,2,3,3,Standard Loyalty Nurture
50872,44.81,Low,3.0,3,Yes (Active Ticket),Grocery,COD,8.0,4,250.22,At Risk,2,4,5,Standard Loyalty Nurture
52810,44.81,Low,13.0,1,Yes (Active Ticket),Mobile Phone,UPI,4.0,2,226.68,Potential Loyalist,3,2,5,Standard Loyalty Nurture
55645,44.79,Low,3.0,2,Yes (Active Ticket),Grocery,E wallet,1.0,4,210.61,Champions,4,5,4,Standard Loyalty Nurture
53467,44.76,Low,6.0,2,No,Laptop & Accessory,Credit Card,5.0,4,177.78,At Risk,2,4,3,Standard Loyalty Nurture
53994,44.75,Low,1.0,3,Yes (Active Ticket),Laptop & Accessory,Credit Card,2.0,2,154.7,Potential Loyalist,4,2,2,Standard Loyalty Nurture
51681,44.72,Low,4.0,4,Yes (Active Ticket),Laptop & Accessory,Debit Card,7.0,1,183.89,Promising,2,1,3,Standard Loyalty Nurture
54500,44.71,Low,5.0,3,No,Laptop & Accessory,Credit Card,3.0,1,122.15,Potential Loyalist,3,1,1,Standard Loyalty Nurture
51953,44.67,Low,9.0,3,Yes (Active Ticket),Laptop & Accessory,Credit Card,0.0,5,171.87,Loyal Customers,5,5,3,Standard Loyalty Nurture
55271,44.67,Low,2.0,1,Yes (Active Ticket),Fashion,Debit Card,0.0,1,85.0,Potential Loyalist,5,1,1,Standard Loyalty Nurture
50792,44.63,Low,9.0,4,Yes (Active Ticket),Mobile Phone,Credit Card,6.0,1,215.75,Promising,2,1,4,Standard Loyalty Nurture
51830,44.61,Low,3.0,3,Yes (Active Ticket),Mobile Phone,UPI,4.0,3,112.71,Loyal Customers,3,3,1,Standard Loyalty Nurture
50947,44.59,Low,1.0,3,No,Fashion,COD,10.0,5,169.68,At Risk,1,5,3,Standard Loyalty Nurture
50045,44.58,Low,3.0,5,No,Mobile Phone,E wallet,8.0,2,137.51,Hibernating,2,1,2,Standard Loyalty Nurture
53234,44.55,Low,1.0,3,No,Others,Debit Card,4.0,1,134.93,Potential Loyalist,3,1,1,Standard Loyalty Nurture
54661,44.53,Low,7.0,5,Yes (Active Ticket),Fashion,Credit Card,2.0,2,190.64,Potential Loyalist,4,2,4,Standard Loyalty Nurture
52290,44.52,Low,2.0,2,No,Fashion,Debit Card,4.0,1,152.75,Potential Loyalist,3,1,2,Standard Loyalty Nurture
52970,44.51,Low,7.0,5,Yes (Active Ticket),Grocery,Credit Card,6.0,1,296.61,Promising,2,1,5,Standard Loyalty Nurture
51145,44.49,Low,3.0,1,No,Mobile Phone,Credit Card,7.0,5,145.45,At Risk,2,5,2,Standard Loyalty Nurture
54865,44.47,Low,4.0,2,No,Others,Debit Card,5.0,3,164.07,At Risk,2,4,3,Standard Loyalty Nurture
50887,44.45,Low,11.0,3,Yes (Active Ticket),Laptop & Accessory,E wallet,0.0,2,230.93,Potential Loyalist,5,2,5,Standard Loyalty Nurture
52732,44.44,Low,6.0,4,Yes (Active Ticket),Laptop & Accessory,Debit Card,3.0,3,194.26,Loyal Customers,3,3,4,Standard Loyalty Nurture
51440,44.37,Low,11.0,4,Yes (Active Ticket),Laptop & Accessory,Credit Card,6.0,3,207.26,At Risk,2,3,4,Standard Loyalty Nurture
50408,44.35,Low,0.0,4,No,Mobile Phone,Credit Card,10.0,2,162.09,Hibernating,1,2,2,Standard Loyalty Nurture
50688,44.34,Low,3.0,5,Yes (Active Ticket),Mobile Phone,E wallet,5.0,1,150.69,Hibernating,2,1,2,Standard Loyalty Nurture
52396,44.25,Low,4.0,2,No,Laptop & Accessory,Debit Card,1.0,4,155.82,Loyal Customers,5,4,2,Standard Loyalty Nurture
51814,44.22,Low,0.0,5,Yes (Active Ticket),Fashion,Debit Card,7.0,4,121.76,At Risk,2,4,1,Standard Loyalty Nurture
55206,44.21,Low,5.0,5,Yes (Active Ticket),Laptop & Accessory,Credit Card,1.0,3,173.67,Loyal Customers,4,4,3,Standard Loyalty Nurture
54526,44.17,Low,6.0,3,Yes (Active Ticket),Laptop & Accessory,UPI,1.0,2,194.26,Potential Loyalist,4,2,4,Standard Loyalty Nurture
55242,44.17,Low,5.0,3,Yes (Active Ticket),Fashion,Debit Card,2.0,3,134.53,Loyal Customers,4,4,1,Standard Loyalty Nurture
50729,44.15,Low,2.0,5,Yes (Active Ticket),Laptop & Accessory,UPI,4.0,1,239.52,Potential Loyalist,3,1,5,Standard Loyalty Nurture
51564,44.13,Low,3.0,1,No,Fashion,Debit Card,6.0,3,69.41,At Risk,2,3,1,Standard Loyalty Nurture
52195,44.12,Low,1.0,3,Yes (Active Ticket),Laptop & Accessory,COD,2.0,4,207.04,Champions,4,4,4,Standard Loyalty Nurture
55586,44.12,Low,1.0,3,No,Fashion,UPI,7.0,1,133.07,Hibernating,2,1,1,Standard Loyalty Nurture
50371,44.11,Low,1.0,2,Yes (Active Ticket),Laptop & Accessory,Credit Card,0.0,3,171.54,Loyal Customers,5,3,3,Standard Loyalty Nurture
53633,44.11,Low,6.0,3,Yes (Active Ticket),Fashion,Debit Card,5.0,1,113.06,Hibernating,2,1,1,Standard Loyalty Nurture
53826,44.09,Low,1.0,2,Yes (Active Ticket),Fashion,E wallet,5.0,1,150.68,Hibernating,2,1,2,Standard Loyalty Nurture
54237,44.09,Low,1.0,2,No,Fashion,Credit Card,5.0,2,124.57,Hibernating,2,2,1,Standard Loyalty Nurture
51743,44.06,Low,15.0,2,Yes (Active Ticket),Mobile Phone,Credit Card,14.0,3,164.1,At Risk,1,3,3,Standard Loyalty Nurture
50773,44.03,Low,1.0,3,No,Fashion,E wallet,13.0,1,169.1,Promising,1,1,3,Standard Loyalty Nurture
51932,44.03,Low,8.0,2,Yes (Active Ticket),Laptop & Accessory,E wallet,3.0,5,198.61,Loyal Customers,3,5,4,Standard Loyalty Nurture
51366,44.02,Low,1.0,3,No,Laptop & Accessory,E wallet,10.0,4,166.2,At Risk,1,4,3,Standard Loyalty Nurture
52119,44.01,Low,1.0,4,Yes (Active Ticket),Mobile Phone,Debit Card,1.0,5,73.81,Loyal Customers,5,5,1,Standard Loyalty Nurture
53771,43.99,Low,8.0,5,Yes (Active Ticket),Laptop & Accessory,Credit Card,8.0,1,178.48,Promising,1,1,3,Standard Loyalty Nurture
50617,43.96,Low,1.0,4,No,Mobile Phone,Debit Card,5.0,4,174.26,At Risk,2,4,3,Standard Loyalty Nurture
53918,43.94,Low,4.0,2,No,Laptop & Accessory,Debit Card,4.0,1,132.4,Potential Loyalist,3,1,1,Standard Loyalty Nurture
54307,43.93,Low,6.0,3,Yes (Active Ticket),Fashion,Debit Card,6.0,5,132.97,At Risk,2,5,1,Standard Loyalty Nurture
55453,43.89,Low,2.0,4,No,Laptop & Accessory,COD,6.0,3,90.33,At Risk,2,4,1,Standard Loyalty Nurture
51527,43.86,Low,3.0,4,Yes (Active Ticket),Fashion,UPI,13.0,2,258.44,Need Attention,1,2,5,Standard Loyalty Nurture
52009,43.85,Low,1.0,1,No,Laptop & Accessory,Debit Card,7.0,3,78.86,At Risk,2,3,1,Standard Loyalty Nurture
52087,43.81,Low,1.0,2,No,Grocery,Credit Card,6.0,1,127.99,Hibernating,2,1,1,Standard Loyalty Nurture
51561,43.8,Low,4.0,3,No,Laptop & Accessory,Debit Card,6.0,2,115.85,Hibernating,2,2,1,Standard Loyalty Nurture
51717,43.8,Low,1.0,4,No,Laptop & Accessory,Debit Card,1.0,8,140.24,Loyal Customers,5,5,2,Standard Loyalty Nurture
52317,43.8,Low,3.0,3,No,Others,Debit Card,6.0,1,178.52,Promising,2,1,3,Standard Loyalty Nurture
55236,43.8,Low,0.0,5,No,Laptop & Accessory,Debit Card,5.0,3,204.75,At Risk,2,4,4,Standard Loyalty Nurture
50381,43.79,Low,1.0,3,No,Laptop & Accessory,Credit Card,4.0,2,146.75,Potential Loyalist,3,2,2,Standard Loyalty Nurture
51919,43.78,Low,5.0,3,Yes (Active Ticket),Fashion,Debit Card,10.0,4,139.77,At Risk,1,4,2,Standard Loyalty Nurture
52474,43.77,Low,13.0,4,Yes (Active Ticket),Mobile Phone,E wallet,17.0,4,279.12,At Risk,1,4,5,Standard Loyalty Nurture
50817,43.76,Low,9.0,3,Yes (Active Ticket),Mobile Phone,E wallet,1.0,3,188.25,Loyal Customers,5,3,3,Standard Loyalty Nurture
50393,43.75,Low,5.0,3,No,Mobile Phone,Credit Card,1.0,3,113.04,Loyal Customers,5,3,1,Standard Loyalty Nurture
50362,43.74,Low,10.0,3,Yes (Active Ticket),Laptop & Accessory,Debit Card,1.0,2,156.36,Potential Loyalist,5,2,2,Standard Loyalty Nurture
53652,43.72,Low,5.0,3,Yes (Active Ticket),Laptop & Accessory,Debit Card,0.0,3,170.21,Loyal Customers,5,3,3,Standard Loyalty Nurture
51877,43.7,Low,9.0,4,Yes (Active Ticket),Grocery,Debit Card,12.0,4,123.76,At Risk,1,4,1,Standard Loyalty Nurture
50153,43.69,Low,2.0,2,Yes (Active Ticket),Mobile Phone,Debit Card,1.0,2,197.51,Potential Loyalist,5,1,4,Standard Loyalty Nurture
54380,43.69,Low,7.0,5,Yes (Active Ticket),Mobile Phone,Debit Card,5.0,8,183.51,At Risk,2,5,3,Standard Loyalty Nurture
52332,43.63,Low,1.0,5,No,Fashion,Debit Card,6.0,4,79.07,At Risk,2,4,1,Standard Loyalty Nurture
54071,43.63,Low,4.0,2,No,Others,Credit Card,3.0,7,125.9,Loyal Customers,3,5,1,Standard Loyalty Nurture
51095,43.62,Low,3.0,3,Yes (Active Ticket),Mobile Phone,Debit Card,2.0,4,158.96,Loyal Customers,4,4,2,Standard Loyalty Nurture
52895,43.61,Low,2.0,3,No,Laptop & Accessory,Debit Card,8.0,4,132.86,At Risk,2,4,1,Standard Loyalty Nurture
50974,43.58,Low,2.0,3,No,Mobile Phone,COD,5.0,4,191.5,At Risk,2,4,4,Standard Loyalty Nurture
55606,43.57,Low,9.0,4,Yes (Active Ticket),Mobile Phone,Debit Card,2.0,3,225.28,Champions,4,4,5,Standard Loyalty Nurture
50774,43.55,Low,5.0,1,No,Mobile Phone,Credit Card,8.0,3,176.93,At Risk,2,3,3,Standard Loyalty Nurture
54367,43.55,Low,1.0,5,No,Others,Debit Card,16.0,2,210.49,Need Attention,1,2,4,Standard Loyalty Nurture
53258,43.52,Low,2.0,3,No,Laptop & Accessory,Debit Card,7.0,1,127.44,Hibernating,2,1,1,Standard Loyalty Nurture
55096,43.52,Low,6.0,4,Yes (Active Ticket),Grocery,Debit Card,2.0,2,185.83,Potential Loyalist,4,2,3,Standard Loyalty Nurture
55592,43.48,Low,7.0,5,Yes (Active Ticket),Mobile Phone,Debit Card,8.0,4,183.33,At Risk,1,5,3,Standard Loyalty Nurture
50521,43.47,Low,9.0,2,No,Fashion,Credit Card,12.0,1,173.27,Promising,1,1,3,Standard Loyalty Nurture
54502,43.47,Low,7.0,1,Yes (Active Ticket),Laptop & Accessory,Credit Card,5.0,6,197.29,At Risk,2,5,4,Standard Loyalty Nurture
52001,43.43,Low,3.0,3,Yes (Active Ticket),Grocery,E wallet,0.0,4,167.64,Loyal Customers,5,4,3,Standard Loyalty Nurture
52069,43.43,Low,2.0,2,No,Mobile Phone,Debit Card,5.0,2,143.65,Hibernating,2,2,2,Standard Loyalty Nurture
53120,43.42,Low,2.0,2,Yes (Active Ticket),Mobile Phone,E wallet,0.0,4,204.48,Champions,5,4,4,Standard Loyalty Nurture
55340,43.41,Low,0.0,1,No,Fashion,Credit Card,4.0,3,147.68,Loyal Customers,3,4,2,Standard Loyalty Nurture
53713,43.4,Low,12.0,3,Yes (Active Ticket),Mobile Phone,Credit Card,5.0,2,146.63,Hibernating,2,2,2,Standard Loyalty Nurture
54251,43.39,Low,5.0,3,No,Laptop & Accessory,Credit Card,7.0,1,142.67,Hibernating,2,1,2,Standard Loyalty Nurture
53490,43.38,Low,6.0,3,No,Mobile Phone,UPI,12.0,3,94.09,At Risk,1,3,1,Standard Loyalty Nurture
51596,43.33,Low,9.0,3,No,Fashion,Debit Card,7.0,2,158.94,Hibernating,2,2,2,Standard Loyalty Nurture
54346,43.33,Low,4.0,1,No,Fashion,Credit Card,4.0,3,146.96,Loyal Customers,3,3,2,Standard Loyalty Nurture
55201,43.31,Low,4.0,3,Yes (Active Ticket),Laptop & Accessory,Debit Card,3.0,3,168.33,Loyal Customers,3,4,3,Standard Loyalty Nurture
50963,43.29,Low,3.0,3,No,Laptop & Accessory,Debit Card,4.0,2,67.57,Potential Loyalist,3,2,1,Standard Loyalty Nurture
54901,43.28,Low,0.0,4,No,Mobile Phone,Debit Card,11.0,1,159.46,Hibernating,1,1,2,Standard Loyalty Nurture
55006,43.25,Low,1.0,2,No,Fashion,Debit Card,5.0,2,152.7,Hibernating,2,2,2,Standard Loyalty Nurture
50671,43.18,Low,2.0,3,No,Grocery,Credit Card,12.0,6,121.76,At Risk,1,5,1,Standard Loyalty Nurture
53859,43.16,Low,5.0,4,Yes (Active Ticket),Laptop & Accessory,UPI,4.0,3,154.79,Loyal Customers,3,3,2,Standard Loyalty Nurture
51638,43.15,Low,2.0,5,Yes (Active Ticket),Others,UPI,6.0,6,123.37,At Risk,2,5,1,Standard Loyalty Nurture
52267,43.14,Low,9.0,3,No,Laptop & Accessory,E wallet,3.0,4,60.52,Loyal Customers,3,4,1,Standard Loyalty Nurture
50713,43.13,Low,6.0,3,Yes (Active Ticket),Fashion,Debit Card,10.0,5,218.33,At Risk,1,5,5,Standard Loyalty Nurture
52684,43.13,Low,5.0,3,No,Mobile Phone,Debit Card,4.0,1,114.1,Potential Loyalist,3,1,1,Standard Loyalty Nurture
53819,43.09,Low,17.0,4,Yes (Active Ticket),Laptop & Accessory,E wallet,23.0,4,138.22,At Risk,1,4,2,Standard Loyalty Nurture
53163,43.07,Low,4.0,3,No,Mobile Phone,Debit Card,5.0,4,120.86,At Risk,2,4,1,Standard Loyalty Nurture
52761,43.05,Low,2.0,5,No,Fashion,Debit Card,6.0,3,82.72,At Risk,2,3,1,Standard Loyalty Nurture
54116,43.04,Low,4.0,3,Yes (Active Ticket),Fashion,Credit Card,0.0,2,184.06,Potential Loyalist,5,2,3,Standard Loyalty Nurture
54644,43.03,Low,1.0,3,No,Laptop & Accessory,Credit Card,6.0,1,110.34,Hibernating,2,1,1,Standard Loyalty Nurture
54308,42.99,Low,10.0,2,No,Grocery,Credit Card,15.0,2,116.53,Hibernating,1,2,1,Standard Loyalty Nurture
55058,42.98,Low,3.0,2,No,Fashion,Debit Card,2.0,3,300.86,Champions,4,4,5,Standard Loyalty Nurture
51978,42.97,Low,6.0,3,No,Laptop & Accessory,Credit Card,8.0,4,174.36,At Risk,2,4,3,Standard Loyalty Nurture
54138,42.97,Low,4.0,2,Yes (Active Ticket),Laptop & Accessory,Debit Card,2.0,3,152.88,Loyal Customers,4,3,2,Standard Loyalty Nurture
55291,42.94,Low,3.0,3,No,Laptop & Accessory,UPI,13.0,2,154.16,Hibernating,1,2,2,Standard Loyalty Nurture
53916,42.89,Low,5.0,3,No,Fashion,Debit Card,7.0,3,145.28,At Risk,2,3,2,Standard Loyalty Nurture
54452,42.82,Low,9.0,1,No,Laptop & Accessory,Debit Card,1.0,5,111.15,Loyal Customers,4,5,1,Standard Loyalty Nurture
52137,42.8,Low,1.0,5,No,Laptop & Accessory,Credit Card,8.0,1,172.45,Promising,2,1,3,Standard Loyalty Nurture
50549,42.77,Low,7.0,2,No,Mobile Phone,Debit Card,16.0,4,194.46,At Risk,1,4,4,Standard Loyalty Nurture
50957,42.76,Low,7.0,3,No,Mobile Phone,Debit Card,13.0,3,117.94,At Risk,1,3,1,Standard Loyalty Nurture
52226,42.75,Low,6.0,5,Yes (Active Ticket),Laptop & Accessory,Debit Card,8.0,3,173.45,At Risk,2,3,3,Standard Loyalty Nurture
55585,42.73,Low,6.0,3,Yes (Active Ticket),Mobile Phone,Credit Card,3.0,4,147.3,Loyal Customers,3,5,2,Standard Loyalty Nurture
53470,42.72,Low,2.0,3,Yes (Active Ticket),Laptop & Accessory,UPI,2.0,2,182.1,Potential Loyalist,4,2,3,Standard Loyalty Nurture
54193,42.71,Low,7.0,3,Yes (Active Ticket),Mobile Phone,E wallet,2.0,2,218.91,Potential Loyalist,4,2,5,Standard Loyalty Nurture
50414,42.7,Low,9.0,3,No,Fashion,E wallet,9.0,2,106.68,Hibernating,1,2,1,Standard Loyalty Nurture
54577,42.7,Low,5.0,5,Yes (Active Ticket),Laptop & Accessory,Credit Card,5.0,1,150.99,Hibernating,2,1,2,Standard Loyalty Nurture
53880,42.68,Low,3.0,1,No,Mobile Phone,Credit Card,19.0,5,206.73,At Risk,1,5,4,Standard Loyalty Nurture
50876,42.67,Low,2.0,4,No,Fashion,E wallet,6.0,1,110.52,Hibernating,2,1,1,Standard Loyalty Nurture
50203,42.66,Low,2.0,4,Yes (Active Ticket),Mobile Phone,Debit Card,2.0,1,223.26,Potential Loyalist,4,1,5,Standard Loyalty Nurture
54382,42.65,Low,1.0,5,Yes (Active Ticket),Fashion,UPI,3.0,3,186.9,Loyal Customers,3,3,3,Standard Loyalty Nurture
52616,42.64,Low,1.0,4,Yes (Active Ticket),Laptop & Accessory,Debit Card,9.0,2,208.06,Need Attention,1,2,4,Standard Loyalty Nurture
54547,42.64,Low,0.0,2,Yes (Active Ticket),Laptop & Accessory,Debit Card,5.0,1,217.6,Promising,2,1,5,Standard Loyalty Nurture
55230,42.63,Low,9.0,3,Yes (Active Ticket),Grocery,UPI,1.0,3,218.55,Champions,4,4,5,Standard Loyalty Nurture
52361,42.6,Low,0.0,2,No,Mobile Phone,Credit Card,14.0,4,133.63,At Risk,1,4,1,Standard Loyalty Nurture
53339,42.58,Low,9.0,3,No,Others,Debit Card,6.0,3,223.29,At Risk,2,3,5,Standard Loyalty Nurture
54437,42.58,Low,4.0,3,Yes (Active Ticket),Grocery,Credit Card,4.0,7,213.58,Loyal Customers,3,5,4,Standard Loyalty Nurture
51394,42.57,Low,7.0,4,Yes (Active Ticket),Laptop & Accessory,Credit Card,1.0,2,147.69,Potential Loyalist,5,2,2,Standard Loyalty Nurture
52090,42.54,Low,5.0,2,No,Mobile Phone,UPI,4.0,3,174.42,Loyal Customers,3,3,3,Standard Loyalty Nurture
52663,42.52,Low,2.0,5,No,Fashion,Debit Card,8.0,1,175.43,Promising,2,1,3,Standard Loyalty Nurture
53010,42.52,Low,1.0,4,Yes (Active Ticket),Mobile Phone,Debit Card,2.0,4,194.24,Champions,4,4,4,Standard Loyalty Nurture
52604,42.51,Low,4.0,1,Yes (Active Ticket),Others,E wallet,2.0,4,96.67,Loyal Customers,4,4,1,Standard Loyalty Nurture
53481,42.51,Low,2.0,5,Yes (Active Ticket),Laptop & Accessory,UPI,4.0,3,70.76,Loyal Customers,3,3,1,Standard Loyalty Nurture
53875,42.5,Low,0.0,3,No,Laptop & Accessory,E wallet,2.0,4,98.65,Loyal Customers,4,4,1,Standard Loyalty Nurture
55200,42.48,Low,3.0,3,No,Grocery,Credit Card,7.0,4,170.65,At Risk,2,4,3,Standard Loyalty Nurture
51202,42.47,Low,0.0,3,No,Mobile Phone,Credit Card,5.0,2,130.57,Hibernating,2,2,1,Standard Loyalty Nurture
54784,42.46,Low,3.0,2,No,Fashion,COD,1.0,2,179.45,Potential Loyalist,4,2,3,Standard Loyalty Nurture
51875,42.45,Low,13.0,2,Yes (Active Ticket),Grocery,Debit Card,1.0,3,136.73,Loyal Customers,5,3,2,Standard Loyalty Nurture
53525,42.44,Low,2.0,4,No,Fashion,Credit Card,8.0,2,184.92,Need Attention,1,2,3,Standard Loyalty Nurture
51369,42.43,Low,2.0,3,No,Laptop & Accessory,Debit Card,3.0,6,84.04,Loyal Customers,3,5,1,Standard Loyalty Nurture
53119,42.41,Low,3.0,5,No,Others,E wallet,4.0,2,184.44,Potential Loyalist,3,2,3,Standard Loyalty Nurture
55042,42.4,Low,9.0,2,No,Others,Debit Card,9.0,3,123.45,At Risk,1,4,1,Standard Loyalty Nurture
55519,42.36,Low,1.0,2,No,Mobile Phone,Debit Card,8.0,4,79.22,At Risk,1,4,1,Standard Loyalty Nurture
52788,42.35,Low,2.0,4,Yes (Active Ticket),Mobile Phone,Credit Card,3.0,1,180.39,Potential Loyalist,3,1,3,Standard Loyalty Nurture
50163,42.31,Low,10.0,1,Yes (Active Ticket),Laptop & Accessory,Debit Card,3.0,3,198.83,Loyal Customers,3,3,4,Standard Loyalty Nurture
50174,42.29,Low,3.0,2,No,Mobile Phone,Debit Card,16.0,2,293.9,Need Attention,1,2,5,Standard Loyalty Nurture
53196,42.29,Low,7.0,4,Yes (Active Ticket),Mobile Phone,Debit Card,1.0,2,228.45,Potential Loyalist,5,2,5,Standard Loyalty Nurture
50188,42.26,Low,8.0,2,Yes (Active Ticket),Mobile Phone,Credit Card,1.0,1,247.95,Potential Loyalist,5,1,5,Standard Loyalty Nurture
53228,42.26,Low,4.0,2,No,Fashion,Debit Card,7.0,4,222.4,At Risk,2,4,5,Standard Loyalty Nurture
50585,42.25,Low,10.0,4,Yes (Active Ticket),Laptop & Accessory,Credit Card,3.0,3,192.93,Loyal Customers,3,3,4,Standard Loyalty Nurture
52100,42.25,Low,5.0,3,Yes (Active Ticket),Grocery,Debit Card,1.0,3,169.86,Loyal Customers,5,3,3,Standard Loyalty Nurture
50873,42.24,Low,10.0,5,Yes (Active Ticket),Fashion,UPI,7.0,1,106.92,Hibernating,2,1,1,Standard Loyalty Nurture
53817,42.24,Low,4.0,4,No,Laptop & Accessory,Debit Card,9.0,2,190.56,Need Attention,1,2,4,Standard Loyalty Nurture
50946,42.23,Low,0.0,1,Yes (Active Ticket),Laptop & Accessory,Debit Card,4.0,3,180.43,Loyal Customers,3,3,3,Standard Loyalty Nurture
53535,42.23,Low,3.0,3,Yes (Active Ticket),Others,Credit Card,8.0,1,195.64,Promising,1,1,4,Standard Loyalty Nurture
52395,42.2,Low,22.0,3,Yes (Active Ticket),Laptop & Accessory,Debit Card,21.0,5,132.27,At Risk,1,5,1,Standard Loyalty Nurture
53623,42.18,Low,2.0,5,Yes (Active Ticket),Grocery,Debit Card,2.0,2,157.71,Potential Loyalist,4,2,2,Standard Loyalty Nurture
50333,42.17,Low,0.0,4,Yes (Active Ticket),Laptop & Accessory,E wallet,7.0,1,214.92,Promising,2,1,4,Standard Loyalty Nurture
52690,42.17,Low,5.0,3,Yes (Active Ticket),Mobile Phone,Debit Card,0.0,1,180.43,Potential Loyalist,5,1,3,Standard Loyalty Nurture
51000,42.16,Low,6.0,3,No,Others,Debit Card,6.0,3,211.76,At Risk,2,3,4,Standard Loyalty Nurture
54807,42.15,Low,1.0,2,Yes (Active Ticket),Fashion,Debit Card,2.0,8,199.84,Champions,4,5,4,Standard Loyalty Nurture
55246,42.15,Low,9.0,2,No,Laptop & Accessory,Credit Card,12.0,1,157.72,Hibernating,1,1,2,Standard Loyalty Nurture
51711,42.14,Low,2.0,4,No,Grocery,Credit Card,4.0,1,131.95,Potential Loyalist,3,1,1,Standard Loyalty Nurture
54926,42.14,Low,3.0,1,No,Mobile Phone,Credit Card,5.0,1,65.57,Hibernating,2,1,1,Standard Loyalty Nurture
54802,42.1,Low,1.0,3,No,Fashion,Debit Card,2.0,3,319.33,Champions,4,4,5,Standard Loyalty Nurture
52529,42.07,Low,0.0,4,Yes (Active Ticket),Fashion,Debit Card,16.0,8,176.92,At Risk,1,5,3,Standard Loyalty Nurture
51372,42.01,Low,2.0,3,No,Fashion,Debit Card,6.0,4,122.13,At Risk,2,4,1,Standard Loyalty Nurture
53087,42.01,Low,5.0,5,Yes (Active Ticket),Others,Debit Card,13.0,5,117.25,At Risk,1,5,1,Standard Loyalty Nurture
54264,42.0,Low,5.0,5,Yes (Active Ticket),Laptop & Accessory,Debit Card,5.0,1,196.16,Promising,2,1,4,Standard Loyalty Nurture
53768,41.99,Low,6.0,1,No,Laptop & Accessory,Credit Card,14.0,2,184.45,Need Attention,1,2,3,Standard Loyalty Nurture
55251,41.91,Low,5.0,5,No,Mobile Phone,Debit Card,11.0,5,182.02,At Risk,1,5,3,Standard Loyalty Nurture
55362,41.9,Low,3.0,3,Yes (Active Ticket),Laptop & Accessory,Credit Card,2.0,1,188.92,Potential Loyalist,4,1,4,Standard Loyalty Nurture
53778,41.89,Low,8.0,2,Yes (Active Ticket),Laptop & Accessory,Credit Card,1.0,4,185.93,Loyal Customers,4,4,3,Standard Loyalty Nurture
51634,41.87,Low,16.0,3,No,Laptop & Accessory,UPI,26.0,1,109.56,Hibernating,1,1,1,Standard Loyalty Nurture
55134,41.87,Low,0.0,3,No,Mobile Phone,Credit Card,22.0,3,127.39,At Risk,1,4,1,Standard Loyalty Nurture
54416,41.86,Low,7.0,3,No,Fashion,Debit Card,4.0,2,138.57,Potential Loyalist,3,2,2,Standard Loyalty Nurture
53808,41.85,Low,4.0,5,Yes (Active Ticket),Others,Debit Card,3.0,1,203.42,Potential Loyalist,3,1,4,Standard Loyalty Nurture
53246,41.8,Low,2.0,3,No,Grocery,Credit Card,5.0,3,127.31,At Risk,2,3,1,Standard Loyalty Nurture
53508,41.8,Low,6.0,3,No,Laptop & Accessory,Credit Card,12.0,5,152.4,At Risk,1,5,2,Standard Loyalty Nurture
54179,41.79,Low,4.0,5,No,Grocery,E wallet,6.0,2,75.82,Hibernating,2,2,1,Standard Loyalty Nurture
50180,41.78,Low,1.0,4,Yes (Active Ticket),Laptop & Accessory,Debit Card,1.0,2,206.99,Potential Loyalist,5,2,4,Standard Loyalty Nurture
52546,41.68,Low,7.0,2,No,Laptop & Accessory,UPI,15.0,1,206.79,Promising,1,1,4,Standard Loyalty Nurture
54923,41.66,Low,9.0,4,Yes (Active Ticket),Laptop & Accessory,Debit Card,2.0,2,186.21,Potential Loyalist,4,2,3,Standard Loyalty Nurture
50459,41.6,Low,1.0,4,No,Laptop & Accessory,Debit Card,21.0,2,168.94,Need Attention,1,2,3,Standard Loyalty Nurture
53709,41.59,Low,3.0,5,No,Grocery,Credit Card,2.0,5,105.44,Loyal Customers,4,5,1,Standard Loyalty Nurture
54925,41.59,Low,1.0,3,No,Mobile Phone,Credit Card,9.0,6,112.94,At Risk,1,5,1,Standard Loyalty Nurture
53538,41.57,Low,4.0,3,No,Laptop & Accessory,Credit Card,4.0,3,103.28,Loyal Customers,3,3,1,Standard Loyalty Nurture
55105,41.57,Low,4.0,3,Yes (Active Ticket),Others,Credit Card,0.0,4,150.98,Loyal Customers,5,4,2,Standard Loyalty Nurture
51505,41.55,Low,5.0,4,Yes (Active Ticket),Laptop & Accessory,Debit Card,1.0,3,222.9,Loyal Customers,5,3,5,Standard Loyalty Nurture
53372,41.55,Low,9.0,4,Yes (Active Ticket),Mobile Phone,COD,1.0,2,114.95,Potential Loyalist,5,2,1,Standard Loyalty Nurture
51413,41.54,Low,3.0,4,Yes (Active Ticket),Mobile Phone,Debit Card,2.0,2,148.87,Potential Loyalist,4,2,2,Standard Loyalty Nurture
54873,41.54,Low,2.0,1,No,Fashion,Debit Card,5.0,2,172.84,Need Attention,2,2,3,Standard Loyalty Nurture
53557,41.51,Low,3.0,4,Yes (Active Ticket),Fashion,Credit Card,1.0,6,133.03,Loyal Customers,4,5,1,Standard Loyalty Nurture
53690,41.5,Low,0.0,4,Yes (Active Ticket),Fashion,Credit Card,24.0,6,232.55,At Risk,1,5,5,Standard Loyalty Nurture
50330,41.46,Low,3.0,3,Yes (Active Ticket),Grocery,Credit Card,0.0,1,236.2,Potential Loyalist,5,1,5,Standard Loyalty Nurture
51555,41.43,Low,3.0,1,No,Mobile Phone,Debit Card,15.0,5,183.38,At Risk,1,5,3,Standard Loyalty Nurture
52595,41.43,Low,2.0,2,No,Mobile Phone,Credit Card,8.0,7,136.5,At Risk,2,5,2,Standard Loyalty Nurture
52744,41.42,Low,2.0,1,Yes (Active Ticket),Others,Credit Card,2.0,4,259.8,Champions,4,4,5,Standard Loyalty Nurture
51971,41.39,Low,0.0,3,No,Laptop & Accessory,Credit Card,7.0,1,107.7,Hibernating,2,1,1,Standard Loyalty Nurture
54765,41.38,Low,8.0,1,No,Laptop & Accessory,Debit Card,2.0,2,225.26,Potential Loyalist,4,2,5,Standard Loyalty Nurture
51860,41.37,Low,13.0,1,Yes (Active Ticket),Laptop & Accessory,Debit Card,11.0,2,48.01,Hibernating,1,2,1,Standard Loyalty Nurture
51584,41.36,Low,7.0,4,Yes (Active Ticket),Mobile Phone,Debit Card,2.0,3,174.54,Loyal Customers,4,3,3,Standard Loyalty Nurture
53161,41.33,Low,6.0,3,No,Others,Credit Card,5.0,4,136.72,At Risk,2,4,2,Standard Loyalty Nurture
55408,41.32,Low,6.0,4,No,Laptop & Accessory,Credit Card,4.0,4,91.14,Loyal Customers,3,4,1,Standard Loyalty Nurture
50863,41.3,Low,7.0,3,Yes (Active Ticket),Laptop & Accessory,COD,1.0,5,128.16,Loyal Customers,5,5,1,Standard Loyalty Nurture
52949,41.29,Low,5.0,2,Yes (Active Ticket),Fashion,Debit Card,4.0,5,139.65,Loyal Customers,3,5,2,Standard Loyalty Nurture
53183,41.29,Low,4.0,4,Yes (Active Ticket),Grocery,Credit Card,4.0,4,218.36,Loyal Customers,3,4,5,Standard Loyalty Nurture
53344,41.27,Low,2.0,3,No,Laptop & Accessory,Credit Card,3.0,2,134.91,Potential Loyalist,3,2,1,Standard Loyalty Nurture
53543,41.27,Low,2.0,3,No,Mobile Phone,Debit Card,3.0,1,160.41,Potential Loyalist,3,1,2,Standard Loyalty Nurture
55661,41.26,Low,2.0,2,No,Laptop & Accessory,Debit Card,0.0,4,128.5,Loyal Customers,5,5,1,Standard Loyalty Nurture
51895,41.25,Low,8.0,5,Yes (Active Ticket),Mobile Phone,Debit Card,1.0,2,175.16,Potential Loyalist,5,2,3,Standard Loyalty Nurture
50282,41.23,Low,4.0,1,No,Laptop & Accessory,UPI,3.0,2,64.08,Potential Loyalist,3,2,1,Standard Loyalty Nurture
53095,41.23,Low,2.0,2,Yes (Active Ticket),Others,E wallet,1.0,6,153.84,Loyal Customers,5,5,2,Standard Loyalty Nurture
53576,41.21,Low,5.0,4,No,Laptop & Accessory,Credit Card,6.0,2,145.92,Hibernating,2,2,2,Standard Loyalty Nurture
51163,41.19,Low,4.0,4,Yes (Active Ticket),Laptop & Accessory,Debit Card,2.0,5,184.67,Loyal Customers,4,5,3,Standard Loyalty Nurture
52710,41.19,Low,3.0,3,Yes (Active Ticket),Grocery,E wallet,1.0,5,68.94,Loyal Customers,5,5,1,Standard Loyalty Nurture
53964,41.19,Low,9.0,3,No,Fashion,Credit Card,12.0,1,145.88,Hibernating,1,1,2,Standard Loyalty Nurture
51983,41.18,Low,6.0,2,No,Mobile Phone,UPI,3.0,3,77.11,Loyal Customers,3,3,1,Standard Loyalty Nurture
53008,41.18,Low,0.0,3,Yes (Active Ticket),Mobile Phone,Debit Card,4.0,5,185.36,Loyal Customers,3,5,3,Standard Loyalty Nurture
53947,41.18,Low,11.0,2,Yes (Active Ticket),Grocery,Debit Card,3.0,6,197.51,Loyal Customers,3,5,4,Standard Loyalty Nurture
51455,41.16,Low,0.0,5,Yes (Active Ticket),Fashion,Debit Card,1.0,3,200.92,Loyal Customers,5,3,4,Standard Loyalty Nurture
53648,41.16,Low,6.0,4,Yes (Active Ticket),Laptop & Accessory,Credit Card,2.0,3,205.08,Loyal Customers,4,3,4,Standard Loyalty Nurture
55296,41.15,Low,1.0,3,No,Mobile Phone,Debit Card,14.0,3,186.18,At Risk,1,4,3,Standard Loyalty Nurture
52835,41.13,Low,5.0,3,No,Mobile Phone,Credit Card,1.0,3,119.28,Loyal Customers,5,3,1,Standard Loyalty Nurture
52044,41.12,Low,1.0,3,Yes (Active Ticket),Grocery,UPI,1.0,3,174.57,Loyal Customers,5,3,3,Standard Loyalty Nurture
52165,41.1,Low,6.0,4,Yes (Active Ticket),Mobile Phone,Credit Card,2.0,3,201.18,Loyal Customers,4,3,4,Standard Loyalty Nurture
54877,41.09,Low,9.0,5,No,Fashion,Debit Card,3.0,3,26.29,Loyal Customers,3,4,1,Standard Loyalty Nurture
53309,41.08,Low,5.0,4,No,Laptop & Accessory,Debit Card,4.0,3,112.83,Loyal Customers,3,3,1,Standard Loyalty Nurture
51136,41.07,Low,1.0,1,No,Laptop & Accessory,Debit Card,1.0,1,174.32,Potential Loyalist,5,1,3,Standard Loyalty Nurture
52425,41.07,Low,3.0,3,No,Mobile Phone,Credit Card,4.0,1,155.33,Potential Loyalist,3,1,2,Standard Loyalty Nurture
50666,41.05,Low,2.0,4,Yes (Active Ticket),Mobile Phone,Credit Card,1.0,2,195.58,Potential Loyalist,5,2,4,Standard Loyalty Nurture
50738,41.02,Low,17.0,2,Yes (Active Ticket),Fashion,COD,19.0,4,207.74,At Risk,1,4,4,Standard Loyalty Nurture
54957,41.02,Low,4.0,3,No,Laptop & Accessory,Debit Card,19.0,6,177.99,At Risk,1,5,3,Standard Loyalty Nurture
54425,41.01,Low,4.0,4,No,Fashion,Debit Card,15.0,1,155.83,Hibernating,1,1,2,Standard Loyalty Nurture
54188,40.98,Low,9.0,5,Yes (Active Ticket),Laptop & Accessory,Credit Card,18.0,4,198.88,At Risk,1,4,4,Standard Loyalty Nurture
50178,40.97,Low,5.0,2,Yes (Active Ticket),Fashion,E wallet,5.0,5,146.61,Loyal Customers,3,5,2,Standard Loyalty Nurture
50001,40.96,Low,5.0,5,Yes (Active Ticket),Laptop & Accessory,Debit Card,4.0,4,130.13,Loyal Customers,3,4,1,Standard Loyalty Nurture
54259,40.93,Low,4.0,5,Yes (Active Ticket),Mobile Phone,Debit Card,1.0,1,184.41,Potential Loyalist,4,1,3,Standard Loyalty Nurture
51074,40.91,Low,0.0,3,Yes (Active Ticket),Fashion,UPI,6.0,5,199.63,At Risk,2,5,4,Standard Loyalty Nurture
54585,40.91,Low,12.0,2,Yes (Active Ticket),Others,Debit Card,3.0,2,136.16,Potential Loyalist,3,2,2,Standard Loyalty Nurture
50910,40.9,Low,5.0,4,Yes (Active Ticket),Laptop & Accessory,E wallet,1.0,3,185.56,Loyal Customers,5,3,3,Standard Loyalty Nurture
51572,40.87,Low,2.0,3,Yes (Active Ticket),Grocery,COD,3.0,4,141.06,Loyal Customers,3,4,2,Standard Loyalty Nurture
53612,40.87,Low,2.0,4,No,Laptop & Accessory,UPI,4.0,3,109.38,Loyal Customers,3,3,1,Standard Loyalty Nurture
53746,40.87,Low,2.0,5,Yes (Active Ticket),Fashion,Debit Card,0.0,5,199.67,Champions,5,5,4,Standard Loyalty Nurture
54600,40.86,Low,3.0,4,Yes (Active Ticket),Grocery,UPI,9.0,4,202.6,At Risk,1,4,4,Standard Loyalty Nurture
51981,40.83,Low,2.0,4,No,Laptop & Accessory,Debit Card,11.0,2,139.21,Hibernating,1,2,2,Standard Loyalty Nurture
52469,40.81,Low,6.0,2,No,Grocery,COD,2.0,3,174.75,Loyal Customers,4,3,3,Standard Loyalty Nurture
52795,40.81,Low,6.0,3,Yes (Active Ticket),Laptop & Accessory,Credit Card,1.0,1,87.36,Potential Loyalist,5,1,1,Standard Loyalty Nurture
55311,40.8,Low,4.0,4,Yes (Active Ticket),Laptop & Accessory,Debit Card,6.0,6,170.12,At Risk,2,5,3,Standard Loyalty Nurture
51397,40.79,Low,6.0,3,No,Laptop & Accessory,Credit Card,2.0,5,283.97,Champions,4,5,5,Standard Loyalty Nurture
54435,40.79,Low,1.0,4,No,Mobile Phone,E wallet,9.0,5,180.67,At Risk,1,5,3,Standard Loyalty Nurture
55213,40.79,Low,4.0,1,No,Laptop & Accessory,Debit Card,0.0,4,95.75,Loyal Customers,5,4,1,Standard Loyalty Nurture
51625,40.78,Low,2.0,3,No,Laptop & Accessory,Credit Card,5.0,2,147.63,Hibernating,2,2,2,Standard Loyalty Nurture
51265,40.76,Low,0.0,5,No,Others,E wallet,5.0,3,154.7,At Risk,2,3,2,Standard Loyalty Nurture
51423,40.76,Low,0.0,3,Yes (Active Ticket),Laptop & Accessory,Debit Card,2.0,3,211.8,Loyal Customers,4,3,4,Standard Loyalty Nurture
55033,40.76,Low,8.0,3,No,Laptop & Accessory,Credit Card,4.0,1,182.45,Potential Loyalist,3,1,3,Standard Loyalty Nurture
54754,40.75,Low,7.0,3,Yes (Active Ticket),Grocery,Credit Card,3.0,4,213.8,Loyal Customers,3,4,4,Standard Loyalty Nurture
55064,40.73,Low,4.0,4,Yes (Active Ticket),Grocery,Debit Card,1.0,1,215.76,Potential Loyalist,4,1,4,Standard Loyalty Nurture
54623,40.71,Low,2.0,4,No,Others,Debit Card,8.0,1,170.8,Promising,1,1,3,Standard Loyalty Nurture
51280,40.7,Low,7.0,3,Yes (Active Ticket),Laptop & Accessory,Debit Card,2.0,8,234.2,Champions,4,5,5,Standard Loyalty Nurture
52204,40.7,Low,0.0,1,No,Mobile Phone,Credit Card,3.0,2,135.65,Potential Loyalist,3,2,2,Standard Loyalty Nurture
52402,40.7,Low,1.0,5,Yes (Active Ticket),Laptop & Accessory,UPI,0.0,3,207.09,Loyal Customers,5,3,4,Standard Loyalty Nurture
53191,40.68,Low,4.0,5,No,Mobile Phone,Credit Card,6.0,4,204.61,At Risk,2,4,4,Standard Loyalty Nurture
50804,40.65,Low,9.0,3,No,Mobile Phone,Debit Card,14.0,4,132.52,At Risk,1,4,1,Standard Loyalty Nurture
52781,40.65,Low,1.0,3,No,Fashion,Debit Card,2.0,2,160.42,Potential Loyalist,4,2,2,Standard Loyalty Nurture
55649,40.65,Low,8.0,2,No,Mobile Phone,Credit Card,5.0,3,135.92,At Risk,2,4,2,Standard Loyalty Nurture
50750,40.64,Low,10.0,3,No,Grocery,E wallet,11.0,3,113.1,At Risk,1,3,1,Standard Loyalty Nurture
53788,40.63,Low,6.0,5,Yes (Active Ticket),Laptop & Accessory,UPI,8.0,4,200.41,At Risk,1,4,4,Standard Loyalty Nurture
55048,40.62,Low,8.0,1,Yes (Active Ticket),Fashion,UPI,7.0,4,208.76,At Risk,2,4,4,Standard Loyalty Nurture
51524,40.6,Low,1.0,5,Yes (Active Ticket),Mobile Phone,Credit Card,0.0,2,155.59,Potential Loyalist,5,2,2,Standard Loyalty Nurture
55239,40.58,Low,0.0,3,No,Mobile Phone,Credit Card,7.0,3,140.48,At Risk,2,4,2,Standard Loyalty Nurture
52779,40.57,Low,6.0,5,Yes (Active Ticket),Fashion,COD,3.0,1,200.84,Potential Loyalist,3,1,4,Standard Loyalty Nurture
52660,40.54,Low,11.0,2,Yes (Active Ticket),Mobile Phone,Debit Card,3.0,4,219.69,Loyal Customers,3,4,5,Standard Loyalty Nurture
50845,40.51,Low,2.0,4,No,Grocery,Credit Card,6.0,3,139.62,At Risk,2,3,2,Standard Loyalty Nurture
54408,40.51,Low,2.0,3,No,Fashion,E wallet,2.0,1,101.06,Potential Loyalist,4,1,1,Standard Loyalty Nurture
54289,40.49,Low,4.0,3,No,Laptop & Accessory,E wallet,8.0,4,112.58,At Risk,1,4,1,Standard Loyalty Nurture
54979,40.49,Low,0.0,3,No,Fashion,Credit Card,0.0,7,245.53,Champions,5,5,5,Standard Loyalty Nurture
53478,40.45,Low,8.0,1,No,Grocery,Credit Card,2.0,2,202.42,Potential Loyalist,4,2,4,Standard Loyalty Nurture
54817,40.41,Low,24.0,3,Yes (Active Ticket),Mobile Phone,Debit Card,16.0,3,251.57,At Risk,1,4,5,Standard Loyalty Nurture
51568,40.38,Low,1.0,4,No,Fashion,E wallet,7.0,3,125.61,At Risk,2,3,1,Standard Loyalty Nurture
51712,40.36,Low,1.0,5,Yes (Active Ticket),Laptop & Accessory,E wallet,0.0,2,154.63,Potential Loyalist,5,2,2,Standard Loyalty Nurture
53596,40.31,Low,10.0,2,Yes (Active Ticket),Fashion,UPI,7.0,8,160.77,At Risk,2,5,2,Standard Loyalty Nurture
53686,40.3,Low,8.0,5,No,Fashion,Debit Card,0.0,2,70.37,Potential Loyalist,5,2,1,Standard Loyalty Nurture
53171,40.29,Low,11.0,2,Yes (Active Ticket),Mobile Phone,Credit Card,0.0,3,174.61,Loyal Customers,5,3,3,Standard Loyalty Nurture
51548,40.28,Low,8.0,3,No,Laptop & Accessory,Credit Card,4.0,1,184.65,Potential Loyalist,3,1,3,Standard Loyalty Nurture
55079,40.26,Low,7.0,3,No,Fashion,UPI,14.0,4,157.86,At Risk,1,4,2,Standard Loyalty Nurture
52742,40.25,Low,3.0,2,No,Mobile Phone,COD,6.0,1,176.38,Promising,2,1,3,Standard Loyalty Nurture
52828,40.25,Low,1.0,4,Yes (Active Ticket),Mobile Phone,Debit Card,3.0,1,229.63,Potential Loyalist,3,1,5,Standard Loyalty Nurture
53975,40.25,Low,3.0,5,No,Laptop & Accessory,E wallet,0.0,7,127.75,Loyal Customers,5,5,1,Standard Loyalty Nurture
55370,40.25,Low,2.0,3,Yes (Active Ticket),Laptop & Accessory,E wallet,2.0,3,221.03,Champions,4,4,5,Standard Loyalty Nurture
52196,40.24,Low,6.0,4,Yes (Active Ticket),Fashion,UPI,4.0,2,99.99,Potential Loyalist,3,2,1,Standard Loyalty Nurture
53109,40.24,Low,9.0,3,No,Fashion,Credit Card,10.0,4,151.01,At Risk,1,4,2,Standard Loyalty Nurture
50898,40.22,Low,23.0,5,Yes (Active Ticket),Laptop & Accessory,Debit Card,15.0,3,221.15,At Risk,1,3,5,Standard Loyalty Nurture
53890,40.18,Low,5.0,2,Yes (Active Ticket),Mobile Phone,UPI,6.0,6,208.85,At Risk,2,5,4,Standard Loyalty Nurture
54208,40.18,Low,8.0,3,No,Laptop & Accessory,Debit Card,6.0,3,198.32,At Risk,2,3,4,Standard Loyalty Nurture
50099,40.15,Low,0.0,3,No,Fashion,Credit Card,9.0,1,115.47,Hibernating,1,1,1,Standard Loyalty Nurture
53016,40.14,Low,4.0,5,No,Mobile Phone,Credit Card,15.0,5,131.71,At Risk,1,5,1,Standard Loyalty Nurture
53261,40.13,Low,2.0,3,No,Mobile Phone,Debit Card,1.0,7,131.76,Loyal Customers,5,5,1,Standard Loyalty Nurture
52059,40.1,Low,11.0,2,Yes (Active Ticket),Mobile Phone,E wallet,1.0,2,223.25,Potential Loyalist,5,2,5,Standard Loyalty Nurture
52302,40.06,Low,8.0,3,No,Mobile Phone,E wallet,17.0,4,99.01,At Risk,1,4,1,Standard Loyalty Nurture
54368,40.05,Low,6.0,3,No,Mobile Phone,Credit Card,5.0,6,152.12,At Risk,2,5,2,Standard Loyalty Nurture
54568,40.05,Low,2.0,3,No,Laptop & Accessory,Debit Card,1.0,4,188.46,Champions,4,4,4,Standard Loyalty Nurture
52307,40.04,Low,1.0,2,No,Fashion,E wallet,12.0,1,100.16,Hibernating,1,1,1,Standard Loyalty Nurture
51235,40.01,Low,11.0,5,Yes (Active Ticket),Grocery,Credit Card,4.0,1,131.82,Potential Loyalist,3,1,1,Standard Loyalty Nurture
55131,39.99,Low,8.0,3,Yes (Active Ticket),Grocery,Credit Card,9.0,2,86.01,Hibernating,1,2,1,Standard Loyalty Nurture
54557,39.98,Low,11.0,2,Yes (Active Ticket),Laptop & Accessory,Debit Card,5.0,2,212.38,Need Attention,2,2,4,Standard Loyalty Nurture
52247,39.95,Low,1.0,3,No,Laptop & Accessory,Debit Card,7.0,2,182.18,Need Attention,2,2,3,Standard Loyalty Nurture
53954,39.95,Low,1.0,5,No,Fashion,Debit Card,5.0,3,175.7,At Risk,2,3,3,Standard Loyalty Nurture
51359,39.91,Low,3.0,2,No,Laptop & Accessory,Credit Card,1.0,3,139.71,Loyal Customers,5,3,2,Standard Loyalty Nurture
51569,39.9,Low,10.0,4,Yes (Active Ticket),Grocery,E wallet,8.0,2,79.2,Hibernating,2,2,1,Standard Loyalty Nurture
52745,39.89,Low,10.0,3,No,Laptop & Accessory,Debit Card,6.0,2,228.49,Need Attention,2,2,5,Standard Loyalty Nurture
53267,39.89,Low,6.0,3,No,Others,E wallet,12.0,1,157.23,Hibernating,1,1,2,Standard Loyalty Nurture
53813,39.89,Low,3.0,3,No,Laptop & Accessory,Debit Card,2.0,4,107.53,Loyal Customers,4,4,1,Standard Loyalty Nurture
52694,39.88,Low,6.0,3,Yes (Active Ticket),Grocery,E wallet,4.0,4,186.83,Loyal Customers,3,4,3,Standard Loyalty Nurture
54642,39.83,Low,4.0,1,No,Laptop & Accessory,Credit Card,9.0,3,200.32,At Risk,1,3,4,Standard Loyalty Nurture
50461,39.77,Low,1.0,5,Yes (Active Ticket),Others,Credit Card,0.0,2,252.04,Potential Loyalist,5,2,5,Standard Loyalty Nurture
55356,39.77,Low,5.0,1,No,Grocery,UPI,6.0,5,237.9,At Risk,2,5,5,Standard Loyalty Nurture
54824,39.71,Low,5.0,4,No,Grocery,Credit Card,4.0,2,103.5,Potential Loyalist,3,2,1,Standard Loyalty Nurture
55261,39.68,Low,2.0,1,No,Laptop & Accessory,Credit Card,4.0,2,167.01,Potential Loyalist,3,2,3,Standard Loyalty Nurture
54119,39.66,Low,2.0,1,Yes (Active Ticket),Grocery,COD,4.0,11,197.71,Loyal Customers,3,5,4,Standard Loyalty Nurture
50295,39.64,Low,1.0,3,Yes (Active Ticket),Fashion,Credit Card,1.0,5,168.06,Loyal Customers,5,5,3,Standard Loyalty Nurture
55146,39.64,Low,21.0,3,Yes (Active Ticket),Laptop & Accessory,E wallet,17.0,4,233.21,At Risk,1,4,5,Standard Loyalty Nurture
54244,39.63,Low,6.0,5,Yes (Active Ticket),Laptop & Accessory,Debit Card,5.0,7,190.4,At Risk,2,5,4,Standard Loyalty Nurture
51667,39.62,Low,2.0,3,No,Laptop & Accessory,Credit Card,7.0,3,93.94,At Risk,2,3,1,Standard Loyalty Nurture
50663,39.6,Low,9.0,3,Yes (Active Ticket),Laptop & Accessory,COD,4.0,5,172.34,Loyal Customers,3,5,3,Standard Loyalty Nurture
52377,39.57,Low,4.0,3,Yes (Active Ticket),Fashion,Debit Card,3.0,5,226.56,Loyal Customers,3,5,5,Standard Loyalty Nurture
53604,39.57,Low,3.0,4,No,Laptop & Accessory,COD,6.0,5,124.37,At Risk,2,5,1,Standard Loyalty Nurture
51536,39.54,Low,1.0,5,No,Mobile Phone,E wallet,7.0,2,167.94,Need Attention,2,2,3,Standard Loyalty Nurture
55294,39.53,Low,0.0,2,No,Others,E wallet,11.0,2,180.91,Need Attention,1,2,3,Standard Loyalty Nurture
55439,39.5,Low,0.0,4,No,Laptop & Accessory,Debit Card,4.0,3,158.52,Loyal Customers,3,4,2,Standard Loyalty Nurture
52921,39.49,Low,4.0,2,No,Mobile Phone,E wallet,5.0,3,93.28,At Risk,2,3,1,Standard Loyalty Nurture
51491,39.45,Low,3.0,3,No,Mobile Phone,Debit Card,0.0,4,123.07,Loyal Customers,5,4,1,Standard Loyalty Nurture
54241,39.43,Low,11.0,3,Yes (Active Ticket),Fashion,UPI,7.0,1,91.31,Hibernating,2,1,1,Standard Loyalty Nurture
55172,39.41,Low,8.0,1,No,Laptop & Accessory,Debit Card,6.0,1,162.11,Hibernating,2,1,2,Standard Loyalty Nurture
55615,39.38,Low,5.0,2,Yes (Active Ticket),Mobile Phone,Debit Card,2.0,4,159.75,Loyal Customers,4,5,2,Standard Loyalty Nurture
50977,39.37,Low,9.0,5,Yes (Active Ticket),Mobile Phone,Debit Card,3.0,5,131.88,Loyal Customers,3,5,1,Standard Loyalty Nurture
50919,39.36,Low,14.0,3,Yes (Active Ticket),Laptop & Accessory,E wallet,8.0,4,278.58,At Risk,2,4,5,Standard Loyalty Nurture
53605,39.35,Low,2.0,1,No,Laptop & Accessory,Credit Card,7.0,3,174.25,At Risk,2,3,3,Standard Loyalty Nurture
52983,39.34,Low,12.0,3,Yes (Active Ticket),Mobile Phone,Credit Card,9.0,3,160.12,At Risk,1,3,2,Standard Loyalty Nurture
54864,39.32,Low,4.0,3,No,Laptop & Accessory,Debit Card,2.0,2,112.36,Potential Loyalist,4,2,1,Standard Loyalty Nurture
50855,39.3,Low,2.0,4,No,Mobile Phone,Debit Card,6.0,4,149.57,At Risk,2,4,2,Standard Loyalty Nurture
52691,39.3,Low,8.0,3,Yes (Active Ticket),Laptop & Accessory,UPI,2.0,3,172.37,Loyal Customers,4,3,3,Standard Loyalty Nurture
50900,39.28,Low,1.0,3,No,Grocery,Debit Card,3.0,2,168.91,Potential Loyalist,3,2,3,Standard Loyalty Nurture
51188,39.28,Low,1.0,4,No,Grocery,Debit Card,1.0,7,137.35,Loyal Customers,5,5,2,Standard Loyalty Nurture
51969,39.28,Low,4.0,3,No,Laptop & Accessory,Credit Card,2.0,2,118.78,Potential Loyalist,4,2,1,Standard Loyalty Nurture
52927,39.23,Low,16.0,2,No,Fashion,Credit Card,9.0,3,110.22,At Risk,1,3,1,Standard Loyalty Nurture
55420,39.22,Low,4.0,2,No,Laptop & Accessory,Credit Card,1.0,4,130.95,Loyal Customers,4,4,1,Standard Loyalty Nurture
55387,39.18,Low,6.0,3,Yes (Active Ticket),Mobile Phone,E wallet,1.0,3,183.32,Loyal Customers,4,4,3,Standard Loyalty Nurture
50159,39.15,Low,3.0,3,No,Mobile Phone,Debit Card,1.0,5,127.79,Loyal Customers,5,5,1,Standard Loyalty Nurture
53410,39.15,Low,0.0,4,Yes (Active Ticket),Laptop & Accessory,Debit Card,4.0,4,128.45,Loyal Customers,3,4,1,Standard Loyalty Nurture
55333,39.14,Low,1.0,3,No,Mobile Phone,UPI,6.0,5,94.2,At Risk,2,5,1,Standard Loyalty Nurture
50055,39.13,Low,9.0,1,No,Laptop & Accessory,Debit Card,4.0,2,166.48,Potential Loyalist,3,1,3,Standard Loyalty Nurture
54148,39.13,Low,5.0,3,No,Laptop & Accessory,Debit Card,0.0,5,264.67,Champions,5,5,5,Standard Loyalty Nurture
55113,39.08,Low,9.0,3,Yes (Active Ticket),Fashion,Debit Card,1.0,4,66.51,Loyal Customers,4,4,1,Standard Loyalty Nurture
54848,39.07,Low,2.0,4,Yes (Active Ticket),Fashion,Debit Card,2.0,1,136.71,Potential Loyalist,4,1,2,Standard Loyalty Nurture
51039,39.06,Low,1.0,3,No,Mobile Phone,UPI,4.0,1,90.44,Potential Loyalist,3,1,1,Standard Loyalty Nurture
51153,39.04,Low,12.0,3,Yes (Active Ticket),Laptop & Accessory,Debit Card,11.0,3,145.21,At Risk,1,3,2,Standard Loyalty Nurture
55550,39.03,Low,1.0,5,Yes (Active Ticket),Laptop & Accessory,E wallet,6.0,4,165.56,At Risk,2,5,3,Standard Loyalty Nurture
52358,39.02,Low,1.0,1,No,Laptop & Accessory,Debit Card,4.0,8,160.16,Loyal Customers,3,5,2,Standard Loyalty Nurture
53363,39.0,Low,12.0,4,Yes (Active Ticket),Laptop & Accessory,E wallet,7.0,6,184.19,At Risk,2,5,3,Standard Loyalty Nurture
51106,38.98,Low,2.0,3,No,Grocery,COD,5.0,3,152.12,At Risk,2,3,2,Standard Loyalty Nurture
54615,38.98,Low,3.0,1,No,Laptop & Accessory,E wallet,5.0,4,98.22,At Risk,2,4,1,Standard Loyalty Nurture
54284,38.97,Low,1.0,5,Yes (Active Ticket),Laptop & Accessory,E wallet,1.0,2,150.39,Potential Loyalist,4,2,2,Standard Loyalty Nurture
52038,38.95,Low,2.0,5,Yes (Active Ticket),Mobile Phone,COD,1.0,5,167.36,Loyal Customers,5,5,3,Standard Loyalty Nurture
52215,38.95,Low,13.0,3,Yes (Active Ticket),Others,E wallet,8.0,4,297.55,At Risk,2,4,5,Standard Loyalty Nurture
54691,38.94,Low,5.0,4,Yes (Active Ticket),Laptop & Accessory,UPI,11.0,4,218.88,At Risk,1,4,5,Standard Loyalty Nurture
51162,38.93,Low,1.0,3,No,Fashion,E wallet,3.0,4,151.86,Loyal Customers,3,4,2,Standard Loyalty Nurture
54908,38.93,Low,2.0,3,Yes (Active Ticket),Laptop & Accessory,Debit Card,3.0,3,225.94,Loyal Customers,3,4,5,Standard Loyalty Nurture
50805,38.92,Low,6.0,3,Yes (Active Ticket),Mobile Phone,Debit Card,9.0,1,72.35,Hibernating,1,1,1,Standard Loyalty Nurture
52769,38.91,Low,7.0,5,No,Grocery,Debit Card,16.0,3,174.54,At Risk,1,3,3,Standard Loyalty Nurture
51270,38.87,Low,3.0,4,Yes (Active Ticket),Mobile Phone,Credit Card,1.0,1,186.85,Potential Loyalist,5,1,3,Standard Loyalty Nurture
53965,38.87,Low,0.0,3,No,Mobile Phone,Debit Card,2.0,5,90.43,Loyal Customers,4,5,1,Standard Loyalty Nurture
55292,38.86,Low,2.0,5,Yes (Active Ticket),Grocery,Credit Card,5.0,1,187.9,Promising,2,1,3,Standard Loyalty Nurture
51275,38.85,Low,7.0,1,No,Laptop & Accessory,Credit Card,6.0,2,198.7,Need Attention,2,2,4,Standard Loyalty Nurture
51009,38.83,Low,3.0,4,No,Laptop & Accessory,Debit Card,7.0,3,138.11,At Risk,2,3,2,Standard Loyalty Nurture
50546,38.8,Low,4.0,3,No,Mobile Phone,Debit Card,5.0,3,179.78,At Risk,2,3,3,Standard Loyalty Nurture
51825,38.8,Low,10.0,5,No,Laptop & Accessory,E wallet,15.0,5,159.23,At Risk,1,5,2,Standard Loyalty Nurture
51893,38.78,Low,16.0,4,Yes (Active Ticket),Mobile Phone,Debit Card,19.0,6,137.06,At Risk,1,5,2,Standard Loyalty Nurture
50420,38.77,Low,14.0,3,Yes (Active Ticket),Mobile Phone,Credit Card,0.0,2,180.7,Potential Loyalist,5,2,3,Standard Loyalty Nurture
55660,38.74,Low,0.0,5,No,Fashion,Debit Card,9.0,1,115.75,Hibernating,1,1,1,Standard Loyalty Nurture
52563,38.72,Low,1.0,2,No,Fashion,Debit Card,3.0,7,189.28,Loyal Customers,3,5,4,Standard Loyalty Nurture
53753,38.69,Low,4.0,1,No,Laptop & Accessory,E wallet,6.0,2,179.43,Need Attention,2,2,3,Standard Loyalty Nurture
52065,38.67,Low,1.0,3,No,Grocery,E wallet,0.0,5,227.68,Champions,5,5,5,Standard Loyalty Nurture
55618,38.66,Low,3.0,3,No,Laptop & Accessory,Credit Card,1.0,6,111.74,Loyal Customers,4,5,1,Standard Loyalty Nurture
50217,38.65,Low,4.0,5,Yes (Active Ticket),Laptop & Accessory,Credit Card,5.0,1,231.97,Potential Loyalist,3,1,5,Standard Loyalty Nurture
51392,38.62,Low,1.0,2,No,Mobile Phone,E wallet,19.0,3,243.49,At Risk,1,3,5,Standard Loyalty Nurture
54637,38.62,Low,4.0,3,No,Laptop & Accessory,UPI,2.0,1,91.59,Potential Loyalist,4,1,1,Standard Loyalty Nurture
55098,38.62,Low,3.0,5,Yes (Active Ticket),Fashion,Credit Card,1.0,4,236.4,Champions,4,4,5,Standard Loyalty Nurture
54327,38.61,Low,0.0,3,Yes (Active Ticket),Laptop & Accessory,Debit Card,2.0,4,163.87,Loyal Customers,4,4,2,Standard Loyalty Nurture
54209,38.6,Low,1.0,3,No,Fashion,Debit Card,4.0,4,146.09,Loyal Customers,3,4,2,Standard Loyalty Nurture
55405,38.6,Low,4.0,4,Yes (Active Ticket),Fashion,E wallet,0.0,3,126.76,Loyal Customers,5,4,1,Standard Loyalty Nurture
50528,38.59,Low,3.0,3,Yes (Active Ticket),Mobile Phone,UPI,0.0,4,245.52,Champions,5,4,5,Standard Loyalty Nurture
50727,38.58,Low,2.0,3,Yes (Active Ticket),Grocery,UPI,1.0,2,243.81,Potential Loyalist,5,2,5,Standard Loyalty Nurture
54248,38.58,Low,1.0,3,Yes (Active Ticket),Fashion,E wallet,0.0,4,122.65,Loyal Customers,5,4,1,Standard Loyalty Nurture
52602,38.56,Low,1.0,3,No,Fashion,Debit Card,6.0,4,254.79,At Risk,2,4,5,Standard Loyalty Nurture
53602,38.55,Low,8.0,3,No,Laptop & Accessory,Debit Card,19.0,4,234.4,At Risk,1,4,5,Standard Loyalty Nurture
50004,38.54,Low,9.0,3,No,Laptop & Accessory,Debit Card,8.0,2,92.38,Hibernating,2,1,1,Standard Loyalty Nurture
50057,38.51,Low,1.0,4,Yes (Active Ticket),Mobile Phone,E wallet,2.0,6,232.0,Champions,4,5,5,Standard Loyalty Nurture
53286,38.48,Low,1.0,3,No,Fashion,Debit Card,2.0,2,146.23,Potential Loyalist,4,2,2,Standard Loyalty Nurture
54960,38.47,Low,14.0,3,Yes (Active Ticket),Laptop & Accessory,Debit Card,5.0,2,199.24,Need Attention,2,2,4,Standard Loyalty Nurture
52607,38.46,Low,0.0,3,No,Grocery,Credit Card,5.0,2,172.65,Need Attention,2,2,3,Standard Loyalty Nurture
52774,38.45,Low,6.0,1,Yes (Active Ticket),Laptop & Accessory,UPI,3.0,6,152.04,Loyal Customers,3,5,2,Standard Loyalty Nurture
52880,38.45,Low,2.0,3,No,Others,E wallet,6.0,4,106.31,At Risk,2,4,1,Standard Loyalty Nurture
55028,38.45,Low,1.0,1,No,Laptop & Accessory,Debit Card,1.0,2,122.69,Potential Loyalist,4,2,1,Standard Loyalty Nurture
51020,38.43,Low,0.0,3,No,Mobile Phone,Debit Card,0.0,5,123.19,Loyal Customers,5,5,1,Standard Loyalty Nurture
50880,38.41,Low,3.0,4,Yes (Active Ticket),Laptop & Accessory,Credit Card,9.0,1,194.12,Promising,1,1,4,Standard Loyalty Nurture
51341,38.41,Low,3.0,4,No,Mobile Phone,Credit Card,3.0,2,125.88,Potential Loyalist,3,2,1,Standard Loyalty Nurture
50288,38.4,Low,8.0,3,Yes (Active Ticket),Laptop & Accessory,Debit Card,0.0,2,84.78,Potential Loyalist,5,2,1,Standard Loyalty Nurture
54988,38.38,Low,9.0,2,No,Mobile Phone,Credit Card,5.0,1,63.96,Hibernating,2,1,1,Standard Loyalty Nurture
50860,38.37,Low,1.0,3,Yes (Active Ticket),Laptop & Accessory,Debit Card,1.0,4,132.83,Loyal Customers,5,4,1,Standard Loyalty Nurture
54165,38.37,Low,9.0,3,No,Laptop & Accessory,Debit Card,12.0,3,236.97,At Risk,1,3,5,Standard Loyalty Nurture
51618,38.32,Low,11.0,1,Yes (Active Ticket),Fashion,Credit Card,0.0,2,172.55,Potential Loyalist,5,2,3,Standard Loyalty Nurture
51604,38.29,Low,4.0,5,Yes (Active Ticket),Mobile Phone,E wallet,3.0,2,163.13,Potential Loyalist,3,2,2,Standard Loyalty Nurture
53572,38.28,Low,8.0,3,Yes (Active Ticket),Mobile Phone,Debit Card,3.0,4,210.06,Loyal Customers,3,4,4,Standard Loyalty Nurture
52573,38.27,Low,4.0,3,No,Laptop & Accessory,COD,2.0,3,78.82,Loyal Customers,4,3,1,Standard Loyalty Nurture
53563,38.27,Low,1.0,3,No,Fashion,UPI,1.0,5,122.76,Loyal Customers,4,5,1,Standard Loyalty Nurture
50984,38.25,Low,1.0,2,No,Laptop & Accessory,E wallet,2.0,2,161.2,Potential Loyalist,4,2,2,Standard Loyalty Nurture
51107,38.25,Low,5.0,2,Yes (Active Ticket),Grocery,Credit Card,1.0,3,223.41,Loyal Customers,5,3,5,Standard Loyalty Nurture
52714,38.24,Low,5.0,1,No,Mobile Phone,Credit Card,1.0,9,192.71,Champions,5,5,4,Standard Loyalty Nurture
53354,38.24,Low,7.0,3,No,Laptop & Accessory,UPI,2.0,4,142.04,Loyal Customers,4,4,2,Standard Loyalty Nurture
53603,38.24,Low,2.0,3,No,Laptop & Accessory,Credit Card,1.0,2,122.21,Potential Loyalist,4,2,1,Standard Loyalty Nurture
51898,38.23,Low,2.0,1,No,Laptop & Accessory,UPI,5.0,1,205.64,Promising,2,1,4,Standard Loyalty Nurture
52558,38.2,Low,4.0,5,Yes (Active Ticket),Mobile Phone,Credit Card,5.0,1,172.91,Promising,2,1,3,Standard Loyalty Nurture
55312,38.2,Low,10.0,4,No,Mobile Phone,E wallet,31.0,1,164.61,Promising,1,1,3,Standard Loyalty Nurture
54185,38.19,Low,1.0,3,No,Mobile Phone,E wallet,5.0,4,139.39,At Risk,2,4,2,Standard Loyalty Nurture
54351,38.19,Low,15.0,1,Yes (Active Ticket),Others,Debit Card,1.0,2,205.9,Potential Loyalist,4,2,4,Standard Loyalty Nurture
54482,38.18,Low,6.0,5,Yes (Active Ticket),Fashion,UPI,10.0,1,198.66,Promising,1,1,4,Standard Loyalty Nurture
51924,38.16,Low,4.0,5,No,Mobile Phone,Credit Card,3.0,4,92.99,Loyal Customers,3,4,1,Standard Loyalty Nurture
55141,38.14,Low,9.0,2,No,Fashion,E wallet,2.0,1,149.98,Potential Loyalist,4,1,2,Standard Loyalty Nurture
52019,38.11,Low,0.0,3,No,Fashion,Credit Card,6.0,4,169.99,At Risk,2,4,3,Standard Loyalty Nurture
54423,38.1,Low,9.0,2,No,Others,Debit Card,3.0,2,159.54,Potential Loyalist,3,2,2,Standard Loyalty Nurture
50667,38.09,Low,3.0,3,No,Grocery,E wallet,1.0,4,91.45,Loyal Customers,5,4,1,Standard Loyalty Nurture
52471,38.09,Low,3.0,3,No,Mobile Phone,Debit Card,2.0,1,145.99,Potential Loyalist,4,1,2,Standard Loyalty Nurture
50010,38.04,Low,12.0,2,Yes (Active Ticket),Fashion,Debit Card,7.0,3,296.98,At Risk,2,3,5,Standard Loyalty Nurture
50497,38.03,Low,9.0,3,No,Mobile Phone,Credit Card,7.0,2,144.36,Hibernating,2,2,2,Standard Loyalty Nurture
51462,38.02,Low,11.0,4,Yes (Active Ticket),Mobile Phone,COD,3.0,2,166.05,Potential Loyalist,3,2,3,Standard Loyalty Nurture
55015,38.02,Low,2.0,4,No,Mobile Phone,UPI,9.0,5,29.95,At Risk,1,5,1,Standard Loyalty Nurture
51402,38.01,Low,2.0,5,No,Laptop & Accessory,Debit Card,0.0,6,107.41,Loyal Customers,5,5,1,Standard Loyalty Nurture
52225,38.01,Low,0.0,3,No,Mobile Phone,Debit Card,8.0,4,135.0,At Risk,2,4,1,Standard Loyalty Nurture
51398,38.0,Low,3.0,5,Yes (Active Ticket),Fashion,Debit Card,2.0,4,116.27,Loyal Customers,4,4,1,Standard Loyalty Nurture
51901,38.0,Low,8.0,1,No,Laptop & Accessory,Debit Card,1.0,1,192.15,Potential Loyalist,5,1,4,Standard Loyalty Nurture
54757,37.97,Low,0.0,3,No,Laptop & Accessory,UPI,2.0,4,189.41,Champions,4,4,4,Standard Loyalty Nurture
55380,37.97,Low,3.0,3,No,Fashion,Debit Card,12.0,1,77.81,Hibernating,1,1,1,Standard Loyalty Nurture
54229,37.96,Low,6.0,3,No,Fashion,E wallet,7.0,4,130.87,At Risk,2,4,1,Standard Loyalty Nurture
52874,37.95,Low,5.0,3,No,Mobile Phone,Debit Card,5.0,3,165.06,At Risk,2,3,3,Standard Loyalty Nurture
54660,37.93,Low,13.0,3,Yes (Active Ticket),Fashion,Credit Card,0.0,2,115.49,Potential Loyalist,5,2,1,Standard Loyalty Nurture
55080,37.93,Low,6.0,2,No,Laptop & Accessory,Credit Card,7.0,2,204.53,Need Attention,2,2,4,Standard Loyalty Nurture
54409,37.92,Low,5.0,2,No,Mobile Phone,Credit Card,5.0,4,276.31,At Risk,2,4,5,Standard Loyalty Nurture
52957,37.91,Low,13.0,4,Yes (Active Ticket),Fashion,Credit Card,12.0,3,198.43,At Risk,1,3,4,Standard Loyalty Nurture
51031,37.88,Low,0.0,3,Yes (Active Ticket),Others,UPI,5.0,5,153.57,At Risk,2,5,2,Standard Loyalty Nurture
51452,37.88,Low,10.0,3,Yes (Active Ticket),Laptop & Accessory,COD,6.0,5,301.15,At Risk,2,5,5,Standard Loyalty Nurture
51879,37.88,Low,4.0,5,Yes (Active Ticket),Mobile Phone,Debit Card,1.0,3,226.98,Loyal Customers,5,3,5,Standard Loyalty Nurture
52443,37.86,Low,14.0,3,Yes (Active Ticket),Others,E wallet,14.0,4,131.13,At Risk,1,4,1,Standard Loyalty Nurture
53565,37.85,Low,6.0,5,Yes (Active Ticket),Fashion,E wallet,11.0,5,214.77,At Risk,1,5,4,Standard Loyalty Nurture
54920,37.85,Low,4.0,3,Yes (Active Ticket),Grocery,UPI,4.0,4,185.01,Loyal Customers,3,4,3,Standard Loyalty Nurture
50936,37.84,Low,3.0,4,Yes (Active Ticket),Laptop & Accessory,Debit Card,5.0,5,212.86,At Risk,2,5,4,Standard Loyalty Nurture
51129,37.84,Low,5.0,5,No,Laptop & Accessory,Credit Card,6.0,3,168.44,At Risk,2,3,3,Standard Loyalty Nurture
52876,37.83,Low,6.0,5,Yes (Active Ticket),Laptop & Accessory,E wallet,8.0,2,174.98,Need Attention,2,2,3,Standard Loyalty Nurture
55415,37.82,Low,1.0,3,Yes (Active Ticket),Laptop & Accessory,Credit Card,1.0,8,200.83,Champions,4,5,4,Standard Loyalty Nurture
55035,37.81,Low,2.0,5,Yes (Active Ticket),Laptop & Accessory,Debit Card,3.0,3,161.12,Loyal Customers,3,4,2,Standard Loyalty Nurture
53684,37.78,Low,3.0,4,Yes (Active Ticket),Mobile Phone,Debit Card,2.0,3,181.1,Loyal Customers,4,3,3,Standard Loyalty Nurture
54080,37.78,Low,3.0,5,Yes (Active Ticket),Fashion,E wallet,6.0,5,185.19,At Risk,2,5,3,Standard Loyalty Nurture
51336,37.77,Low,11.0,3,Yes (Active Ticket),Mobile Phone,Debit Card,1.0,1,167.48,Potential Loyalist,5,1,3,Standard Loyalty Nurture
54030,37.76,Low,4.0,2,No,Others,UPI,3.0,2,167.09,Potential Loyalist,3,2,3,Standard Loyalty Nurture
54647,37.75,Low,11.0,3,No,Mobile Phone,Debit Card,24.0,6,206.63,At Risk,1,5,4,Standard Loyalty Nurture
55563,37.74,Low,3.0,4,Yes (Active Ticket),Laptop & Accessory,Credit Card,2.0,2,254.72,Loyal Customers,4,3,5,Standard Loyalty Nurture
52403,37.73,Low,5.0,2,No,Laptop & Accessory,Debit Card,6.0,2,121.39,Hibernating,2,2,1,Standard Loyalty Nurture
50573,37.71,Low,5.0,3,No,Laptop & Accessory,Debit Card,2.0,4,180.11,Loyal Customers,4,4,3,Standard Loyalty Nurture
53218,37.71,Low,0.0,3,No,Others,E wallet,13.0,4,155.41,At Risk,1,4,2,Standard Loyalty Nurture
54688,37.67,Low,0.0,4,No,Fashion,Debit Card,8.0,3,103.58,At Risk,1,4,1,Standard Loyalty Nurture
55442,37.67,Low,2.0,1,No,Grocery,Credit Card,4.0,3,125.71,Loyal Customers,3,4,1,Standard Loyalty Nurture
55627,37.67,Low,6.0,1,No,Grocery,E wallet,4.0,1,159.22,Potential Loyalist,3,1,2,Standard Loyalty Nurture
51386,37.66,Low,4.0,5,Yes (Active Ticket),Fashion,UPI,4.0,3,185.4,Loyal Customers,3,3,3,Standard Loyalty Nurture
51615,37.64,Low,4.0,2,Yes (Active Ticket),Mobile Phone,UPI,3.0,4,200.87,Loyal Customers,3,4,4,Standard Loyalty Nurture
53317,37.64,Low,7.0,2,No,Fashion,Debit Card,7.0,3,175.06,At Risk,2,3,3,Standard Loyalty Nurture
54114,37.64,Low,1.0,5,No,Mobile Phone,E wallet,6.0,2,132.01,Hibernating,2,2,1,Standard Loyalty Nurture
54082,37.63,Low,3.0,5,No,Others,Debit Card,2.0,5,114.84,Loyal Customers,4,5,1,Standard Loyalty Nurture
55030,37.63,Low,1.0,1,No,Laptop & Accessory,Debit Card,5.0,4,227.7,At Risk,2,4,5,Standard Loyalty Nurture
50776,37.62,Low,2.0,4,No,Mobile Phone,E wallet,3.0,2,183.59,Potential Loyalist,3,2,3,Standard Loyalty Nurture
50067,37.61,Low,2.0,3,Yes (Active Ticket),Others,E wallet,3.0,3,286.77,Loyal Customers,3,3,5,Standard Loyalty Nurture
51759,37.59,Low,1.0,3,Yes (Active Ticket),Fashion,COD,1.0,1,237.84,Potential Loyalist,5,1,5,Standard Loyalty Nurture
53294,37.59,Low,8.0,4,No,Laptop & Accessory,E wallet,9.0,2,136.37,Hibernating,1,2,2,Standard Loyalty Nurture
51812,37.58,Low,14.0,4,No,Laptop & Accessory,Debit Card,15.0,2,124.82,Hibernating,1,2,1,Standard Loyalty Nurture
55638,37.54,Low,1.0,4,Yes (Active Ticket),Mobile Phone,Debit Card,0.0,1,227.14,Potential Loyalist,5,1,5,Standard Loyalty Nurture
52709,37.52,Low,0.0,2,No,Mobile Phone,E wallet,1.0,1,140.03,Potential Loyalist,5,1,2,Standard Loyalty Nurture
51267,37.48,Low,5.0,2,No,Fashion,UPI,11.0,2,151.13,Hibernating,1,2,2,Standard Loyalty Nurture
55179,37.48,Low,8.0,4,No,Laptop & Accessory,Debit Card,9.0,2,121.72,Hibernating,1,2,1,Standard Loyalty Nurture
51748,37.47,Low,3.0,5,No,Others,Debit Card,9.0,2,150.6,Hibernating,1,2,2,Standard Loyalty Nurture
53282,37.47,Low,2.0,2,No,Fashion,UPI,3.0,4,166.86,Loyal Customers,3,4,3,Standard Loyalty Nurture
54477,37.47,Low,5.0,3,No,Laptop & Accessory,E wallet,14.0,5,209.76,At Risk,1,5,4,Standard Loyalty Nurture
52699,37.46,Low,15.0,5,Yes (Active Ticket),Others,Credit Card,4.0,2,142.13,Potential Loyalist,3,2,2,Standard Loyalty Nurture
53589,37.45,Low,1.0,5,Yes (Active Ticket),Fashion,Debit Card,1.0,1,160.49,Potential Loyalist,4,1,2,Standard Loyalty Nurture
54056,37.45,Low,0.0,3,No,Fashion,Debit Card,5.0,2,172.29,Need Attention,2,2,3,Standard Loyalty Nurture
50154,37.44,Low,7.0,4,Yes (Active Ticket),Mobile Phone,UPI,0.0,7,136.4,Loyal Customers,5,5,2,Standard Loyalty Nurture
50581,37.44,Low,6.0,4,No,Others,Credit Card,10.0,3,159.69,At Risk,1,3,2,Standard Loyalty Nurture
51910,37.44,Low,2.0,4,Yes (Active Ticket),Laptop & Accessory,E wallet,3.0,1,178.51,Potential Loyalist,3,1,3,Standard Loyalty Nurture
54537,37.41,Low,6.0,3,No,Mobile Phone,Credit Card,14.0,3,181.41,At Risk,1,3,3,Standard Loyalty Nurture
50565,37.38,Low,4.0,5,No,Laptop & Accessory,Credit Card,20.0,1,149.45,Hibernating,1,1,2,Standard Loyalty Nurture
52503,37.38,Low,9.0,2,No,Fashion,Debit Card,2.0,2,169.34,Potential Loyalist,4,2,3,Standard Loyalty Nurture
55524,37.38,Low,6.0,5,No,Laptop & Accessory,Credit Card,7.0,3,150.93,At Risk,2,4,2,Standard Loyalty Nurture
54296,37.37,Low,4.0,4,Yes (Active Ticket),Grocery,E wallet,3.0,5,119.75,Loyal Customers,3,5,1,Standard Loyalty Nurture
54638,37.35,Low,11.0,3,Yes (Active Ticket),Laptop & Accessory,Debit Card,7.0,2,114.94,Hibernating,2,2,1,Standard Loyalty Nurture
54949,37.33,Low,16.0,5,Yes (Active Ticket),Fashion,Debit Card,16.0,3,289.88,At Risk,1,4,5,Standard Loyalty Nurture
52508,37.29,Low,6.0,5,No,Mobile Phone,Debit Card,20.0,2,168.24,Need Attention,1,2,3,Standard Loyalty Nurture
50693,37.28,Low,7.0,1,No,Laptop & Accessory,Debit Card,6.0,6,159.75,At Risk,2,5,2,Standard Loyalty Nurture
52294,37.27,Low,7.0,3,No,Others,COD,2.0,4,90.71,Loyal Customers,4,4,1,Standard Loyalty Nurture
52791,37.26,Low,12.0,2,Yes (Active Ticket),Mobile Phone,UPI,6.0,2,217.52,Need Attention,2,2,5,Standard Loyalty Nurture
54558,37.26,Low,11.0,5,Yes (Active Ticket),Mobile Phone,Credit Card,1.0,3,144.73,Loyal Customers,4,3,2,Standard Loyalty Nurture
50754,37.22,Low,4.0,3,No,Mobile Phone,Debit Card,5.0,3,92.11,At Risk,2,3,1,Standard Loyalty Nurture
52115,37.21,Low,11.0,3,No,Laptop & Accessory,Credit Card,2.0,1,62.68,Potential Loyalist,4,1,1,Standard Loyalty Nurture
55285,37.19,Low,6.0,2,No,Grocery,Debit Card,0.0,2,182.16,Potential Loyalist,5,2,3,Standard Loyalty Nurture
52676,37.15,Low,3.0,3,No,Fashion,Debit Card,8.0,1,182.01,Promising,2,1,3,Standard Loyalty Nurture
54892,37.13,Low,1.0,4,Yes (Active Ticket),Laptop & Accessory,Credit Card,1.0,4,143.98,Loyal Customers,4,4,2,Standard Loyalty Nurture
50698,37.12,Low,9.0,5,Yes (Active Ticket),Mobile Phone,Credit Card,6.0,5,65.5,At Risk,2,5,1,Standard Loyalty Nurture
50926,37.11,Low,0.0,4,No,Laptop & Accessory,Credit Card,5.0,5,46.0,At Risk,2,5,1,Standard Loyalty Nurture
51200,37.11,Low,1.0,3,No,Mobile Phone,Debit Card,7.0,7,233.81,At Risk,2,5,5,Standard Loyalty Nurture
52411,37.11,Low,12.0,4,Yes (Active Ticket),Fashion,Credit Card,0.0,2,191.47,Potential Loyalist,5,2,4,Standard Loyalty Nurture
54131,37.11,Low,3.0,1,No,Fashion,Credit Card,1.0,4,226.59,Champions,4,4,5,Standard Loyalty Nurture
50520,37.09,Low,2.0,3,No,Laptop & Accessory,Credit Card,1.0,5,180.33,Loyal Customers,5,5,3,Standard Loyalty Nurture
55011,37.08,Low,2.0,5,No,Fashion,Debit Card,17.0,2,195.82,Need Attention,1,2,4,Standard Loyalty Nurture
55532,37.08,Low,1.0,3,No,Laptop & Accessory,E wallet,5.0,3,152.94,At Risk,2,4,2,Standard Loyalty Nurture
53836,37.07,Low,4.0,5,No,Fashion,Debit Card,6.0,2,144.96,Hibernating,2,2,2,Standard Loyalty Nurture
52692,37.05,Low,9.0,3,No,Mobile Phone,Debit Card,6.0,2,168.03,Need Attention,2,2,3,Standard Loyalty Nurture
54903,37.05,Low,1.0,5,No,Fashion,Credit Card,29.0,4,199.95,At Risk,1,4,4,Standard Loyalty Nurture
50440,37.02,Low,1.0,2,No,Laptop & Accessory,Credit Card,0.0,7,201.56,Champions,5,5,4,Standard Loyalty Nurture
54225,37.02,Low,9.0,3,Yes (Active Ticket),Mobile Phone,Debit Card,2.0,4,183.18,Loyal Customers,4,4,3,Standard Loyalty Nurture
52365,37.01,Low,9.0,3,No,Laptop & Accessory,Debit Card,3.0,2,121.39,Potential Loyalist,3,2,1,Standard Loyalty Nurture
52493,37.01,Low,14.0,4,Yes (Active Ticket),Laptop & Accessory,Credit Card,1.0,3,42.99,Loyal Customers,5,3,1,Standard Loyalty Nurture
54863,37.0,Low,1.0,3,No,Laptop & Accessory,Credit Card,3.0,2,89.69,Potential Loyalist,3,2,1,Standard Loyalty Nurture
53671,36.99,Low,3.0,3,No,Mobile Phone,Debit Card,1.0,7,190.69,Champions,4,5,4,Standard Loyalty Nurture
50348,36.97,Low,0.0,3,No,Mobile Phone,Credit Card,5.0,2,166.3,Potential Loyalist,3,2,3,Standard Loyalty Nurture
54830,36.97,Low,7.0,4,No,Laptop & Accessory,E wallet,15.0,1,149.17,Hibernating,1,1,2,Standard Loyalty Nurture
52011,36.96,Low,0.0,1,No,Laptop & Accessory,E wallet,6.0,6,157.99,At Risk,2,5,2,Standard Loyalty Nurture
53450,36.95,Low,1.0,1,No,Laptop & Accessory,E wallet,7.0,2,178.68,Need Attention,2,2,3,Standard Loyalty Nurture
51637,36.92,Low,5.0,3,No,Fashion,Debit Card,15.0,1,199.77,Promising,1,1,4,Standard Loyalty Nurture
54379,36.92,Low,2.0,5,Yes (Active Ticket),Laptop & Accessory,Debit Card,0.0,2,242.48,Potential Loyalist,5,2,5,Standard Loyalty Nurture
51247,36.89,Low,1.0,3,No,Others,Debit Card,2.0,1,159.12,Potential Loyalist,4,1,2,Standard Loyalty Nurture
52885,36.89,Low,1.0,4,No,Fashion,Debit Card,7.0,2,204.16,Need Attention,2,2,4,Standard Loyalty Nurture
54947,36.88,Low,10.0,3,Yes (Active Ticket),Mobile Phone,Debit Card,4.0,5,196.7,Loyal Customers,3,5,4,Standard Loyalty Nurture
51745,36.84,Low,5.0,3,No,Others,Debit Card,7.0,5,236.84,At Risk,2,5,5,Standard Loyalty Nurture
51714,36.82,Low,6.0,2,No,Mobile Phone,Credit Card,4.0,4,168.95,Loyal Customers,3,4,3,Standard Loyalty Nurture
53580,36.82,Low,7.0,2,No,Grocery,Debit Card,1.0,4,126.2,Loyal Customers,4,4,1,Standard Loyalty Nurture
51703,36.8,Low,4.0,3,No,Mobile Phone,E wallet,15.0,1,216.48,Promising,1,1,4,Standard Loyalty Nurture
50856,36.77,Low,2.0,4,Yes (Active Ticket),Fashion,Debit Card,3.0,5,158.32,Loyal Customers,3,5,2,Standard Loyalty Nurture
55582,36.76,Low,4.0,5,No,Mobile Phone,Debit Card,8.0,4,167.24,At Risk,1,5,3,Standard Loyalty Nurture
51298,36.75,Low,1.0,3,Yes (Active Ticket),Grocery,UPI,9.0,8,228.02,At Risk,1,5,5,Standard Loyalty Nurture
53868,36.75,Low,11.0,4,Yes (Active Ticket),Grocery,Debit Card,12.0,1,151.07,Hibernating,1,1,2,Standard Loyalty Nurture
53825,36.74,Low,2.0,5,Yes (Active Ticket),Laptop & Accessory,Debit Card,2.0,1,90.24,Potential Loyalist,4,1,1,Standard Loyalty Nurture
54906,36.73,Low,2.0,4,No,Laptop & Accessory,Credit Card,3.0,1,144.82,Potential Loyalist,3,1,2,Standard Loyalty Nurture
51892,36.72,Low,5.0,1,No,Laptop & Accessory,COD,2.0,4,217.19,Champions,4,4,4,Standard Loyalty Nurture
52126,36.71,Low,11.0,4,Yes (Active Ticket),Laptop & Accessory,E wallet,0.0,2,101.34,Potential Loyalist,5,2,1,Standard Loyalty Nurture
53625,36.71,Low,3.0,4,Yes (Active Ticket),Laptop & Accessory,Credit Card,2.0,1,180.67,Potential Loyalist,4,1,3,Standard Loyalty Nurture
54426,36.71,Low,5.0,4,No,Fashion,Credit Card,8.0,5,150.31,At Risk,1,5,2,Standard Loyalty Nurture
52363,36.69,Low,3.0,4,No,Laptop & Accessory,UPI,8.0,2,184.95,Need Attention,2,2,3,Standard Loyalty Nurture
50621,36.65,Low,2.0,2,Yes (Active Ticket),Laptop & Accessory,UPI,6.0,4,269.37,At Risk,2,4,5,Standard Loyalty Nurture
52630,36.65,Low,5.0,2,No,Laptop & Accessory,E wallet,4.0,2,141.45,Potential Loyalist,3,2,2,Standard Loyalty Nurture
52142,36.63,Low,8.0,1,No,Laptop & Accessory,Credit Card,4.0,3,162.41,Loyal Customers,3,3,2,Standard Loyalty Nurture
50361,36.55,Low,5.0,2,No,Mobile Phone,Credit Card,7.0,6,151.53,At Risk,2,5,2,Standard Loyalty Nurture
50641,36.55,Low,0.0,2,No,Laptop & Accessory,Credit Card,6.0,3,187.87,At Risk,2,3,3,Standard Loyalty Nurture
51185,36.55,Low,1.0,4,No,Grocery,Credit Card,3.0,8,144.84,Loyal Customers,3,5,2,Standard Loyalty Nurture
53606,36.55,Low,2.0,4,No,Fashion,Credit Card,1.0,4,52.85,Loyal Customers,4,4,1,Standard Loyalty Nurture
53989,36.55,Low,4.0,5,Yes (Active Ticket),Laptop & Accessory,Debit Card,2.0,1,136.89,Potential Loyalist,4,1,2,Standard Loyalty Nurture
50347,36.54,Low,10.0,3,No,Grocery,Debit Card,3.0,1,131.5,Potential Loyalist,3,1,1,Standard Loyalty Nurture
51056,36.53,Low,4.0,3,No,Fashion,Debit Card,5.0,1,111.54,Hibernating,2,1,1,Standard Loyalty Nurture
51702,36.53,Low,6.0,4,No,Laptop & Accessory,Debit Card,12.0,3,170.47,At Risk,1,3,3,Standard Loyalty Nurture
50268,36.51,Low,12.0,3,Yes (Active Ticket),Laptop & Accessory,UPI,7.0,4,156.91,At Risk,2,4,2,Standard Loyalty Nurture
55401,36.5,Low,3.0,1,No,Laptop & Accessory,Debit Card,5.0,2,201.89,At Risk,2,3,4,Standard Loyalty Nurture
51434,36.45,Low,11.0,4,No,Fashion,Debit Card,5.0,1,73.91,Hibernating,2,1,1,Standard Loyalty Nurture
52752,36.45,Low,11.0,5,Yes (Active Ticket),Mobile Phone,Debit Card,1.0,2,235.99,Potential Loyalist,5,2,5,Standard Loyalty Nurture
52901,36.45,Low,1.0,5,No,Fashion,Credit Card,10.0,4,187.35,At Risk,1,4,3,Standard Loyalty Nurture
50050,36.44,Low,2.0,3,Yes (Active Ticket),Mobile Phone,Debit Card,1.0,3,275.43,Loyal Customers,5,3,5,Standard Loyalty Nurture
51311,36.43,Low,1.0,2,No,Grocery,Credit Card,2.0,4,129.74,Loyal Customers,4,4,1,Standard Loyalty Nurture
51263,36.42,Low,4.0,1,No,Laptop & Accessory,Credit Card,2.0,1,182.59,Potential Loyalist,4,1,3,Standard Loyalty Nurture
50993,36.37,Low,3.0,2,No,Laptop & Accessory,Credit Card,1.0,2,199.49,Potential Loyalist,5,2,4,Standard Loyalty Nurture
52659,36.37,Low,2.0,3,No,Mobile Phone,E wallet,6.0,4,119.78,At Risk,2,4,1,Standard Loyalty Nurture
50788,36.34,Low,5.0,3,No,Grocery,UPI,7.0,4,163.62,At Risk,2,4,2,Standard Loyalty Nurture
51519,36.33,Low,3.0,2,No,Fashion,Credit Card,1.0,5,239.43,Champions,5,5,5,Standard Loyalty Nurture
50904,36.32,Low,9.0,3,Yes (Active Ticket),Laptop & Accessory,Debit Card,12.0,4,209.09,At Risk,1,4,4,Standard Loyalty Nurture
52513,36.32,Low,6.0,5,No,Mobile Phone,Credit Card,9.0,2,153.15,Hibernating,1,2,2,Standard Loyalty Nurture
54372,36.32,Low,5.0,4,No,Mobile Phone,UPI,9.0,5,71.52,At Risk,1,5,1,Standard Loyalty Nurture
54392,36.32,Low,8.0,1,No,Laptop & Accessory,Debit Card,1.0,9,128.01,Loyal Customers,4,5,1,Standard Loyalty Nurture
52919,36.3,Low,5.0,3,No,Others,Credit Card,5.0,1,169.86,Promising,2,1,3,Standard Loyalty Nurture
55390,36.3,Low,20.0,3,Yes (Active Ticket),Laptop & Accessory,Credit Card,9.0,6,106.48,At Risk,1,5,1,Standard Loyalty Nurture
52040,36.28,Low,3.0,3,Yes (Active Ticket),Mobile Phone,E wallet,3.0,4,170.22,Loyal Customers,3,4,3,Standard Loyalty Nurture
50846,36.27,Low,5.0,4,No,Mobile Phone,Debit Card,15.0,3,199.31,At Risk,1,3,4,Standard Loyalty Nurture
54565,36.27,Low,3.0,3,No,Laptop & Accessory,Debit Card,3.0,2,143.96,Potential Loyalist,3,2,2,Standard Loyalty Nurture
52808,36.26,Low,2.0,2,No,Mobile Phone,E wallet,2.0,6,165.12,Loyal Customers,4,5,3,Standard Loyalty Nurture
55120,36.24,Low,3.0,3,No,Mobile Phone,E wallet,1.0,3,160.25,Loyal Customers,4,4,2,Standard Loyalty Nurture
52993,36.23,Low,8.0,3,Yes (Active Ticket),Grocery,Debit Card,0.0,4,214.69,Champions,5,4,4,Standard Loyalty Nurture
55068,36.21,Low,4.0,4,No,Fashion,COD,1.0,4,89.58,Loyal Customers,4,4,1,Standard Loyalty Nurture
54542,36.2,Low,7.0,4,Yes (Active Ticket),Grocery,Credit Card,0.0,4,208.29,Champions,5,4,4,Standard Loyalty Nurture
53617,36.19,Low,8.0,4,No,Laptop & Accessory,Debit Card,8.0,1,145.91,Hibernating,1,1,2,Standard Loyalty Nurture
51623,36.18,Low,8.0,3,No,Laptop & Accessory,Debit Card,7.0,2,117.38,Hibernating,2,2,1,Standard Loyalty Nurture
52424,36.15,Low,6.0,1,No,Mobile Phone,Debit Card,0.0,5,128.53,Loyal Customers,5,5,1,Standard Loyalty Nurture
52086,36.12,Low,7.0,3,No,Others,UPI,5.0,4,215.23,At Risk,2,4,4,Standard Loyalty Nurture
50311,36.1,Low,6.0,2,No,Laptop & Accessory,UPI,2.0,2,166.59,Potential Loyalist,4,2,3,Standard Loyalty Nurture
51961,36.09,Low,1.0,4,Yes (Active Ticket),Laptop & Accessory,UPI,2.0,1,203.32,Potential Loyalist,4,1,4,Standard Loyalty Nurture
50959,36.08,Low,2.0,4,No,Mobile Phone,Debit Card,6.0,3,174.41,At Risk,2,3,3,Standard Loyalty Nurture
51133,36.08,Low,1.0,5,No,Mobile Phone,Debit Card,1.0,4,95.85,Loyal Customers,5,4,1,Standard Loyalty Nurture
53894,36.08,Low,6.0,2,No,Mobile Phone,UPI,6.0,3,170.18,At Risk,2,3,3,Standard Loyalty Nurture
50458,36.06,Low,6.0,2,No,Mobile Phone,Debit Card,2.0,5,232.95,Champions,4,5,5,Standard Loyalty Nurture
51904,36.04,Low,0.0,3,No,Fashion,Debit Card,2.0,1,158.0,Potential Loyalist,4,1,2,Standard Loyalty Nurture
55477,36.04,Low,4.0,3,No,Others,Debit Card,3.0,4,165.84,Loyal Customers,3,4,3,Standard Loyalty Nurture
55212,36.03,Low,2.0,1,No,Laptop & Accessory,COD,0.0,1,167.47,Potential Loyalist,5,1,3,Standard Loyalty Nurture
50124,36.02,Low,1.0,3,No,Laptop & Accessory,UPI,5.0,3,132.27,Loyal Customers,3,3,1,Standard Loyalty Nurture
50216,35.99,Low,3.0,2,No,Laptop & Accessory,Debit Card,1.0,4,278.44,Champions,5,4,5,Standard Loyalty Nurture
53911,35.98,Low,0.0,5,No,Laptop & Accessory,Debit Card,13.0,2,187.64,Need Attention,1,2,3,Standard Loyalty Nurture
52597,35.96,Low,3.0,2,No,Mobile Phone,COD,14.0,6,110.3,At Risk,1,5,1,Standard Loyalty Nurture
53285,35.96,Low,6.0,3,Yes (Active Ticket),Others,Debit Card,6.0,5,197.23,At Risk,2,5,4,Standard Loyalty Nurture
53471,35.96,Low,0.0,5,Yes (Active Ticket),Laptop & Accessory,Debit Card,0.0,7,149.51,Loyal Customers,5,5,2,Standard Loyalty Nurture
54092,35.96,Low,4.0,4,Yes (Active Ticket),Laptop & Accessory,Credit Card,3.0,4,181.16,Loyal Customers,3,4,3,Standard Loyalty Nurture
55639,35.95,Low,1.0,4,No,Grocery,UPI,9.0,1,162.72,Hibernating,1,1,2,Standard Loyalty Nurture
52460,35.94,Low,5.0,4,No,Others,Debit Card,1.0,5,129.64,Loyal Customers,5,5,1,Standard Loyalty Nurture
52751,35.94,Low,5.0,3,No,Laptop & Accessory,COD,5.0,1,159.88,Hibernating,2,1,2,Standard Loyalty Nurture
53200,35.94,Low,5.0,5,Yes (Active Ticket),Mobile Phone,Credit Card,2.0,2,198.71,Potential Loyalist,4,2,4,Standard Loyalty Nurture
52897,35.93,Low,8.0,5,Yes (Active Ticket),Laptop & Accessory,UPI,2.0,2,181.63,Potential Loyalist,4,2,3,Standard Loyalty Nurture
50686,35.89,Low,8.0,3,No,Mobile Phone,Debit Card,2.0,3,95.15,Loyal Customers,4,3,1,Standard Loyalty Nurture
54829,35.89,Low,4.0,3,No,Grocery,Credit Card,12.0,4,193.78,At Risk,1,4,4,Standard Loyalty Nurture
50818,35.88,Low,5.0,5,Yes (Active Ticket),Fashion,Credit Card,1.0,3,161.93,Loyal Customers,5,3,2,Standard Loyalty Nurture
55032,35.87,Low,8.0,4,No,Fashion,E wallet,20.0,4,179.9,At Risk,1,4,3,Standard Loyalty Nurture
53384,35.86,Low,3.0,3,No,Laptop & Accessory,Debit Card,10.0,3,207.66,At Risk,1,3,4,Standard Loyalty Nurture
53730,35.86,Low,9.0,4,No,Fashion,Debit Card,7.0,3,163.28,At Risk,2,3,2,Standard Loyalty Nurture
51911,35.85,Low,4.0,3,No,Mobile Phone,Debit Card,7.0,3,110.27,At Risk,2,3,1,Standard Loyalty Nurture
54386,35.85,Low,8.0,5,Yes (Active Ticket),Mobile Phone,Debit Card,3.0,1,200.46,Potential Loyalist,3,1,4,Standard Loyalty Nurture
55572,35.85,Low,1.0,1,No,Mobile Phone,Credit Card,7.0,4,258.01,At Risk,2,5,5,Standard Loyalty Nurture
50289,35.83,Low,3.0,2,No,Laptop & Accessory,Debit Card,3.0,1,305.78,Potential Loyalist,3,1,5,Standard Loyalty Nurture
50610,35.83,Low,12.0,1,Yes (Active Ticket),Laptop & Accessory,Credit Card,2.0,2,237.87,Potential Loyalist,4,2,5,Standard Loyalty Nurture
51114,35.82,Low,8.0,4,No,Laptop & Accessory,Credit Card,14.0,3,122.53,At Risk,1,3,1,Standard Loyalty Nurture
54112,35.82,Low,7.0,4,No,Grocery,Credit Card,6.0,6,176.97,At Risk,2,5,3,Standard Loyalty Nurture
55552,35.8,Low,5.0,2,Yes (Active Ticket),Others,Debit Card,3.0,4,186.94,Loyal Customers,3,5,3,Standard Loyalty Nurture
50747,35.79,Low,5.0,2,No,Mobile Phone,Credit Card,7.0,1,219.48,Promising,2,1,5,Standard Loyalty Nurture
50830,35.79,Low,6.0,1,No,Laptop & Accessory,Credit Card,1.0,2,157.9,Potential Loyalist,5,2,2,Standard Loyalty Nurture
52913,35.78,Low,13.0,3,Yes (Active Ticket),Fashion,Credit Card,0.0,4,102.54,Loyal Customers,5,4,1,Standard Loyalty Nurture
52366,35.77,Low,0.0,3,No,Grocery,E wallet,0.0,7,143.36,Loyal Customers,5,5,2,Standard Loyalty Nurture
53482,35.76,Low,9.0,4,No,Laptop & Accessory,Credit Card,21.0,2,203.47,Need Attention,1,2,4,Standard Loyalty Nurture
51738,35.73,Low,2.0,1,No,Laptop & Accessory,Debit Card,1.0,1,187.21,Potential Loyalist,5,1,3,Standard Loyalty Nurture
55623,35.73,Low,17.0,1,Yes (Active Ticket),Mobile Phone,Debit Card,7.0,6,62.68,At Risk,2,5,1,Standard Loyalty Nurture
54247,35.71,Low,3.0,4,Yes (Active Ticket),Laptop & Accessory,Debit Card,1.0,3,194.6,Loyal Customers,4,3,4,Standard Loyalty Nurture
54520,35.69,Low,0.0,2,No,Fashion,Credit Card,19.0,5,180.72,At Risk,1,5,3,Standard Loyalty Nurture
54944,35.69,Low,5.0,3,No,Laptop & Accessory,UPI,2.0,2,131.47,Potential Loyalist,4,2,1,Standard Loyalty Nurture
54535,35.68,Low,8.0,5,Yes (Active Ticket),Laptop & Accessory,Credit Card,2.0,4,141.17,Loyal Customers,4,4,2,Standard Loyalty Nurture
51064,35.64,Low,5.0,4,Yes (Active Ticket),Mobile Phone,Debit Card,2.0,6,175.63,Loyal Customers,4,5,3,Standard Loyalty Nurture
54261,35.64,Low,1.0,4,Yes (Active Ticket),Laptop & Accessory,UPI,0.0,1,192.25,Potential Loyalist,5,1,4,Standard Loyalty Nurture
51493,35.63,Low,3.0,1,No,Mobile Phone,Debit Card,7.0,3,206.64,At Risk,2,3,4,Standard Loyalty Nurture
50637,35.62,Low,8.0,3,Yes (Active Ticket),Fashion,Credit Card,1.0,1,179.47,Potential Loyalist,5,1,3,Standard Loyalty Nurture
55157,35.61,Low,2.0,4,No,Fashion,COD,7.0,1,159.77,Hibernating,2,1,2,Standard Loyalty Nurture
51484,35.59,Low,0.0,1,No,Laptop & Accessory,Debit Card,5.0,3,303.61,At Risk,2,3,5,Standard Loyalty Nurture
53216,35.59,Low,1.0,5,No,Fashion,UPI,1.0,5,96.49,Loyal Customers,5,5,1,Standard Loyalty Nurture
53972,35.59,Low,8.0,4,Yes (Active Ticket),Mobile Phone,E wallet,1.0,3,205.18,Loyal Customers,4,3,4,Standard Loyalty Nurture
54695,35.57,Low,6.0,2,No,Fashion,E wallet,1.0,1,138.33,Potential Loyalist,4,1,2,Standard Loyalty Nurture
51183,35.56,Low,10.0,4,Yes (Active Ticket),Laptop & Accessory,E wallet,5.0,6,168.77,At Risk,2,5,3,Standard Loyalty Nurture
54046,35.55,Low,6.0,5,No,Others,Credit Card,10.0,5,154.35,At Risk,1,5,2,Standard Loyalty Nurture
51385,35.54,Low,11.0,4,Yes (Active Ticket),Laptop & Accessory,Debit Card,3.0,3,180.0,Loyal Customers,3,3,3,Standard Loyalty Nurture
52150,35.54,Low,18.0,4,Yes (Active Ticket),Mobile Phone,Credit Card,13.0,1,132.15,Hibernating,1,1,1,Standard Loyalty Nurture
54875,35.54,Low,4.0,3,Yes (Active Ticket),Mobile Phone,Debit Card,10.0,1,47.91,Hibernating,1,1,1,Standard Loyalty Nurture
53590,35.51,Low,2.0,2,No,Mobile Phone,Credit Card,1.0,1,194.77,Potential Loyalist,4,1,4,Standard Loyalty Nurture
51097,35.5,Low,2.0,4,Yes (Active Ticket),Laptop & Accessory,Debit Card,1.0,1,232.82,Potential Loyalist,5,1,5,Standard Loyalty Nurture
53517,35.49,Low,1.0,2,No,Others,Credit Card,2.0,3,147.29,Loyal Customers,4,3,2,Standard Loyalty Nurture
53787,35.46,Low,9.0,3,No,Laptop & Accessory,COD,2.0,4,276.66,Champions,4,4,5,Standard Loyalty Nurture
51485,35.42,Low,4.0,3,No,Mobile Phone,Debit Card,6.0,3,231.74,At Risk,2,3,5,Standard Loyalty Nurture
53182,35.41,Low,3.0,4,No,Laptop & Accessory,Credit Card,2.0,4,67.24,Loyal Customers,4,4,1,Standard Loyalty Nurture
53088,35.38,Low,0.0,3,No,Mobile Phone,Credit Card,7.0,1,151.98,Hibernating,2,1,2,Standard Loyalty Nurture
53983,35.38,Low,3.0,5,Yes (Active Ticket),Fashion,Credit Card,1.0,1,74.58,Potential Loyalist,4,1,1,Standard Loyalty Nurture
52047,35.36,Low,1.0,4,No,Fashion,Credit Card,8.0,5,218.63,At Risk,2,5,5,Standard Loyalty Nurture
51790,35.34,Low,7.0,3,Yes (Active Ticket),Others,E wallet,2.0,3,153.38,Loyal Customers,4,3,2,Standard Loyalty Nurture
53555,35.34,Low,2.0,1,No,Fashion,Credit Card,3.0,3,151.88,Loyal Customers,3,3,2,Standard Loyalty Nurture
54946,35.34,Low,28.0,3,Yes (Active Ticket),Mobile Phone,E wallet,13.0,3,193.47,At Risk,1,4,4,Standard Loyalty Nurture
55548,35.34,Low,1.0,3,No,Mobile Phone,UPI,1.0,5,131.71,Loyal Customers,4,5,1,Standard Loyalty Nurture
50890,35.32,Low,3.0,3,No,Mobile Phone,Debit Card,1.0,4,100.68,Loyal Customers,5,4,1,Standard Loyalty Nurture
54736,35.32,Low,1.0,3,No,Laptop & Accessory,Debit Card,12.0,3,207.02,At Risk,1,4,4,Standard Loyalty Nurture
50942,35.3,Low,8.0,2,No,Mobile Phone,UPI,5.0,3,164.77,At Risk,2,3,3,Standard Loyalty Nurture
55137,35.3,Low,9.0,3,No,Fashion,Debit Card,11.0,3,173.08,At Risk,1,4,3,Standard Loyalty Nurture
53483,35.29,Low,3.0,3,Yes (Active Ticket),Laptop & Accessory,Debit Card,6.0,3,295.53,At Risk,2,3,5,Standard Loyalty Nurture
50294,35.28,Low,4.0,3,No,Mobile Phone,Debit Card,3.0,5,72.58,Loyal Customers,3,5,1,Standard Loyalty Nurture
50366,35.26,Low,5.0,2,No,Fashion,Credit Card,3.0,3,105.22,Loyal Customers,3,3,1,Standard Loyalty Nurture
54730,35.23,Low,2.0,4,No,Fashion,Debit Card,7.0,5,106.64,At Risk,2,5,1,Standard Loyalty Nurture
50133,35.22,Low,1.0,3,No,Fashion,Debit Card,1.0,9,180.66,Loyal Customers,5,5,3,Standard Loyalty Nurture
50558,35.22,Low,0.0,4,Yes (Active Ticket),Mobile Phone,Credit Card,0.0,1,217.25,Potential Loyalist,5,1,5,Standard Loyalty Nurture
53480,35.22,Low,5.0,4,No,Laptop & Accessory,Credit Card,11.0,1,110.08,Hibernating,1,1,1,Standard Loyalty Nurture
51480,35.21,Low,6.0,3,No,Laptop & Accessory,E wallet,6.0,2,152.75,Hibernating,2,2,2,Standard Loyalty Nurture
54388,35.21,Low,0.0,5,No,Grocery,Credit Card,9.0,4,183.76,At Risk,1,4,3,Standard Loyalty Nurture
52036,35.19,Low,4.0,3,Yes (Active Ticket),Mobile Phone,Credit Card,1.0,1,182.75,Potential Loyalist,5,1,3,Standard Loyalty Nurture
53882,35.19,Low,13.0,3,No,Fashion,Credit Card,17.0,1,146.19,Hibernating,1,1,2,Standard Loyalty Nurture
54111,35.19,Low,8.0,5,Yes (Active Ticket),Laptop & Accessory,Credit Card,0.0,2,192.44,Potential Loyalist,5,2,4,Standard Loyalty Nurture
51626,35.18,Low,12.0,5,Yes (Active Ticket),Mobile Phone,Debit Card,6.0,4,228.57,At Risk,2,4,5,Standard Loyalty Nurture
54228,35.18,Low,10.0,4,No,Laptop & Accessory,E wallet,31.0,8,189.58,At Risk,1,5,4,Standard Loyalty Nurture
54910,35.18,Low,8.0,4,Yes (Active Ticket),Mobile Phone,Credit Card,5.0,1,260.45,Promising,2,1,5,Standard Loyalty Nurture
51252,35.17,Low,7.0,3,No,Laptop & Accessory,COD,5.0,5,234.16,At Risk,2,5,5,Standard Loyalty Nurture
50096,35.16,Low,7.0,2,No,Laptop & Accessory,Debit Card,5.0,1,111.53,Potential Loyalist,3,1,1,Standard Loyalty Nurture
53274,35.16,Low,8.0,4,No,Grocery,Credit Card,15.0,3,185.83,At Risk,1,3,3,Standard Loyalty Nurture
54260,35.14,Low,5.0,1,No,Laptop & Accessory,Credit Card,9.0,1,198.83,Promising,1,1,4,Standard Loyalty Nurture
54761,35.14,Low,7.0,1,No,Laptop & Accessory,Credit Card,4.0,2,151.13,Potential Loyalist,3,2,2,Standard Loyalty Nurture
51516,35.07,Low,0.0,5,No,Laptop & Accessory,Debit Card,0.0,4,123.68,Loyal Customers,5,4,1,Standard Loyalty Nurture
52250,35.06,Low,1.0,1,No,Laptop & Accessory,Debit Card,0.0,5,246.91,Champions,5,5,5,Standard Loyalty Nurture
54783,35.06,Low,8.0,4,No,Fashion,UPI,6.0,3,219.3,At Risk,2,4,5,Standard Loyalty Nurture
53552,35.05,Low,1.0,3,No,Grocery,Debit Card,0.0,4,291.26,Champions,5,4,5,Standard Loyalty Nurture
51222,35.04,Low,2.0,4,No,Mobile Phone,Credit Card,0.0,3,64.07,Loyal Customers,5,3,1,Standard Loyalty Nurture
51938,35.01,Low,17.0,5,No,Mobile Phone,Debit Card,20.0,1,130.54,Hibernating,1,1,1,Standard Loyalty Nurture
53913,35.0,Low,0.0,3,No,Laptop & Accessory,Debit Card,7.0,1,71.02,Hibernating,2,1,1,Standard Loyalty Nurture
51446,34.99,Low,2.0,2,No,Laptop & Accessory,Debit Card,4.0,4,181.07,Loyal Customers,3,4,3,Standard Loyalty Nurture
52407,34.99,Low,5.0,1,No,Fashion,E wallet,4.0,1,113.32,Potential Loyalist,3,1,1,Standard Loyalty Nurture
55018,34.99,Low,4.0,5,No,Laptop & Accessory,Credit Card,9.0,4,137.29,At Risk,1,4,2,Standard Loyalty Nurture
53978,34.96,Low,8.0,3,No,Laptop & Accessory,Credit Card,4.0,4,108.59,Loyal Customers,3,4,1,Standard Loyalty Nurture
55575,34.93,Low,10.0,3,No,Grocery,Credit Card,1.0,4,125.55,Loyal Customers,4,5,1,Standard Loyalty Nurture
52989,34.92,Low,13.0,2,Yes (Active Ticket),Grocery,Debit Card,6.0,2,218.72,Need Attention,2,2,5,Standard Loyalty Nurture
54630,34.92,Low,7.0,1,No,Mobile Phone,E wallet,6.0,2,155.58,Hibernating,2,2,2,Standard Loyalty Nurture
54912,34.92,Low,8.0,1,No,Laptop & Accessory,Credit Card,5.0,5,97.52,At Risk,2,5,1,Standard Loyalty Nurture
52026,34.89,Low,3.0,2,No,Mobile Phone,Debit Card,3.0,3,146.71,Loyal Customers,3,3,2,Standard Loyalty Nurture
55266,34.89,Low,7.0,5,Yes (Active Ticket),Fashion,Debit Card,0.0,2,164.4,Potential Loyalist,5,2,3,Standard Loyalty Nurture
55409,34.88,Low,4.0,3,No,Laptop & Accessory,COD,2.0,5,190.9,Champions,4,5,4,Standard Loyalty Nurture
50278,34.85,Low,10.0,1,No,Laptop & Accessory,Credit Card,3.0,1,286.92,Potential Loyalist,3,1,5,Standard Loyalty Nurture
50496,34.85,Low,4.0,3,No,Mobile Phone,Debit Card,1.0,5,222.02,Champions,5,5,5,Standard Loyalty Nurture
50548,34.83,Low,11.0,2,No,Laptop & Accessory,Debit Card,21.0,1,183.73,Promising,1,1,3,Standard Loyalty Nurture
51950,34.82,Low,6.0,1,No,Laptop & Accessory,UPI,3.0,2,146.89,Potential Loyalist,3,2,2,Standard Loyalty Nurture
54835,34.82,Low,8.0,2,Yes (Active Ticket),Mobile Phone,UPI,2.0,6,240.59,Champions,4,5,5,Standard Loyalty Nurture
50331,34.79,Low,4.0,5,No,Grocery,E wallet,4.0,1,132.52,Potential Loyalist,3,1,1,Standard Loyalty Nurture
52042,34.79,Low,8.0,4,Yes (Active Ticket),Grocery,Debit Card,2.0,4,240.1,Champions,4,4,5,Standard Loyalty Nurture
52258,34.78,Low,6.0,2,No,Grocery,Debit Card,7.0,4,176.48,At Risk,2,4,3,Standard Loyalty Nurture
50162,34.77,Low,10.0,3,Yes (Active Ticket),Mobile Phone,Debit Card,3.0,7,191.61,Loyal Customers,3,5,4,Standard Loyalty Nurture
53367,34.75,Low,4.0,3,No,Laptop & Accessory,Debit Card,5.0,2,157.42,Hibernating,2,2,2,Standard Loyalty Nurture
50324,34.72,Low,3.0,5,No,Mobile Phone,UPI,6.0,2,154.66,Hibernating,2,2,2,Standard Loyalty Nurture
52280,34.7,Low,1.0,4,Yes (Active Ticket),Others,E wallet,0.0,6,118.61,Loyal Customers,5,5,1,Standard Loyalty Nurture
52797,34.7,Low,1.0,2,No,Laptop & Accessory,Debit Card,11.0,4,237.04,At Risk,1,4,5,Standard Loyalty Nurture
53025,34.69,Low,1.0,5,No,Grocery,Debit Card,2.0,1,75.46,Potential Loyalist,4,1,1,Standard Loyalty Nurture
52991,34.66,Low,2.0,4,No,Mobile Phone,Debit Card,5.0,3,152.19,At Risk,2,3,2,Standard Loyalty Nurture
55190,34.65,Low,3.0,3,No,Mobile Phone,Debit Card,3.0,1,154.22,Potential Loyalist,3,1,2,Standard Loyalty Nurture
51116,34.63,Low,9.0,1,No,Laptop & Accessory,E wallet,3.0,1,127.91,Potential Loyalist,3,1,1,Standard Loyalty Nurture
52134,34.63,Low,7.0,3,No,Mobile Phone,Debit Card,3.0,7,308.81,Loyal Customers,3,5,5,Standard Loyalty Nurture
51154,34.62,Low,11.0,3,No,Grocery,Debit Card,14.0,1,118.53,Hibernating,1,1,1,Standard Loyalty Nurture
53559,34.62,Low,1.0,1,No,Laptop & Accessory,E wallet,5.0,4,190.42,At Risk,2,4,4,Standard Loyalty Nurture
55640,34.61,Low,0.0,2,No,Laptop & Accessory,UPI,3.0,3,198.71,Loyal Customers,3,4,4,Standard Loyalty Nurture
55145,34.58,Low,5.0,4,No,Fashion,Debit Card,2.0,4,110.04,Loyal Customers,4,4,1,Standard Loyalty Nurture
55171,34.58,Low,6.0,3,No,Laptop & Accessory,Debit Card,11.0,3,180.36,At Risk,1,4,3,Standard Loyalty Nurture
51883,34.57,Low,10.0,1,No,Fashion,Debit Card,0.0,1,124.32,Potential Loyalist,5,1,1,Standard Loyalty Nurture
53222,34.56,Low,2.0,3,No,Mobile Phone,E wallet,3.0,1,112.49,Potential Loyalist,3,1,1,Standard Loyalty Nurture
55573,34.56,Low,17.0,2,Yes (Active Ticket),Mobile Phone,Debit Card,7.0,1,220.72,Promising,2,1,5,Standard Loyalty Nurture
55108,34.54,Low,1.0,3,No,Fashion,Credit Card,2.0,2,171.29,Potential Loyalist,4,2,3,Standard Loyalty Nurture
51944,34.51,Low,12.0,1,No,Mobile Phone,Credit Card,6.0,5,173.04,At Risk,2,5,3,Standard Loyalty Nurture
53540,34.5,Low,1.0,2,No,Laptop & Accessory,Debit Card,10.0,3,182.7,At Risk,1,3,3,Standard Loyalty Nurture
54134,34.49,Low,10.0,1,No,Laptop & Accessory,Debit Card,5.0,1,118.4,Hibernating,2,1,1,Standard Loyalty Nurture
51017,34.45,Low,2.0,4,No,Grocery,UPI,9.0,4,118.24,At Risk,1,4,1,Standard Loyalty Nurture
53209,34.45,Low,6.0,3,No,Laptop & Accessory,Credit Card,3.0,1,135.11,Potential Loyalist,3,1,1,Standard Loyalty Nurture
55546,34.43,Low,1.0,1,No,Laptop & Accessory,Debit Card,6.0,4,211.2,At Risk,2,5,4,Standard Loyalty Nurture
50556,34.4,Low,5.0,4,Yes (Active Ticket),Laptop & Accessory,E wallet,1.0,3,139.75,Loyal Customers,5,3,2,Standard Loyalty Nurture
51808,34.4,Low,2.0,1,No,Fashion,COD,8.0,5,112.62,At Risk,2,5,1,Standard Loyalty Nurture
52698,34.4,Low,4.0,5,No,Fashion,Debit Card,2.0,6,111.13,Loyal Customers,4,5,1,Standard Loyalty Nurture
53198,34.4,Low,21.0,4,Yes (Active Ticket),Others,UPI,9.0,3,198.27,At Risk,1,3,4,Standard Loyalty Nurture
54098,34.4,Low,1.0,4,No,Others,Debit Card,3.0,2,166.22,Potential Loyalist,3,2,3,Standard Loyalty Nurture
52148,34.39,Low,4.0,5,No,Grocery,E wallet,6.0,4,125.58,At Risk,2,4,1,Standard Loyalty Nurture
52515,34.39,Low,10.0,3,No,Laptop & Accessory,E wallet,4.0,3,109.32,Loyal Customers,3,3,1,Standard Loyalty Nurture
54318,34.39,Low,0.0,3,No,Mobile Phone,Credit Card,2.0,1,150.51,Potential Loyalist,4,1,2,Standard Loyalty Nurture
54389,34.39,Low,1.0,1,No,Fashion,E wallet,8.0,2,223.31,Need Attention,1,2,5,Standard Loyalty Nurture
54632,34.39,Low,4.0,5,Yes (Active Ticket),Laptop & Accessory,UPI,1.0,6,183.67,Loyal Customers,4,5,3,Standard Loyalty Nurture
51002,34.37,Low,8.0,2,No,Laptop & Accessory,Debit Card,9.0,3,188.64,At Risk,1,3,4,Standard Loyalty Nurture
51793,34.36,Low,7.0,3,No,Fashion,Debit Card,5.0,4,92.08,At Risk,2,4,1,Standard Loyalty Nurture
51660,34.35,Low,6.0,5,No,Laptop & Accessory,E wallet,11.0,4,162.38,At Risk,1,4,2,Standard Loyalty Nurture
52858,34.35,Low,0.0,4,No,Laptop & Accessory,Credit Card,1.0,6,165.06,Loyal Customers,5,5,3,Standard Loyalty Nurture
53743,34.35,Low,14.0,3,Yes (Active Ticket),Laptop & Accessory,Credit Card,13.0,3,126.04,At Risk,1,3,1,Standard Loyalty Nurture
55538,34.35,Low,21.0,2,No,Laptop & Accessory,Debit Card,15.0,9,151.76,At Risk,1,5,2,Standard Loyalty Nurture
53816,34.32,Low,9.0,1,No,Mobile Phone,Debit Card,7.0,1,165.11,Promising,2,1,3,Standard Loyalty Nurture
52733,34.31,Low,1.0,1,No,Mobile Phone,Credit Card,7.0,5,232.95,At Risk,2,5,5,Standard Loyalty Nurture
53262,34.31,Low,7.0,5,No,Fashion,Credit Card,9.0,3,187.1,At Risk,1,3,3,Standard Loyalty Nurture
52943,34.3,Low,4.0,5,No,Mobile Phone,UPI,6.0,3,160.13,At Risk,2,3,2,Standard Loyalty Nurture
54461,34.3,Low,5.0,5,Yes (Active Ticket),Mobile Phone,Debit Card,2.0,4,225.18,Champions,4,4,5,Standard Loyalty Nurture
50424,34.28,Low,7.0,5,Yes (Active Ticket),Laptop & Accessory,Debit Card,2.0,4,229.58,Champions,4,4,5,Standard Loyalty Nurture
55136,34.28,Low,5.0,5,No,Others,Credit Card,6.0,3,141.15,At Risk,2,4,2,Standard Loyalty Nurture
51093,34.26,Low,9.0,3,No,Fashion,Debit Card,10.0,5,145.39,At Risk,1,5,2,Standard Loyalty Nurture
54032,34.26,Low,3.0,2,No,Laptop & Accessory,Debit Card,21.0,3,230.98,At Risk,1,3,5,Standard Loyalty Nurture
51606,34.25,Low,7.0,2,Yes (Active Ticket),Laptop & Accessory,Debit Card,3.0,6,147.06,Loyal Customers,3,5,2,Standard Loyalty Nurture
52673,34.2,Low,12.0,3,No,Mobile Phone,Credit Card,24.0,3,186.56,At Risk,1,3,3,Standard Loyalty Nurture
53452,34.2,Low,11.0,3,Yes (Active Ticket),Laptop & Accessory,Debit Card,3.0,2,233.37,Potential Loyalist,3,2,5,Standard Loyalty Nurture
55462,34.19,Low,3.0,3,No,Laptop & Accessory,Debit Card,1.0,5,163.97,Loyal Customers,4,5,3,Standard Loyalty Nurture
51733,34.17,Low,7.0,4,No,Grocery,Debit Card,4.0,2,191.78,Potential Loyalist,3,2,4,Standard Loyalty Nurture
51781,34.17,Low,0.0,4,No,Laptop & Accessory,UPI,3.0,4,121.03,Loyal Customers,3,4,1,Standard Loyalty Nurture
53378,34.17,Low,2.0,2,No,Laptop & Accessory,E wallet,2.0,1,201.7,Potential Loyalist,4,1,4,Standard Loyalty Nurture
53736,34.17,Low,6.0,4,Yes (Active Ticket),Grocery,E wallet,2.0,4,97.77,Loyal Customers,4,4,1,Standard Loyalty Nurture
54177,34.16,Low,9.0,2,No,Mobile Phone,Debit Card,2.0,6,242.91,Champions,4,5,5,Standard Loyalty Nurture
50767,34.15,Low,14.0,2,Yes (Active Ticket),Mobile Phone,Credit Card,2.0,3,191.12,Loyal Customers,4,3,4,Standard Loyalty Nurture
50901,34.15,Low,2.0,4,Yes (Active Ticket),Mobile Phone,Credit Card,1.0,1,138.2,Potential Loyalist,5,1,2,Standard Loyalty Nurture
51858,34.15,Low,6.0,1,Yes (Active Ticket),Laptop & Accessory,UPI,1.0,2,249.57,Potential Loyalist,5,2,5,Standard Loyalty Nurture
53333,34.15,Low,2.0,1,No,Fashion,Debit Card,5.0,4,196.37,At Risk,2,4,4,Standard Loyalty Nurture
50875,34.14,Low,0.0,3,No,Laptop & Accessory,Debit Card,0.0,4,160.94,Loyal Customers,5,4,2,Standard Loyalty Nurture
50168,34.13,Low,2.0,2,No,Fashion,Debit Card,2.0,4,110.72,Loyal Customers,4,4,1,Standard Loyalty Nurture
52656,34.13,Low,5.0,3,No,Laptop & Accessory,Debit Card,4.0,2,171.33,Potential Loyalist,3,2,3,Standard Loyalty Nurture
52947,34.13,Low,7.0,1,No,Laptop & Accessory,Debit Card,1.0,7,211.78,Champions,5,5,4,Standard Loyalty Nurture
53728,34.13,Low,1.0,5,Yes (Active Ticket),Laptop & Accessory,Debit Card,1.0,5,182.25,Loyal Customers,4,5,3,Standard Loyalty Nurture
52336,34.12,Low,5.0,4,No,Mobile Phone,E wallet,10.0,2,189.47,Need Attention,1,2,4,Standard Loyalty Nurture
55150,34.11,Low,1.0,3,No,Fashion,COD,3.0,1,175.53,Potential Loyalist,3,1,3,Standard Loyalty Nurture
55337,34.1,Low,4.0,5,No,Laptop & Accessory,E wallet,16.0,1,185.81,Promising,1,1,3,Standard Loyalty Nurture
51610,34.09,Low,8.0,1,No,Fashion,UPI,7.0,3,173.74,At Risk,2,3,3,Standard Loyalty Nurture
52720,34.09,Low,0.0,4,No,Mobile Phone,COD,5.0,4,103.59,At Risk,2,4,1,Standard Loyalty Nurture
50238,34.08,Low,0.0,3,No,Laptop & Accessory,COD,4.0,5,149.71,Loyal Customers,3,5,2,Standard Loyalty Nurture
50018,34.06,Low,7.0,2,No,Laptop & Accessory,UPI,10.0,3,209.59,At Risk,1,3,4,Standard Loyalty Nurture
50392,34.06,Low,5.0,5,Yes (Active Ticket),Fashion,Debit Card,1.0,6,192.22,Champions,5,5,4,Standard Loyalty Nurture
55458,34.06,Low,5.0,3,No,Mobile Phone,Debit Card,3.0,1,96.62,Potential Loyalist,3,1,1,Standard Loyalty Nurture
52331,34.05,Low,3.0,1,No,Others,E wallet,8.0,3,220.71,At Risk,2,3,5,Standard Loyalty Nurture
50014,34.04,Low,2.0,4,No,Fashion,Debit Card,6.0,5,107.55,At Risk,2,5,1,Standard Loyalty Nurture
50387,34.03,Low,3.0,4,Yes (Active Ticket),Mobile Phone,UPI,1.0,1,178.36,Potential Loyalist,5,1,3,Standard Loyalty Nurture
51514,34.03,Low,0.0,1,No,Laptop & Accessory,Debit Card,1.0,5,150.55,Loyal Customers,5,5,2,Standard Loyalty Nurture
51730,34.02,Low,10.0,4,Yes (Active Ticket),Laptop & Accessory,COD,1.0,1,191.4,Potential Loyalist,5,1,4,Standard Loyalty Nurture
51881,34.02,Low,12.0,3,Yes (Active Ticket),Laptop & Accessory,Debit Card,3.0,2,200.71,Potential Loyalist,3,2,4,Standard Loyalty Nurture
53897,34.02,Low,2.0,4,Yes (Active Ticket),Mobile Phone,UPI,2.0,1,197.17,Potential Loyalist,4,1,4,Standard Loyalty Nurture
51173,34.01,Low,10.0,2,No,Mobile Phone,Debit Card,5.0,1,170.26,Promising,2,1,3,Standard Loyalty Nurture
53404,34.01,Low,4.0,4,No,Laptop & Accessory,Debit Card,8.0,1,181.61,Promising,1,1,3,Standard Loyalty Nurture
50994,33.98,Low,9.0,1,No,Laptop & Accessory,Debit Card,2.0,7,199.89,Champions,4,5,4,Standard Loyalty Nurture
52077,33.94,Low,3.0,2,No,Fashion,Debit Card,1.0,3,161.09,Loyal Customers,5,3,2,Standard Loyalty Nurture
52522,33.94,Low,1.0,3,No,Others,COD,4.0,7,175.12,Loyal Customers,3,5,3,Standard Loyalty Nurture
53810,33.92,Low,1.0,4,No,Laptop & Accessory,Credit Card,11.0,1,169.81,Promising,1,1,3,Standard Loyalty Nurture
51232,33.89,Low,3.0,3,No,Mobile Phone,E wallet,12.0,1,139.9,Hibernating,1,1,2,Standard Loyalty Nurture
52585,33.89,Low,9.0,2,No,Mobile Phone,Debit Card,1.0,5,60.71,Loyal Customers,5,5,1,Standard Loyalty Nurture
50618,33.88,Low,3.0,5,No,Laptop & Accessory,E wallet,5.0,1,124.22,Hibernating,2,1,1,Standard Loyalty Nurture
50444,33.86,Low,5.0,2,Yes (Active Ticket),Mobile Phone,Credit Card,5.0,4,300.84,At Risk,2,4,5,Standard Loyalty Nurture
50645,33.86,Low,1.0,3,Yes (Active Ticket),Fashion,UPI,4.0,8,253.95,Loyal Customers,3,5,5,Standard Loyalty Nurture
52112,33.84,Low,2.0,5,Yes (Active Ticket),Fashion,Credit Card,1.0,3,259.71,Loyal Customers,5,3,5,Standard Loyalty Nurture
53782,33.81,Low,4.0,4,No,Others,Credit Card,6.0,2,117.26,Hibernating,2,2,1,Standard Loyalty Nurture
53917,33.81,Low,13.0,5,Yes (Active Ticket),Laptop & Accessory,Debit Card,12.0,5,185.69,At Risk,1,5,3,Standard Loyalty Nurture
52095,33.79,Low,3.0,3,No,Mobile Phone,Credit Card,3.0,3,157.4,Loyal Customers,3,3,2,Standard Loyalty Nurture
53556,33.79,Low,10.0,2,No,Mobile Phone,Debit Card,18.0,1,200.14,Promising,1,1,4,Standard Loyalty Nurture
52771,33.76,Low,1.0,3,No,Fashion,Debit Card,1.0,3,107.06,Loyal Customers,5,3,1,Standard Loyalty Nurture
51511,33.74,Low,17.0,3,Yes (Active Ticket),Grocery,UPI,4.0,1,124.17,Potential Loyalist,3,1,1,Standard Loyalty Nurture
51521,33.74,Low,1.0,3,No,Mobile Phone,E wallet,0.0,3,127.2,Loyal Customers,5,3,1,Standard Loyalty Nurture
51254,33.71,Low,1.0,4,No,Laptop & Accessory,E wallet,9.0,5,183.54,At Risk,1,5,3,Standard Loyalty Nurture
50823,33.7,Low,4.0,4,Yes (Active Ticket),Grocery,UPI,2.0,3,168.21,Loyal Customers,4,3,3,Standard Loyalty Nurture
51848,33.7,Low,2.0,3,No,Fashion,Credit Card,5.0,1,220.88,Promising,2,1,5,Standard Loyalty Nurture
53769,33.7,Low,2.0,3,No,Laptop & Accessory,E wallet,6.0,6,236.48,At Risk,2,5,5,Standard Loyalty Nurture
50677,33.68,Low,1.0,4,Yes (Active Ticket),Grocery,Debit Card,1.0,3,298.94,Loyal Customers,5,3,5,Standard Loyalty Nurture
51161,33.67,Low,17.0,4,Yes (Active Ticket),Others,Credit Card,5.0,3,122.78,At Risk,2,3,1,Standard Loyalty Nurture
54448,33.63,Low,16.0,3,Yes (Active Ticket),Fashion,Debit Card,14.0,1,242.55,Promising,1,1,5,Standard Loyalty Nurture
51291,33.62,Low,5.0,3,No,Laptop & Accessory,Credit Card,11.0,4,113.88,At Risk,1,4,1,Standard Loyalty Nurture
51324,33.6,Low,2.0,3,No,Mobile Phone,UPI,7.0,2,138.71,Hibernating,2,2,2,Standard Loyalty Nurture
55517,33.59,Low,17.0,3,Yes (Active Ticket),Laptop & Accessory,Debit Card,5.0,3,195.22,At Risk,2,4,4,Standard Loyalty Nurture
55394,33.58,Low,9.0,3,No,Laptop & Accessory,Credit Card,1.0,6,93.74,Loyal Customers,4,5,1,Standard Loyalty Nurture
52313,33.57,Low,7.0,3,No,Fashion,Debit Card,2.0,1,191.9,Potential Loyalist,4,1,4,Standard Loyalty Nurture
54591,33.57,Low,9.0,2,Yes (Active Ticket),Laptop & Accessory,Debit Card,1.0,1,236.16,Potential Loyalist,4,1,5,Standard Loyalty Nurture
54852,33.57,Low,5.0,2,No,Laptop & Accessory,Debit Card,1.0,2,107.87,Potential Loyalist,4,2,1,Standard Loyalty Nurture
53227,33.56,Low,3.0,2,No,Fashion,UPI,1.0,2,161.08,Potential Loyalist,5,2,2,Standard Loyalty Nurture
51501,33.54,Low,7.0,1,No,Laptop & Accessory,UPI,4.0,6,144.65,Loyal Customers,3,5,2,Standard Loyalty Nurture
53176,33.54,Low,2.0,5,Yes (Active Ticket),Fashion,Debit Card,1.0,3,168.96,Loyal Customers,5,3,3,Standard Loyalty Nurture
53797,33.54,Low,8.0,2,No,Fashion,Credit Card,3.0,2,141.7,Potential Loyalist,3,2,2,Standard Loyalty Nurture
55541,33.54,Low,1.0,2,No,Grocery,UPI,6.0,3,267.46,At Risk,2,4,5,Standard Loyalty Nurture
53155,33.5,Low,6.0,5,Yes (Active Ticket),Fashion,UPI,1.0,3,229.02,Loyal Customers,5,3,5,Standard Loyalty Nurture
52625,33.49,Low,5.0,5,Yes (Active Ticket),Laptop & Accessory,COD,0.0,1,149.56,Potential Loyalist,5,1,2,Standard Loyalty Nurture
53536,33.48,Low,1.0,3,No,Fashion,Credit Card,3.0,3,177.13,Loyal Customers,3,3,3,Standard Loyalty Nurture
53852,33.48,Low,1.0,5,Yes (Active Ticket),Fashion,Debit Card,0.0,3,166.34,Loyal Customers,5,3,3,Standard Loyalty Nurture
50033,33.45,Low,1.0,2,No,Laptop & Accessory,Credit Card,0.0,5,105.28,Loyal Customers,5,5,1,Standard Loyalty Nurture
51169,33.45,Low,0.0,3,No,Fashion,Debit Card,1.0,6,176.35,Loyal Customers,5,5,3,Standard Loyalty Nurture
52104,33.45,Low,12.0,2,Yes (Active Ticket),Fashion,Debit Card,1.0,2,227.17,Potential Loyalist,5,2,5,Standard Loyalty Nurture
52384,33.45,Low,6.0,3,No,Laptop & Accessory,Debit Card,5.0,2,163.68,Hibernating,2,2,2,Standard Loyalty Nurture
50862,33.44,Low,6.0,3,No,Fashion,Credit Card,3.0,3,114.02,Loyal Customers,3,3,1,Standard Loyalty Nurture
53059,33.44,Low,1.0,3,No,Laptop & Accessory,Credit Card,9.0,10,157.98,At Risk,1,5,2,Standard Loyalty Nurture
50914,33.43,Low,5.0,2,No,Mobile Phone,Debit Card,2.0,1,243.66,Potential Loyalist,4,1,5,Standard Loyalty Nurture
51675,33.43,Low,16.0,5,Yes (Active Ticket),Laptop & Accessory,COD,6.0,3,189.79,At Risk,2,3,4,Standard Loyalty Nurture
54377,33.43,Low,5.0,4,No,Fashion,Credit Card,3.0,1,113.2,Potential Loyalist,3,1,1,Standard Loyalty Nurture
50916,33.42,Low,6.0,1,No,Fashion,Credit Card,8.0,1,210.33,Promising,2,1,4,Standard Loyalty Nurture
53466,33.42,Low,12.0,5,Yes (Active Ticket),Fashion,Debit Card,1.0,3,121.28,Loyal Customers,4,3,1,Standard Loyalty Nurture
54444,33.42,Low,5.0,4,Yes (Active Ticket),Laptop & Accessory,Debit Card,1.0,2,201.11,Potential Loyalist,4,2,4,Standard Loyalty Nurture
51113,33.41,Low,3.0,3,No,Grocery,COD,0.0,2,106.28,Potential Loyalist,5,2,1,Standard Loyalty Nurture
52071,33.41,Low,14.0,4,Yes (Active Ticket),Grocery,UPI,5.0,1,113.52,Hibernating,2,1,1,Standard Loyalty Nurture
53909,33.4,Low,9.0,3,No,Laptop & Accessory,Credit Card,2.0,2,148.01,Potential Loyalist,4,2,2,Standard Loyalty Nurture
54103,33.4,Low,8.0,4,Yes (Active Ticket),Fashion,UPI,0.0,1,107.46,Potential Loyalist,5,1,1,Standard Loyalty Nurture
51832,33.38,Low,9.0,5,Yes (Active Ticket),Mobile Phone,Debit Card,4.0,4,98.92,Loyal Customers,3,4,1,Standard Loyalty Nurture
53334,33.38,Low,2.0,4,Yes (Active Ticket),Grocery,UPI,0.0,3,207.12,Loyal Customers,5,3,4,Standard Loyalty Nurture
51917,33.35,Low,22.0,3,Yes (Active Ticket),Others,Credit Card,3.0,7,225.11,Loyal Customers,3,5,5,Standard Loyalty Nurture
52029,33.35,Low,3.0,3,Yes (Active Ticket),Grocery,UPI,1.0,2,197.94,Potential Loyalist,5,2,4,Standard Loyalty Nurture
51382,33.34,Low,5.0,3,No,Grocery,E wallet,7.0,3,165.65,At Risk,2,3,3,Standard Loyalty Nurture
53489,33.33,Low,0.0,5,No,Laptop & Accessory,Debit Card,2.0,3,133.08,Loyal Customers,4,3,1,Standard Loyalty Nurture
54869,33.33,Low,9.0,2,No,Fashion,Credit Card,3.0,4,182.59,Loyal Customers,3,4,3,Standard Loyalty Nurture
51077,33.32,Low,5.0,4,No,Laptop & Accessory,Credit Card,8.0,2,191.31,Need Attention,2,2,4,Standard Loyalty Nurture
54130,33.3,Low,0.0,3,No,Mobile Phone,Debit Card,1.0,1,225.54,Potential Loyalist,4,1,5,Standard Loyalty Nurture
52031,33.29,Low,2.0,4,No,Mobile Phone,Credit Card,1.0,7,133.33,Loyal Customers,5,5,1,Standard Loyalty Nurture
54986,33.29,Low,2.0,1,No,Laptop & Accessory,Debit Card,6.0,6,173.52,At Risk,2,5,3,Standard Loyalty Nurture
54958,33.28,Low,10.0,4,Yes (Active Ticket),Fashion,Debit Card,0.0,3,235.27,Champions,5,4,5,Standard Loyalty Nurture
51417,33.26,Low,0.0,3,No,Laptop & Accessory,Credit Card,0.0,1,141.23,Potential Loyalist,5,1,2,Standard Loyalty Nurture
52427,33.26,Low,1.0,2,No,Mobile Phone,Credit Card,7.0,4,258.13,At Risk,2,4,5,Standard Loyalty Nurture
52708,33.24,Low,3.0,2,No,Mobile Phone,Debit Card,3.0,4,153.07,Loyal Customers,3,4,2,Standard Loyalty Nurture
54003,33.23,Low,14.0,2,No,Grocery,Debit Card,6.0,2,325.0,Need Attention,2,2,5,Standard Loyalty Nurture
50596,33.22,Low,6.0,4,No,Laptop & Accessory,Credit Card,10.0,1,156.59,Hibernating,1,1,2,Standard Loyalty Nurture
50656,33.17,Low,1.0,3,No,Fashion,UPI,10.0,1,246.19,Promising,1,1,5,Standard Loyalty Nurture
52052,33.16,Low,7.0,3,No,Grocery,Credit Card,2.0,5,192.74,Champions,4,5,4,Standard Loyalty Nurture
53224,33.15,Low,0.0,4,No,Others,Debit Card,2.0,4,125.85,Loyal Customers,4,4,1,Standard Loyalty Nurture
53727,33.15,Low,1.0,3,No,Fashion,Credit Card,0.0,2,162.52,Potential Loyalist,5,2,2,Standard Loyalty Nurture
54475,33.15,Low,11.0,1,Yes (Active Ticket),Fashion,Debit Card,1.0,3,227.78,Loyal Customers,4,3,5,Standard Loyalty Nurture
51130,33.13,Low,3.0,5,Yes (Active Ticket),Fashion,E wallet,1.0,1,148.56,Potential Loyalist,5,1,2,Standard Loyalty Nurture
53491,33.12,Low,1.0,2,Yes (Active Ticket),Laptop & Accessory,Credit Card,5.0,1,269.32,Promising,2,1,5,Standard Loyalty Nurture
50375,33.11,Low,1.0,3,No,Mobile Phone,E wallet,1.0,1,160.29,Potential Loyalist,5,1,2,Standard Loyalty Nurture
53981,33.1,Low,18.0,2,Yes (Active Ticket),Fashion,Debit Card,7.0,2,111.85,Hibernating,2,2,1,Standard Loyalty Nurture
53858,33.09,Low,8.0,4,No,Fashion,Credit Card,5.0,2,149.93,Hibernating,2,2,2,Standard Loyalty Nurture
55118,33.09,Low,7.0,2,No,Laptop & Accessory,UPI,2.0,3,118.15,Loyal Customers,4,4,1,Standard Loyalty Nurture
54687,33.05,Low,1.0,3,No,Grocery,Debit Card,0.0,6,214.73,Champions,5,5,4,Standard Loyalty Nurture
50512,33.04,Low,5.0,2,No,Laptop & Accessory,UPI,3.0,4,129.71,Loyal Customers,3,4,1,Standard Loyalty Nurture
52286,33.04,Low,3.0,3,No,Fashion,Debit Card,7.0,5,194.73,At Risk,2,5,4,Standard Loyalty Nurture
53443,33.04,Low,2.0,1,No,Mobile Phone,COD,1.0,3,166.16,Loyal Customers,4,3,3,Standard Loyalty Nurture
53424,33.03,Low,0.0,4,Yes (Active Ticket),Laptop & Accessory,Debit Card,1.0,2,278.46,Potential Loyalist,4,2,5,Standard Loyalty Nurture
52888,33.02,Low,5.0,3,No,Laptop & Accessory,Credit Card,11.0,8,181.78,At Risk,1,5,3,Standard Loyalty Nurture
55656,33.01,Low,5.0,2,No,Laptop & Accessory,Debit Card,3.0,1,207.04,Potential Loyalist,3,1,4,Standard Loyalty Nurture
52725,32.98,Low,5.0,2,No,Mobile Phone,COD,12.0,2,198.12,Need Attention,1,2,4,Standard Loyalty Nurture
50840,32.97,Low,10.0,3,Yes (Active Ticket),Fashion,Debit Card,0.0,6,226.15,Champions,5,5,5,Standard Loyalty Nurture
50988,32.96,Low,6.0,2,No,Fashion,Debit Card,1.0,5,82.47,Loyal Customers,5,5,1,Standard Loyalty Nurture
51899,32.95,Low,4.0,3,No,Grocery,Debit Card,1.0,6,193.11,Champions,5,5,4,Standard Loyalty Nurture
54781,32.94,Low,1.0,5,No,Mobile Phone,Credit Card,17.0,1,182.88,Promising,1,1,3,Standard Loyalty Nurture
51512,32.93,Low,13.0,3,Yes (Active Ticket),Laptop & Accessory,Credit Card,2.0,4,128.79,Loyal Customers,4,4,1,Standard Loyalty Nurture
52419,32.93,Low,0.0,2,No,Others,Credit Card,0.0,4,206.26,Champions,5,4,4,Standard Loyalty Nurture
53906,32.92,Low,7.0,4,Yes (Active Ticket),Laptop & Accessory,Credit Card,0.0,6,214.99,Champions,5,5,4,Standard Loyalty Nurture
55425,32.91,Low,6.0,3,No,Grocery,Debit Card,6.0,3,119.63,At Risk,2,4,1,Standard Loyalty Nurture
51242,32.89,Low,15.0,3,Yes (Active Ticket),Grocery,COD,2.0,3,141.25,Loyal Customers,4,3,2,Standard Loyalty Nurture
51594,32.89,Low,1.0,4,Yes (Active Ticket),Laptop & Accessory,Credit Card,3.0,2,293.24,Potential Loyalist,3,2,5,Standard Loyalty Nurture
50419,32.86,Low,11.0,4,Yes (Active Ticket),Mobile Phone,E wallet,3.0,3,133.67,Loyal Customers,3,3,1,Standard Loyalty Nurture
50418,32.85,Low,4.0,4,No,Mobile Phone,Credit Card,17.0,4,198.12,At Risk,1,4,4,Standard Loyalty Nurture
54893,32.85,Low,9.0,3,No,Mobile Phone,Debit Card,3.0,2,170.82,Potential Loyalist,3,2,3,Standard Loyalty Nurture
55355,32.85,Low,8.0,4,Yes (Active Ticket),Laptop & Accessory,Credit Card,1.0,5,211.02,Champions,4,5,4,Standard Loyalty Nurture
51350,32.84,Low,0.0,5,Yes (Active Ticket),Mobile Phone,Debit Card,2.0,1,158.12,Potential Loyalist,4,1,2,Standard Loyalty Nurture
55178,32.84,Low,1.0,3,No,Fashion,E wallet,5.0,1,186.91,Promising,2,1,3,Standard Loyalty Nurture
54512,32.83,Low,6.0,3,No,Fashion,Debit Card,6.0,6,147.31,At Risk,2,5,2,Standard Loyalty Nurture
54539,32.83,Low,1.0,4,No,Others,Credit Card,7.0,1,228.29,Promising,2,1,5,Standard Loyalty Nurture
54840,32.79,Low,3.0,3,No,Laptop & Accessory,Debit Card,2.0,7,145.33,Loyal Customers,4,5,2,Standard Loyalty Nurture
54931,32.76,Low,6.0,3,No,Laptop & Accessory,Credit Card,4.0,4,141.74,Loyal Customers,3,4,2,Standard Loyalty Nurture
51088,32.75,Low,2.0,5,No,Mobile Phone,Debit Card,25.0,5,123.78,At Risk,1,5,1,Standard Loyalty Nurture
50810,32.74,Low,1.0,3,No,Fashion,Debit Card,9.0,3,191.7,At Risk,1,3,4,Standard Loyalty Nurture
52793,32.73,Low,8.0,4,No,Laptop & Accessory,E wallet,9.0,4,145.18,At Risk,1,4,2,Standard Loyalty Nurture
53867,32.71,Low,5.0,5,No,Fashion,Credit Card,6.0,4,157.27,At Risk,2,4,2,Standard Loyalty Nurture
55542,32.71,Low,10.0,4,Yes (Active Ticket),Fashion,Debit Card,0.0,3,168.71,Loyal Customers,5,4,3,Standard Loyalty Nurture
51001,32.7,Low,2.0,2,No,Laptop & Accessory,COD,4.0,2,189.8,Potential Loyalist,3,2,4,Standard Loyalty Nurture
51526,32.68,Low,3.0,4,No,Mobile Phone,Debit Card,4.0,4,161.61,Loyal Customers,3,4,2,Standard Loyalty Nurture
52265,32.67,Low,9.0,3,No,Laptop & Accessory,Debit Card,2.0,1,144.01,Potential Loyalist,4,1,2,Standard Loyalty Nurture
51941,32.66,Low,1.0,3,No,Fashion,Debit Card,8.0,3,240.19,At Risk,2,3,5,Standard Loyalty Nurture
52569,32.65,Low,16.0,5,Yes (Active Ticket),Others,Credit Card,7.0,1,90.49,Hibernating,2,1,1,Standard Loyalty Nurture
53031,32.65,Low,2.0,5,No,Grocery,UPI,12.0,5,169.33,At Risk,1,5,3,Standard Loyalty Nurture
51886,32.64,Low,6.0,3,No,Laptop & Accessory,E wallet,3.0,3,148.04,Loyal Customers,3,3,2,Standard Loyalty Nurture
52911,32.62,Low,3.0,3,No,Mobile Phone,Credit Card,3.0,2,160.25,Potential Loyalist,3,2,2,Standard Loyalty Nurture
50682,32.6,Low,3.0,1,No,Laptop & Accessory,Debit Card,8.0,3,245.47,At Risk,2,3,5,Standard Loyalty Nurture
53607,32.6,Low,17.0,3,Yes (Active Ticket),Laptop & Accessory,Credit Card,3.0,3,85.27,Loyal Customers,3,3,1,Standard Loyalty Nurture
52589,32.58,Low,3.0,4,No,Laptop & Accessory,Debit Card,3.0,3,121.83,Loyal Customers,3,3,1,Standard Loyalty Nurture
55646,32.56,Low,2.0,2,No,Mobile Phone,Credit Card,0.0,1,113.77,Potential Loyalist,5,1,1,Standard Loyalty Nurture
53608,32.53,Low,3.0,2,No,Laptop & Accessory,Debit Card,6.0,5,186.83,At Risk,2,5,3,Standard Loyalty Nurture
55441,32.53,Low,6.0,5,No,Fashion,Debit Card,7.0,2,207.95,At Risk,2,3,4,Standard Loyalty Nurture
52144,32.52,Low,4.0,3,No,Mobile Phone,UPI,4.0,1,209.67,Potential Loyalist,3,1,4,Standard Loyalty Nurture
55124,32.52,Low,7.0,5,Yes (Active Ticket),Others,UPI,2.0,3,247.13,Champions,4,4,5,Standard Loyalty Nurture
50958,32.51,Low,0.0,1,No,Laptop & Accessory,Credit Card,1.0,2,199.32,Potential Loyalist,5,2,4,Standard Loyalty Nurture
50436,32.5,Low,12.0,4,No,Laptop & Accessory,Credit Card,19.0,1,129.05,Hibernating,1,1,1,Standard Loyalty Nurture
52560,32.48,Low,7.0,5,Yes (Active Ticket),Fashion,Credit Card,2.0,2,263.13,Potential Loyalist,4,2,5,Standard Loyalty Nurture
50675,32.47,Low,5.0,5,No,Laptop & Accessory,Debit Card,6.0,5,38.46,At Risk,2,5,1,Standard Loyalty Nurture
50951,32.46,Low,9.0,2,Yes (Active Ticket),Mobile Phone,E wallet,1.0,3,308.4,Loyal Customers,5,3,5,Standard Loyalty Nurture
51168,32.45,Low,7.0,1,No,Fashion,COD,4.0,2,102.25,Potential Loyalist,3,2,1,Standard Loyalty Nurture
55132,32.45,Low,7.0,1,No,Mobile Phone,Debit Card,5.0,5,213.57,At Risk,2,5,4,Standard Loyalty Nurture
50425,32.44,Low,1.0,2,No,Mobile Phone,Debit Card,0.0,6,221.44,Champions,5,5,5,Standard Loyalty Nurture
50858,32.44,Low,6.0,2,Yes (Active Ticket),Others,Credit Card,3.0,5,220.35,Loyal Customers,3,5,5,Standard Loyalty Nurture
51985,32.44,Low,1.0,4,No,Laptop & Accessory,Debit Card,18.0,5,151.13,At Risk,1,5,2,Standard Loyalty Nurture
51982,32.43,Low,16.0,3,Yes (Active Ticket),Laptop & Accessory,UPI,8.0,4,155.9,At Risk,2,4,2,Standard Loyalty Nurture
52727,32.43,Low,1.0,3,No,Laptop & Accessory,Credit Card,0.0,1,188.08,Potential Loyalist,5,1,3,Standard Loyalty Nurture
50920,32.42,Low,2.0,3,No,Grocery,Credit Card,1.0,5,213.1,Champions,5,5,4,Standard Loyalty Nurture
50190,32.41,Low,3.0,2,Yes (Active Ticket),Fashion,Debit Card,3.0,4,228.44,Loyal Customers,3,4,5,Standard Loyalty Nurture
53007,32.39,Low,24.0,3,Yes (Active Ticket),Laptop & Accessory,Debit Card,7.0,3,204.32,At Risk,2,3,4,Standard Loyalty Nurture
54895,32.39,Low,5.0,3,No,Grocery,Credit Card,15.0,2,252.55,Need Attention,1,2,5,Standard Loyalty Nurture
51549,32.37,Low,0.0,5,No,Laptop & Accessory,Debit Card,3.0,1,127.91,Potential Loyalist,3,1,1,Standard Loyalty Nurture
50255,32.36,Low,2.0,5,Yes (Active Ticket),Others,Credit Card,2.0,1,206.42,Potential Loyalist,4,1,4,Standard Loyalty Nurture
51937,32.36,Low,3.0,4,No,Fashion,Debit Card,5.0,3,181.55,At Risk,2,3,3,Standard Loyalty Nurture
53402,32.36,Low,1.0,5,Yes (Active Ticket),Laptop & Accessory,UPI,12.0,1,191.59,Promising,1,1,4,Standard Loyalty Nurture
52976,32.34,Low,0.0,4,No,Others,UPI,2.0,1,127.44,Potential Loyalist,4,1,1,Standard Loyalty Nurture
53152,32.33,Low,3.0,3,No,Laptop & Accessory,E wallet,1.0,4,226.49,Champions,5,4,5,Standard Loyalty Nurture
51902,32.32,Low,0.0,5,No,Grocery,Debit Card,9.0,1,128.64,Hibernating,1,1,1,Standard Loyalty Nurture
53939,32.31,Low,2.0,3,Yes (Active Ticket),Laptop & Accessory,Debit Card,4.0,2,303.67,Potential Loyalist,3,2,5,Standard Loyalty Nurture
52862,32.3,Low,3.0,2,No,Fashion,E wallet,5.0,3,230.47,At Risk,2,3,5,Standard Loyalty Nurture
52833,32.28,Low,1.0,4,No,Fashion,Debit Card,2.0,2,202.67,Potential Loyalist,4,2,4,Standard Loyalty Nurture
50342,32.27,Low,6.0,2,No,Fashion,E wallet,7.0,3,222.94,At Risk,2,3,5,Standard Loyalty Nurture
50430,32.27,Low,1.0,5,No,Grocery,COD,8.0,4,158.4,At Risk,2,4,2,Standard Loyalty Nurture
51412,32.27,Low,1.0,4,No,Laptop & Accessory,Debit Card,0.0,3,112.58,Loyal Customers,5,3,1,Standard Loyalty Nurture
55476,32.27,Low,5.0,2,No,Fashion,Credit Card,1.0,5,194.19,Champions,4,5,4,Standard Loyalty Nurture
50748,32.25,Low,8.0,3,No,Laptop & Accessory,Debit Card,1.0,4,259.07,Champions,5,4,5,Standard Loyalty Nurture
50787,32.23,Low,9.0,5,No,Laptop & Accessory,Credit Card,8.0,3,168.19,At Risk,2,3,3,Standard Loyalty Nurture
50928,32.23,Low,8.0,3,No,Laptop & Accessory,E wallet,3.0,2,189.19,Potential Loyalist,3,2,4,Standard Loyalty Nurture
54856,32.23,Low,2.0,5,Yes (Active Ticket),Fashion,UPI,2.0,3,161.81,Loyal Customers,4,4,2,Standard Loyalty Nurture
52648,32.21,Low,7.0,3,No,Grocery,Debit Card,3.0,1,162.04,Potential Loyalist,3,1,2,Standard Loyalty Nurture
51362,32.2,Low,2.0,3,No,Mobile Phone,Debit Card,2.0,4,215.42,Champions,4,4,4,Standard Loyalty Nurture
51182,32.19,Low,4.0,5,Yes (Active Ticket),Others,E wallet,1.0,1,145.1,Potential Loyalist,5,1,2,Standard Loyalty Nurture
54160,32.19,Low,8.0,4,No,Laptop & Accessory,Debit Card,14.0,3,94.29,At Risk,1,3,1,Standard Loyalty Nurture
50308,32.18,Low,4.0,4,Yes (Active Ticket),Laptop & Accessory,Debit Card,0.0,1,250.49,Potential Loyalist,5,1,5,Standard Loyalty Nurture
52004,32.17,Low,3.0,5,Yes (Active Ticket),Others,COD,1.0,2,206.99,Potential Loyalist,5,2,4,Standard Loyalty Nurture
52179,32.17,Low,12.0,3,No,Mobile Phone,Credit Card,7.0,8,138.88,At Risk,2,5,2,Standard Loyalty Nurture
53417,32.17,Low,4.0,3,No,Laptop & Accessory,Debit Card,2.0,3,148.75,Loyal Customers,4,3,2,Standard Loyalty Nurture
55525,32.17,Low,8.0,5,No,Mobile Phone,Debit Card,9.0,3,183.93,At Risk,1,4,3,Standard Loyalty Nurture
51844,32.15,Low,9.0,2,No,Laptop & Accessory,Debit Card,3.0,1,75.44,Potential Loyalist,3,1,1,Standard Loyalty Nurture
52168,32.14,Low,1.0,4,No,Grocery,Debit Card,1.0,7,187.33,Loyal Customers,5,5,3,Standard Loyalty Nurture
50456,32.13,Low,7.0,4,No,Mobile Phone,Credit Card,8.0,4,198.29,At Risk,2,4,4,Standard Loyalty Nurture
55088,32.13,Low,1.0,4,Yes (Active Ticket),Laptop & Accessory,Credit Card,3.0,4,248.62,Loyal Customers,3,4,5,Standard Loyalty Nurture
54663,32.12,Low,6.0,4,Yes (Active Ticket),Laptop & Accessory,Credit Card,1.0,3,164.25,Loyal Customers,4,3,3,Standard Loyalty Nurture
54391,32.11,Low,2.0,2,No,Laptop & Accessory,UPI,3.0,4,146.59,Loyal Customers,3,4,2,Standard Loyalty Nurture
54610,32.1,Low,5.0,5,No,Laptop & Accessory,Credit Card,8.0,3,106.96,At Risk,1,3,1,Standard Loyalty Nurture
55328,32.08,Low,2.0,3,No,Laptop & Accessory,UPI,8.0,2,248.33,Need Attention,1,2,5,Standard Loyalty Nurture
54419,32.07,Low,4.0,4,Yes (Active Ticket),Mobile Phone,Credit Card,3.0,1,149.15,Potential Loyalist,3,1,2,Standard Loyalty Nurture
50139,32.05,Low,5.0,3,No,Grocery,Debit Card,0.0,5,162.96,Loyal Customers,5,5,2,Standard Loyalty Nurture
50451,32.04,Low,15.0,5,Yes (Active Ticket),Laptop & Accessory,Debit Card,2.0,2,180.02,Potential Loyalist,4,2,3,Standard Loyalty Nurture
54281,32.03,Low,2.0,2,No,Fashion,UPI,3.0,2,209.47,Potential Loyalist,3,2,4,Standard Loyalty Nurture
55330,32.03,Low,7.0,1,No,Laptop & Accessory,Credit Card,13.0,6,229.88,At Risk,1,5,5,Standard Loyalty Nurture
51758,32.01,Low,7.0,2,No,Mobile Phone,Credit Card,2.0,4,240.11,Champions,4,4,5,Standard Loyalty Nurture
50623,32.0,Low,5.0,2,No,Grocery,Debit Card,13.0,4,114.92,At Risk,1,4,1,Standard Loyalty Nurture
51499,32.0,Low,5.0,4,No,Laptop & Accessory,Credit Card,17.0,6,135.55,At Risk,1,5,2,Standard Loyalty Nurture
51683,31.98,Low,10.0,3,Yes (Active Ticket),Grocery,Credit Card,0.0,4,258.22,Champions,5,4,5,Standard Loyalty Nurture
50762,31.97,Low,4.0,2,No,Laptop & Accessory,E wallet,0.0,2,122.76,Potential Loyalist,5,2,1,Standard Loyalty Nurture
50827,31.97,Low,4.0,3,No,Mobile Phone,COD,2.0,4,204.84,Champions,4,4,4,Standard Loyalty Nurture
55215,31.97,Low,5.0,4,Yes (Active Ticket),Laptop & Accessory,UPI,3.0,1,157.45,Potential Loyalist,3,1,2,Standard Loyalty Nurture
50487,31.95,Low,0.0,3,No,Fashion,E wallet,4.0,4,136.93,Loyal Customers,3,4,2,Standard Loyalty Nurture
50998,31.95,Low,1.0,1,No,Mobile Phone,UPI,1.0,3,171.2,Loyal Customers,5,3,3,Standard Loyalty Nurture
53141,31.95,Low,5.0,3,No,Others,Credit Card,7.0,5,235.73,At Risk,2,5,5,Standard Loyalty Nurture
52106,31.94,Low,4.0,1,No,Mobile Phone,COD,1.0,3,259.1,Loyal Customers,5,3,5,Standard Loyalty Nurture
50151,31.93,Low,24.0,3,No,Laptop & Accessory,Credit Card,18.0,1,258.49,Promising,1,1,5,Standard Loyalty Nurture
53979,31.93,Low,1.0,5,No,Others,Debit Card,3.0,1,163.79,Potential Loyalist,3,1,2,Standard Loyalty Nurture
51248,31.92,Low,0.0,5,No,Mobile Phone,COD,10.0,1,169.91,Promising,1,1,3,Standard Loyalty Nurture
54197,31.92,Low,0.0,5,No,Laptop & Accessory,Debit Card,6.0,4,149.16,At Risk,2,4,2,Standard Loyalty Nurture
50642,31.91,Low,4.0,2,No,Mobile Phone,Debit Card,0.0,3,23.8,Loyal Customers,5,3,1,Standard Loyalty Nurture
52410,31.91,Low,6.0,4,No,Laptop & Accessory,Debit Card,2.0,1,157.86,Potential Loyalist,4,1,2,Standard Loyalty Nurture
54488,31.9,Low,4.0,1,No,Laptop & Accessory,Debit Card,0.0,3,145.77,Loyal Customers,5,3,2,Standard Loyalty Nurture
54503,31.9,Low,3.0,2,No,Laptop & Accessory,Debit Card,2.0,3,224.7,Loyal Customers,4,3,5,Standard Loyalty Nurture
53101,31.89,Low,1.0,1,No,Mobile Phone,Debit Card,11.0,4,231.11,At Risk,1,4,5,Standard Loyalty Nurture
53003,31.88,Low,3.0,3,No,Laptop & Accessory,Debit Card,8.0,4,218.28,At Risk,2,4,5,Standard Loyalty Nurture
51880,31.87,Low,8.0,1,No,Laptop & Accessory,Credit Card,5.0,1,186.17,Promising,2,1,3,Standard Loyalty Nurture
53239,31.87,Low,10.0,3,No,Laptop & Accessory,Debit Card,8.0,2,191.66,Need Attention,1,2,4,Standard Loyalty Nurture
54861,31.87,Low,10.0,2,No,Laptop & Accessory,E wallet,2.0,2,156.46,Potential Loyalist,4,2,2,Standard Loyalty Nurture
53838,31.85,Low,1.0,5,No,Laptop & Accessory,Debit Card,2.0,1,124.65,Potential Loyalist,4,1,1,Standard Loyalty Nurture
54825,31.84,Low,8.0,2,No,Mobile Phone,Debit Card,1.0,1,205.86,Potential Loyalist,4,1,4,Standard Loyalty Nurture
50146,31.82,Low,0.0,4,No,Laptop & Accessory,Credit Card,2.0,2,172.71,Potential Loyalist,4,1,3,Standard Loyalty Nurture
54118,31.82,Low,5.0,4,No,Mobile Phone,Debit Card,14.0,1,186.1,Promising,1,1,3,Standard Loyalty Nurture
55596,31.82,Low,6.0,5,No,Others,Debit Card,4.0,2,122.33,Loyal Customers,3,3,1,Standard Loyalty Nurture
54686,31.8,Low,5.0,1,No,Laptop & Accessory,Debit Card,2.0,2,121.59,Potential Loyalist,4,2,1,Standard Loyalty Nurture
53872,31.79,Low,2.0,3,Yes (Active Ticket),Laptop & Accessory,E wallet,0.0,1,145.97,Potential Loyalist,5,1,2,Standard Loyalty Nurture
50702,31.78,Low,1.0,3,No,Mobile Phone,Debit Card,2.0,3,176.06,Loyal Customers,4,3,3,Standard Loyalty Nurture
53561,31.78,Low,4.0,4,Yes (Active Ticket),Laptop & Accessory,Debit Card,1.0,4,170.15,Loyal Customers,4,4,3,Standard Loyalty Nurture
55002,31.76,Low,6.0,4,No,Mobile Phone,Debit Card,10.0,1,154.33,Hibernating,1,1,2,Standard Loyalty Nurture
52229,31.74,Low,4.0,3,No,Mobile Phone,Credit Card,4.0,4,173.15,Loyal Customers,3,4,3,Standard Loyalty Nurture
55584,31.71,Low,12.0,3,Yes (Active Ticket),Grocery,E wallet,7.0,4,169.71,At Risk,2,5,3,Standard Loyalty Nurture
51930,31.69,Low,1.0,4,No,Laptop & Accessory,UPI,4.0,1,191.44,Potential Loyalist,3,1,4,Standard Loyalty Nurture
54966,31.67,Low,2.0,4,No,Mobile Phone,UPI,3.0,3,98.11,Loyal Customers,3,4,1,Standard Loyalty Nurture
54143,31.66,Low,1.0,4,No,Grocery,Debit Card,1.0,2,124.86,Potential Loyalist,4,2,1,Standard Loyalty Nurture
54790,31.65,Low,4.0,3,No,Laptop & Accessory,Credit Card,5.0,3,196.07,At Risk,2,4,4,Standard Loyalty Nurture
51026,31.62,Low,6.0,2,No,Laptop & Accessory,Credit Card,1.0,1,266.36,Potential Loyalist,5,1,5,Standard Loyalty Nurture
52158,31.62,Low,4.0,3,No,Grocery,Debit Card,0.0,3,127.75,Loyal Customers,5,3,1,Standard Loyalty Nurture
55235,31.62,Low,7.0,4,No,Laptop & Accessory,Debit Card,18.0,4,116.08,At Risk,1,4,1,Standard Loyalty Nurture
53399,31.61,Low,3.0,2,No,Laptop & Accessory,Credit Card,0.0,2,128.03,Potential Loyalist,5,2,1,Standard Loyalty Nurture
52243,31.6,Low,9.0,3,No,Laptop & Accessory,Debit Card,11.0,5,177.05,At Risk,1,5,3,Standard Loyalty Nurture
54531,31.6,Low,3.0,1,No,Laptop & Accessory,E wallet,7.0,2,183.02,Need Attention,2,2,3,Standard Loyalty Nurture
55558,31.6,Low,13.0,1,Yes (Active Ticket),Grocery,E wallet,2.0,7,173.35,Loyal Customers,4,5,3,Standard Loyalty Nurture
52449,31.59,Low,1.0,2,No,Fashion,Debit Card,1.0,1,221.26,Potential Loyalist,5,1,5,Standard Loyalty Nurture
53074,31.59,Low,3.0,2,No,Grocery,Debit Card,3.0,5,112.31,Loyal Customers,3,5,1,Standard Loyalty Nurture
53492,31.59,Low,9.0,2,No,Laptop & Accessory,Credit Card,2.0,1,183.83,Potential Loyalist,4,1,3,Standard Loyalty Nurture
51863,31.58,Low,2.0,5,Yes (Active Ticket),Laptop & Accessory,Debit Card,2.0,3,130.75,Loyal Customers,4,3,1,Standard Loyalty Nurture
53717,31.57,Low,4.0,5,Yes (Active Ticket),Mobile Phone,COD,1.0,4,120.28,Loyal Customers,4,4,1,Standard Loyalty Nurture
54468,31.57,Low,2.0,1,No,Mobile Phone,Debit Card,3.0,5,250.34,Loyal Customers,3,5,5,Standard Loyalty Nurture
50979,31.56,Low,7.0,1,No,Laptop & Accessory,Credit Card,9.0,2,209.45,Need Attention,1,2,4,Standard Loyalty Nurture
55431,31.56,Low,9.0,3,No,Grocery,Debit Card,5.0,4,190.56,At Risk,2,4,4,Standard Loyalty Nurture
51482,31.55,Low,1.0,4,No,Fashion,Debit Card,2.0,2,129.53,Potential Loyalist,4,2,1,Standard Loyalty Nurture
54491,31.55,Low,3.0,5,No,Fashion,E wallet,13.0,3,97.18,At Risk,1,3,1,Standard Loyalty Nurture
54764,31.55,Low,3.0,5,No,Mobile Phone,Debit Card,7.0,2,139.25,Hibernating,2,2,2,Standard Loyalty Nurture
50927,31.54,Low,3.0,2,No,Others,Debit Card,6.0,1,181.92,Promising,2,1,3,Standard Loyalty Nurture
51740,31.53,Low,5.0,5,Yes (Active Ticket),Others,Credit Card,1.0,4,172.24,Loyal Customers,5,4,3,Standard Loyalty Nurture
51926,31.53,Low,1.0,4,No,Fashion,E wallet,4.0,2,167.53,Potential Loyalist,3,2,3,Standard Loyalty Nurture
52062,31.53,Low,7.0,5,No,Laptop & Accessory,UPI,14.0,3,193.99,At Risk,1,3,4,Standard Loyalty Nurture
55416,31.53,Low,5.0,4,No,Mobile Phone,E wallet,9.0,3,188.81,At Risk,1,4,4,Standard Loyalty Nurture
52058,31.52,Low,5.0,3,No,Mobile Phone,E wallet,12.0,3,218.92,At Risk,1,3,5,Standard Loyalty Nurture
54569,31.5,Low,1.0,4,No,Laptop & Accessory,UPI,7.0,6,72.18,At Risk,2,5,1,Standard Loyalty Nurture
50417,31.49,Low,3.0,2,No,Fashion,E wallet,16.0,4,231.7,At Risk,1,4,5,Standard Loyalty Nurture
55183,31.49,Low,1.0,4,No,Grocery,Credit Card,2.0,2,92.61,Potential Loyalist,4,2,1,Standard Loyalty Nurture
54768,31.47,Low,1.0,4,No,Mobile Phone,Debit Card,1.0,1,94.31,Potential Loyalist,4,1,1,Standard Loyalty Nurture
55643,31.46,Low,14.0,3,Yes (Active Ticket),Grocery,E wallet,5.0,6,106.39,At Risk,2,5,1,Standard Loyalty Nurture
50652,31.45,Low,8.0,5,No,Laptop & Accessory,E wallet,3.0,2,125.0,Potential Loyalist,3,2,1,Standard Loyalty Nurture
52839,31.44,Low,14.0,3,Yes (Active Ticket),Mobile Phone,Credit Card,2.0,5,129.96,Loyal Customers,4,5,1,Standard Loyalty Nurture
53436,31.44,Low,5.0,3,No,Others,Debit Card,2.0,5,216.92,Champions,4,5,4,Standard Loyalty Nurture
50150,31.43,Low,3.0,3,No,Mobile Phone,Credit Card,1.0,5,192.69,Champions,5,5,4,Standard Loyalty Nurture
51379,31.41,Low,4.0,3,No,Laptop & Accessory,Credit Card,5.0,4,200.11,At Risk,2,4,4,Standard Loyalty Nurture
53454,31.41,Low,5.0,1,No,Laptop & Accessory,UPI,1.0,4,151.19,Loyal Customers,4,4,2,Standard Loyalty Nurture
54849,31.41,Low,14.0,4,Yes (Active Ticket),Grocery,Debit Card,1.0,4,88.38,Loyal Customers,4,4,1,Standard Loyalty Nurture
55587,31.39,Low,6.0,2,No,Laptop & Accessory,Debit Card,1.0,1,105.23,Potential Loyalist,4,1,1,Standard Loyalty Nurture
52257,31.38,Low,7.0,3,No,Laptop & Accessory,Debit Card,2.0,1,130.48,Potential Loyalist,4,1,1,Standard Loyalty Nurture
55319,31.38,Low,2.0,1,No,Mobile Phone,Credit Card,7.0,6,190.01,At Risk,2,5,4,Standard Loyalty Nurture
55396,31.37,Low,5.0,1,No,Fashion,Credit Card,1.0,1,104.38,Potential Loyalist,4,1,1,Standard Loyalty Nurture
52289,31.36,Low,7.0,3,No,Laptop & Accessory,Credit Card,0.0,5,121.08,Loyal Customers,5,5,1,Standard Loyalty Nurture
53988,31.36,Low,6.0,4,Yes (Active Ticket),Mobile Phone,E wallet,0.0,5,122.96,Loyal Customers,5,5,1,Standard Loyalty Nurture
51915,31.35,Low,6.0,5,Yes (Active Ticket),Others,COD,2.0,3,184.23,Loyal Customers,4,3,3,Standard Loyalty Nurture
51706,31.34,Low,1.0,4,No,Mobile Phone,Credit Card,6.0,1,161.06,Hibernating,2,1,2,Standard Loyalty Nurture
52050,31.34,Low,1.0,3,No,Mobile Phone,Debit Card,11.0,3,194.32,At Risk,1,3,4,Standard Loyalty Nurture
51778,31.33,Low,6.0,4,No,Mobile Phone,E wallet,4.0,1,89.89,Potential Loyalist,3,1,1,Standard Loyalty Nurture
53084,31.31,Low,9.0,3,No,Mobile Phone,COD,5.0,2,194.47,Need Attention,2,2,4,Standard Loyalty Nurture
54129,31.31,Low,4.0,4,Yes (Active Ticket),Laptop & Accessory,Credit Card,1.0,1,161.91,Potential Loyalist,4,1,2,Standard Loyalty Nurture
50303,31.3,Low,8.0,5,No,Grocery,Debit Card,11.0,6,133.16,At Risk,1,5,1,Standard Loyalty Nurture
50370,31.3,Low,1.0,3,No,Mobile Phone,Debit Card,1.0,1,86.05,Potential Loyalist,5,1,1,Standard Loyalty Nurture
50934,31.3,Low,7.0,2,No,Mobile Phone,Debit Card,7.0,2,180.67,Need Attention,2,2,3,Standard Loyalty Nurture
51176,31.3,Low,8.0,2,No,Fashion,UPI,1.0,3,124.72,Loyal Customers,5,3,1,Standard Loyalty Nurture
55037,31.29,Low,10.0,1,No,Laptop & Accessory,Debit Card,12.0,3,136.12,At Risk,1,4,2,Standard Loyalty Nurture
51994,31.28,Low,1.0,5,No,Laptop & Accessory,UPI,4.0,1,138.88,Potential Loyalist,3,1,2,Standard Loyalty Nurture
52481,31.28,Low,3.0,2,No,Laptop & Accessory,Debit Card,1.0,1,136.35,Potential Loyalist,5,1,2,Standard Loyalty Nurture
50100,31.27,Low,1.0,4,Yes (Active Ticket),Laptop & Accessory,Credit Card,0.0,4,194.37,Champions,5,4,4,Standard Loyalty Nurture
51691,31.24,Low,2.0,3,No,Laptop & Accessory,COD,0.0,4,103.83,Loyal Customers,5,4,1,Standard Loyalty Nurture
52262,31.24,Low,9.0,5,No,Mobile Phone,Credit Card,8.0,3,148.45,At Risk,2,3,2,Standard Loyalty Nurture
52820,31.23,Low,4.0,3,No,Mobile Phone,Debit Card,0.0,1,180.83,Potential Loyalist,5,1,3,Standard Loyalty Nurture
54881,31.21,Low,2.0,3,No,Fashion,E wallet,0.0,5,87.1,Loyal Customers,5,5,1,Standard Loyalty Nurture
53764,31.2,Low,3.0,4,No,Laptop & Accessory,Credit Card,5.0,3,217.01,At Risk,2,3,4,Standard Loyalty Nurture
52776,31.19,Low,6.0,2,No,Laptop & Accessory,Debit Card,1.0,2,117.98,Potential Loyalist,5,2,1,Standard Loyalty Nurture
54306,31.19,Low,1.0,2,No,Fashion,UPI,1.0,5,149.8,Loyal Customers,4,5,2,Standard Loyalty Nurture
55505,31.19,Low,4.0,5,Yes (Active Ticket),Laptop & Accessory,Debit Card,1.0,3,193.65,Champions,4,4,4,Standard Loyalty Nurture
50143,31.18,Low,7.0,3,No,Mobile Phone,Debit Card,5.0,5,145.43,Loyal Customers,3,5,2,Standard Loyalty Nurture
52458,31.16,Low,10.0,3,No,Grocery,Credit Card,9.0,3,136.71,At Risk,1,3,2,Standard Loyalty Nurture
50141,31.15,Low,33.0,5,Yes (Active Ticket),Laptop & Accessory,E wallet,21.0,4,161.51,At Risk,1,4,2,Standard Loyalty Nurture
51760,31.15,Low,8.0,3,No,Grocery,Debit Card,4.0,3,116.3,Loyal Customers,3,3,1,Standard Loyalty Nurture
53271,31.14,Low,3.0,2,No,Laptop & Accessory,Debit Card,0.0,2,95.59,Potential Loyalist,5,2,1,Standard Loyalty Nurture
50021,31.13,Low,9.0,3,No,Fashion,Debit Card,7.0,4,220.36,At Risk,2,4,5,Standard Loyalty Nurture
52532,31.13,Low,18.0,4,Yes (Active Ticket),Grocery,Credit Card,5.0,4,218.1,At Risk,2,4,5,Standard Loyalty Nurture
55133,31.13,Low,1.0,2,No,Fashion,Credit Card,2.0,3,260.97,Champions,4,4,5,Standard Loyalty Nurture
53496,31.12,Low,2.0,4,No,Laptop & Accessory,Debit Card,5.0,1,154.99,Hibernating,2,1,2,Standard Loyalty Nurture
55317,31.12,Low,3.0,1,No,Mobile Phone,UPI,0.0,5,212.77,Champions,5,5,4,Standard Loyalty Nurture
50343,31.11,Low,2.0,4,Yes (Active Ticket),Mobile Phone,Credit Card,1.0,2,234.15,Potential Loyalist,5,2,5,Standard Loyalty Nurture
50968,31.11,Low,4.0,4,No,Mobile Phone,E wallet,4.0,3,169.47,Loyal Customers,3,3,3,Standard Loyalty Nurture
55106,31.11,Low,1.0,4,No,Grocery,COD,2.0,2,95.69,Potential Loyalist,4,2,1,Standard Loyalty Nurture
51444,31.1,Low,6.0,2,No,Mobile Phone,Debit Card,2.0,1,200.83,Potential Loyalist,4,1,4,Standard Loyalty Nurture
51851,31.1,Low,3.0,2,No,Mobile Phone,UPI,3.0,3,102.08,Loyal Customers,3,3,1,Standard Loyalty Nurture
50121,31.07,Low,16.0,5,Yes (Active Ticket),Laptop & Accessory,Debit Card,10.0,4,226.0,At Risk,1,4,5,Standard Loyalty Nurture
53223,31.06,Low,1.0,1,No,Mobile Phone,Debit Card,1.0,4,216.99,Champions,5,4,4,Standard Loyalty Nurture
50722,31.05,Low,2.0,2,No,Laptop & Accessory,Debit Card,0.0,3,113.11,Loyal Customers,5,3,1,Standard Loyalty Nurture
54217,31.04,Low,0.0,2,No,Others,Debit Card,1.0,2,106.0,Potential Loyalist,4,2,1,Standard Loyalty Nurture
50763,31.02,Low,3.0,1,No,Laptop & Accessory,Debit Card,1.0,2,83.97,Potential Loyalist,5,2,1,Standard Loyalty Nurture
52571,31.02,Low,5.0,4,No,Grocery,Credit Card,15.0,3,146.5,At Risk,1,3,2,Standard Loyalty Nurture
52966,31.0,Low,12.0,3,Yes (Active Ticket),Grocery,COD,1.0,4,178.43,Loyal Customers,5,4,3,Standard Loyalty Nurture
52163,30.99,Low,4.0,4,No,Fashion,Credit Card,3.0,3,194.25,Loyal Customers,3,3,4,Standard Loyalty Nurture
53462,30.99,Low,2.0,3,No,Mobile Phone,E wallet,3.0,3,146.76,Loyal Customers,3,3,2,Standard Loyalty Nurture
51390,30.97,Low,6.0,3,No,Mobile Phone,COD,2.0,4,224.02,Champions,4,4,5,Standard Loyalty Nurture
52446,30.97,Low,4.0,2,No,Laptop & Accessory,Credit Card,4.0,3,174.43,Loyal Customers,3,3,3,Standard Loyalty Nurture
52552,30.97,Low,1.0,4,No,Mobile Phone,Debit Card,5.0,1,214.89,Promising,2,1,4,Standard Loyalty Nurture
54364,30.96,Low,7.0,2,No,Mobile Phone,Debit Card,0.0,2,181.23,Potential Loyalist,5,2,3,Standard Loyalty Nurture
54454,30.96,Low,16.0,1,No,Mobile Phone,Debit Card,7.0,1,145.06,Hibernating,2,1,2,Standard Loyalty Nurture
51528,30.95,Low,4.0,1,No,Mobile Phone,Debit Card,2.0,6,265.86,Champions,4,5,5,Standard Loyalty Nurture
54155,30.95,Low,3.0,3,No,Others,Debit Card,4.0,1,198.84,Potential Loyalist,3,1,4,Standard Loyalty Nurture
52343,30.93,Low,1.0,2,No,Mobile Phone,Credit Card,10.0,4,212.6,At Risk,1,4,4,Standard Loyalty Nurture
54507,30.93,Low,13.0,2,Yes (Active Ticket),Grocery,Credit Card,10.0,2,212.92,Need Attention,1,2,4,Standard Loyalty Nurture
53692,30.92,Low,7.0,1,No,Fashion,Credit Card,2.0,5,173.7,Loyal Customers,4,5,3,Standard Loyalty Nurture
52060,30.91,Low,8.0,3,No,Laptop & Accessory,Debit Card,2.0,2,163.63,Potential Loyalist,4,2,2,Standard Loyalty Nurture
53062,30.91,Low,1.0,4,No,Fashion,Credit Card,12.0,4,178.94,At Risk,1,4,3,Standard Loyalty Nurture
54504,30.9,Low,0.0,5,No,Mobile Phone,Debit Card,4.0,3,92.3,Loyal Customers,3,3,1,Standard Loyalty Nurture
55383,30.9,Low,3.0,3,No,Fashion,Credit Card,5.0,6,253.75,At Risk,2,5,5,Standard Loyalty Nurture
51205,30.89,Low,7.0,5,Yes (Active Ticket),Mobile Phone,Debit Card,1.0,1,136.77,Potential Loyalist,5,1,2,Standard Loyalty Nurture
51933,30.89,Low,8.0,2,No,Grocery,Credit Card,1.0,2,198.13,Potential Loyalist,5,2,4,Standard Loyalty Nurture
50212,30.87,Low,12.0,2,Yes (Active Ticket),Fashion,Credit Card,2.0,4,195.9,Champions,4,4,4,Standard Loyalty Nurture
52498,30.86,Low,20.0,4,Yes (Active Ticket),Laptop & Accessory,UPI,5.0,3,144.1,At Risk,2,3,2,Standard Loyalty Nurture
53199,30.85,Low,1.0,3,No,Fashion,Credit Card,3.0,2,221.63,Potential Loyalist,3,2,5,Standard Loyalty Nurture
53203,30.83,Low,2.0,5,No,Laptop & Accessory,Credit Card,1.0,2,171.34,Potential Loyalist,5,2,3,Standard Loyalty Nurture
51810,30.8,Low,1.0,2,Yes (Active Ticket),Others,Credit Card,6.0,1,281.69,Promising,2,1,5,Standard Loyalty Nurture
52899,30.8,Low,6.0,3,No,Grocery,Debit Card,5.0,1,125.36,Hibernating,2,1,1,Standard Loyalty Nurture
51957,30.79,Low,10.0,4,Yes (Active Ticket),Mobile Phone,E wallet,2.0,3,180.45,Loyal Customers,4,3,3,Standard Loyalty Nurture
52271,30.79,Low,1.0,5,Yes (Active Ticket),Mobile Phone,Credit Card,2.0,4,183.64,Loyal Customers,4,4,3,Standard Loyalty Nurture
51354,30.78,Low,13.0,2,Yes (Active Ticket),Mobile Phone,Debit Card,10.0,5,255.28,At Risk,1,5,5,Standard Loyalty Nurture
52459,30.78,Low,7.0,4,Yes (Active Ticket),Mobile Phone,COD,0.0,1,92.43,Potential Loyalist,5,1,1,Standard Loyalty Nurture
52815,30.76,Low,8.0,1,No,Laptop & Accessory,Debit Card,22.0,1,242.01,Promising,1,1,5,Standard Loyalty Nurture
50015,30.74,Low,2.0,1,No,Fashion,E wallet,3.0,4,114.44,Loyal Customers,4,4,1,Standard Loyalty Nurture
55551,30.74,Low,3.0,5,No,Mobile Phone,Credit Card,4.0,1,186.49,Potential Loyalist,3,1,3,Standard Loyalty Nurture
54277,30.73,Low,5.0,2,No,Laptop & Accessory,Debit Card,4.0,3,176.26,Loyal Customers,3,3,3,Standard Loyalty Nurture
50117,30.72,Low,16.0,1,Yes (Active Ticket),Others,Debit Card,7.0,1,156.05,Hibernating,2,1,2,Standard Loyalty Nurture
50202,30.72,Low,1.0,1,No,Mobile Phone,E wallet,1.0,1,161.77,Potential Loyalist,5,1,2,Standard Loyalty Nurture
52045,30.72,Low,20.0,2,Yes (Active Ticket),Mobile Phone,Debit Card,6.0,2,190.45,Need Attention,2,2,4,Standard Loyalty Nurture
51629,30.71,Low,1.0,4,No,Fashion,E wallet,2.0,4,143.79,Loyal Customers,4,4,2,Standard Loyalty Nurture
53544,30.71,Low,4.0,5,No,Laptop & Accessory,Credit Card,12.0,2,222.75,Need Attention,1,2,5,Standard Loyalty Nurture
55057,30.7,Low,6.0,3,No,Mobile Phone,Debit Card,1.0,2,163.7,Potential Loyalist,4,2,2,Standard Loyalty Nurture
55651,30.7,Low,2.0,3,No,Laptop & Accessory,UPI,9.0,2,203.46,At Risk,1,3,4,Standard Loyalty Nurture
50939,30.68,Low,1.0,3,No,Laptop & Accessory,Credit Card,9.0,2,193.9,Need Attention,1,2,4,Standard Loyalty Nurture
51803,30.68,Low,4.0,3,No,Fashion,Credit Card,6.0,6,149.14,At Risk,2,5,2,Standard Loyalty Nurture
52389,30.68,Low,12.0,2,No,Laptop & Accessory,UPI,9.0,1,133.19,Hibernating,1,1,1,Standard Loyalty Nurture
54381,30.68,Low,1.0,1,No,Mobile Phone,Debit Card,1.0,2,229.6,Potential Loyalist,4,2,5,Standard Loyalty Nurture
50888,30.67,Low,3.0,3,No,Laptop & Accessory,COD,9.0,2,261.12,Need Attention,1,2,5,Standard Loyalty Nurture
54090,30.66,Low,0.0,3,No,Laptop & Accessory,E wallet,3.0,1,140.94,Potential Loyalist,3,1,2,Standard Loyalty Nurture
51216,30.65,Low,2.0,2,No,Mobile Phone,UPI,9.0,4,219.78,At Risk,1,4,5,Standard Loyalty Nurture
54795,30.64,Low,4.0,2,No,Mobile Phone,UPI,2.0,3,268.24,Champions,4,4,5,Standard Loyalty Nurture
51227,30.61,Low,5.0,2,No,Fashion,Credit Card,12.0,5,197.85,At Risk,1,5,4,Standard Loyalty Nurture
53350,30.59,Low,3.0,3,No,Others,E wallet,8.0,5,190.26,At Risk,1,5,4,Standard Loyalty Nurture
50485,30.56,Low,9.0,4,No,Laptop & Accessory,Credit Card,14.0,4,135.41,At Risk,1,4,1,Standard Loyalty Nurture
51495,30.56,Low,9.0,1,No,Mobile Phone,Credit Card,6.0,6,156.26,At Risk,2,5,2,Standard Loyalty Nurture
52061,30.53,Low,1.0,3,No,Laptop & Accessory,Debit Card,1.0,4,243.71,Champions,5,4,5,Standard Loyalty Nurture
54705,30.53,Low,5.0,3,No,Laptop & Accessory,E wallet,2.0,2,125.18,Potential Loyalist,4,2,1,Standard Loyalty Nurture
54982,30.52,Low,3.0,3,No,Laptop & Accessory,Debit Card,7.0,3,185.26,At Risk,2,4,3,Standard Loyalty Nurture
51363,30.51,Low,10.0,5,Yes (Active Ticket),Grocery,Credit Card,4.0,3,151.68,Loyal Customers,3,3,2,Standard Loyalty Nurture
52579,30.51,Low,4.0,4,No,Grocery,E wallet,1.0,4,122.36,Loyal Customers,5,4,1,Standard Loyalty Nurture
51490,30.5,Low,6.0,3,No,Mobile Phone,E wallet,2.0,4,71.36,Loyal Customers,4,4,1,Standard Loyalty Nurture
52583,30.5,Low,7.0,2,No,Mobile Phone,E wallet,6.0,3,205.68,At Risk,2,3,4,Standard Loyalty Nurture
54329,30.49,Low,1.0,5,No,Laptop & Accessory,Credit Card,0.0,2,128.73,Potential Loyalist,5,2,1,Standard Loyalty Nurture
54396,30.49,Low,18.0,5,Yes (Active Ticket),Laptop & Accessory,Debit Card,4.0,2,183.94,Potential Loyalist,3,2,3,Standard Loyalty Nurture
50579,30.48,Low,7.0,4,No,Mobile Phone,Credit Card,2.0,3,98.94,Loyal Customers,4,3,1,Standard Loyalty Nurture
54438,30.48,Low,15.0,3,No,Fashion,E wallet,19.0,1,153.4,Hibernating,1,1,2,Standard Loyalty Nurture
51847,30.45,Low,1.0,1,Yes (Active Ticket),Laptop & Accessory,Debit Card,1.0,4,249.2,Champions,5,4,5,Standard Loyalty Nurture
54872,30.44,Low,1.0,2,No,Laptop & Accessory,Debit Card,1.0,2,181.83,Potential Loyalist,4,2,3,Standard Loyalty Nurture
50531,30.43,Low,17.0,1,Yes (Active Ticket),Mobile Phone,Credit Card,1.0,4,229.1,Champions,5,4,5,Standard Loyalty Nurture
51401,30.42,Low,2.0,3,No,Mobile Phone,Debit Card,4.0,4,136.84,Loyal Customers,3,4,2,Standard Loyalty Nurture
52654,30.41,Low,1.0,3,No,Laptop & Accessory,Debit Card,7.0,3,270.37,At Risk,2,3,5,Standard Loyalty Nurture
50005,30.39,Low,2.0,4,No,Grocery,Debit Card,15.0,1,204.61,Promising,1,1,4,Standard Loyalty Nurture
51842,30.39,Low,6.0,3,No,Laptop & Accessory,Credit Card,14.0,5,234.5,At Risk,1,5,5,Standard Loyalty Nurture
54401,30.39,Low,1.0,4,No,Grocery,E wallet,6.0,2,177.09,Need Attention,2,2,3,Standard Loyalty Nurture
55361,30.39,Low,9.0,1,No,Laptop & Accessory,Debit Card,11.0,7,169.06,At Risk,1,5,3,Standard Loyalty Nurture
51503,30.38,Low,0.0,4,No,Others,Credit Card,1.0,3,118.16,Loyal Customers,5,3,1,Standard Loyalty Nurture
52189,30.38,Low,16.0,3,Yes (Active Ticket),Fashion,Debit Card,9.0,4,192.74,At Risk,1,4,4,Standard Loyalty Nurture
51315,30.37,Low,6.0,4,No,Laptop & Accessory,Debit Card,3.0,7,325.0,Loyal Customers,3,5,5,Standard Loyalty Nurture
51430,30.36,Low,20.0,3,Yes (Active Ticket),Grocery,COD,2.0,5,188.62,Champions,4,5,4,Standard Loyalty Nurture
52281,30.36,Low,3.0,3,No,Mobile Phone,Credit Card,9.0,5,216.63,At Risk,1,5,4,Standard Loyalty Nurture
53091,30.35,Low,6.0,3,No,Fashion,Credit Card,7.0,4,217.84,At Risk,2,4,5,Standard Loyalty Nurture
52477,30.34,Low,1.0,3,No,Fashion,E wallet,3.0,1,170.14,Potential Loyalist,3,1,3,Standard Loyalty Nurture
55503,30.31,Low,3.0,4,No,Mobile Phone,E wallet,7.0,2,181.23,At Risk,2,3,3,Standard Loyalty Nurture
53824,30.3,Low,4.0,3,Yes (Active Ticket),Mobile Phone,UPI,2.0,5,195.07,Champions,4,5,4,Standard Loyalty Nurture
55017,30.3,Low,0.0,2,No,Grocery,Credit Card,1.0,3,244.71,Champions,4,4,5,Standard Loyalty Nurture
53585,30.29,Low,5.0,4,No,Laptop & Accessory,Debit Card,18.0,5,127.31,At Risk,1,5,1,Standard Loyalty Nurture
52355,30.28,Low,13.0,3,No,Laptop & Accessory,Debit Card,28.0,3,135.46,At Risk,1,3,2,Standard Loyalty Nurture
53670,30.28,Low,6.0,3,No,Grocery,Debit Card,6.0,3,227.7,At Risk,2,3,5,Standard Loyalty Nurture
55268,30.28,Low,6.0,4,No,Mobile Phone,Debit Card,2.0,3,112.39,Loyal Customers,4,4,1,Standard Loyalty Nurture
50644,30.26,Low,4.0,1,No,Fashion,Credit Card,8.0,3,235.55,At Risk,2,3,5,Standard Loyalty Nurture
53355,30.26,Low,2.0,3,No,Grocery,E wallet,3.0,8,122.28,Loyal Customers,3,5,1,Standard Loyalty Nurture
54487,30.25,Low,0.0,3,No,Mobile Phone,E wallet,1.0,2,162.83,Potential Loyalist,4,2,2,Standard Loyalty Nurture
53656,30.24,Low,2.0,3,No,Fashion,Credit Card,2.0,3,162.82,Loyal Customers,4,3,2,Standard Loyalty Nurture
53039,30.23,Low,1.0,2,No,Laptop & Accessory,Debit Card,2.0,4,175.86,Loyal Customers,4,4,3,Standard Loyalty Nurture
50463,30.22,Low,14.0,2,Yes (Active Ticket),Laptop & Accessory,Debit Card,4.0,5,71.97,Loyal Customers,3,5,1,Standard Loyalty Nurture
53067,30.22,Low,0.0,3,No,Laptop & Accessory,Debit Card,4.0,3,175.93,Loyal Customers,3,3,3,Standard Loyalty Nurture
53665,30.22,Low,8.0,2,No,Fashion,Debit Card,5.0,5,223.67,At Risk,2,5,5,Standard Loyalty Nurture
52491,30.2,Low,3.0,3,Yes (Active Ticket),Laptop & Accessory,Credit Card,1.0,5,278.41,Champions,5,5,5,Standard Loyalty Nurture
54397,30.2,Low,4.0,4,No,Mobile Phone,Debit Card,6.0,2,148.51,Hibernating,2,2,2,Standard Loyalty Nurture
54743,30.19,Low,0.0,3,No,Mobile Phone,Debit Card,6.0,6,178.72,At Risk,2,5,3,Standard Loyalty Nurture
52685,30.17,Low,4.0,3,No,Mobile Phone,Credit Card,3.0,2,136.66,Potential Loyalist,3,2,2,Standard Loyalty Nurture
52998,30.17,Low,4.0,3,No,Laptop & Accessory,Credit Card,4.0,1,195.92,Potential Loyalist,3,1,4,Standard Loyalty Nurture
50270,30.16,Low,3.0,5,No,Mobile Phone,Credit Card,6.0,2,209.01,Need Attention,2,2,4,Standard Loyalty Nurture
54279,30.15,Low,1.0,3,No,Mobile Phone,COD,7.0,6,185.98,At Risk,2,5,3,Standard Loyalty Nurture
51922,30.14,Low,0.0,3,No,Mobile Phone,E wallet,11.0,7,167.33,At Risk,1,5,3,Standard Loyalty Nurture
52075,30.14,Low,21.0,5,Yes (Active Ticket),Laptop & Accessory,Debit Card,9.0,2,40.15,Hibernating,1,2,1,Standard Loyalty Nurture
51110,30.13,Low,2.0,3,No,Laptop & Accessory,E wallet,3.0,3,173.06,Loyal Customers,3,3,3,Standard Loyalty Nurture
51411,30.13,Low,2.0,2,No,Laptop & Accessory,Credit Card,4.0,4,206.83,Loyal Customers,3,4,4,Standard Loyalty Nurture
50791,30.12,Low,2.0,2,No,Laptop & Accessory,Debit Card,1.0,6,171.64,Loyal Customers,5,5,3,Standard Loyalty Nurture
51998,30.12,Low,1.0,2,No,Laptop & Accessory,E wallet,2.0,1,246.34,Potential Loyalist,4,1,5,Standard Loyalty Nurture
52667,30.12,Low,1.0,3,No,Laptop & Accessory,Debit Card,6.0,2,190.45,Need Attention,2,2,4,Standard Loyalty Nurture
54978,30.1,Low,2.0,4,No,Grocery,Credit Card,8.0,2,250.42,Need Attention,1,2,5,Standard Loyalty Nurture
55075,30.09,Low,36.0,1,No,Fashion,Debit Card,1.0,1,156.56,Potential Loyalist,4,1,2,Standard Loyalty Nurture
52653,30.08,Low,5.0,3,No,Laptop & Accessory,Credit Card,2.0,5,99.18,Loyal Customers,4,5,1,Standard Loyalty Nurture
53126,30.08,Low,9.0,5,Yes (Active Ticket),Mobile Phone,Credit Card,1.0,3,202.62,Loyal Customers,5,3,4,Standard Loyalty Nurture
53523,30.08,Low,3.0,5,Yes (Active Ticket),Laptop & Accessory,Credit Card,3.0,1,195.94,Potential Loyalist,3,1,4,Standard Loyalty Nurture
53643,30.08,Low,6.0,3,No,Laptop & Accessory,Debit Card,2.0,2,138.1,Potential Loyalist,4,2,2,Standard Loyalty Nurture
53800,30.08,Low,8.0,2,Yes (Active Ticket),Laptop & Accessory,Debit Card,3.0,4,248.47,Loyal Customers,3,4,5,Standard Loyalty Nurture
55658,30.08,Low,0.0,1,No,Laptop & Accessory,Debit Card,2.0,2,211.52,Loyal Customers,4,3,4,Standard Loyalty Nurture
51081,30.07,Low,15.0,1,Yes (Active Ticket),Mobile Phone,Credit Card,0.0,4,236.49,Champions,5,4,5,Standard Loyalty Nurture
51742,30.07,Low,13.0,1,No,Mobile Phone,Credit Card,17.0,4,204.76,At Risk,1,4,4,Standard Loyalty Nurture
51887,30.07,Low,0.0,3,No,Fashion,Debit Card,6.0,2,204.46,Need Attention,2,2,4,Standard Loyalty Nurture
55240,30.06,Low,5.0,4,No,Laptop & Accessory,Debit Card,2.0,2,129.04,Potential Loyalist,4,2,1,Standard Loyalty Nurture
52650,30.04,Low,6.0,3,No,Laptop & Accessory,Credit Card,2.0,6,193.38,Champions,4,5,4,Standard Loyalty Nurture
53938,30.04,Low,2.0,2,No,Grocery,Debit Card,8.0,1,217.38,Promising,1,1,5,Standard Loyalty Nurture
54708,30.04,Low,2.0,5,No,Mobile Phone,E wallet,3.0,8,94.74,Loyal Customers,3,5,1,Standard Loyalty Nurture
54930,30.04,Low,25.0,1,Yes (Active Ticket),Mobile Phone,Credit Card,0.0,6,228.51,Champions,5,5,5,Standard Loyalty Nurture
55625,30.04,Low,0.0,1,No,Fashion,UPI,0.0,3,172.4,Loyal Customers,5,4,3,Standard Loyalty Nurture
54741,30.02,Low,13.0,4,Yes (Active Ticket),Laptop & Accessory,Debit Card,1.0,2,155.42,Potential Loyalist,4,2,2,Standard Loyalty Nurture
55508,30.0,Low,4.0,5,No,Fashion,Debit Card,1.0,2,107.14,Loyal Customers,4,3,1,Standard Loyalty Nurture
53934,29.98,Low,3.0,2,No,Laptop & Accessory,Debit Card,0.0,4,92.46,Loyal Customers,5,4,1,Standard Loyalty Nurture
55630,29.97,Low,1.0,5,No,Fashion,Debit Card,6.0,1,186.62,Promising,2,1,3,Standard Loyalty Nurture
54555,29.96,Low,6.0,4,Yes (Active Ticket),Mobile Phone,UPI,1.0,5,130.57,Loyal Customers,4,5,1,Standard Loyalty Nurture
50850,29.95,Low,9.0,1,No,Laptop & Accessory,E wallet,3.0,3,125.95,Loyal Customers,3,3,1,Standard Loyalty Nurture
53400,29.95,Low,9.0,5,Yes (Active Ticket),Fashion,E wallet,2.0,1,160.91,Potential Loyalist,4,1,2,Standard Loyalty Nurture
54285,29.95,Low,8.0,3,No,Laptop & Accessory,E wallet,2.0,3,115.64,Loyal Customers,4,3,1,Standard Loyalty Nurture
51436,29.93,Low,0.0,3,No,Fashion,Debit Card,3.0,3,136.26,Loyal Customers,3,3,2,Standard Loyalty Nurture
53259,29.93,Low,5.0,1,No,Others,Credit Card,0.0,4,139.15,Loyal Customers,5,4,2,Standard Loyalty Nurture
55099,29.93,Low,5.0,5,No,Laptop & Accessory,Credit Card,8.0,4,68.91,At Risk,1,4,1,Standard Loyalty Nurture
51871,29.9,Low,17.0,1,Yes (Active Ticket),Fashion,Debit Card,2.0,3,120.15,Loyal Customers,4,3,1,Standard Loyalty Nurture
50433,29.89,Low,10.0,2,No,Fashion,UPI,0.0,1,85.33,Potential Loyalist,5,1,1,Standard Loyalty Nurture
50793,29.89,Low,7.0,5,No,Others,E wallet,3.0,2,107.1,Potential Loyalist,3,2,1,Standard Loyalty Nurture
54894,29.88,Low,3.0,3,No,Laptop & Accessory,Debit Card,5.0,4,212.97,At Risk,2,4,4,Standard Loyalty Nurture
51798,29.87,Low,1.0,4,No,Mobile Phone,Debit Card,5.0,2,147.05,Hibernating,2,2,2,Standard Loyalty Nurture
53530,29.87,Low,6.0,3,No,Laptop & Accessory,Credit Card,2.0,3,140.85,Loyal Customers,4,3,2,Standard Loyalty Nurture
52303,29.86,Low,7.0,5,Yes (Active Ticket),Laptop & Accessory,Debit Card,6.0,3,68.61,At Risk,2,3,1,Standard Loyalty Nurture
50024,29.85,Low,5.0,1,No,Mobile Phone,Debit Card,6.0,2,183.74,Promising,2,1,3,Standard Loyalty Nurture
51873,29.84,Low,7.0,3,No,Laptop & Accessory,Debit Card,3.0,5,175.01,Loyal Customers,3,5,3,Standard Loyalty Nurture
51260,29.82,Low,9.0,3,No,Laptop & Accessory,Credit Card,9.0,7,176.24,At Risk,1,5,3,Standard Loyalty Nurture
54619,29.82,Low,4.0,5,No,Laptop & Accessory,UPI,24.0,2,231.38,Need Attention,1,2,5,Standard Loyalty Nurture
55329,29.82,Low,6.0,2,No,Laptop & Accessory,Debit Card,1.0,1,169.02,Potential Loyalist,4,1,3,Standard Loyalty Nurture
50956,29.8,Low,5.0,3,No,Fashion,Credit Card,5.0,1,193.56,Promising,2,1,4,Standard Loyalty Nurture
55151,29.8,Low,4.0,4,Yes (Active Ticket),Grocery,COD,3.0,1,304.87,Potential Loyalist,3,1,5,Standard Loyalty Nurture
54605,29.79,Low,14.0,3,Yes (Active Ticket),Laptop & Accessory,Credit Card,0.0,2,80.41,Potential Loyalist,5,2,1,Standard Loyalty Nurture
51796,29.78,Low,1.0,4,No,Laptop & Accessory,Debit Card,11.0,6,151.79,At Risk,1,5,2,Standard Loyalty Nurture
54334,29.78,Low,10.0,4,No,Grocery,E wallet,2.0,5,83.72,Loyal Customers,4,5,1,Standard Loyalty Nurture
51464,29.76,Low,11.0,5,Yes (Active Ticket),Mobile Phone,E wallet,1.0,1,88.97,Potential Loyalist,5,1,1,Standard Loyalty Nurture
52311,29.74,Low,7.0,3,No,Laptop & Accessory,Credit Card,4.0,4,183.27,Loyal Customers,3,4,3,Standard Loyalty Nurture
50930,29.72,Low,3.0,2,No,Mobile Phone,Debit Card,8.0,1,204.25,Promising,2,1,4,Standard Loyalty Nurture
51124,29.71,Low,17.0,3,Yes (Active Ticket),Laptop & Accessory,UPI,1.0,3,198.71,Loyal Customers,5,3,4,Standard Loyalty Nurture
51619,29.7,Low,8.0,5,No,Mobile Phone,Debit Card,5.0,3,182.76,At Risk,2,3,3,Standard Loyalty Nurture
54667,29.7,Low,1.0,5,No,Mobile Phone,Debit Card,1.0,6,145.51,Loyal Customers,4,5,2,Standard Loyalty Nurture
53019,29.69,Low,1.0,2,No,Laptop & Accessory,Credit Card,0.0,5,131.33,Loyal Customers,5,5,1,Standard Loyalty Nurture
50813,29.68,Low,1.0,5,No,Mobile Phone,Credit Card,8.0,1,154.19,Hibernating,2,1,2,Standard Loyalty Nurture
54752,29.67,Low,6.0,3,No,Laptop & Accessory,Debit Card,1.0,3,142.27,Loyal Customers,4,4,2,Standard Loyalty Nurture
51974,29.66,Low,7.0,2,No,Laptop & Accessory,Debit Card,0.0,1,123.39,Potential Loyalist,5,1,1,Standard Loyalty Nurture
55426,29.65,Low,9.0,3,No,Mobile Phone,E wallet,10.0,3,188.09,At Risk,1,4,3,Standard Loyalty Nurture
50879,29.63,Low,0.0,3,No,Fashion,Debit Card,4.0,2,212.01,Potential Loyalist,3,2,4,Standard Loyalty Nurture
55389,29.63,Low,8.0,1,No,Laptop & Accessory,Debit Card,2.0,3,130.26,Loyal Customers,4,4,1,Standard Loyalty Nurture
54509,29.62,Low,9.0,5,Yes (Active Ticket),Others,E wallet,0.0,1,113.88,Potential Loyalist,5,1,1,Standard Loyalty Nurture
54992,29.62,Low,9.0,3,Yes (Active Ticket),Mobile Phone,COD,1.0,1,218.08,Potential Loyalist,4,1,5,Standard Loyalty Nurture
55384,29.62,Low,0.0,2,No,Laptop & Accessory,Credit Card,2.0,3,231.36,Champions,4,4,5,Standard Loyalty Nurture
50859,29.61,Low,8.0,3,No,Laptop & Accessory,Debit Card,7.0,4,215.8,At Risk,2,4,4,Standard Loyalty Nurture
51233,29.61,Low,2.0,2,No,Laptop & Accessory,Debit Card,2.0,3,195.22,Loyal Customers,4,3,4,Standard Loyalty Nurture
54722,29.61,Low,1.0,2,No,Fashion,UPI,0.0,4,205.67,Champions,5,4,4,Standard Loyalty Nurture
53668,29.6,Low,2.0,4,No,Others,Debit Card,2.0,4,173.37,Loyal Customers,4,4,3,Standard Loyalty Nurture
55487,29.58,Low,3.0,2,No,Laptop & Accessory,Debit Card,0.0,1,156.68,Potential Loyalist,5,1,2,Standard Loyalty Nurture
51319,29.56,Low,1.0,5,No,Fashion,Debit Card,2.0,3,149.58,Loyal Customers,4,3,2,Standard Loyalty Nurture
55443,29.56,Low,1.0,3,No,Fashion,Credit Card,3.0,3,148.58,Loyal Customers,3,4,2,Standard Loyalty Nurture
52238,29.55,Low,2.0,5,No,Laptop & Accessory,Credit Card,11.0,4,195.31,At Risk,1,4,4,Standard Loyalty Nurture
53054,29.54,Low,3.0,5,No,Fashion,UPI,4.0,5,192.68,Loyal Customers,3,5,4,Standard Loyalty Nurture
52497,29.53,Low,9.0,4,No,Mobile Phone,Debit Card,20.0,5,132.35,At Risk,1,5,1,Standard Loyalty Nurture
54050,29.52,Low,2.0,3,No,Laptop & Accessory,E wallet,6.0,2,212.21,Need Attention,2,2,4,Standard Loyalty Nurture
50189,29.51,Low,8.0,1,No,Mobile Phone,COD,4.0,2,195.97,Potential Loyalist,3,2,4,Standard Loyalty Nurture
54553,29.51,Low,2.0,2,No,Laptop & Accessory,Debit Card,2.0,2,171.57,Potential Loyalist,4,2,3,Standard Loyalty Nurture
53748,29.46,Low,5.0,2,No,Fashion,UPI,1.0,3,157.06,Loyal Customers,4,3,2,Standard Loyalty Nurture
55305,29.45,Low,6.0,2,No,Grocery,Credit Card,6.0,6,118.07,At Risk,2,5,1,Standard Loyalty Nurture
52130,29.44,Low,6.0,3,No,Laptop & Accessory,Credit Card,2.0,1,158.68,Potential Loyalist,4,1,2,Standard Loyalty Nurture
52041,29.42,Low,19.0,3,Yes (Active Ticket),Mobile Phone,UPI,1.0,9,112.66,Loyal Customers,5,5,1,Standard Loyalty Nurture
53512,29.41,Low,1.0,4,No,Mobile Phone,COD,1.0,5,158.21,Loyal Customers,4,5,2,Standard Loyalty Nurture
51999,29.39,Low,1.0,4,No,Laptop & Accessory,Debit Card,0.0,3,115.15,Loyal Customers,5,3,1,Standard Loyalty Nurture
51195,29.36,Low,0.0,5,No,Laptop & Accessory,UPI,1.0,7,169.75,Loyal Customers,5,5,3,Standard Loyalty Nurture
53832,29.36,Low,17.0,3,Yes (Active Ticket),Laptop & Accessory,Credit Card,3.0,2,274.55,Potential Loyalist,3,2,5,Standard Loyalty Nurture
50629,29.35,Low,0.0,4,No,Fashion,Debit Card,1.0,4,145.23,Loyal Customers,5,4,2,Standard Loyalty Nurture
53001,29.34,Low,11.0,1,No,Others,E wallet,7.0,4,146.12,At Risk,2,4,2,Standard Loyalty Nurture
51722,29.33,Low,1.0,2,No,Mobile Phone,Debit Card,2.0,4,96.42,Loyal Customers,4,4,1,Standard Loyalty Nurture
55375,29.32,Low,7.0,1,No,Fashion,Debit Card,9.0,4,186.77,At Risk,1,4,3,Standard Loyalty Nurture
52457,29.28,Low,6.0,2,No,Laptop & Accessory,Credit Card,7.0,3,299.71,At Risk,2,3,5,Standard Loyalty Nurture
53072,29.28,Low,9.0,4,No,Mobile Phone,UPI,13.0,7,134.12,At Risk,1,5,1,Standard Loyalty Nurture
51650,29.27,Low,12.0,3,Yes (Active Ticket),Grocery,Credit Card,6.0,6,163.43,At Risk,2,5,2,Standard Loyalty Nurture
50182,29.26,Low,1.0,4,No,Laptop & Accessory,COD,1.0,1,112.24,Potential Loyalist,5,1,1,Standard Loyalty Nurture
52116,29.26,Low,2.0,5,No,Laptop & Accessory,Debit Card,4.0,5,95.23,Loyal Customers,3,5,1,Standard Loyalty Nurture
54998,29.26,Low,4.0,3,No,Fashion,Debit Card,3.0,5,169.87,Loyal Customers,3,5,3,Standard Loyalty Nurture
50501,29.25,Low,12.0,1,Yes (Active Ticket),Mobile Phone,Debit Card,2.0,3,165.77,Loyal Customers,4,3,3,Standard Loyalty Nurture
50892,29.25,Low,19.0,3,Yes (Active Ticket),Grocery,UPI,5.0,2,225.19,Need Attention,2,2,5,Standard Loyalty Nurture
53758,29.25,Low,4.0,3,No,Mobile Phone,Debit Card,6.0,3,201.21,At Risk,2,3,4,Standard Loyalty Nurture
52796,29.23,Low,9.0,2,No,Mobile Phone,COD,3.0,4,108.08,Loyal Customers,3,4,1,Standard Loyalty Nurture
50156,29.22,Low,3.0,2,No,Others,Debit Card,4.0,3,193.82,Loyal Customers,3,3,4,Standard Loyalty Nurture
50341,29.22,Low,7.0,4,Yes (Active Ticket),Fashion,E wallet,1.0,3,232.42,Loyal Customers,5,3,5,Standard Loyalty Nurture
50714,29.22,Low,5.0,3,No,Fashion,Debit Card,1.0,5,194.05,Champions,5,5,4,Standard Loyalty Nurture
53121,29.22,Low,3.0,5,No,Fashion,Credit Card,3.0,2,192.01,Potential Loyalist,3,2,4,Standard Loyalty Nurture
53287,29.21,Low,5.0,5,No,Fashion,Debit Card,2.0,4,116.47,Loyal Customers,4,4,1,Standard Loyalty Nurture
50207,29.2,Low,1.0,4,Yes (Active Ticket),Mobile Phone,COD,0.0,1,184.67,Potential Loyalist,5,1,3,Standard Loyalty Nurture
53142,29.2,Low,25.0,5,Yes (Active Ticket),Laptop & Accessory,E wallet,8.0,3,130.76,At Risk,1,3,1,Standard Loyalty Nurture
53348,29.2,Low,2.0,2,No,Laptop & Accessory,Credit Card,4.0,1,304.45,Potential Loyalist,3,1,5,Standard Loyalty Nurture
52651,29.19,Low,2.0,4,No,Mobile Phone,Credit Card,1.0,5,97.3,Loyal Customers,5,5,1,Standard Loyalty Nurture
53912,29.19,Low,3.0,3,No,Mobile Phone,COD,3.0,4,254.13,Loyal Customers,3,4,5,Standard Loyalty Nurture
50765,29.18,Low,0.0,4,No,Laptop & Accessory,E wallet,2.0,2,178.42,Potential Loyalist,4,2,3,Standard Loyalty Nurture
53460,29.18,Low,10.0,3,No,Mobile Phone,E wallet,3.0,8,104.96,Loyal Customers,3,5,1,Standard Loyalty Nurture
54203,29.18,Low,1.0,2,No,Laptop & Accessory,UPI,1.0,5,134.64,Loyal Customers,4,5,1,Standard Loyalty Nurture
54256,29.17,Low,11.0,2,Yes (Active Ticket),Fashion,E wallet,4.0,1,245.29,Potential Loyalist,3,1,5,Standard Loyalty Nurture
52266,29.16,Low,10.0,1,No,Laptop & Accessory,Credit Card,3.0,2,225.99,Potential Loyalist,3,2,5,Standard Loyalty Nurture
50995,29.14,Low,4.0,3,No,Laptop & Accessory,E wallet,3.0,1,176.57,Potential Loyalist,3,1,3,Standard Loyalty Nurture
54464,29.14,Low,1.0,5,No,Mobile Phone,Debit Card,0.0,4,325.0,Champions,5,4,5,Standard Loyalty Nurture
53547,29.13,Low,1.0,2,No,Mobile Phone,Debit Card,0.0,3,156.59,Loyal Customers,5,3,2,Standard Loyalty Nurture
54578,29.13,Low,2.0,3,No,Others,UPI,4.0,4,206.34,Loyal Customers,3,4,4,Standard Loyalty Nurture
50097,29.12,Low,7.0,2,No,Mobile Phone,Debit Card,7.0,2,236.28,Promising,2,1,5,Standard Loyalty Nurture
50678,29.12,Low,5.0,5,Yes (Active Ticket),Laptop & Accessory,E wallet,3.0,4,138.73,Loyal Customers,3,4,2,Standard Loyalty Nurture
51673,29.11,Low,20.0,1,Yes (Active Ticket),Laptop & Accessory,Credit Card,3.0,6,210.0,Loyal Customers,3,5,4,Standard Loyalty Nurture
54102,29.11,Low,6.0,5,Yes (Active Ticket),Fashion,Credit Card,2.0,4,195.75,Champions,4,4,4,Standard Loyalty Nurture
52008,29.1,Low,15.0,4,Yes (Active Ticket),Others,E wallet,7.0,4,171.34,At Risk,2,4,3,Standard Loyalty Nurture
54412,29.1,Low,0.0,5,No,Fashion,Credit Card,4.0,5,182.17,Loyal Customers,3,5,3,Standard Loyalty Nurture
51472,29.09,Low,13.0,4,Yes (Active Ticket),Mobile Phone,E wallet,3.0,7,156.3,Loyal Customers,3,5,2,Standard Loyalty Nurture
50292,29.08,Low,0.0,3,No,Mobile Phone,Debit Card,4.0,1,191.28,Potential Loyalist,3,1,4,Standard Loyalty Nurture
54147,29.07,Low,1.0,5,No,Others,Debit Card,30.0,7,156.4,At Risk,1,5,2,Standard Loyalty Nurture
53812,29.05,Low,6.0,1,No,Laptop & Accessory,UPI,1.0,2,214.64,Potential Loyalist,4,2,4,Standard Loyalty Nurture
55478,29.03,Low,12.0,1,Yes (Active Ticket),Grocery,E wallet,4.0,2,184.47,Loyal Customers,3,3,3,Standard Loyalty Nurture
53632,29.02,Low,2.0,3,No,Mobile Phone,E wallet,10.0,7,161.75,At Risk,1,5,2,Standard Loyalty Nurture
53950,29.01,Low,3.0,2,No,Laptop & Accessory,E wallet,2.0,5,178.3,Loyal Customers,4,5,3,Standard Loyalty Nurture
52772,29.0,Low,3.0,2,No,Laptop & Accessory,Debit Card,12.0,1,297.82,Promising,1,1,5,Standard Loyalty Nurture
55053,29.0,Low,2.0,4,No,Laptop & Accessory,Debit Card,10.0,6,204.54,At Risk,1,5,4,Standard Loyalty Nurture
54458,28.95,Low,2.0,5,Yes (Active Ticket),Mobile Phone,Credit Card,0.0,4,197.94,Champions,5,4,4,Standard Loyalty Nurture
50734,28.93,Low,7.0,3,No,Mobile Phone,UPI,5.0,1,197.12,Promising,2,1,4,Standard Loyalty Nurture
54183,28.93,Low,11.0,3,Yes (Active Ticket),Laptop & Accessory,E wallet,2.0,3,212.53,Loyal Customers,4,3,4,Standard Loyalty Nurture
55323,28.93,Low,5.0,2,No,Laptop & Accessory,COD,1.0,3,151.42,Loyal Customers,4,4,2,Standard Loyalty Nurture
52909,28.92,Low,4.0,2,No,Fashion,Debit Card,2.0,3,182.1,Loyal Customers,4,3,3,Standard Loyalty Nurture
53822,28.92,Low,5.0,2,No,Laptop & Accessory,Credit Card,1.0,2,169.96,Potential Loyalist,4,2,3,Standard Loyalty Nurture
55501,28.92,Low,7.0,4,No,Grocery,E wallet,13.0,2,144.47,At Risk,1,3,2,Standard Loyalty Nurture
50664,28.91,Low,3.0,5,No,Mobile Phone,Credit Card,2.0,1,102.38,Potential Loyalist,4,1,1,Standard Loyalty Nurture
54319,28.91,Low,5.0,1,No,Laptop & Accessory,Debit Card,1.0,3,190.24,Loyal Customers,4,3,4,Standard Loyalty Nurture
54666,28.89,Low,12.0,3,No,Laptop & Accessory,Credit Card,8.0,4,165.61,At Risk,1,4,3,Standard Loyalty Nurture
51928,28.88,Low,7.0,3,No,Fashion,Debit Card,6.0,5,179.63,At Risk,2,5,3,Standard Loyalty Nurture
53187,28.87,Low,4.0,2,No,Fashion,Credit Card,5.0,1,199.03,Promising,2,1,4,Standard Loyalty Nurture
54015,28.85,Low,10.0,1,No,Grocery,E wallet,5.0,3,165.19,At Risk,2,3,3,Standard Loyalty Nurture
51416,28.84,Low,28.0,4,Yes (Active Ticket),Fashion,Credit Card,18.0,4,154.56,At Risk,1,4,2,Standard Loyalty Nurture
50147,28.82,Low,9.0,3,No,Fashion,Debit Card,7.0,4,91.15,At Risk,2,4,1,Standard Loyalty Nurture
53773,28.82,Low,4.0,1,No,Fashion,Debit Card,3.0,7,203.45,Loyal Customers,3,5,4,Standard Loyalty Nurture
53124,28.81,Low,6.0,3,No,Grocery,E wallet,21.0,1,219.65,Promising,1,1,5,Standard Loyalty Nurture
55566,28.81,Low,0.0,4,No,Fashion,Debit Card,6.0,6,149.91,At Risk,2,5,2,Standard Loyalty Nurture
54093,28.8,Low,7.0,1,No,Fashion,Debit Card,16.0,4,222.24,At Risk,1,4,5,Standard Loyalty Nurture
55480,28.8,Low,4.0,4,No,Fashion,Debit Card,3.0,4,166.54,Loyal Customers,3,4,3,Standard Loyalty Nurture
50822,28.79,Low,0.0,3,No,Mobile Phone,UPI,2.0,8,198.21,Champions,4,5,4,Standard Loyalty Nurture
51034,28.78,Low,1.0,5,No,Laptop & Accessory,Debit Card,6.0,2,189.48,Need Attention,2,2,4,Standard Loyalty Nurture
53640,28.78,Low,2.0,5,No,Mobile Phone,E wallet,19.0,3,160.44,At Risk,1,3,2,Standard Loyalty Nurture
53002,28.76,Low,16.0,3,Yes (Active Ticket),Mobile Phone,Debit Card,1.0,3,66.79,Loyal Customers,5,3,1,Standard Loyalty Nurture
54608,28.76,Low,2.0,2,No,Laptop & Accessory,UPI,6.0,3,182.82,At Risk,2,3,3,Standard Loyalty Nurture
52124,28.75,Low,5.0,4,No,Fashion,UPI,2.0,1,143.21,Potential Loyalist,4,1,2,Standard Loyalty Nurture
54311,28.73,Low,3.0,4,No,Fashion,Credit Card,5.0,1,192.02,Promising,2,1,4,Standard Loyalty Nurture
53586,28.71,Low,4.0,5,No,Others,UPI,11.0,1,184.66,Promising,1,1,3,Standard Loyalty Nurture
52722,28.7,Low,15.0,1,Yes (Active Ticket),Laptop & Accessory,Credit Card,2.0,3,191.71,Loyal Customers,4,3,4,Standard Loyalty Nurture
53106,28.7,Low,6.0,1,No,Fashion,Debit Card,3.0,2,133.77,Potential Loyalist,3,2,1,Standard Loyalty Nurture
53799,28.7,Low,2.0,4,No,Mobile Phone,Credit Card,20.0,5,220.15,At Risk,1,5,5,Standard Loyalty Nurture
53426,28.68,Low,10.0,3,Yes (Active Ticket),Laptop & Accessory,Credit Card,0.0,1,272.48,Potential Loyalist,5,1,5,Standard Loyalty Nurture
55165,28.68,Low,2.0,1,No,Fashion,Debit Card,0.0,2,256.08,Potential Loyalist,5,2,5,Standard Loyalty Nurture
50084,28.67,Low,1.0,2,No,Laptop & Accessory,Debit Card,9.0,2,209.39,Promising,1,1,4,Standard Loyalty Nurture
54582,28.67,Low,4.0,3,Yes (Active Ticket),Laptop & Accessory,E wallet,2.0,5,153.7,Loyal Customers,4,5,2,Standard Loyalty Nurture
54121,28.64,Low,3.0,1,No,Fashion,Debit Card,1.0,4,160.61,Loyal Customers,4,4,2,Standard Loyalty Nurture
55343,28.64,Low,1.0,4,Yes (Active Ticket),Mobile Phone,E wallet,1.0,6,158.71,Loyal Customers,4,5,2,Standard Loyalty Nurture
55437,28.61,Low,2.0,2,No,Mobile Phone,UPI,3.0,4,165.67,Loyal Customers,3,4,3,Standard Loyalty Nurture
50437,28.6,Low,1.0,5,No,Laptop & Accessory,Credit Card,2.0,8,170.64,Loyal Customers,4,5,3,Standard Loyalty Nurture
50907,28.6,Low,17.0,4,Yes (Active Ticket),Laptop & Accessory,Credit Card,7.0,1,188.81,Promising,2,1,4,Standard Loyalty Nurture
51627,28.6,Low,2.0,2,No,Laptop & Accessory,Debit Card,1.0,5,151.49,Loyal Customers,5,5,2,Standard Loyalty Nurture
52696,28.6,Low,7.0,5,No,Mobile Phone,Debit Card,6.0,4,153.49,At Risk,2,4,2,Standard Loyalty Nurture
51486,28.58,Low,5.0,5,No,Fashion,Debit Card,16.0,7,93.27,At Risk,1,5,1,Standard Loyalty Nurture
51762,28.57,Low,19.0,2,Yes (Active Ticket),Fashion,Credit Card,8.0,2,172.26,Need Attention,2,2,3,Standard Loyalty Nurture
52831,28.57,Low,7.0,3,No,Mobile Phone,Credit Card,1.0,3,141.61,Loyal Customers,5,3,2,Standard Loyalty Nurture
51771,28.56,Low,6.0,1,No,Fashion,UPI,1.0,1,128.28,Potential Loyalist,5,1,1,Standard Loyalty Nurture
50380,28.55,Low,3.0,4,No,Mobile Phone,UPI,4.0,7,160.87,Loyal Customers,3,5,2,Standard Loyalty Nurture
51406,28.54,Low,6.0,3,No,Mobile Phone,Debit Card,14.0,5,186.66,At Risk,1,5,3,Standard Loyalty Nurture
51556,28.54,Low,2.0,3,No,Mobile Phone,Debit Card,1.0,3,104.74,Loyal Customers,5,3,1,Standard Loyalty Nurture
52814,28.54,Low,2.0,4,No,Fashion,Debit Card,0.0,4,185.24,Loyal Customers,5,4,3,Standard Loyalty Nurture
53646,28.54,Low,2.0,2,No,Mobile Phone,Debit Card,2.0,1,187.87,Potential Loyalist,4,1,3,Standard Loyalty Nurture
54499,28.54,Low,3.0,3,No,Laptop & Accessory,Debit Card,4.0,2,241.55,Potential Loyalist,3,2,5,Standard Loyalty Nurture
54514,28.54,Low,10.0,3,Yes (Active Ticket),Mobile Phone,E wallet,1.0,1,205.11,Potential Loyalist,4,1,4,Standard Loyalty Nurture
50588,28.53,Low,1.0,3,No,Laptop & Accessory,Credit Card,1.0,2,225.22,Potential Loyalist,5,2,5,Standard Loyalty Nurture
51101,28.53,Low,1.0,4,No,Fashion,Credit Card,3.0,3,101.46,Loyal Customers,3,3,1,Standard Loyalty Nurture
51365,28.51,Low,13.0,2,No,Mobile Phone,E wallet,18.0,6,193.77,At Risk,1,5,4,Standard Loyalty Nurture
52671,28.51,Low,10.0,5,No,Grocery,Debit Card,3.0,4,130.2,Loyal Customers,3,4,1,Standard Loyalty Nurture
53291,28.51,Low,1.0,4,No,Laptop & Accessory,Credit Card,1.0,5,168.59,Loyal Customers,5,5,3,Standard Loyalty Nurture
53420,28.51,Low,0.0,3,No,Mobile Phone,UPI,0.0,1,161.55,Potential Loyalist,5,1,2,Standard Loyalty Nurture
54268,28.5,Low,1.0,3,No,Others,Credit Card,3.0,4,115.48,Loyal Customers,3,4,1,Standard Loyalty Nurture
50544,28.48,Low,11.0,3,No,Mobile Phone,Debit Card,11.0,2,204.38,Need Attention,1,2,4,Standard Loyalty Nurture
53166,28.48,Low,7.0,3,No,Laptop & Accessory,Credit Card,0.0,1,156.15,Potential Loyalist,5,1,2,Standard Loyalty Nurture
55008,28.48,Low,19.0,3,Yes (Active Ticket),Fashion,Debit Card,13.0,1,141.56,Hibernating,1,1,2,Standard Loyalty Nurture
54211,28.47,Low,1.0,5,No,Fashion,E wallet,10.0,3,256.49,At Risk,1,3,5,Standard Loyalty Nurture
53479,28.46,Low,7.0,3,No,Laptop & Accessory,UPI,5.0,5,179.51,At Risk,2,5,3,Standard Loyalty Nurture
50290,28.44,Low,9.0,1,No,Mobile Phone,Debit Card,10.0,1,213.98,Promising,1,1,4,Standard Loyalty Nurture
53549,28.44,Low,4.0,3,No,Laptop & Accessory,Credit Card,1.0,4,242.22,Champions,4,4,5,Standard Loyalty Nurture
53574,28.44,Low,46.0,2,Yes (Active Ticket),Laptop & Accessory,E wallet,6.0,2,226.59,Need Attention,2,2,5,Standard Loyalty Nurture
55349,28.43,Low,6.0,3,No,Mobile Phone,UPI,3.0,2,171.87,Potential Loyalist,3,2,3,Standard Loyalty Nurture
52256,28.42,Low,8.0,5,No,Mobile Phone,Credit Card,5.0,5,169.03,At Risk,2,5,3,Standard Loyalty Nurture
51204,28.4,Low,4.0,3,No,Laptop & Accessory,Credit Card,0.0,6,251.52,Champions,5,5,5,Standard Loyalty Nurture
51487,28.4,Low,5.0,3,No,Grocery,Debit Card,0.0,3,142.69,Loyal Customers,5,3,2,Standard Loyalty Nurture
53922,28.39,Low,5.0,1,No,Fashion,Credit Card,17.0,1,221.55,Promising,1,1,5,Standard Loyalty Nurture
55309,28.39,Low,22.0,3,Yes (Active Ticket),Mobile Phone,Credit Card,9.0,2,127.13,Hibernating,1,2,1,Standard Loyalty Nurture
52295,28.36,Low,0.0,2,No,Grocery,Debit Card,3.0,4,183.36,Loyal Customers,3,4,3,Standard Loyalty Nurture
52999,28.36,Low,3.0,3,No,Laptop & Accessory,Credit Card,4.0,1,179.96,Potential Loyalist,3,1,3,Standard Loyalty Nurture
54801,28.36,Low,1.0,1,No,Laptop & Accessory,UPI,0.0,1,252.56,Potential Loyalist,5,1,5,Standard Loyalty Nurture
55662,28.36,Low,1.0,3,No,Others,Credit Card,3.0,3,152.78,Loyal Customers,3,4,2,Standard Loyalty Nurture
52672,28.35,Low,5.0,3,No,Mobile Phone,E wallet,1.0,5,124.7,Loyal Customers,5,5,1,Standard Loyalty Nurture
50526,28.34,Low,6.0,1,No,Fashion,Credit Card,4.0,4,198.02,Loyal Customers,3,4,4,Standard Loyalty Nurture
53098,28.34,Low,1.0,2,No,Mobile Phone,E wallet,3.0,1,222.26,Potential Loyalist,3,1,5,Standard Loyalty Nurture
53571,28.34,Low,4.0,4,No,Laptop & Accessory,Credit Card,7.0,6,136.82,At Risk,2,5,2,Standard Loyalty Nurture
54132,28.33,Low,2.0,1,No,Fashion,Credit Card,3.0,5,252.38,Loyal Customers,3,5,5,Standard Loyalty Nurture
53079,28.32,Low,2.0,1,Yes (Active Ticket),Laptop & Accessory,UPI,0.0,3,255.34,Loyal Customers,5,3,5,Standard Loyalty Nurture
51894,28.31,Low,2.0,4,No,Fashion,Credit Card,9.0,3,223.25,At Risk,1,3,5,Standard Loyalty Nurture
50009,28.3,Low,9.0,3,No,Mobile Phone,Debit Card,6.0,3,161.24,At Risk,2,3,2,Standard Loyalty Nurture
50882,28.3,Low,11.0,4,Yes (Active Ticket),Laptop & Accessory,Debit Card,3.0,3,290.36,Loyal Customers,3,3,5,Standard Loyalty Nurture
53328,28.3,Low,7.0,3,No,Mobile Phone,Debit Card,6.0,3,176.93,At Risk,2,3,3,Standard Loyalty Nurture
51813,28.27,Low,3.0,5,No,Mobile Phone,Debit Card,4.0,1,166.18,Potential Loyalist,3,1,3,Standard Loyalty Nurture
54719,28.27,Low,6.0,5,No,Laptop & Accessory,Debit Card,6.0,6,139.2,At Risk,2,5,2,Standard Loyalty Nurture
51497,28.26,Low,10.0,3,Yes (Active Ticket),Laptop & Accessory,E wallet,1.0,5,202.38,Champions,5,5,4,Standard Loyalty Nurture
52749,28.26,Low,17.0,4,Yes (Active Ticket),Laptop & Accessory,COD,2.0,2,251.98,Potential Loyalist,4,2,5,Standard Loyalty Nurture
53583,28.25,Low,4.0,2,No,Laptop & Accessory,UPI,4.0,2,204.69,Potential Loyalist,3,2,4,Standard Loyalty Nurture
50929,28.22,Low,10.0,4,Yes (Active Ticket),Laptop & Accessory,Credit Card,2.0,1,240.67,Potential Loyalist,4,1,5,Standard Loyalty Nurture
53044,28.22,Low,5.0,3,No,Fashion,Credit Card,1.0,3,182.98,Loyal Customers,5,3,3,Standard Loyalty Nurture
51090,28.21,Low,3.0,1,No,Mobile Phone,UPI,2.0,4,217.16,Champions,4,4,4,Standard Loyalty Nurture
52354,28.21,Low,21.0,4,Yes (Active Ticket),Laptop & Accessory,E wallet,14.0,1,234.61,Promising,1,1,5,Standard Loyalty Nurture
50562,28.2,Low,2.0,4,No,Mobile Phone,E wallet,10.0,2,141.11,Hibernating,1,2,2,Standard Loyalty Nurture
51086,28.2,Low,6.0,3,No,Fashion,UPI,1.0,4,221.93,Champions,5,4,5,Standard Loyalty Nurture
51601,28.19,Low,2.0,4,No,Mobile Phone,UPI,8.0,1,197.06,Promising,2,1,4,Standard Loyalty Nurture
55577,28.19,Low,11.0,4,Yes (Active Ticket),Laptop & Accessory,UPI,5.0,1,93.36,Hibernating,2,1,1,Standard Loyalty Nurture
55101,28.17,Low,6.0,4,No,Laptop & Accessory,Credit Card,0.0,5,193.38,Champions,5,5,4,Standard Loyalty Nurture
51544,28.15,Low,3.0,3,No,Laptop & Accessory,Debit Card,3.0,4,288.7,Loyal Customers,3,4,5,Standard Loyalty Nurture
52866,28.15,Low,9.0,3,No,Laptop & Accessory,Credit Card,4.0,2,195.15,Potential Loyalist,3,2,4,Standard Loyalty Nurture
55603,28.14,Low,1.0,3,No,Laptop & Accessory,Debit Card,7.0,8,119.07,At Risk,2,5,1,Standard Loyalty Nurture
54181,28.13,Low,5.0,3,Yes (Active Ticket),Mobile Phone,E wallet,2.0,1,257.58,Potential Loyalist,4,1,5,Standard Loyalty Nurture
52962,28.07,Low,4.0,3,No,Grocery,E wallet,5.0,3,243.62,At Risk,2,3,5,Standard Loyalty Nurture
53996,28.07,Low,6.0,4,No,Others,Credit Card,9.0,1,203.91,Promising,1,1,4,Standard Loyalty Nurture
54629,28.07,Low,10.0,4,No,Mobile Phone,Credit Card,8.0,1,144.97,Hibernating,1,1,2,Standard Loyalty Nurture
52524,28.06,Low,4.0,3,No,Laptop & Accessory,E wallet,0.0,4,201.75,Champions,5,4,4,Standard Loyalty Nurture
53032,28.06,Low,5.0,4,No,Mobile Phone,Credit Card,23.0,6,148.6,At Risk,1,5,2,Standard Loyalty Nurture
51286,28.05,Low,7.0,4,No,Laptop & Accessory,Debit Card,6.0,5,183.03,At Risk,2,5,3,Standard Loyalty Nurture
50950,28.04,Low,9.0,4,No,Laptop & Accessory,Debit Card,3.0,5,121.3,Loyal Customers,3,5,1,Standard Loyalty Nurture
50816,28.02,Low,7.0,2,No,Laptop & Accessory,Credit Card,11.0,6,194.13,At Risk,1,5,4,Standard Loyalty Nurture
51438,28.02,Low,12.0,3,Yes (Active Ticket),Fashion,Debit Card,5.0,4,258.67,At Risk,2,4,5,Standard Loyalty Nurture
54154,28.01,Low,4.0,5,No,Grocery,Debit Card,7.0,7,208.37,At Risk,2,5,4,Standard Loyalty Nurture
50725,28.0,Low,9.0,3,No,Grocery,Credit Card,5.0,5,129.15,At Risk,2,5,1,Standard Loyalty Nurture
54207,28.0,Low,9.0,5,No,Fashion,E wallet,11.0,3,111.89,At Risk,1,3,1,Standard Loyalty Nurture
54332,28.0,Low,1.0,3,No,Laptop & Accessory,Debit Card,2.0,5,176.23,Loyal Customers,4,5,3,Standard Loyalty Nurture
55100,28.0,Low,0.0,3,No,Laptop & Accessory,Credit Card,5.0,1,188.3,Promising,2,1,4,Standard Loyalty Nurture
53695,27.99,Low,4.0,3,No,Laptop & Accessory,Credit Card,2.0,3,205.76,Loyal Customers,4,3,4,Standard Loyalty Nurture
50283,27.97,Low,5.0,3,No,Grocery,E wallet,10.0,3,216.67,At Risk,1,3,4,Standard Loyalty Nurture
52096,27.94,Low,16.0,4,Yes (Active Ticket),Laptop & Accessory,Debit Card,4.0,1,222.26,Potential Loyalist,3,1,5,Standard Loyalty Nurture
52688,27.93,Low,5.0,2,No,Laptop & Accessory,Debit Card,5.0,3,207.28,At Risk,2,3,4,Standard Loyalty Nurture
50611,27.92,Low,0.0,5,No,Laptop & Accessory,E wallet,4.0,5,159.27,Loyal Customers,3,5,2,Standard Loyalty Nurture
52565,27.92,Low,5.0,4,No,Laptop & Accessory,Credit Card,30.0,1,181.49,Promising,1,1,3,Standard Loyalty Nurture
52794,27.92,Low,3.0,5,No,Laptop & Accessory,Debit Card,3.0,2,76.74,Potential Loyalist,3,2,1,Standard Loyalty Nurture
53435,27.92,Low,12.0,3,Yes (Active Ticket),Fashion,E wallet,0.0,3,185.4,Loyal Customers,5,3,3,Standard Loyalty Nurture
54473,27.91,Low,2.0,4,No,Fashion,Credit Card,2.0,2,148.02,Potential Loyalist,4,2,2,Standard Loyalty Nurture
51321,27.88,Low,3.0,4,No,Laptop & Accessory,Credit Card,4.0,2,189.3,Potential Loyalist,3,2,4,Standard Loyalty Nurture
51666,27.88,Low,19.0,3,Yes (Active Ticket),Fashion,COD,2.0,6,213.44,Champions,4,5,4,Standard Loyalty Nurture
50106,27.87,Low,3.0,5,No,Grocery,Debit Card,22.0,3,159.47,At Risk,1,3,2,Standard Loyalty Nurture
53210,27.87,Low,9.0,4,No,Laptop & Accessory,Debit Card,6.0,2,157.9,Hibernating,2,2,2,Standard Loyalty Nurture
55588,27.87,Low,6.0,5,No,Mobile Phone,E wallet,22.0,2,146.85,At Risk,1,3,2,Standard Loyalty Nurture
52846,27.86,Low,4.0,4,No,Fashion,Debit Card,9.0,2,202.7,Need Attention,1,2,4,Standard Loyalty Nurture
52954,27.86,Low,6.0,3,No,Laptop & Accessory,UPI,1.0,5,103.53,Loyal Customers,5,5,1,Standard Loyalty Nurture
53546,27.86,Low,2.0,3,No,Laptop & Accessory,Debit Card,5.0,3,203.41,At Risk,2,3,4,Standard Loyalty Nurture
51360,27.85,Low,9.0,3,No,Laptop & Accessory,Debit Card,1.0,1,167.45,Potential Loyalist,5,1,3,Standard Loyalty Nurture
52537,27.85,Low,13.0,2,Yes (Active Ticket),Mobile Phone,Credit Card,4.0,3,242.25,Loyal Customers,3,3,5,Standard Loyalty Nurture
53306,27.85,Low,4.0,2,No,Fashion,E wallet,1.0,5,209.72,Champions,5,5,4,Standard Loyalty Nurture
55450,27.85,Low,1.0,3,No,Fashion,Debit Card,1.0,2,238.19,Loyal Customers,4,3,5,Standard Loyalty Nurture
53676,27.84,Low,3.0,3,No,Mobile Phone,Debit Card,3.0,6,141.6,Loyal Customers,3,5,2,Standard Loyalty Nurture
52592,27.83,Low,16.0,4,Yes (Active Ticket),Grocery,COD,8.0,4,145.92,At Risk,2,4,2,Standard Loyalty Nurture
50336,27.79,Low,0.0,5,No,Fashion,Debit Card,27.0,5,262.33,At Risk,1,5,5,Standard Loyalty Nurture
51285,27.78,Low,4.0,4,Yes (Active Ticket),Laptop & Accessory,Credit Card,0.0,1,268.15,Potential Loyalist,5,1,5,Standard Loyalty Nurture
52824,27.78,Low,3.0,2,No,Fashion,Credit Card,4.0,1,325.0,Potential Loyalist,3,1,5,Standard Loyalty Nurture
54338,27.78,Low,23.0,3,No,Mobile Phone,Debit Card,2.0,1,140.82,Potential Loyalist,4,1,2,Standard Loyalty Nurture
50275,27.77,Low,7.0,3,No,Laptop & Accessory,UPI,2.0,5,254.45,Champions,4,5,5,Standard Loyalty Nurture
52706,27.77,Low,16.0,1,Yes (Active Ticket),Laptop & Accessory,Credit Card,10.0,5,203.9,At Risk,1,5,4,Standard Loyalty Nurture
53497,27.77,Low,20.0,2,Yes (Active Ticket),Laptop & Accessory,COD,2.0,4,227.81,Champions,4,4,5,Standard Loyalty Nurture
55216,27.77,Low,9.0,2,No,Mobile Phone,COD,10.0,4,209.68,At Risk,1,4,4,Standard Loyalty Nurture
51968,27.75,Low,4.0,4,No,Laptop & Accessory,Debit Card,6.0,1,165.39,Promising,2,1,3,Standard Loyalty Nurture
53735,27.74,Low,3.0,4,No,Laptop & Accessory,Debit Card,5.0,8,219.7,At Risk,2,5,5,Standard Loyalty Nurture
50210,27.72,Low,2.0,1,No,Fashion,Credit Card,4.0,5,176.45,Loyal Customers,3,5,3,Standard Loyalty Nurture
54198,27.72,Low,3.0,4,No,Fashion,Credit Card,5.0,2,171.81,Need Attention,2,2,3,Standard Loyalty Nurture
55348,27.71,Low,3.0,2,No,Mobile Phone,E wallet,9.0,1,184.4,Promising,1,1,3,Standard Loyalty Nurture
54361,27.7,Low,1.0,3,No,Mobile Phone,Debit Card,1.0,2,269.69,Potential Loyalist,4,2,5,Standard Loyalty Nurture
54390,27.7,Low,0.0,4,No,Others,Debit Card,5.0,3,220.68,At Risk,2,3,5,Standard Loyalty Nurture
53066,27.68,Low,3.0,5,No,Mobile Phone,Debit Card,18.0,2,196.53,Need Attention,1,2,4,Standard Loyalty Nurture
52864,27.67,Low,9.0,5,No,Laptop & Accessory,Credit Card,7.0,3,186.4,At Risk,2,3,3,Standard Loyalty Nurture
54205,27.67,Low,1.0,4,No,Others,UPI,6.0,1,239.53,Promising,2,1,5,Standard Loyalty Nurture
50093,27.66,Low,14.0,3,Yes (Active Ticket),Laptop & Accessory,Debit Card,3.0,4,210.0,Loyal Customers,3,4,4,Standard Loyalty Nurture
53638,27.66,Low,0.0,3,No,Fashion,UPI,3.0,6,182.38,Loyal Customers,3,5,3,Standard Loyalty Nurture
54658,27.66,Low,8.0,3,Yes (Active Ticket),Mobile Phone,Credit Card,2.0,1,242.79,Potential Loyalist,4,1,5,Standard Loyalty Nurture
54704,27.65,Low,9.0,5,No,Mobile Phone,Credit Card,28.0,2,257.98,Need Attention,1,2,5,Standard Loyalty Nurture
54834,27.65,Low,2.0,4,No,Grocery,Debit Card,5.0,1,162.11,Hibernating,2,1,2,Standard Loyalty Nurture
50399,27.64,Low,14.0,5,Yes (Active Ticket),Laptop & Accessory,Credit Card,0.0,5,92.97,Loyal Customers,5,5,1,Standard Loyalty Nurture
50733,27.64,Low,11.0,2,No,Mobile Phone,Debit Card,9.0,3,122.65,At Risk,1,3,1,Standard Loyalty Nurture
52306,27.64,Low,5.0,3,No,Mobile Phone,Debit Card,8.0,1,241.84,Promising,2,1,5,Standard Loyalty Nurture
55187,27.64,Low,11.0,3,No,Laptop & Accessory,Credit Card,0.0,1,74.92,Potential Loyalist,5,1,1,Standard Loyalty Nurture
51047,27.63,Low,3.0,5,No,Laptop & Accessory,Debit Card,6.0,3,191.36,At Risk,2,3,4,Standard Loyalty Nurture
52601,27.63,Low,10.0,1,Yes (Active Ticket),Grocery,COD,3.0,4,250.48,Loyal Customers,3,4,5,Standard Loyalty Nurture
51676,27.61,Low,4.0,4,No,Laptop & Accessory,Debit Card,22.0,1,141.85,Hibernating,1,1,2,Standard Loyalty Nurture
52198,27.6,Low,20.0,1,Yes (Active Ticket),Mobile Phone,Debit Card,0.0,1,191.2,Potential Loyalist,5,1,4,Standard Loyalty Nurture
51628,27.59,Low,8.0,4,No,Laptop & Accessory,Credit Card,5.0,2,112.83,Hibernating,2,2,1,Standard Loyalty Nurture
53835,27.58,Low,6.0,2,No,Fashion,E wallet,16.0,1,231.84,Promising,1,1,5,Standard Loyalty Nurture
53034,27.55,Low,1.0,1,No,Mobile Phone,E wallet,0.0,3,142.93,Loyal Customers,5,3,2,Standard Loyalty Nurture
54818,27.55,Low,17.0,4,Yes (Active Ticket),Mobile Phone,Credit Card,9.0,2,149.36,Hibernating,1,2,2,Standard Loyalty Nurture
55162,27.55,Low,0.0,4,No,Mobile Phone,E wallet,12.0,6,224.04,At Risk,1,5,5,Standard Loyalty Nurture
52470,27.53,Low,8.0,3,No,Mobile Phone,Credit Card,3.0,3,103.95,Loyal Customers,3,3,1,Standard Loyalty Nurture
54047,27.53,Low,4.0,2,No,Laptop & Accessory,Debit Card,3.0,2,253.64,Potential Loyalist,3,2,5,Standard Loyalty Nurture
50310,27.52,Low,3.0,4,Yes (Active Ticket),Laptop & Accessory,Debit Card,1.0,4,219.8,Champions,5,4,5,Standard Loyalty Nurture
50978,27.52,Low,1.0,5,No,Mobile Phone,E wallet,9.0,2,146.55,Hibernating,1,2,2,Standard Loyalty Nurture
51546,27.52,Low,7.0,3,No,Mobile Phone,Debit Card,2.0,8,148.97,Loyal Customers,4,5,2,Standard Loyalty Nurture
54376,27.5,Low,7.0,5,Yes (Active Ticket),Laptop & Accessory,E wallet,2.0,3,186.47,Loyal Customers,4,3,3,Standard Loyalty Nurture
54059,27.49,Low,22.0,3,Yes (Active Ticket),Mobile Phone,Credit Card,3.0,3,186.43,Loyal Customers,3,3,3,Standard Loyalty Nurture
55354,27.48,Low,8.0,3,No,Mobile Phone,Credit Card,5.0,4,185.53,At Risk,2,4,3,Standard Loyalty Nurture
50304,27.47,Low,10.0,4,No,Laptop & Accessory,Debit Card,13.0,4,174.42,At Risk,1,4,3,Standard Loyalty Nurture
53703,27.45,Low,4.0,1,No,Mobile Phone,UPI,4.0,6,264.34,Loyal Customers,3,5,5,Standard Loyalty Nurture
55334,27.45,Low,4.0,4,No,Fashion,E wallet,6.0,5,163.83,At Risk,2,5,2,Standard Loyalty Nurture
53389,27.44,Low,0.0,5,No,Fashion,Credit Card,1.0,1,108.06,Potential Loyalist,5,1,1,Standard Loyalty Nurture
53445,27.44,Low,40.0,3,Yes (Active Ticket),Fashion,E wallet,8.0,2,131.66,Hibernating,1,2,1,Standard Loyalty Nurture
52049,27.42,Low,8.0,3,No,Mobile Phone,Credit Card,8.0,3,266.0,At Risk,2,3,5,Standard Loyalty Nurture
53043,27.42,Low,1.0,4,No,Others,COD,3.0,4,134.16,Loyal Customers,3,4,1,Standard Loyalty Nurture
51679,27.41,Low,2.0,1,No,Mobile Phone,Credit Card,2.0,4,205.1,Champions,4,4,4,Standard Loyalty Nurture
50940,27.4,Low,9.0,3,No,Fashion,Credit Card,1.0,6,205.77,Champions,5,5,4,Standard Loyalty Nurture
53828,27.4,Low,7.0,3,No,Fashion,Debit Card,2.0,5,159.37,Loyal Customers,4,5,2,Standard Loyalty Nurture
53850,27.39,Low,1.0,3,No,Laptop & Accessory,UPI,3.0,1,241.23,Potential Loyalist,3,1,5,Standard Loyalty Nurture
55092,27.39,Low,1.0,1,No,Mobile Phone,Debit Card,2.0,1,176.31,Potential Loyalist,4,1,3,Standard Loyalty Nurture
51072,27.38,Low,3.0,1,No,Fashion,Credit Card,1.0,1,133.4,Potential Loyalist,5,1,1,Standard Loyalty Nurture
52278,27.38,Low,7.0,3,No,Mobile Phone,UPI,6.0,1,198.09,Promising,2,1,4,Standard Loyalty Nurture
52610,27.38,Low,1.0,5,No,Fashion,COD,2.0,4,231.23,Champions,4,4,5,Standard Loyalty Nurture
54935,27.34,Low,7.0,4,No,Grocery,UPI,6.0,2,159.5,Hibernating,2,2,2,Standard Loyalty Nurture
54702,27.33,Low,1.0,5,No,Mobile Phone,COD,5.0,5,174.12,At Risk,2,5,3,Standard Loyalty Nurture
52329,27.31,Low,10.0,3,No,Mobile Phone,Debit Card,7.0,3,148.79,At Risk,2,3,2,Standard Loyalty Nurture
54874,27.31,Low,3.0,2,No,Laptop & Accessory,Debit Card,5.0,1,204.2,Promising,2,1,4,Standard Loyalty Nurture
55583,27.31,Low,18.0,2,No,Mobile Phone,Debit Card,17.0,1,188.28,Promising,1,1,3,Standard Loyalty Nurture
50659,27.3,Low,10.0,4,Yes (Active Ticket),Laptop & Accessory,Debit Card,0.0,3,174.87,Loyal Customers,5,3,3,Standard Loyalty Nurture
50785,27.3,Low,2.0,5,No,Mobile Phone,Debit Card,1.0,5,172.47,Loyal Customers,5,5,3,Standard Loyalty Nurture
53795,27.3,Low,0.0,2,No,Fashion,Debit Card,5.0,4,210.32,At Risk,2,4,4,Standard Loyalty Nurture
50917,27.28,Low,3.0,4,No,Grocery,Debit Card,6.0,2,218.45,Need Attention,2,2,5,Standard Loyalty Nurture
52484,27.25,Low,2.0,4,No,Mobile Phone,Credit Card,4.0,3,192.42,Loyal Customers,3,3,4,Standard Loyalty Nurture
51947,27.23,Low,6.0,4,No,Laptop & Accessory,UPI,7.0,1,110.26,Hibernating,2,1,1,Standard Loyalty Nurture
52510,27.23,Low,22.0,1,No,Mobile Phone,Debit Card,18.0,1,107.46,Hibernating,1,1,1,Standard Loyalty Nurture
52525,27.23,Low,16.0,3,Yes (Active Ticket),Mobile Phone,Credit Card,1.0,4,208.0,Champions,5,4,4,Standard Loyalty Nurture
53970,27.23,Low,5.0,3,No,Laptop & Accessory,E wallet,1.0,1,177.84,Potential Loyalist,4,1,3,Standard Loyalty Nurture
51070,27.22,Low,3.0,2,No,Fashion,Debit Card,6.0,1,179.54,Promising,2,1,3,Standard Loyalty Nurture
55307,27.22,Low,6.0,3,No,Mobile Phone,Credit Card,3.0,7,174.8,Loyal Customers,3,5,3,Standard Loyalty Nurture
54240,27.21,Low,4.0,5,No,Laptop & Accessory,COD,10.0,1,193.01,Promising,1,1,4,Standard Loyalty Nurture
51018,27.2,Low,8.0,4,Yes (Active Ticket),Laptop & Accessory,Credit Card,2.0,5,211.21,Champions,4,5,4,Standard Loyalty Nurture
51864,27.19,Low,8.0,4,No,Laptop & Accessory,COD,1.0,4,84.01,Loyal Customers,5,4,1,Standard Loyalty Nurture
54293,27.19,Low,8.0,5,No,Others,UPI,5.0,2,115.45,Hibernating,2,2,1,Standard Loyalty Nurture
51761,27.18,Low,6.0,1,No,Others,COD,4.0,3,216.43,Loyal Customers,3,3,4,Standard Loyalty Nurture
53230,27.18,Low,3.0,4,No,Laptop & Accessory,E wallet,1.0,3,114.62,Loyal Customers,5,3,1,Standard Loyalty Nurture
55041,27.15,Low,14.0,3,Yes (Active Ticket),Others,Debit Card,9.0,3,105.61,At Risk,1,4,1,Standard Loyalty Nurture
54739,27.14,Low,5.0,1,No,Laptop & Accessory,COD,8.0,3,205.53,At Risk,1,4,4,Standard Loyalty Nurture
53255,27.13,Low,4.0,5,No,Laptop & Accessory,Debit Card,2.0,1,123.77,Potential Loyalist,4,1,1,Standard Loyalty Nurture
50625,27.12,Low,10.0,5,Yes (Active Ticket),Fashion,Debit Card,0.0,6,195.78,Champions,5,5,4,Standard Loyalty Nurture
50435,27.11,Low,1.0,3,No,Laptop & Accessory,Debit Card,1.0,3,174.01,Loyal Customers,5,3,3,Standard Loyalty Nurture
50640,27.09,Low,5.0,3,No,Laptop & Accessory,COD,7.0,3,228.49,At Risk,2,3,5,Standard Loyalty Nurture
51431,27.09,Low,6.0,3,No,Laptop & Accessory,Debit Card,1.0,2,122.43,Potential Loyalist,5,2,1,Standard Loyalty Nurture
54601,27.09,Low,2.0,5,No,Fashion,Debit Card,0.0,7,180.04,Loyal Customers,5,5,3,Standard Loyalty Nurture
53793,27.08,Low,9.0,3,No,Mobile Phone,Credit Card,8.0,4,117.6,At Risk,1,4,1,Standard Loyalty Nurture
52139,27.07,Low,2.0,5,No,Laptop & Accessory,Credit Card,1.0,1,103.83,Potential Loyalist,5,1,1,Standard Loyalty Nurture
52756,27.07,Low,3.0,4,No,Fashion,COD,16.0,6,175.28,At Risk,1,5,3,Standard Loyalty Nurture
54384,27.06,Low,8.0,2,No,Fashion,UPI,2.0,4,167.94,Loyal Customers,4,4,3,Standard Loyalty Nurture
55579,27.06,Low,24.0,5,Yes (Active Ticket),Mobile Phone,UPI,5.0,1,126.44,Hibernating,2,1,1,Standard Loyalty Nurture
54081,27.04,Low,12.0,5,Yes (Active Ticket),Fashion,Credit Card,0.0,3,178.52,Loyal Customers,5,3,3,Standard Loyalty Nurture
51289,27.03,Low,0.0,3,No,Laptop & Accessory,Credit Card,2.0,3,143.76,Loyal Customers,4,3,2,Standard Loyalty Nurture
50416,27.01,Low,6.0,3,No,Laptop & Accessory,Debit Card,1.0,5,198.57,Champions,5,5,4,Standard Loyalty Nurture
52931,27.01,Low,9.0,3,No,Mobile Phone,Debit Card,4.0,4,162.51,Loyal Customers,3,4,2,Standard Loyalty Nurture
50136,27.0,Low,4.0,3,No,Laptop & Accessory,Credit Card,4.0,7,198.09,Loyal Customers,3,5,4,Standard Loyalty Nurture
51121,26.99,Low,22.0,3,Yes (Active Ticket),Laptop & Accessory,Debit Card,8.0,6,127.3,At Risk,2,5,1,Standard Loyalty Nurture
55509,26.99,Low,3.0,4,No,Fashion,Credit Card,20.0,3,204.05,At Risk,1,4,4,Standard Loyalty Nurture
52967,26.98,Low,13.0,3,Yes (Active Ticket),Fashion,Credit Card,8.0,3,254.05,At Risk,2,3,5,Standard Loyalty Nurture
54981,26.98,Low,38.0,5,Yes (Active Ticket),Fashion,Credit Card,23.0,2,126.79,Hibernating,1,2,1,Standard Loyalty Nurture
50017,26.97,Low,4.0,4,No,Fashion,Debit Card,3.0,6,201.45,Champions,4,5,4,Standard Loyalty Nurture
51214,26.95,Low,16.0,2,No,Mobile Phone,E wallet,1.0,1,122.34,Potential Loyalist,5,1,1,Standard Loyalty Nurture
53921,26.95,Low,29.0,1,No,Laptop & Accessory,Credit Card,14.0,3,159.66,At Risk,1,3,2,Standard Loyalty Nurture
50494,26.91,Low,2.0,3,No,Grocery,COD,1.0,3,267.97,Loyal Customers,5,3,5,Standard Loyalty Nurture
55452,26.91,Low,3.0,2,No,Grocery,Debit Card,3.0,5,134.45,Loyal Customers,3,5,1,Standard Loyalty Nurture
55506,26.91,Low,2.0,3,No,Mobile Phone,Debit Card,3.0,4,161.95,Loyal Customers,3,4,2,Standard Loyalty Nurture
50866,26.89,Low,8.0,4,No,Fashion,Debit Card,1.0,2,100.17,Potential Loyalist,5,2,1,Standard Loyalty Nurture
51330,26.89,Low,7.0,5,No,Laptop & Accessory,Debit Card,9.0,2,229.37,Need Attention,1,2,5,Standard Loyalty Nurture
52915,26.89,Low,3.0,5,No,Laptop & Accessory,Debit Card,2.0,2,170.54,Potential Loyalist,4,2,3,Standard Loyalty Nurture
50467,26.88,Low,3.0,2,No,Laptop & Accessory,Debit Card,3.0,2,243.51,Potential Loyalist,3,2,5,Standard Loyalty Nurture
53511,26.88,Low,4.0,4,No,Grocery,Credit Card,5.0,3,100.89,At Risk,2,3,1,Standard Loyalty Nurture
55386,26.88,Low,7.0,3,No,Grocery,Credit Card,3.0,5,147.78,Loyal Customers,3,5,2,Standard Loyalty Nurture
53277,26.87,Low,19.0,3,No,Laptop & Accessory,COD,17.0,3,126.89,At Risk,1,3,1,Standard Loyalty Nurture
54226,26.87,Low,13.0,3,Yes (Active Ticket),Fashion,Debit Card,1.0,3,209.22,Loyal Customers,4,3,4,Standard Loyalty Nurture
54675,26.87,Low,5.0,3,No,Laptop & Accessory,Debit Card,7.0,2,193.62,Need Attention,2,2,4,Standard Loyalty Nurture
55605,26.87,Low,0.0,3,No,Mobile Phone,Credit Card,3.0,4,147.01,Loyal Customers,3,5,2,Standard Loyalty Nurture
50592,26.86,Low,10.0,5,No,Mobile Phone,Debit Card,3.0,1,144.34,Potential Loyalist,3,1,2,Standard Loyalty Nurture
51288,26.86,Low,4.0,3,No,Mobile Phone,E wallet,1.0,5,216.24,Champions,5,5,4,Standard Loyalty Nurture
55485,26.85,Low,12.0,2,Yes (Active Ticket),Grocery,Debit Card,4.0,3,196.47,Loyal Customers,3,4,4,Standard Loyalty Nurture
52629,26.84,Low,7.0,2,No,Laptop & Accessory,Debit Card,2.0,5,143.94,Loyal Customers,4,5,2,Standard Loyalty Nurture
54253,26.84,Low,4.0,4,No,Laptop & Accessory,Credit Card,3.0,5,155.35,Loyal Customers,3,5,2,Standard Loyalty Nurture
54833,26.84,Low,10.0,4,No,Laptop & Accessory,E wallet,16.0,4,132.79,At Risk,1,4,1,Standard Loyalty Nurture
50335,26.83,Low,0.0,4,No,Fashion,Credit Card,19.0,1,218.12,Promising,1,1,5,Standard Loyalty Nurture
53158,26.83,Low,1.0,3,No,Grocery,Credit Card,5.0,3,189.72,At Risk,2,3,4,Standard Loyalty Nurture
54815,26.83,Low,15.0,4,No,Others,Credit Card,6.0,2,89.36,Hibernating,2,2,1,Standard Loyalty Nurture
55391,26.83,Low,2.0,4,No,Laptop & Accessory,Debit Card,5.0,5,325.0,At Risk,2,5,5,Standard Loyalty Nurture
54853,26.82,Low,15.0,3,Yes (Active Ticket),Laptop & Accessory,Debit Card,5.0,6,144.92,At Risk,2,5,2,Standard Loyalty Nurture
50608,26.81,Low,5.0,2,No,Laptop & Accessory,Debit Card,0.0,1,287.4,Potential Loyalist,5,1,5,Standard Loyalty Nurture
53064,26.81,Low,10.0,3,Yes (Active Ticket),Others,Debit Card,0.0,6,149.69,Loyal Customers,5,5,2,Standard Loyalty Nurture
50183,26.8,Low,26.0,5,Yes (Active Ticket),Laptop & Accessory,E wallet,3.0,2,201.94,Potential Loyalist,3,2,4,Standard Loyalty Nurture
50798,26.79,Low,8.0,5,Yes (Active Ticket),Mobile Phone,Debit Card,1.0,1,201.83,Potential Loyalist,5,1,4,Standard Loyalty Nurture
50795,26.78,Low,0.0,3,No,Laptop & Accessory,Credit Card,2.0,2,175.1,Potential Loyalist,4,2,3,Standard Loyalty Nurture
50673,26.77,Low,1.0,3,No,Laptop & Accessory,E wallet,2.0,4,152.45,Loyal Customers,4,4,2,Standard Loyalty Nurture
50719,26.77,Low,1.0,3,No,Fashion,Debit Card,5.0,1,225.58,Promising,2,1,5,Standard Loyalty Nurture
54530,26.77,Low,2.0,5,No,Laptop & Accessory,Credit Card,1.0,1,92.52,Potential Loyalist,4,1,1,Standard Loyalty Nurture
55631,26.77,Low,0.0,4,No,Laptop & Accessory,COD,2.0,1,146.83,Potential Loyalist,4,1,2,Standard Loyalty Nurture
53809,26.76,Low,1.0,3,No,Laptop & Accessory,Debit Card,2.0,3,151.49,Loyal Customers,4,3,2,Standard Loyalty Nurture
53834,26.76,Low,5.0,4,No,Laptop & Accessory,Credit Card,3.0,5,69.46,Loyal Customers,3,5,1,Standard Loyalty Nurture
54945,26.76,Low,16.0,4,No,Laptop & Accessory,Debit Card,24.0,3,119.77,At Risk,1,4,1,Standard Loyalty Nurture
50665,26.75,Low,1.0,4,No,Laptop & Accessory,Debit Card,1.0,4,155.6,Loyal Customers,5,4,2,Standard Loyalty Nurture
52568,26.73,Low,3.0,5,Yes (Active Ticket),Fashion,Debit Card,2.0,6,259.36,Champions,4,5,5,Standard Loyalty Nurture
55173,26.72,Low,0.0,4,No,Mobile Phone,Debit Card,3.0,4,150.31,Loyal Customers,3,4,2,Standard Loyalty Nurture
54692,26.71,Low,4.0,3,Yes (Active Ticket),Mobile Phone,E wallet,2.0,3,250.99,Champions,4,4,5,Standard Loyalty Nurture
51530,26.7,Low,8.0,4,No,Mobile Phone,Credit Card,6.0,5,217.91,At Risk,2,5,5,Standard Loyalty Nurture
51970,26.7,Low,0.0,3,No,Laptop & Accessory,Debit Card,1.0,5,175.9,Loyal Customers,5,5,3,Standard Loyalty Nurture
55499,26.69,Low,8.0,5,No,Grocery,Debit Card,9.0,4,174.86,At Risk,1,4,3,Standard Loyalty Nurture
52397,26.67,Low,2.0,3,No,Laptop & Accessory,Debit Card,2.0,2,197.55,Potential Loyalist,4,2,4,Standard Loyalty Nurture
50142,26.66,Low,3.0,3,No,Mobile Phone,Credit Card,6.0,5,214.35,At Risk,2,5,4,Standard Loyalty Nurture
52337,26.66,Low,6.0,4,No,Fashion,Debit Card,9.0,4,182.88,At Risk,1,4,3,Standard Loyalty Nurture
55446,26.66,Low,2.0,2,No,Fashion,Debit Card,18.0,1,259.09,Promising,1,1,5,Standard Loyalty Nurture
54230,26.65,Low,2.0,2,No,Laptop & Accessory,Credit Card,2.0,3,190.54,Loyal Customers,4,3,4,Standard Loyalty Nurture
50259,26.63,Low,8.0,4,No,Laptop & Accessory,Debit Card,7.0,2,178.84,Need Attention,2,2,3,Standard Loyalty Nurture
54665,26.63,Low,18.0,3,No,Mobile Phone,Debit Card,34.0,3,135.53,At Risk,1,3,2,Standard Loyalty Nurture
55077,26.62,Low,10.0,3,No,Fashion,Credit Card,7.0,4,113.34,At Risk,2,4,1,Standard Loyalty Nurture
55472,26.62,Low,4.0,3,No,Mobile Phone,Credit Card,2.0,4,237.15,Champions,4,4,5,Standard Loyalty Nurture
52730,26.6,Low,7.0,3,No,Mobile Phone,Debit Card,2.0,4,176.69,Loyal Customers,4,4,3,Standard Loyalty Nurture
52296,26.59,Low,0.0,4,No,Fashion,Debit Card,10.0,9,301.08,At Risk,1,5,5,Standard Loyalty Nurture
55168,26.59,Low,1.0,4,No,Laptop & Accessory,Debit Card,6.0,3,224.55,At Risk,2,4,5,Standard Loyalty Nurture
53749,26.57,Low,5.0,5,No,Grocery,Credit Card,9.0,5,103.94,At Risk,1,5,1,Standard Loyalty Nurture
52587,26.55,Low,1.0,5,No,Laptop & Accessory,Credit Card,3.0,2,155.83,Potential Loyalist,3,2,2,Standard Loyalty Nurture
54714,26.54,Low,14.0,4,Yes (Active Ticket),Mobile Phone,Credit Card,8.0,1,152.14,Hibernating,1,1,2,Standard Loyalty Nurture
54716,26.54,Low,4.0,3,No,Fashion,Debit Card,1.0,3,207.07,Champions,4,4,4,Standard Loyalty Nurture
50345,26.53,Low,5.0,2,No,Fashion,Debit Card,1.0,5,231.15,Champions,5,5,5,Standard Loyalty Nurture
50567,26.53,Low,5.0,1,No,Others,Debit Card,10.0,2,193.49,Need Attention,1,2,4,Standard Loyalty Nurture
53387,26.53,Low,3.0,2,No,Fashion,Credit Card,1.0,3,132.67,Loyal Customers,5,3,1,Standard Loyalty Nurture
51643,26.52,Low,7.0,5,Yes (Active Ticket),Laptop & Accessory,Debit Card,1.0,1,206.17,Potential Loyalist,5,1,4,Standard Loyalty Nurture
54887,26.52,Low,4.0,4,No,Grocery,Debit Card,7.0,4,131.1,At Risk,2,4,1,Standard Loyalty Nurture
54429,26.51,Low,2.0,3,No,Mobile Phone,Debit Card,0.0,1,259.66,Potential Loyalist,5,1,5,Standard Loyalty Nurture
55009,26.51,Low,2.0,3,No,Fashion,Credit Card,1.0,6,156.23,Loyal Customers,4,5,2,Standard Loyalty Nurture
52680,26.49,Low,7.0,4,No,Grocery,Debit Card,12.0,2,176.42,Need Attention,1,2,3,Standard Loyalty Nurture
51139,26.48,Low,7.0,4,No,Mobile Phone,Credit Card,7.0,3,137.69,At Risk,2,3,2,Standard Loyalty Nurture
51589,26.48,Low,6.0,3,No,Others,COD,3.0,3,173.03,Loyal Customers,3,3,3,Standard Loyalty Nurture
55243,26.48,Low,7.0,2,No,Laptop & Accessory,Debit Card,0.0,2,160.95,Potential Loyalist,5,2,2,Standard Loyalty Nurture
51975,26.45,Low,4.0,3,No,Others,COD,4.0,5,166.22,Loyal Customers,3,5,3,Standard Loyalty Nurture
53104,26.45,Low,6.0,3,No,Mobile Phone,E wallet,0.0,5,223.76,Champions,5,5,5,Standard Loyalty Nurture
53815,26.45,Low,3.0,3,No,Fashion,UPI,4.0,6,177.09,Loyal Customers,3,5,3,Standard Loyalty Nurture
52143,26.43,Low,12.0,3,No,Mobile Phone,Credit Card,6.0,3,150.73,At Risk,2,3,2,Standard Loyalty Nurture
53702,26.42,Low,11.0,5,No,Mobile Phone,Credit Card,27.0,3,188.39,At Risk,1,3,4,Standard Loyalty Nurture
50313,26.41,Low,0.0,5,Yes (Active Ticket),Mobile Phone,E wallet,2.0,4,205.84,Champions,4,4,4,Standard Loyalty Nurture
54283,26.4,Low,2.0,3,No,Fashion,UPI,0.0,2,176.2,Potential Loyalist,5,2,3,Standard Loyalty Nurture
51857,26.38,Low,14.0,4,Yes (Active Ticket),Laptop & Accessory,Debit Card,8.0,5,211.05,At Risk,2,5,4,Standard Loyalty Nurture
52356,26.38,Low,1.0,1,No,Mobile Phone,E wallet,3.0,7,179.91,Loyal Customers,3,5,3,Standard Loyalty Nurture
53233,26.38,Low,3.0,3,No,Laptop & Accessory,E wallet,4.0,2,201.76,Potential Loyalist,3,2,4,Standard Loyalty Nurture
53154,26.37,Low,6.0,3,No,Grocery,UPI,4.0,2,205.07,Potential Loyalist,3,2,4,Standard Loyalty Nurture
53464,26.37,Low,9.0,3,No,Mobile Phone,E wallet,5.0,1,110.37,Hibernating,2,1,1,Standard Loyalty Nurture
54304,26.37,Low,9.0,1,No,Laptop & Accessory,Debit Card,5.0,4,137.95,At Risk,2,4,2,Standard Loyalty Nurture
55060,26.37,Low,4.0,3,No,Mobile Phone,UPI,3.0,4,269.1,Loyal Customers,3,4,5,Standard Loyalty Nurture
51754,26.33,Low,3.0,4,No,Mobile Phone,Credit Card,9.0,7,181.13,At Risk,1,5,3,Standard Loyalty Nurture
54793,26.33,Low,1.0,4,No,Laptop & Accessory,Credit Card,2.0,6,210.61,Champions,4,5,4,Standard Loyalty Nurture
51068,26.32,Low,1.0,4,No,Mobile Phone,COD,1.0,2,192.26,Potential Loyalist,5,2,4,Standard Loyalty Nurture
54467,26.32,Low,1.0,5,No,Fashion,Debit Card,1.0,8,189.38,Champions,4,5,4,Standard Loyalty Nurture
54889,26.31,Low,0.0,3,No,Laptop & Accessory,E wallet,10.0,4,186.18,At Risk,1,4,3,Standard Loyalty Nurture
55010,26.31,Low,6.0,2,No,Fashion,Debit Card,9.0,3,238.08,At Risk,1,4,5,Standard Loyalty Nurture
50087,26.3,Low,13.0,3,Yes (Active Ticket),Others,Credit Card,0.0,4,100.54,Loyal Customers,5,4,1,Standard Loyalty Nurture
51073,26.3,Low,0.0,3,No,Laptop & Accessory,UPI,2.0,3,181.34,Loyal Customers,4,3,3,Standard Loyalty Nurture
52948,26.3,Low,7.0,1,No,Mobile Phone,Credit Card,3.0,2,206.3,Potential Loyalist,3,2,4,Standard Loyalty Nurture
55140,26.3,Low,27.0,5,No,Grocery,E wallet,22.0,1,176.31,Promising,1,1,3,Standard Loyalty Nurture
55277,26.3,Low,2.0,5,No,Grocery,Credit Card,2.0,3,170.51,Loyal Customers,4,4,3,Standard Loyalty Nurture
51309,26.29,Low,4.0,3,No,Laptop & Accessory,COD,1.0,5,150.14,Loyal Customers,5,5,2,Standard Loyalty Nurture
52340,26.29,Low,5.0,5,No,Grocery,COD,2.0,5,184.38,Loyal Customers,4,5,3,Standard Loyalty Nurture
53220,26.29,Low,13.0,3,Yes (Active Ticket),Laptop & Accessory,Credit Card,3.0,1,224.71,Potential Loyalist,3,1,5,Standard Loyalty Nurture
54137,26.29,Low,13.0,4,Yes (Active Ticket),Laptop & Accessory,Credit Card,2.0,2,325.0,Potential Loyalist,4,2,5,Standard Loyalty Nurture
50296,26.28,Low,7.0,4,No,Mobile Phone,Debit Card,6.0,1,150.9,Hibernating,2,1,2,Standard Loyalty Nurture
50323,26.27,Low,11.0,4,Yes (Active Ticket),Laptop & Accessory,UPI,1.0,2,154.32,Potential Loyalist,5,2,2,Standard Loyalty Nurture
51630,26.27,Low,6.0,2,No,Mobile Phone,Credit Card,6.0,6,216.44,At Risk,2,5,4,Standard Loyalty Nurture
53729,26.27,Low,2.0,5,No,Fashion,Debit Card,8.0,5,205.71,At Risk,1,5,4,Standard Loyalty Nurture
54122,26.27,Low,7.0,2,No,Grocery,Debit Card,2.0,5,171.13,Loyal Customers,4,5,3,Standard Loyalty Nurture
54265,26.27,Low,11.0,5,Yes (Active Ticket),Laptop & Accessory,Credit Card,5.0,6,114.3,At Risk,2,5,1,Standard Loyalty Nurture
53162,26.26,Low,0.0,4,No,Laptop & Accessory,Credit Card,3.0,2,166.9,Potential Loyalist,3,2,3,Standard Loyalty Nurture
55341,26.24,Low,17.0,1,Yes (Active Ticket),Mobile Phone,Debit Card,5.0,1,116.63,Hibernating,2,1,1,Standard Loyalty Nurture
51297,26.22,Low,2.0,4,No,Laptop & Accessory,Debit Card,2.0,1,150.56,Potential Loyalist,4,1,2,Standard Loyalty Nurture
50044,26.21,Low,24.0,1,Yes (Active Ticket),Laptop & Accessory,Debit Card,12.0,1,179.29,Promising,1,1,3,Standard Loyalty Nurture
52900,26.19,Low,0.0,3,No,Fashion,Debit Card,2.0,3,263.17,Loyal Customers,4,3,5,Standard Loyalty Nurture
53022,26.19,Low,6.0,5,No,Mobile Phone,Credit Card,3.0,1,165.95,Potential Loyalist,3,1,3,Standard Loyalty Nurture
55076,26.18,Low,7.0,2,No,Mobile Phone,Debit Card,4.0,1,236.53,Potential Loyalist,3,1,5,Standard Loyalty Nurture
55404,26.18,Low,3.0,2,No,Mobile Phone,Credit Card,0.0,2,146.43,Loyal Customers,5,3,2,Standard Loyalty Nurture
52519,26.16,Low,12.0,3,Yes (Active Ticket),Laptop & Accessory,Credit Card,0.0,1,238.36,Potential Loyalist,5,1,5,Standard Loyalty Nurture
55539,26.16,Low,8.0,2,No,Mobile Phone,Credit Card,7.0,5,228.09,At Risk,2,5,5,Standard Loyalty Nurture
53720,26.15,Low,3.0,5,No,Laptop & Accessory,Debit Card,5.0,2,92.15,Hibernating,2,2,1,Standard Loyalty Nurture
53935,26.15,Low,4.0,5,No,Fashion,Debit Card,4.0,3,72.5,Loyal Customers,3,3,1,Standard Loyalty Nurture
54083,26.15,Low,10.0,1,No,Mobile Phone,E wallet,4.0,3,168.66,Loyal Customers,3,3,3,Standard Loyalty Nurture
53475,26.14,Low,18.0,4,Yes (Active Ticket),Fashion,Debit Card,14.0,7,145.53,At Risk,1,5,2,Standard Loyalty Nurture
54871,26.14,Low,5.0,3,No,Fashion,E wallet,2.0,4,135.45,Loyal Customers,4,4,2,Standard Loyalty Nurture
50474,26.13,Low,22.0,2,Yes (Active Ticket),Fashion,E wallet,6.0,5,214.88,At Risk,2,5,4,Standard Loyalty Nurture
53412,26.13,Low,1.0,4,No,Fashion,E wallet,1.0,4,144.5,Loyal Customers,4,4,2,Standard Loyalty Nurture
53145,26.12,Low,3.0,3,No,Grocery,Debit Card,4.0,2,222.47,Potential Loyalist,3,2,5,Standard Loyalty Nurture
54882,26.12,Low,6.0,3,No,Laptop & Accessory,Debit Card,8.0,1,203.19,Promising,1,1,4,Standard Loyalty Nurture
52422,26.11,Low,0.0,4,No,Laptop & Accessory,Debit Card,11.0,6,206.37,At Risk,1,5,4,Standard Loyalty Nurture
54404,26.11,Low,4.0,3,No,Fashion,Debit Card,5.0,2,175.63,Need Attention,2,2,3,Standard Loyalty Nurture
51992,26.08,Low,2.0,2,No,Laptop & Accessory,Credit Card,1.0,3,172.21,Loyal Customers,5,3,3,Standard Loyalty Nurture
54486,26.08,Low,14.0,4,Yes (Active Ticket),Mobile Phone,Credit Card,2.0,2,195.35,Potential Loyalist,4,2,4,Standard Loyalty Nurture
55609,26.08,Low,6.0,4,No,Grocery,Credit Card,2.0,7,195.32,Champions,4,5,4,Standard Loyalty Nurture
54062,26.04,Low,2.0,1,No,Others,Credit Card,3.0,5,187.53,Loyal Customers,3,5,3,Standard Loyalty Nurture
53439,26.02,Low,26.0,5,Yes (Active Ticket),Grocery,Debit Card,0.0,1,266.6,Potential Loyalist,5,1,5,Standard Loyalty Nurture
54511,26.02,Low,2.0,4,No,Laptop & Accessory,Credit Card,8.0,3,248.93,At Risk,1,3,5,Standard Loyalty Nurture
55074,26.02,Low,1.0,4,No,Mobile Phone,Credit Card,4.0,4,130.25,Loyal Customers,3,4,1,Standard Loyalty Nurture
51753,26.01,Low,0.0,2,No,Laptop & Accessory,Debit Card,6.0,10,201.66,At Risk,2,5,4,Standard Loyalty Nurture
54721,26.01,Low,4.0,4,No,Grocery,Debit Card,0.0,4,165.28,Loyal Customers,5,4,3,Standard Loyalty Nurture
53434,26.0,Low,6.0,3,No,Laptop & Accessory,Credit Card,10.0,3,204.66,At Risk,1,3,4,Standard Loyalty Nurture
50867,25.99,Low,2.0,3,Yes (Active Ticket),Laptop & Accessory,E wallet,1.0,2,266.97,Potential Loyalist,5,2,5,Standard Loyalty Nurture
52037,25.99,Low,1.0,4,No,Laptop & Accessory,UPI,7.0,1,235.24,Promising,2,1,5,Standard Loyalty Nurture
50301,25.98,Low,1.0,2,No,Mobile Phone,Credit Card,4.0,2,212.12,Potential Loyalist,3,2,4,Standard Loyalty Nurture
54589,25.98,Low,11.0,5,Yes (Active Ticket),Laptop & Accessory,Debit Card,3.0,8,107.74,Loyal Customers,3,5,1,Standard Loyalty Nurture
55047,25.98,Low,7.0,1,No,Laptop & Accessory,UPI,2.0,3,262.34,Champions,4,4,5,Standard Loyalty Nurture
50599,25.95,Low,2.0,3,No,Mobile Phone,E wallet,1.0,3,191.92,Loyal Customers,5,3,4,Standard Loyalty Nurture
51821,25.94,Low,2.0,1,No,Mobile Phone,UPI,5.0,2,207.41,Need Attention,2,2,4,Standard Loyalty Nurture
51115,25.93,Low,9.0,5,Yes (Active Ticket),Mobile Phone,E wallet,1.0,2,191.65,Potential Loyalist,5,2,4,Standard Loyalty Nurture
52338,25.93,Low,5.0,4,Yes (Active Ticket),Fashion,Credit Card,4.0,4,276.52,Loyal Customers,3,4,5,Standard Loyalty Nurture
55267,25.93,Low,3.0,2,No,Laptop & Accessory,Credit Card,2.0,1,218.4,Potential Loyalist,4,1,5,Standard Loyalty Nurture
53225,25.92,Low,2.0,2,No,Mobile Phone,Debit Card,1.0,4,198.65,Champions,5,4,4,Standard Loyalty Nurture
54421,25.92,Low,1.0,3,No,Laptop & Accessory,Credit Card,3.0,6,182.71,Loyal Customers,3,5,3,Standard Loyalty Nurture
54837,25.92,Low,5.0,5,No,Laptop & Accessory,Debit Card,0.0,1,166.75,Potential Loyalist,5,1,3,Standard Loyalty Nurture
51370,25.91,Low,3.0,4,No,Others,Debit Card,3.0,1,169.67,Potential Loyalist,3,1,3,Standard Loyalty Nurture
51483,25.91,Low,8.0,3,No,Laptop & Accessory,Debit Card,4.0,2,256.67,Potential Loyalist,3,2,5,Standard Loyalty Nurture
51525,25.91,Low,7.0,3,No,Others,UPI,2.0,6,155.78,Loyal Customers,4,5,2,Standard Loyalty Nurture
53173,25.9,Low,2.0,4,No,Laptop & Accessory,Credit Card,1.0,6,155.29,Loyal Customers,5,5,2,Standard Loyalty Nurture
50538,25.89,Low,3.0,1,No,Mobile Phone,Credit Card,1.0,1,189.84,Potential Loyalist,5,1,4,Standard Loyalty Nurture
52055,25.89,Low,19.0,3,Yes (Active Ticket),Mobile Phone,Debit Card,0.0,2,135.0,Potential Loyalist,5,2,1,Standard Loyalty Nurture
53553,25.88,Low,9.0,5,No,Laptop & Accessory,Debit Card,7.0,1,208.17,Promising,2,1,4,Standard Loyalty Nurture
54231,25.88,Low,12.0,3,Yes (Active Ticket),Laptop & Accessory,COD,3.0,3,161.05,Loyal Customers,3,3,2,Standard Loyalty Nurture
52102,25.87,Low,8.0,3,No,Laptop & Accessory,Debit Card,6.0,3,201.22,At Risk,2,3,4,Standard Loyalty Nurture
52682,25.87,Low,18.0,1,No,Fashion,Credit Card,26.0,3,156.77,At Risk,1,3,2,Standard Loyalty Nurture
50782,25.86,Low,8.0,5,No,Laptop & Accessory,Credit Card,2.0,5,74.7,Loyal Customers,4,5,1,Standard Loyalty Nurture
50783,25.86,Low,3.0,4,No,Mobile Phone,Credit Card,5.0,2,142.4,Hibernating,2,2,2,Standard Loyalty Nurture
52176,25.84,Low,18.0,1,No,Fashion,Debit Card,14.0,4,207.9,At Risk,1,4,4,Standard Loyalty Nurture
53057,25.84,Low,9.0,5,No,Fashion,Debit Card,5.0,3,168.81,At Risk,2,3,3,Standard Loyalty Nurture
54759,25.84,Low,6.0,3,No,Laptop & Accessory,E wallet,0.0,3,72.29,Loyal Customers,5,4,1,Standard Loyalty Nurture
51050,25.82,Low,0.0,5,No,Fashion,Debit Card,2.0,1,115.68,Potential Loyalist,4,1,1,Standard Loyalty Nurture
52994,25.82,Low,5.0,5,No,Fashion,E wallet,13.0,6,152.72,At Risk,1,5,2,Standard Loyalty Nurture
53977,25.82,Low,5.0,3,No,Mobile Phone,Debit Card,2.0,2,105.3,Potential Loyalist,4,2,1,Standard Loyalty Nurture
55448,25.82,Low,10.0,4,No,Laptop & Accessory,Credit Card,16.0,2,175.38,At Risk,1,3,3,Standard Loyalty Nurture
50482,25.81,Low,12.0,1,No,Others,COD,12.0,3,146.87,At Risk,1,3,2,Standard Loyalty Nurture
50903,25.81,Low,2.0,1,No,Fashion,Debit Card,1.0,1,205.64,Potential Loyalist,5,1,4,Standard Loyalty Nurture
55576,25.81,Low,1.0,5,No,Laptop & Accessory,E wallet,1.0,9,194.83,Champions,4,5,4,Standard Loyalty Nurture
50170,25.8,Low,9.0,3,No,Laptop & Accessory,E wallet,2.0,1,242.33,Potential Loyalist,4,1,5,Standard Loyalty Nurture
50452,25.8,Low,8.0,4,No,Fashion,Debit Card,2.0,7,192.37,Champions,4,5,4,Standard Loyalty Nurture
53789,25.79,Low,1.0,3,No,Fashion,E wallet,2.0,5,153.78,Loyal Customers,4,5,2,Standard Loyalty Nurture
50369,25.77,Low,2.0,2,No,Fashion,Debit Card,0.0,4,203.22,Champions,5,4,4,Standard Loyalty Nurture
50120,25.76,Low,8.0,2,No,Mobile Phone,Credit Card,3.0,3,238.78,Loyal Customers,3,3,5,Standard Loyalty Nurture
50566,25.76,Low,9.0,5,No,Mobile Phone,Debit Card,11.0,6,146.74,At Risk,1,5,2,Standard Loyalty Nurture
51622,25.76,Low,1.0,5,No,Mobile Phone,Debit Card,1.0,4,181.07,Loyal Customers,5,4,3,Standard Loyalty Nurture
52574,25.75,Low,6.0,5,No,Laptop & Accessory,Debit Card,19.0,5,260.26,At Risk,1,5,5,Standard Loyalty Nurture
52664,25.73,Low,11.0,4,No,Fashion,Credit Card,7.0,2,192.01,Need Attention,2,2,4,Standard Loyalty Nurture
53801,25.73,Low,4.0,4,No,Mobile Phone,COD,1.0,5,196.59,Champions,4,5,4,Standard Loyalty Nurture
50028,25.72,Low,7.0,2,No,Mobile Phone,Credit Card,5.0,3,242.89,Loyal Customers,3,3,5,Standard Loyalty Nurture
50240,25.72,Low,2.0,1,No,Laptop & Accessory,COD,9.0,5,252.4,At Risk,1,5,5,Standard Loyalty Nurture
50266,25.71,Low,14.0,2,No,Fashion,Debit Card,0.0,6,201.78,Champions,5,5,4,Standard Loyalty Nurture
51509,25.71,Low,9.0,5,No,Laptop & Accessory,Credit Card,7.0,2,234.56,Need Attention,2,2,5,Standard Loyalty Nurture
54456,25.71,Low,1.0,4,No,Others,Debit Card,13.0,7,234.56,At Risk,1,5,5,Standard Loyalty Nurture
54953,25.71,Low,5.0,2,No,Mobile Phone,Debit Card,0.0,4,163.82,Loyal Customers,5,4,2,Standard Loyalty Nurture
50382,25.69,Low,12.0,1,No,Fashion,E wallet,3.0,2,129.56,Potential Loyalist,3,2,1,Standard Loyalty Nurture
55510,25.67,Low,6.0,3,No,Laptop & Accessory,COD,7.0,3,184.84,At Risk,2,4,3,Standard Loyalty Nurture
53765,25.66,Low,7.0,1,No,Laptop & Accessory,Debit Card,1.0,2,223.47,Potential Loyalist,4,2,5,Standard Loyalty Nurture
51213,25.65,Low,2.0,4,No,Fashion,Debit Card,0.0,2,157.65,Potential Loyalist,5,2,2,Standard Loyalty Nurture
50058,25.64,Low,2.0,4,No,Laptop & Accessory,Debit Card,0.0,2,130.82,Potential Loyalist,5,1,1,Standard Loyalty Nurture
53441,25.64,Low,4.0,3,No,Mobile Phone,Debit Card,1.0,6,220.72,Champions,4,5,5,Standard Loyalty Nurture
51685,25.62,Low,1.0,4,No,Grocery,Credit Card,11.0,3,223.74,At Risk,1,3,5,Standard Loyalty Nurture
50445,25.61,Low,17.0,5,Yes (Active Ticket),Fashion,Credit Card,2.0,3,206.51,Loyal Customers,4,3,4,Standard Loyalty Nurture
54699,25.6,Low,1.0,1,No,Laptop & Accessory,Credit Card,1.0,2,197.62,Potential Loyalist,4,2,4,Standard Loyalty Nurture
55159,25.6,Low,6.0,1,No,Grocery,Credit Card,2.0,5,167.91,Loyal Customers,4,5,3,Standard Loyalty Nurture
52829,25.59,Low,6.0,3,No,Laptop & Accessory,Credit Card,1.0,2,143.34,Potential Loyalist,5,2,2,Standard Loyalty Nurture
53506,25.59,Low,10.0,5,Yes (Active Ticket),Laptop & Accessory,COD,2.0,8,151.92,Loyal Customers,4,5,2,Standard Loyalty Nurture
53876,25.59,Low,5.0,4,No,Mobile Phone,E wallet,3.0,3,179.75,Loyal Customers,3,3,3,Standard Loyalty Nurture
54383,25.59,Low,9.0,4,No,Mobile Phone,Credit Card,6.0,1,187.5,Promising,2,1,3,Standard Loyalty Nurture
54983,25.59,Low,11.0,5,No,Laptop & Accessory,Debit Card,8.0,4,178.73,At Risk,1,4,3,Standard Loyalty Nurture
52293,25.58,Low,2.0,4,No,Laptop & Accessory,Debit Card,4.0,2,252.79,Potential Loyalist,3,2,5,Standard Loyalty Nurture
54362,25.58,Low,9.0,4,No,Laptop & Accessory,Credit Card,5.0,2,103.1,Hibernating,2,2,1,Standard Loyalty Nurture
55272,25.58,Low,1.0,3,No,Fashion,Credit Card,1.0,3,220.73,Champions,4,4,5,Standard Loyalty Nurture
50627,25.56,Low,6.0,4,No,Fashion,Credit Card,4.0,2,127.94,Potential Loyalist,3,2,1,Standard Loyalty Nurture
51135,25.56,Low,11.0,3,No,Mobile Phone,Debit Card,5.0,1,172.58,Promising,2,1,3,Standard Loyalty Nurture
53600,25.55,Low,11.0,2,No,Mobile Phone,Debit Card,4.0,2,174.57,Potential Loyalist,3,2,3,Standard Loyalty Nurture
54483,25.52,Low,8.0,3,No,Laptop & Accessory,Credit Card,3.0,4,194.44,Loyal Customers,3,4,4,Standard Loyalty Nurture
55581,25.52,Low,0.0,4,No,Laptop & Accessory,E wallet,1.0,4,136.56,Loyal Customers,4,5,2,Standard Loyalty Nurture
52467,25.51,Low,5.0,3,No,Laptop & Accessory,Debit Card,4.0,4,152.59,Loyal Customers,3,4,2,Standard Loyalty Nurture
54653,25.48,Low,6.0,5,No,Grocery,Credit Card,1.0,2,186.43,Potential Loyalist,4,2,3,Standard Loyalty Nurture
53185,25.47,Low,7.0,4,No,Grocery,Credit Card,6.0,5,168.04,At Risk,2,5,3,Standard Loyalty Nurture
52056,25.46,Low,11.0,3,Yes (Active Ticket),Fashion,E wallet,4.0,5,123.95,Loyal Customers,3,5,1,Standard Loyalty Nurture
55176,25.44,Low,17.0,5,Yes (Active Ticket),Laptop & Accessory,Credit Card,8.0,5,239.24,At Risk,1,5,5,Standard Loyalty Nurture
52353,25.42,Low,9.0,4,No,Fashion,Debit Card,6.0,1,108.59,Hibernating,2,1,1,Standard Loyalty Nurture
50011,25.41,Low,0.0,4,No,Laptop & Accessory,Debit Card,4.0,3,186.57,Loyal Customers,3,3,3,Standard Loyalty Nurture
50517,25.4,Low,5.0,3,No,Others,Debit Card,2.0,5,214.08,Champions,4,5,4,Standard Loyalty Nurture
52975,25.39,Low,5.0,3,No,Mobile Phone,Credit Card,2.0,1,168.11,Potential Loyalist,4,1,3,Standard Loyalty Nurture
55504,25.37,Low,7.0,4,No,Laptop & Accessory,Debit Card,7.0,4,195.97,At Risk,2,4,4,Standard Loyalty Nurture
50339,25.36,Low,6.0,1,No,Grocery,E wallet,3.0,4,279.08,Loyal Customers,3,4,5,Standard Loyalty Nurture
52285,25.36,Low,2.0,5,No,Mobile Phone,Credit Card,4.0,1,180.21,Potential Loyalist,3,1,3,Standard Loyalty Nurture
50426,25.35,Low,8.0,5,No,Grocery,Debit Card,4.0,4,133.67,Loyal Customers,3,4,1,Standard Loyalty Nurture
52224,25.35,Low,3.0,1,No,Mobile Phone,Credit Card,10.0,2,219.24,Need Attention,1,2,5,Standard Loyalty Nurture
54455,25.35,Low,20.0,2,Yes (Active Ticket),Grocery,UPI,0.0,1,66.13,Potential Loyalist,5,1,1,Standard Loyalty Nurture
55067,25.35,Low,6.0,4,No,Grocery,UPI,5.0,1,158.39,Hibernating,2,1,2,Standard Loyalty Nurture
51461,25.34,Low,5.0,3,No,Laptop & Accessory,E wallet,3.0,7,82.15,Loyal Customers,3,5,1,Standard Loyalty Nurture
50480,25.32,Low,7.0,3,No,Mobile Phone,UPI,0.0,3,165.09,Loyal Customers,5,3,3,Standard Loyalty Nurture
52618,25.32,Low,3.0,1,No,Grocery,Credit Card,0.0,3,211.0,Loyal Customers,5,3,4,Standard Loyalty Nurture
52852,25.32,Low,3.0,4,No,Laptop & Accessory,Credit Card,2.0,2,162.14,Potential Loyalist,4,2,2,Standard Loyalty Nurture
50363,25.31,Low,6.0,3,No,Grocery,Debit Card,1.0,5,256.3,Champions,5,5,5,Standard Loyalty Nurture
54350,25.31,Low,10.0,5,No,Laptop & Accessory,Credit Card,4.0,2,105.62,Potential Loyalist,3,2,1,Standard Loyalty Nurture
52541,25.28,Low,11.0,3,No,Laptop & Accessory,Debit Card,1.0,6,201.84,Champions,5,5,4,Standard Loyalty Nurture
52819,25.28,Low,0.0,2,No,Laptop & Accessory,Credit Card,3.0,3,226.13,Loyal Customers,3,3,5,Standard Loyalty Nurture
54358,25.28,Low,10.0,1,No,Mobile Phone,Credit Card,3.0,3,147.97,Loyal Customers,3,3,2,Standard Loyalty Nurture
54735,25.28,Low,6.0,1,No,Laptop & Accessory,Debit Card,1.0,6,140.24,Loyal Customers,4,5,2,Standard Loyalty Nurture
52120,25.27,Low,21.0,2,Yes (Active Ticket),Others,Credit Card,2.0,6,253.96,Champions,4,5,5,Standard Loyalty Nurture
55019,25.27,Low,8.0,5,No,Fashion,UPI,7.0,2,153.45,Hibernating,2,2,2,Standard Loyalty Nurture
54533,25.26,Low,3.0,5,No,Fashion,Debit Card,11.0,9,210.7,At Risk,1,5,4,Standard Loyalty Nurture
50252,25.24,Low,5.0,2,No,Laptop & Accessory,Debit Card,4.0,2,236.58,Potential Loyalist,3,2,5,Standard Loyalty Nurture
52979,25.24,Low,12.0,3,No,Mobile Phone,Debit Card,11.0,2,172.95,Need Attention,1,2,3,Standard Loyalty Nurture
53891,25.24,Low,14.0,2,Yes (Active Ticket),Laptop & Accessory,Debit Card,7.0,3,152.23,At Risk,2,3,2,Standard Loyalty Nurture
51766,25.23,Low,4.0,4,No,Fashion,E wallet,7.0,5,123.38,At Risk,2,5,1,Standard Loyalty Nurture
54868,25.23,Low,2.0,3,No,Fashion,Debit Card,3.0,2,185.26,Potential Loyalist,3,2,3,Standard Loyalty Nurture
51557,25.22,Low,9.0,1,No,Grocery,Credit Card,5.0,2,206.24,Need Attention,2,2,4,Standard Loyalty Nurture
52043,25.19,Low,7.0,4,No,Laptop & Accessory,Credit Card,12.0,3,260.9,At Risk,1,3,5,Standard Loyalty Nurture
52123,25.19,Low,34.0,2,No,Fashion,E wallet,26.0,3,102.53,At Risk,1,3,1,Standard Loyalty Nurture
54918,25.19,Low,5.0,4,No,Fashion,Debit Card,7.0,4,231.08,At Risk,2,4,5,Standard Loyalty Nurture
52635,25.18,Low,12.0,2,No,Laptop & Accessory,Debit Card,1.0,5,115.49,Loyal Customers,5,5,1,Standard Loyalty Nurture
53110,25.16,Low,10.0,2,Yes (Active Ticket),Laptop & Accessory,Debit Card,3.0,6,250.58,Loyal Customers,3,5,5,Standard Loyalty Nurture
55115,25.14,Low,3.0,4,No,Mobile Phone,Credit Card,2.0,4,161.77,Loyal Customers,4,4,2,Standard Loyalty Nurture
53774,25.13,Low,13.0,5,Yes (Active Ticket),Fashion,COD,1.0,1,152.93,Potential Loyalist,4,1,2,Standard Loyalty Nurture
54748,25.13,Low,0.0,4,No,Fashion,Credit Card,0.0,3,111.41,Loyal Customers,5,4,1,Standard Loyalty Nurture
54186,25.11,Low,10.0,4,No,Fashion,E wallet,6.0,2,177.28,Need Attention,2,2,3,Standard Loyalty Nurture
51087,25.1,Low,10.0,3,No,Mobile Phone,E wallet,5.0,6,272.24,At Risk,2,5,5,Standard Loyalty Nurture
50715,25.09,Low,4.0,2,No,Fashion,Credit Card,7.0,7,117.69,At Risk,2,5,1,Standard Loyalty Nurture
52436,25.09,Low,5.0,4,No,Fashion,Debit Card,11.0,2,193.96,Need Attention,1,2,4,Standard Loyalty Nurture
54928,25.09,Low,3.0,3,No,Laptop & Accessory,UPI,5.0,2,186.93,Need Attention,2,2,3,Standard Loyalty Nurture
53560,25.07,Low,6.0,5,No,Fashion,Debit Card,3.0,5,118.94,Loyal Customers,3,5,1,Standard Loyalty Nurture
50036,25.06,Low,17.0,5,Yes (Active Ticket),Laptop & Accessory,Debit Card,3.0,3,176.99,Loyal Customers,4,3,3,Standard Loyalty Nurture
53284,25.06,Low,21.0,3,Yes (Active Ticket),Laptop & Accessory,Credit Card,0.0,8,171.42,Loyal Customers,5,5,3,Standard Loyalty Nurture
54745,25.06,Low,3.0,4,No,Laptop & Accessory,E wallet,4.0,3,190.75,Loyal Customers,3,4,4,Standard Loyalty Nurture
55381,25.06,Low,3.0,5,No,Mobile Phone,Debit Card,7.0,1,188.79,Promising,2,1,4,Standard Loyalty Nurture
53414,25.05,Low,4.0,3,No,Fashion,E wallet,0.0,4,162.86,Loyal Customers,5,4,2,Standard Loyalty Nurture
52182,25.04,Low,2.0,3,No,Laptop & Accessory,Credit Card,2.0,3,211.08,Loyal Customers,4,3,4,Standard Loyalty Nurture
50047,25.02,Low,4.0,3,No,Fashion,Debit Card,1.0,2,140.15,Potential Loyalist,5,1,2,Standard Loyalty Nurture
54884,25.02,Low,2.0,5,No,Mobile Phone,Credit Card,3.0,1,218.62,Potential Loyalist,3,1,5,Standard Loyalty Nurture
54822,25.0,Low,3.0,5,No,Fashion,E wallet,4.0,1,177.1,Potential Loyalist,3,1,3,Standard Loyalty Nurture
51380,24.99,Low,9.0,3,No,Others,E wallet,1.0,4,89.62,Loyal Customers,5,4,1,Standard Loyalty Nurture
50709,24.98,Low,3.0,5,No,Laptop & Accessory,E wallet,13.0,2,179.07,Need Attention,1,2,3,Standard Loyalty Nurture
55262,24.98,Low,18.0,2,Yes (Active Ticket),Fashion,Debit Card,3.0,1,98.73,Potential Loyalist,3,1,1,Standard Loyalty Nurture
51057,24.97,Low,15.0,3,Yes (Active Ticket),Laptop & Accessory,Credit Card,2.0,3,155.51,Loyal Customers,4,3,2,Standard Loyalty Nurture
54823,24.97,Low,5.0,5,No,Fashion,Debit Card,14.0,1,220.59,Promising,1,1,5,Standard Loyalty Nurture
51586,24.95,Low,1.0,1,No,Others,COD,12.0,3,237.05,At Risk,1,3,5,Standard Loyalty Nurture
54681,24.95,Low,3.0,3,No,Fashion,COD,3.0,3,171.99,Loyal Customers,3,3,3,Standard Loyalty Nurture
54763,24.95,Low,14.0,2,Yes (Active Ticket),Mobile Phone,Credit Card,10.0,2,227.85,Need Attention,1,2,5,Standard Loyalty Nurture
54048,24.94,Low,8.0,4,Yes (Active Ticket),Laptop & Accessory,Credit Card,1.0,5,192.3,Champions,4,5,4,Standard Loyalty Nurture
55619,24.94,Low,8.0,1,No,Laptop & Accessory,UPI,1.0,2,148.46,Loyal Customers,4,3,2,Standard Loyalty Nurture
55414,24.93,Low,1.0,2,No,Fashion,Credit Card,1.0,4,219.56,Champions,4,4,5,Standard Loyalty Nurture
53997,24.91,Low,4.0,5,No,Mobile Phone,E wallet,2.0,3,74.86,Loyal Customers,4,3,1,Standard Loyalty Nurture
55027,24.9,Low,3.0,3,No,Fashion,E wallet,2.0,4,172.61,Loyal Customers,4,4,3,Standard Loyalty Nurture
50606,24.89,Low,6.0,2,No,Others,E wallet,0.0,3,158.96,Loyal Customers,5,3,2,Standard Loyalty Nurture
53870,24.89,Low,1.0,3,No,Fashion,E wallet,1.0,3,168.71,Loyal Customers,4,3,3,Standard Loyalty Nurture
50064,24.88,Low,4.0,4,No,Fashion,E wallet,11.0,4,146.6,At Risk,1,4,2,Standard Loyalty Nurture
54876,24.88,Low,10.0,4,No,Mobile Phone,Debit Card,1.0,1,80.94,Potential Loyalist,4,1,1,Standard Loyalty Nurture
50589,24.87,Low,1.0,3,No,Grocery,Debit Card,5.0,2,219.63,Need Attention,2,2,5,Standard Loyalty Nurture
50909,24.86,Low,3.0,5,No,Grocery,Credit Card,2.0,3,113.06,Loyal Customers,4,3,1,Standard Loyalty Nurture
52559,24.86,Low,1.0,4,No,Mobile Phone,COD,3.0,1,157.71,Potential Loyalist,3,1,2,Standard Loyalty Nurture
50080,24.85,Low,1.0,5,No,Fashion,E wallet,5.0,4,139.54,Loyal Customers,3,4,2,Standard Loyalty Nurture
54732,24.85,Low,1.0,3,No,Mobile Phone,COD,0.0,4,249.68,Champions,5,4,5,Standard Loyalty Nurture
50394,24.84,Low,15.0,3,Yes (Active Ticket),Fashion,E wallet,1.0,2,144.78,Potential Loyalist,5,2,2,Standard Loyalty Nurture
54904,24.84,Low,4.0,5,No,Laptop & Accessory,Credit Card,5.0,3,166.04,At Risk,2,4,3,Standard Loyalty Nurture
50068,24.83,Low,16.0,3,No,Fashion,COD,17.0,3,130.3,At Risk,1,3,1,Standard Loyalty Nurture
53569,24.82,Low,15.0,2,No,Laptop & Accessory,Debit Card,6.0,4,325.0,At Risk,2,4,5,Standard Loyalty Nurture
53763,24.82,Low,8.0,5,No,Laptop & Accessory,Credit Card,1.0,4,178.62,Loyal Customers,4,4,3,Standard Loyalty Nurture
50251,24.81,Low,3.0,3,No,Grocery,E wallet,0.0,1,314.92,Potential Loyalist,5,1,5,Standard Loyalty Nurture
50505,24.81,Low,12.0,2,No,Mobile Phone,Credit Card,9.0,5,135.55,At Risk,1,5,2,Standard Loyalty Nurture
52155,24.8,Low,1.0,5,No,Laptop & Accessory,UPI,2.0,1,192.81,Potential Loyalist,4,1,4,Standard Loyalty Nurture
54826,24.79,Low,2.0,3,No,Mobile Phone,E wallet,3.0,4,154.62,Loyal Customers,3,4,2,Standard Loyalty Nurture
50620,24.78,Low,14.0,5,Yes (Active Ticket),Mobile Phone,Debit Card,1.0,3,227.89,Loyal Customers,5,3,5,Standard Loyalty Nurture
51657,24.78,Low,8.0,4,No,Mobile Phone,Credit Card,6.0,1,74.16,Hibernating,2,1,1,Standard Loyalty Nurture
51888,24.78,Low,3.0,5,No,Grocery,Debit Card,4.0,1,194.19,Potential Loyalist,3,1,4,Standard Loyalty Nurture
51965,24.78,Low,8.0,5,No,Laptop & Accessory,Credit Card,14.0,2,242.33,Need Attention,1,2,5,Standard Loyalty Nurture
53117,24.78,Low,13.0,3,Yes (Active Ticket),Fashion,Credit Card,0.0,3,139.44,Loyal Customers,5,3,2,Standard Loyalty Nurture
53186,24.78,Low,8.0,5,No,Mobile Phone,Debit Card,14.0,4,186.19,At Risk,1,4,3,Standard Loyalty Nurture
51579,24.77,Low,9.0,2,No,Mobile Phone,Credit Card,3.0,1,187.08,Potential Loyalist,3,1,3,Standard Loyalty Nurture
52496,24.77,Low,7.0,2,No,Grocery,E wallet,1.0,2,211.62,Potential Loyalist,5,2,4,Standard Loyalty Nurture
53427,24.77,Low,8.0,3,No,Fashion,E wallet,1.0,5,155.38,Loyal Customers,4,5,2,Standard Loyalty Nurture
54787,24.76,Low,21.0,3,Yes (Active Ticket),Mobile Phone,E wallet,3.0,3,107.5,Loyal Customers,3,4,1,Standard Loyalty Nurture
51704,24.74,Low,7.0,5,No,Fashion,Debit Card,0.0,1,200.88,Potential Loyalist,5,1,4,Standard Loyalty Nurture
52514,24.74,Low,7.0,1,No,Mobile Phone,Debit Card,1.0,2,236.17,Potential Loyalist,5,2,5,Standard Loyalty Nurture
53908,24.74,Low,4.0,4,No,Fashion,Credit Card,2.0,3,144.77,Loyal Customers,4,3,2,Standard Loyalty Nurture
55474,24.73,Low,12.0,3,Yes (Active Ticket),Mobile Phone,Debit Card,2.0,6,249.39,Champions,4,5,5,Standard Loyalty Nurture
50835,24.72,Low,7.0,1,No,Fashion,Debit Card,10.0,4,196.19,At Risk,1,4,4,Standard Loyalty Nurture
51269,24.72,Low,9.0,1,No,Laptop & Accessory,Debit Card,2.0,2,242.49,Potential Loyalist,4,2,5,Standard Loyalty Nurture
53188,24.72,Low,4.0,5,No,Fashion,Debit Card,3.0,7,142.71,Loyal Customers,3,5,2,Standard Loyalty Nurture
55310,24.72,Low,22.0,1,Yes (Active Ticket),Laptop & Accessory,Debit Card,1.0,3,108.84,Loyal Customers,4,4,1,Standard Loyalty Nurture
50687,24.71,Low,8.0,3,No,Grocery,COD,9.0,6,179.19,At Risk,1,5,3,Standard Loyalty Nurture
53449,24.71,Low,9.0,3,No,Mobile Phone,Debit Card,5.0,4,214.74,At Risk,2,4,4,Standard Loyalty Nurture
54282,24.71,Low,13.0,3,Yes (Active Ticket),Laptop & Accessory,Debit Card,4.0,1,215.8,Potential Loyalist,3,1,4,Standard Loyalty Nurture
50590,24.7,Low,2.0,3,No,Fashion,Debit Card,3.0,3,230.39,Loyal Customers,3,3,5,Standard Loyalty Nurture
55457,24.7,Low,5.0,3,No,Mobile Phone,Credit Card,3.0,4,145.02,Loyal Customers,3,4,2,Standard Loyalty Nurture
50703,24.69,Low,4.0,5,No,Others,Credit Card,0.0,1,163.14,Potential Loyalist,5,1,2,Standard Loyalty Nurture
51437,24.69,Low,4.0,2,No,Mobile Phone,Debit Card,10.0,4,187.19,At Risk,1,4,3,Standard Loyalty Nurture
53407,24.69,Low,20.0,1,Yes (Active Ticket),Fashion,Debit Card,5.0,1,76.58,Hibernating,2,1,1,Standard Loyalty Nurture
50594,24.68,Low,4.0,4,No,Mobile Phone,Debit Card,5.0,6,188.19,At Risk,2,5,3,Standard Loyalty Nurture
55455,24.66,Low,12.0,2,No,Laptop & Accessory,Credit Card,6.0,4,162.65,At Risk,2,4,2,Standard Loyalty Nurture
52841,24.65,Low,5.0,5,No,Mobile Phone,Debit Card,6.0,4,212.27,At Risk,2,4,4,Standard Loyalty Nurture
54613,24.65,Low,7.0,3,No,Mobile Phone,Debit Card,3.0,3,160.88,Loyal Customers,3,3,2,Standard Loyalty Nurture
50511,24.63,Low,10.0,4,Yes (Active Ticket),Mobile Phone,Debit Card,2.0,4,201.75,Champions,4,4,4,Standard Loyalty Nurture
55368,24.63,Low,5.0,3,No,Laptop & Accessory,Debit Card,1.0,4,186.33,Loyal Customers,4,4,3,Standard Loyalty Nurture
51817,24.62,Low,4.0,5,No,Fashion,Debit Card,5.0,2,186.69,Need Attention,2,2,3,Standard Loyalty Nurture
55254,24.62,Low,1.0,2,No,Laptop & Accessory,Debit Card,0.0,3,242.56,Champions,5,4,5,Standard Loyalty Nurture
51870,24.61,Low,13.0,3,Yes (Active Ticket),Mobile Phone,Debit Card,8.0,1,165.51,Promising,2,1,3,Standard Loyalty Nurture
53534,24.61,Low,4.0,3,No,Mobile Phone,Credit Card,1.0,2,269.1,Potential Loyalist,4,2,5,Standard Loyalty Nurture
50577,24.6,Low,2.0,2,No,Mobile Phone,Credit Card,3.0,1,212.43,Potential Loyalist,3,1,4,Standard Loyalty Nurture
51920,24.6,Low,5.0,2,No,Laptop & Accessory,COD,0.0,3,198.01,Loyal Customers,5,3,4,Standard Loyalty Nurture
55250,24.6,Low,6.0,3,No,Mobile Phone,Credit Card,3.0,3,258.22,Loyal Customers,3,4,5,Standard Loyalty Nurture
51829,24.58,Low,16.0,4,No,Mobile Phone,Debit Card,37.0,3,250.38,At Risk,1,3,5,Standard Loyalty Nurture
54206,24.58,Low,7.0,1,No,Laptop & Accessory,E wallet,3.0,5,137.53,Loyal Customers,3,5,2,Standard Loyalty Nurture
50683,24.56,Low,2.0,5,Yes (Active Ticket),Laptop & Accessory,E wallet,2.0,2,157.55,Potential Loyalist,4,2,2,Standard Loyalty Nurture
53390,24.56,Low,11.0,1,No,Mobile Phone,UPI,0.0,1,173.05,Potential Loyalist,5,1,3,Standard Loyalty Nurture
54952,24.56,Low,1.0,4,No,Laptop & Accessory,Debit Card,2.0,3,146.68,Loyal Customers,4,4,2,Standard Loyalty Nurture
54522,24.55,Low,9.0,4,No,Fashion,Credit Card,6.0,1,161.72,Hibernating,2,1,2,Standard Loyalty Nurture
52242,24.54,Low,0.0,4,No,Mobile Phone,Debit Card,3.0,1,154.4,Potential Loyalist,3,1,2,Standard Loyalty Nurture
52644,24.54,Low,10.0,4,No,Laptop & Accessory,E wallet,5.0,6,168.62,At Risk,2,5,3,Standard Loyalty Nurture
54813,24.54,Low,0.0,2,No,Laptop & Accessory,Debit Card,10.0,4,225.02,At Risk,1,4,5,Standard Loyalty Nurture
52550,24.52,Low,1.0,2,No,Mobile Phone,Debit Card,7.0,4,312.05,At Risk,2,4,5,Standard Loyalty Nurture
53213,24.52,Low,2.0,4,No,Laptop & Accessory,E wallet,4.0,2,182.86,Potential Loyalist,3,2,3,Standard Loyalty Nurture
50059,24.5,Low,0.0,3,No,Mobile Phone,Credit Card,1.0,2,112.37,Potential Loyalist,5,1,1,Standard Loyalty Nurture
51333,24.5,Low,3.0,3,No,Laptop & Accessory,UPI,6.0,4,258.11,At Risk,2,4,5,Standard Loyalty Nurture
50126,24.49,Low,6.0,5,No,Laptop & Accessory,Debit Card,4.0,1,171.09,Potential Loyalist,3,1,3,Standard Loyalty Nurture
51391,24.49,Low,3.0,2,No,Mobile Phone,Credit Card,1.0,4,179.83,Loyal Customers,5,4,3,Standard Loyalty Nurture
55652,24.49,Low,0.0,5,No,Fashion,Debit Card,2.0,4,206.38,Champions,4,5,4,Standard Loyalty Nurture
54595,24.48,Low,6.0,4,No,Laptop & Accessory,Debit Card,6.0,4,212.02,At Risk,2,4,4,Standard Loyalty Nurture
52757,24.47,Low,6.0,3,No,Fashion,Debit Card,1.0,1,215.28,Potential Loyalist,5,1,4,Standard Loyalty Nurture
52540,24.46,Low,15.0,2,No,Laptop & Accessory,Debit Card,1.0,1,179.11,Potential Loyalist,5,1,3,Standard Loyalty Nurture
52825,24.46,Low,4.0,2,No,Others,Credit Card,1.0,3,157.93,Loyal Customers,5,3,2,Standard Loyalty Nurture
54529,24.46,Low,8.0,1,No,Laptop & Accessory,Credit Card,3.0,1,249.84,Potential Loyalist,3,1,5,Standard Loyalty Nurture
50173,24.45,Low,7.0,4,No,Laptop & Accessory,Credit Card,1.0,1,164.37,Potential Loyalist,5,1,3,Standard Loyalty Nurture
51109,24.44,Low,12.0,3,No,Grocery,Credit Card,16.0,5,102.58,At Risk,1,5,1,Standard Loyalty Nurture
52958,24.44,Low,20.0,1,Yes (Active Ticket),Others,Credit Card,1.0,3,201.24,Loyal Customers,5,3,4,Standard Loyalty Nurture
52735,24.4,Low,29.0,3,No,Others,Debit Card,13.0,2,289.78,Need Attention,1,2,5,Standard Loyalty Nurture
55377,24.4,Low,9.0,2,No,Laptop & Accessory,Credit Card,7.0,1,187.13,Promising,2,1,3,Standard Loyalty Nurture
54166,24.39,Low,5.0,3,No,Laptop & Accessory,UPI,5.0,3,204.79,At Risk,2,3,4,Standard Loyalty Nurture
53028,24.38,Low,10.0,4,No,Others,Debit Card,1.0,2,109.07,Potential Loyalist,5,2,1,Standard Loyalty Nurture
50825,24.37,Low,8.0,4,No,Laptop & Accessory,Debit Card,1.0,4,108.94,Loyal Customers,5,4,1,Standard Loyalty Nurture
53215,24.36,Low,3.0,1,No,Laptop & Accessory,Debit Card,0.0,1,214.2,Potential Loyalist,5,1,4,Standard Loyalty Nurture
51011,24.34,Low,3.0,3,No,Laptop & Accessory,Credit Card,4.0,5,198.78,Loyal Customers,3,5,4,Standard Loyalty Nurture
51433,24.34,Low,7.0,2,No,Mobile Phone,E wallet,1.0,2,178.01,Potential Loyalist,5,2,3,Standard Loyalty Nurture
51445,24.34,Low,20.0,5,Yes (Active Ticket),Laptop & Accessory,Debit Card,6.0,2,137.77,Hibernating,2,2,2,Standard Loyalty Nurture
53140,24.34,Low,1.0,4,No,Laptop & Accessory,Debit Card,6.0,5,202.89,At Risk,2,5,4,Standard Loyalty Nurture
50356,24.33,Low,10.0,3,No,Mobile Phone,Debit Card,0.0,2,163.9,Potential Loyalist,5,2,3,Standard Loyalty Nurture
50853,24.32,Low,2.0,2,No,Laptop & Accessory,Debit Card,0.0,3,306.62,Loyal Customers,5,3,5,Standard Loyalty Nurture
51690,24.31,Low,14.0,3,Yes (Active Ticket),Laptop & Accessory,Debit Card,3.0,4,236.33,Loyal Customers,3,4,5,Standard Loyalty Nurture
52333,24.31,Low,9.0,4,No,Grocery,COD,4.0,1,167.11,Potential Loyalist,3,1,3,Standard Loyalty Nurture
52093,24.28,Low,2.0,5,No,Fashion,UPI,0.0,4,216.51,Champions,5,4,4,Standard Loyalty Nurture
51542,24.26,Low,1.0,2,No,Fashion,UPI,13.0,5,212.36,At Risk,1,5,4,Standard Loyalty Nurture
55303,24.26,Low,14.0,3,Yes (Active Ticket),Mobile Phone,Credit Card,4.0,4,203.35,Loyal Customers,3,4,4,Standard Loyalty Nurture
51846,24.25,Low,3.0,1,No,Fashion,Debit Card,0.0,1,206.97,Potential Loyalist,5,1,4,Standard Loyalty Nurture
52753,24.25,Low,3.0,3,No,Mobile Phone,Debit Card,8.0,5,290.59,At Risk,2,5,5,Standard Loyalty Nurture
53075,24.23,Low,9.0,3,No,Fashion,Credit Card,0.0,1,201.24,Potential Loyalist,5,1,4,Standard Loyalty Nurture
54682,24.23,Low,3.0,5,No,Grocery,COD,7.0,4,223.99,At Risk,2,4,5,Standard Loyalty Nurture
51066,24.21,Low,13.0,4,Yes (Active Ticket),Others,E wallet,9.0,2,159.02,Hibernating,1,2,2,Standard Loyalty Nurture
53024,24.21,Low,4.0,2,No,Laptop & Accessory,E wallet,6.0,3,194.24,At Risk,2,3,4,Standard Loyalty Nurture
54976,24.21,Low,6.0,3,No,Laptop & Accessory,Debit Card,6.0,3,244.05,At Risk,2,4,5,Standard Loyalty Nurture
52369,24.2,Low,4.0,4,No,Laptop & Accessory,Credit Card,6.0,6,232.58,At Risk,2,5,5,Standard Loyalty Nurture
51014,24.19,Low,0.0,1,No,Others,UPI,12.0,1,233.28,Promising,1,1,5,Standard Loyalty Nurture
52391,24.19,Low,5.0,3,No,Mobile Phone,Debit Card,0.0,4,163.6,Loyal Customers,5,4,2,Standard Loyalty Nurture
53851,24.19,Low,5.0,5,No,Laptop & Accessory,Credit Card,3.0,1,182.31,Potential Loyalist,3,1,3,Standard Loyalty Nurture
54750,24.19,Low,16.0,4,Yes (Active Ticket),Laptop & Accessory,E wallet,2.0,2,132.6,Potential Loyalist,4,2,1,Standard Loyalty Nurture
53205,24.18,Low,11.0,4,Yes (Active Ticket),Laptop & Accessory,Debit Card,1.0,1,171.85,Potential Loyalist,5,1,3,Standard Loyalty Nurture
53347,24.18,Low,3.0,1,No,Grocery,Debit Card,3.0,3,213.76,Loyal Customers,3,3,4,Standard Loyalty Nurture
53550,24.18,Low,8.0,3,No,Fashion,UPI,1.0,2,150.94,Potential Loyalist,4,2,2,Standard Loyalty Nurture
53785,24.18,Low,16.0,5,Yes (Active Ticket),Grocery,Credit Card,6.0,3,192.93,At Risk,2,3,4,Standard Loyalty Nurture
55419,24.18,Low,7.0,5,Yes (Active Ticket),Mobile Phone,Debit Card,0.0,3,222.96,Champions,5,4,5,Standard Loyalty Nurture
53945,24.17,Low,1.0,5,No,Laptop & Accessory,Debit Card,3.0,2,170.67,Potential Loyalist,3,2,3,Standard Loyalty Nurture
54104,24.17,Low,2.0,4,No,Others,Debit Card,6.0,3,226.99,At Risk,2,3,5,Standard Loyalty Nurture
51290,24.15,Low,1.0,4,No,Fashion,UPI,11.0,7,170.55,At Risk,1,5,3,Standard Loyalty Nurture
50473,24.13,Low,0.0,4,No,Mobile Phone,Debit Card,0.0,2,166.43,Potential Loyalist,5,2,3,Standard Loyalty Nurture
50766,24.13,Low,8.0,5,No,Mobile Phone,E wallet,6.0,3,197.15,At Risk,2,3,4,Standard Loyalty Nurture
53181,24.13,Low,1.0,4,No,Fashion,Debit Card,1.0,2,113.27,Potential Loyalist,5,2,1,Standard Loyalty Nurture
54019,24.13,Low,4.0,2,No,Laptop & Accessory,Credit Card,6.0,5,195.3,At Risk,2,5,4,Standard Loyalty Nurture
51678,24.12,Low,5.0,4,No,Grocery,Credit Card,1.0,3,80.48,Loyal Customers,5,3,1,Standard Loyalty Nurture
52598,24.12,Low,7.0,2,No,Laptop & Accessory,Credit Card,0.0,4,249.63,Champions,5,4,5,Standard Loyalty Nurture
52937,24.12,Low,15.0,3,Yes (Active Ticket),Mobile Phone,Debit Card,1.0,1,209.38,Potential Loyalist,5,1,4,Standard Loyalty Nurture
50234,24.1,Low,7.0,3,No,Laptop & Accessory,E wallet,2.0,6,160.16,Loyal Customers,4,5,2,Standard Loyalty Nurture
51701,24.1,Low,34.0,4,Yes (Active Ticket),Laptop & Accessory,Credit Card,18.0,3,136.29,At Risk,1,3,2,Standard Loyalty Nurture
52904,24.1,Low,5.0,3,No,Others,Credit Card,4.0,4,260.54,Loyal Customers,3,4,5,Standard Loyalty Nurture
53636,24.1,Low,7.0,4,No,Laptop & Accessory,COD,0.0,3,109.98,Loyal Customers,5,3,1,Standard Loyalty Nurture
51409,24.08,Low,9.0,3,No,Mobile Phone,UPI,2.0,1,195.02,Potential Loyalist,4,1,4,Standard Loyalty Nurture
50101,24.06,Low,0.0,4,No,Laptop & Accessory,Credit Card,12.0,3,195.87,At Risk,1,3,4,Standard Loyalty Nurture
52318,24.06,Low,5.0,4,Yes (Active Ticket),Mobile Phone,Credit Card,0.0,6,140.64,Loyal Customers,5,5,2,Standard Loyalty Nurture
51458,24.03,Low,11.0,4,No,Mobile Phone,Debit Card,10.0,4,165.73,At Risk,1,4,3,Standard Loyalty Nurture
51581,24.03,Low,3.0,5,No,Laptop & Accessory,Credit Card,11.0,4,171.62,At Risk,1,4,3,Standard Loyalty Nurture
54590,24.03,Low,13.0,5,Yes (Active Ticket),Laptop & Accessory,Debit Card,12.0,4,102.56,At Risk,1,4,1,Standard Loyalty Nurture
50609,24.02,Low,7.0,4,No,Mobile Phone,Debit Card,0.0,3,66.52,Loyal Customers,5,3,1,Standard Loyalty Nurture
52000,24.02,Low,3.0,4,No,Grocery,Debit Card,5.0,4,223.69,At Risk,2,4,5,Standard Loyalty Nurture
52283,24.02,Low,6.0,4,No,Laptop & Accessory,Debit Card,2.0,2,127.19,Potential Loyalist,4,2,1,Standard Loyalty Nurture
52668,24.02,Low,11.0,4,No,Laptop & Accessory,UPI,13.0,1,166.8,Promising,1,1,3,Standard Loyalty Nurture
52830,24.02,Low,0.0,3,No,Laptop & Accessory,Credit Card,9.0,8,197.9,At Risk,1,5,4,Standard Loyalty Nurture
53381,24.02,Low,5.0,3,No,Mobile Phone,Debit Card,1.0,2,221.15,Potential Loyalist,5,2,5,Standard Loyalty Nurture
53924,24.01,Low,3.0,4,No,Mobile Phone,Debit Card,9.0,2,304.71,Need Attention,1,2,5,Standard Loyalty Nurture
54554,24.01,Low,22.0,2,Yes (Active Ticket),Laptop & Accessory,Debit Card,0.0,7,174.18,Loyal Customers,5,5,3,Standard Loyalty Nurture
50177,24.0,Low,12.0,3,No,Mobile Phone,Credit Card,14.0,3,156.03,At Risk,1,3,2,Standard Loyalty Nurture
50359,23.98,Low,28.0,2,No,Fashion,Credit Card,16.0,3,154.23,At Risk,1,3,2,Standard Loyalty Nurture
50710,23.98,Low,11.0,2,No,Others,Credit Card,3.0,2,208.67,Potential Loyalist,3,2,4,Standard Loyalty Nurture
54219,23.98,Low,12.0,3,No,Laptop & Accessory,Debit Card,1.0,5,88.42,Loyal Customers,4,5,1,Standard Loyalty Nurture
55013,23.98,Low,8.0,5,No,Grocery,UPI,11.0,4,125.49,At Risk,1,4,1,Standard Loyalty Nurture
55286,23.98,Low,12.0,3,No,Fashion,Debit Card,22.0,4,270.51,At Risk,1,4,5,Standard Loyalty Nurture
55084,23.97,Low,3.0,2,No,Fashion,Credit Card,0.0,1,180.78,Potential Loyalist,5,1,3,Standard Loyalty Nurture
53184,23.96,Low,3.0,5,No,Laptop & Accessory,Debit Card,7.0,6,197.4,At Risk,2,5,4,Standard Loyalty Nurture
54363,23.96,Low,14.0,1,Yes (Active Ticket),Laptop & Accessory,Credit Card,1.0,4,231.29,Champions,4,4,5,Standard Loyalty Nurture
50634,23.95,Low,8.0,4,No,Fashion,Credit Card,1.0,3,152.89,Loyal Customers,5,3,2,Standard Loyalty Nurture
53524,23.93,Low,1.0,3,No,Laptop & Accessory,UPI,7.0,2,203.41,Need Attention,2,2,4,Standard Loyalty Nurture
55483,23.91,Low,6.0,4,No,Mobile Phone,UPI,4.0,3,160.05,Loyal Customers,3,4,2,Standard Loyalty Nurture
53366,23.9,Low,10.0,3,No,Laptop & Accessory,Debit Card,2.0,2,189.79,Potential Loyalist,4,2,4,Standard Loyalty Nurture
51388,23.89,Low,1.0,4,No,Fashion,Debit Card,10.0,2,206.14,Need Attention,1,2,4,Standard Loyalty Nurture
50563,23.86,Low,1.0,2,No,Grocery,Debit Card,1.0,2,242.09,Potential Loyalist,5,2,5,Standard Loyalty Nurture
50691,23.83,Low,4.0,4,Yes (Active Ticket),Mobile Phone,E wallet,1.0,1,189.33,Potential Loyalist,5,1,4,Standard Loyalty Nurture
53100,23.82,Low,6.0,4,No,Laptop & Accessory,Debit Card,5.0,2,219.19,Need Attention,2,2,5,Standard Loyalty Nurture
54523,23.79,Low,22.0,2,Yes (Active Ticket),Others,Debit Card,13.0,2,163.5,Hibernating,1,2,2,Standard Loyalty Nurture
52566,23.76,Low,3.0,4,No,Laptop & Accessory,Debit Card,0.0,3,85.66,Loyal Customers,5,3,1,Standard Loyalty Nurture
52977,23.76,Low,18.0,3,No,Grocery,Debit Card,11.0,4,199.35,At Risk,1,4,4,Standard Loyalty Nurture
50964,23.75,Low,5.0,2,No,Laptop & Accessory,E wallet,0.0,1,157.91,Potential Loyalist,5,1,2,Standard Loyalty Nurture
54020,23.75,Low,3.0,1,No,Laptop & Accessory,Debit Card,4.0,5,207.28,Loyal Customers,3,5,4,Standard Loyalty Nurture
51261,23.74,Low,3.0,4,No,Mobile Phone,Credit Card,1.0,2,116.71,Potential Loyalist,5,2,1,Standard Loyalty Nurture
54263,23.74,Low,5.0,5,No,Laptop & Accessory,Credit Card,5.0,2,212.3,Need Attention,2,2,4,Standard Loyalty Nurture
52264,23.73,Low,6.0,3,No,Others,UPI,3.0,1,178.93,Potential Loyalist,3,1,3,Standard Loyalty Nurture
50571,23.72,Low,7.0,2,No,Laptop & Accessory,Debit Card,1.0,1,226.59,Potential Loyalist,5,1,5,Standard Loyalty Nurture
55321,23.72,Low,3.0,4,No,Grocery,Debit Card,4.0,4,156.76,Loyal Customers,3,4,2,Standard Loyalty Nurture
54370,23.69,Low,2.0,4,No,Laptop & Accessory,Debit Card,3.0,3,196.34,Loyal Customers,3,3,4,Standard Loyalty Nurture
53324,23.66,Low,9.0,4,No,Laptop & Accessory,Credit Card,22.0,4,147.31,At Risk,1,4,2,Standard Loyalty Nurture
53949,23.66,Low,2.0,3,No,Laptop & Accessory,Credit Card,7.0,3,205.53,At Risk,2,3,4,Standard Loyalty Nurture
53298,23.64,Low,1.0,4,No,Others,Debit Card,1.0,4,198.83,Champions,5,4,4,Standard Loyalty Nurture
52798,23.63,Low,10.0,4,No,Laptop & Accessory,Credit Card,6.0,3,175.96,At Risk,2,3,3,Standard Loyalty Nurture
52551,23.62,Low,4.0,3,No,Mobile Phone,Debit Card,4.0,5,176.95,Loyal Customers,3,5,3,Standard Loyalty Nurture
50195,23.61,Low,4.0,4,No,Mobile Phone,Credit Card,2.0,7,177.19,Loyal Customers,4,5,3,Standard Loyalty Nurture
52368,23.61,Low,8.0,3,No,Laptop & Accessory,E wallet,1.0,5,129.74,Loyal Customers,5,5,1,Standard Loyalty Nurture
51164,23.6,Low,14.0,2,Yes (Active Ticket),Mobile Phone,E wallet,2.0,1,165.08,Potential Loyalist,4,1,3,Standard Loyalty Nurture
50233,23.59,Low,9.0,4,No,Mobile Phone,Debit Card,6.0,2,108.18,Hibernating,2,2,1,Standard Loyalty Nurture
50300,23.59,Low,1.0,3,No,Others,Debit Card,2.0,1,194.83,Potential Loyalist,4,1,4,Standard Loyalty Nurture
52413,23.58,Low,7.0,4,No,Mobile Phone,Credit Card,1.0,6,175.97,Loyal Customers,5,5,3,Standard Loyalty Nurture
55247,23.58,Low,16.0,4,Yes (Active Ticket),Grocery,Debit Card,3.0,3,193.77,Loyal Customers,3,4,4,Standard Loyalty Nurture
53968,23.57,Low,0.0,3,No,Fashion,Debit Card,5.0,6,200.29,At Risk,2,5,4,Standard Loyalty Nurture
54549,23.57,Low,11.0,4,No,Mobile Phone,Debit Card,7.0,5,162.36,At Risk,2,5,2,Standard Loyalty Nurture
54746,23.55,Low,1.0,4,No,Laptop & Accessory,UPI,3.0,5,216.86,Loyal Customers,3,5,4,Standard Loyalty Nurture
52054,23.52,Low,29.0,1,Yes (Active Ticket),Laptop & Accessory,Credit Card,12.0,2,218.93,Need Attention,1,2,5,Standard Loyalty Nurture
55500,23.52,Low,10.0,3,No,Mobile Phone,Debit Card,10.0,3,179.95,At Risk,1,4,3,Standard Loyalty Nurture
53472,23.51,Low,15.0,5,No,Mobile Phone,UPI,14.0,1,177.68,Promising,1,1,3,Standard Loyalty Nurture
54650,23.51,Low,2.0,5,No,Laptop & Accessory,Debit Card,19.0,4,172.99,At Risk,1,4,3,Standard Loyalty Nurture
50969,23.5,Low,8.0,3,No,Fashion,Debit Card,4.0,4,168.13,Loyal Customers,3,4,3,Standard Loyalty Nurture
54433,23.5,Low,6.0,3,No,Grocery,Credit Card,4.0,4,144.77,Loyal Customers,3,4,2,Standard Loyalty Nurture
50614,23.48,Low,1.0,2,No,Grocery,E wallet,1.0,2,169.47,Potential Loyalist,5,2,3,Standard Loyalty Nurture
52269,23.47,Low,3.0,4,No,Laptop & Accessory,Credit Card,1.0,4,148.04,Loyal Customers,5,4,2,Standard Loyalty Nurture
53976,23.47,Low,23.0,2,Yes (Active Ticket),Laptop & Accessory,Debit Card,7.0,5,133.94,At Risk,2,5,1,Standard Loyalty Nurture
55432,23.47,Low,1.0,5,No,Laptop & Accessory,Debit Card,3.0,3,135.11,Loyal Customers,3,4,1,Standard Loyalty Nurture
55545,23.47,Low,10.0,3,No,Laptop & Accessory,E wallet,5.0,2,175.97,At Risk,2,3,3,Standard Loyalty Nurture
50705,23.45,Low,1.0,4,No,Laptop & Accessory,Debit Card,2.0,1,190.45,Potential Loyalist,4,1,4,Standard Loyalty Nurture
50982,23.44,Low,15.0,3,Yes (Active Ticket),Mobile Phone,UPI,3.0,3,200.07,Loyal Customers,3,3,4,Standard Loyalty Nurture
51770,23.44,Low,5.0,3,No,Fashion,E wallet,0.0,2,186.92,Potential Loyalist,5,2,3,Standard Loyalty Nurture
54941,23.44,Low,4.0,3,No,Fashion,Credit Card,4.0,6,169.52,Loyal Customers,3,5,3,Standard Loyalty Nurture
54000,23.43,Low,2.0,5,No,Grocery,UPI,1.0,4,103.6,Loyal Customers,4,4,1,Standard Loyalty Nurture
55001,23.42,Low,5.0,3,No,Fashion,E wallet,1.0,6,130.31,Loyal Customers,4,5,1,Standard Loyalty Nurture
52431,23.41,Low,9.0,2,No,Mobile Phone,Debit Card,4.0,1,186.5,Potential Loyalist,3,1,3,Standard Loyalty Nurture
50669,23.39,Low,2.0,1,No,Fashion,UPI,0.0,4,148.56,Loyal Customers,5,4,2,Standard Loyalty Nurture
51791,23.39,Low,2.0,5,No,Mobile Phone,UPI,1.0,5,166.83,Loyal Customers,5,5,3,Standard Loyalty Nurture
51747,23.38,Low,0.0,4,No,Laptop & Accessory,Debit Card,7.0,3,253.31,At Risk,2,3,5,Standard Loyalty Nurture
55436,23.38,Low,13.0,3,Yes (Active Ticket),Fashion,Credit Card,1.0,3,185.86,Loyal Customers,4,4,3,Standard Loyalty Nurture
50809,23.37,Low,6.0,1,No,Laptop & Accessory,UPI,1.0,1,223.75,Potential Loyalist,5,1,5,Standard Loyalty Nurture
55036,23.36,Low,5.0,2,No,Laptop & Accessory,E wallet,6.0,2,191.87,Need Attention,2,2,4,Standard Loyalty Nurture
50884,23.35,Low,1.0,5,No,Laptop & Accessory,Debit Card,1.0,1,151.37,Potential Loyalist,5,1,2,Standard Loyalty Nurture
52872,23.35,Low,29.0,3,Yes (Active Ticket),Grocery,E wallet,5.0,3,248.24,At Risk,2,3,5,Standard Loyalty Nurture
53303,23.34,Low,8.0,5,No,Laptop & Accessory,Debit Card,4.0,2,115.83,Potential Loyalist,3,2,1,Standard Loyalty Nurture
50731,23.33,Low,2.0,3,No,Mobile Phone,E wallet,1.0,4,279.78,Champions,5,4,5,Standard Loyalty Nurture
55614,23.33,Low,3.0,3,No,Mobile Phone,Debit Card,2.0,3,178.4,Loyal Customers,4,4,3,Standard Loyalty Nurture
50291,23.32,Low,0.0,3,No,Fashion,E wallet,2.0,5,162.16,Loyal Customers,4,5,2,Standard Loyalty Nurture
53707,23.3,Low,13.0,2,No,Mobile Phone,Credit Card,4.0,1,179.91,Potential Loyalist,3,1,3,Standard Loyalty Nurture
51653,23.29,Low,3.0,3,No,Laptop & Accessory,UPI,2.0,2,203.44,Potential Loyalist,4,2,4,Standard Loyalty Nurture
53036,23.27,Low,3.0,5,No,Grocery,Debit Card,3.0,7,140.15,Loyal Customers,3,5,2,Standard Loyalty Nurture
51562,23.26,Low,3.0,5,No,Laptop & Accessory,Credit Card,3.0,2,141.87,Potential Loyalist,3,2,2,Standard Loyalty Nurture
53669,23.26,Low,0.0,5,No,Fashion,Debit Card,2.0,3,97.28,Loyal Customers,4,3,1,Standard Loyalty Nurture
52451,23.24,Low,3.0,4,No,Laptop & Accessory,Debit Card,14.0,4,180.49,At Risk,1,4,3,Standard Loyalty Nurture
54014,23.24,Low,2.0,3,No,Grocery,Credit Card,0.0,2,178.93,Potential Loyalist,5,2,3,Standard Loyalty Nurture
55104,23.24,Low,4.0,3,No,Laptop & Accessory,Credit Card,1.0,2,223.77,Potential Loyalist,4,2,5,Standard Loyalty Nurture
54042,23.23,Low,3.0,4,No,Grocery,Debit Card,0.0,4,152.36,Loyal Customers,5,4,2,Standard Loyalty Nurture
50975,23.22,Low,0.0,4,No,Mobile Phone,Debit Card,5.0,2,181.08,Need Attention,2,2,3,Standard Loyalty Nurture
52527,23.22,Low,2.0,5,No,Mobile Phone,UPI,11.0,2,175.35,Need Attention,1,2,3,Standard Loyalty Nurture
50857,23.21,Low,0.0,5,No,Fashion,Debit Card,11.0,3,216.09,At Risk,1,3,4,Standard Loyalty Nurture
50286,23.2,Low,0.0,5,No,Laptop & Accessory,Credit Card,3.0,5,177.98,Loyal Customers,3,5,3,Standard Loyalty Nurture
50839,23.18,Low,9.0,3,No,Fashion,Debit Card,4.0,2,216.94,Potential Loyalist,3,2,4,Standard Loyalty Nurture
52233,23.18,Low,23.0,3,Yes (Active Ticket),Laptop & Accessory,E wallet,4.0,3,258.45,Loyal Customers,3,3,5,Standard Loyalty Nurture
53180,23.18,Low,12.0,5,Yes (Active Ticket),Laptop & Accessory,Debit Card,0.0,2,151.39,Potential Loyalist,5,2,2,Standard Loyalty Nurture
54101,23.18,Low,10.0,2,No,Grocery,Debit Card,7.0,1,237.34,Promising,2,1,5,Standard Loyalty Nurture
55528,23.18,Low,1.0,3,No,Grocery,COD,1.0,1,199.1,Potential Loyalist,4,1,4,Standard Loyalty Nurture
54506,23.16,Low,3.0,4,No,Mobile Phone,Credit Card,0.0,1,158.75,Potential Loyalist,5,1,2,Standard Loyalty Nurture
50493,23.15,Low,3.0,4,No,Grocery,Debit Card,1.0,2,162.5,Potential Loyalist,5,2,2,Standard Loyalty Nurture
55628,23.15,Low,4.0,2,No,Mobile Phone,UPI,4.0,4,174.9,Loyal Customers,3,5,3,Standard Loyalty Nurture
51399,23.14,Low,10.0,3,No,Fashion,Credit Card,0.0,3,99.25,Loyal Customers,5,3,1,Standard Loyalty Nurture
50049,23.13,Low,8.0,3,No,Laptop & Accessory,Debit Card,8.0,2,235.67,Promising,2,1,5,Standard Loyalty Nurture
50981,23.13,Low,4.0,5,No,Grocery,E wallet,5.0,2,191.38,Need Attention,2,2,4,Standard Loyalty Nurture
51374,23.12,Low,7.0,2,No,Laptop & Accessory,COD,1.0,1,164.2,Potential Loyalist,5,1,3,Standard Loyalty Nurture
52005,23.12,Low,3.0,3,No,Mobile Phone,Credit Card,5.0,1,186.85,Promising,2,1,3,Standard Loyalty Nurture
53936,23.11,Low,8.0,3,No,Mobile Phone,Debit Card,9.0,3,204.96,At Risk,1,3,4,Standard Loyalty Nurture
55610,23.11,Low,6.0,3,No,Fashion,Credit Card,3.0,4,229.45,Loyal Customers,3,5,5,Standard Loyalty Nurture
51769,23.09,Low,5.0,3,No,Laptop & Accessory,Credit Card,3.0,3,222.66,Loyal Customers,3,3,5,Standard Loyalty Nurture
52613,23.07,Low,3.0,4,No,Fashion,E wallet,4.0,1,168.95,Potential Loyalist,3,1,3,Standard Loyalty Nurture
52908,23.06,Low,3.0,3,No,Laptop & Accessory,Credit Card,2.0,5,205.86,Champions,4,5,4,Standard Loyalty Nurture
54356,23.06,Low,9.0,1,No,Fashion,Credit Card,2.0,9,144.69,Loyal Customers,4,5,2,Standard Loyalty Nurture
51424,23.04,Low,2.0,3,No,Fashion,Debit Card,6.0,5,205.54,At Risk,2,5,4,Standard Loyalty Nurture
54146,23.04,Low,10.0,2,No,Laptop & Accessory,Debit Card,1.0,3,136.21,Loyal Customers,4,3,2,Standard Loyalty Nurture
52010,23.03,Low,7.0,3,No,Laptop & Accessory,E wallet,0.0,1,146.52,Potential Loyalist,5,1,2,Standard Loyalty Nurture
52489,23.03,Low,9.0,4,No,Mobile Phone,UPI,18.0,4,200.09,At Risk,1,4,4,Standard Loyalty Nurture
54948,23.0,Low,14.0,2,Yes (Active Ticket),Others,Credit Card,5.0,1,236.24,Promising,2,1,5,Standard Loyalty Nurture
54359,22.98,Low,8.0,5,No,Fashion,Debit Card,1.0,4,173.25,Loyal Customers,4,4,3,Standard Loyalty Nurture
51226,22.97,Low,10.0,4,No,Mobile Phone,Credit Card,6.0,1,209.68,Promising,2,1,4,Standard Loyalty Nurture
53679,22.97,Low,16.0,3,No,Mobile Phone,Debit Card,12.0,1,88.54,Hibernating,1,1,1,Standard Loyalty Nurture
52152,22.96,Low,2.0,3,No,Fashion,Credit Card,1.0,5,169.64,Loyal Customers,5,5,3,Standard Loyalty Nurture
54922,22.95,Low,13.0,2,No,Others,Credit Card,2.0,4,145.59,Loyal Customers,4,4,2,Standard Loyalty Nurture
52555,22.94,Low,1.0,5,No,Fashion,Debit Card,1.0,1,156.69,Potential Loyalist,5,1,2,Standard Loyalty Nurture
53869,22.93,Low,11.0,4,No,Laptop & Accessory,Debit Card,1.0,4,123.05,Loyal Customers,4,4,1,Standard Loyalty Nurture
52320,22.92,Low,5.0,3,No,Grocery,Debit Card,1.0,4,208.64,Champions,5,4,4,Standard Loyalty Nurture
53855,22.92,Low,11.0,2,No,Mobile Phone,Credit Card,3.0,2,88.01,Potential Loyalist,3,2,1,Standard Loyalty Nurture
54655,22.91,Low,5.0,5,No,Mobile Phone,Debit Card,3.0,3,167.21,Loyal Customers,3,3,3,Standard Loyalty Nurture
51033,22.9,Low,3.0,4,Yes (Active Ticket),Laptop & Accessory,Credit Card,1.0,3,267.35,Loyal Customers,5,3,5,Standard Loyalty Nurture
53719,22.9,Low,6.0,4,No,Grocery,E wallet,11.0,8,142.86,At Risk,1,5,2,Standard Loyalty Nurture
50483,22.87,Low,6.0,3,No,Fashion,Credit Card,3.0,2,208.21,Potential Loyalist,3,2,4,Standard Loyalty Nurture
53941,22.87,Low,14.0,4,Yes (Active Ticket),Fashion,Debit Card,1.0,1,194.05,Potential Loyalist,4,1,4,Standard Loyalty Nurture
55056,22.87,Low,11.0,5,No,Fashion,Credit Card,0.0,6,122.99,Loyal Customers,5,5,1,Standard Loyalty Nurture
52652,22.86,Low,5.0,3,No,Mobile Phone,E wallet,0.0,1,188.97,Potential Loyalist,5,1,4,Standard Loyalty Nurture
52968,22.86,Low,8.0,4,No,Laptop & Accessory,Credit Card,2.0,5,172.9,Loyal Customers,4,5,3,Standard Loyalty Nurture
54879,22.85,Low,5.0,4,No,Grocery,Debit Card,5.0,1,171.46,Promising,2,1,3,Standard Loyalty Nurture
50551,22.84,Low,7.0,5,No,Fashion,Debit Card,2.0,2,147.72,Potential Loyalist,4,2,2,Standard Loyalty Nurture
50355,22.83,Low,1.0,4,No,Laptop & Accessory,E wallet,1.0,4,166.11,Loyal Customers,5,4,3,Standard Loyalty Nurture
50007,22.81,Low,1.0,1,No,Grocery,UPI,1.0,5,128.17,Loyal Customers,5,5,1,Standard Loyalty Nurture
52159,22.81,Low,6.0,3,No,Laptop & Accessory,Debit Card,1.0,3,167.95,Loyal Customers,5,3,3,Standard Loyalty Nurture
50685,22.8,Low,27.0,3,Yes (Active Ticket),Mobile Phone,Debit Card,7.0,5,174.59,At Risk,2,5,3,Standard Loyalty Nurture
52724,22.8,Low,6.0,3,No,Mobile Phone,Debit Card,0.0,4,159.47,Loyal Customers,5,4,2,Standard Loyalty Nurture
55493,22.79,Low,8.0,3,No,Others,COD,5.0,3,260.31,At Risk,2,4,5,Standard Loyalty Nurture
50111,22.77,Low,3.0,2,No,Mobile Phone,E wallet,0.0,5,245.89,Champions,5,5,5,Standard Loyalty Nurture
54844,22.77,Low,0.0,5,No,Fashion,E wallet,0.0,4,132.18,Loyal Customers,5,4,1,Standard Loyalty Nurture
50229,22.76,Low,22.0,1,No,Others,Credit Card,12.0,1,95.51,Hibernating,1,1,1,Standard Loyalty Nurture
53018,22.76,Low,5.0,5,No,Mobile Phone,Debit Card,8.0,3,230.54,At Risk,2,3,5,Standard Loyalty Nurture
53053,22.76,Low,3.0,4,No,Grocery,Debit Card,1.0,1,158.29,Potential Loyalist,5,1,2,Standard Loyalty Nurture
54737,22.76,Low,7.0,4,No,Laptop & Accessory,Debit Card,7.0,4,199.04,At Risk,2,4,4,Standard Loyalty Nurture
53170,22.75,Low,5.0,5,No,Fashion,Debit Card,8.0,3,208.54,At Risk,1,3,4,Standard Loyalty Nurture
52860,22.74,Low,2.0,5,No,Laptop & Accessory,Debit Card,8.0,2,224.22,Need Attention,2,2,5,Standard Loyalty Nurture
51067,22.73,Low,3.0,4,No,Others,Credit Card,0.0,2,151.49,Potential Loyalist,5,2,2,Standard Loyalty Nurture
52834,22.73,Low,3.0,4,No,Others,Debit Card,2.0,3,152.01,Loyal Customers,4,3,2,Standard Loyalty Nurture
55117,22.73,Low,6.0,5,No,Mobile Phone,E wallet,3.0,3,198.94,Loyal Customers,3,4,4,Standard Loyalty Nurture
55357,22.72,Low,2.0,5,No,Fashion,Debit Card,5.0,3,246.8,At Risk,2,4,5,Standard Loyalty Nurture
52421,22.71,Low,2.0,4,No,Fashion,Debit Card,4.0,2,222.2,Potential Loyalist,3,2,5,Standard Loyalty Nurture
53885,22.71,Low,22.0,1,No,Laptop & Accessory,E wallet,4.0,1,265.3,Potential Loyalist,3,1,5,Standard Loyalty Nurture
55225,22.71,Low,5.0,3,No,Fashion,Debit Card,3.0,3,143.7,Loyal Customers,3,4,2,Standard Loyalty Nurture
51418,22.7,Low,1.0,3,No,Laptop & Accessory,Credit Card,4.0,4,181.29,Loyal Customers,3,4,3,Standard Loyalty Nurture
53235,22.7,Low,5.0,2,No,Grocery,E wallet,2.0,3,298.21,Loyal Customers,4,3,5,Standard Loyalty Nurture
52504,22.69,Low,31.0,3,Yes (Active Ticket),Mobile Phone,Credit Card,1.0,2,302.66,Potential Loyalist,5,2,5,Standard Loyalty Nurture
55629,22.69,Low,8.0,2,No,Fashion,Credit Card,3.0,4,195.94,Loyal Customers,3,5,4,Standard Loyalty Nurture
50604,22.67,Low,1.0,4,No,Laptop & Accessory,E wallet,13.0,4,228.43,At Risk,1,4,5,Standard Loyalty Nurture
55331,22.67,Low,3.0,1,No,Others,Debit Card,3.0,5,211.0,Loyal Customers,3,5,4,Standard Loyalty Nurture
52021,22.66,Low,33.0,4,Yes (Active Ticket),Laptop & Accessory,Credit Card,18.0,3,163.63,At Risk,1,3,2,Standard Loyalty Nurture
52291,22.66,Low,9.0,2,No,Fashion,Debit Card,6.0,9,183.29,At Risk,2,5,3,Standard Loyalty Nurture
52802,22.65,Low,24.0,1,Yes (Active Ticket),Others,E wallet,4.0,4,110.3,Loyal Customers,3,4,1,Standard Loyalty Nurture
54302,22.64,Low,28.0,4,Yes (Active Ticket),Mobile Phone,Credit Card,0.0,3,302.22,Loyal Customers,5,3,5,Standard Loyalty Nurture
52089,22.63,Low,17.0,3,Yes (Active Ticket),Mobile Phone,Credit Card,1.0,4,163.15,Loyal Customers,5,4,2,Standard Loyalty Nurture
51768,22.62,Low,6.0,5,No,Grocery,Credit Card,2.0,6,174.23,Loyal Customers,4,5,3,Standard Loyalty Nurture
51502,22.61,Low,7.0,2,No,Mobile Phone,E wallet,20.0,1,229.61,Promising,1,1,5,Standard Loyalty Nurture
52517,22.61,Low,0.0,1,No,Laptop & Accessory,UPI,3.0,3,192.24,Loyal Customers,3,3,4,Standard Loyalty Nurture
54641,22.61,Low,29.0,2,Yes (Active Ticket),Mobile Phone,Debit Card,2.0,7,129.93,Loyal Customers,4,5,1,Standard Loyalty Nurture
51149,22.6,Low,19.0,3,Yes (Active Ticket),Laptop & Accessory,Credit Card,3.0,6,226.94,Loyal Customers,3,5,5,Standard Loyalty Nurture
52349,22.6,Low,9.0,3,No,Mobile Phone,Credit Card,4.0,6,139.22,Loyal Customers,3,5,2,Standard Loyalty Nurture
52440,22.6,Low,2.0,3,No,Laptop & Accessory,E wallet,2.0,1,207.67,Potential Loyalist,4,1,4,Standard Loyalty Nurture
53598,22.6,Low,8.0,4,No,Mobile Phone,Credit Card,4.0,3,158.16,Loyal Customers,3,3,2,Standard Loyalty Nurture
52404,22.59,Low,4.0,1,No,Laptop & Accessory,Credit Card,1.0,5,223.31,Champions,5,5,5,Standard Loyalty Nurture
52632,22.58,Low,12.0,4,Yes (Active Ticket),Fashion,Debit Card,4.0,5,222.06,Loyal Customers,3,5,5,Standard Loyalty Nurture
53149,22.57,Low,15.0,4,Yes (Active Ticket),Laptop & Accessory,E wallet,1.0,4,200.47,Champions,5,4,4,Standard Loyalty Nurture
52838,22.54,Low,0.0,4,No,Mobile Phone,Credit Card,0.0,5,234.07,Champions,5,5,5,Standard Loyalty Nurture
50457,22.53,Low,0.0,5,No,Laptop & Accessory,Debit Card,11.0,4,217.33,At Risk,1,4,5,Standard Loyalty Nurture
55129,22.53,Low,4.0,1,No,Others,UPI,0.0,1,179.09,Potential Loyalist,5,1,3,Standard Loyalty Nurture
51939,22.52,Low,7.0,3,No,Grocery,Debit Card,12.0,1,215.11,Promising,1,1,4,Standard Loyalty Nurture
54073,22.52,Low,9.0,4,No,Mobile Phone,Debit Card,1.0,5,251.45,Champions,4,5,5,Standard Loyalty Nurture
55191,22.52,Low,4.0,3,No,Laptop & Accessory,E wallet,0.0,8,173.7,Loyal Customers,5,5,3,Standard Loyalty Nurture
50388,22.51,Low,2.0,5,No,Fashion,Credit Card,12.0,3,202.2,At Risk,1,3,4,Standard Loyalty Nurture
50886,22.5,Low,2.0,1,No,Mobile Phone,Credit Card,2.0,3,181.94,Loyal Customers,4,3,3,Standard Loyalty Nurture
51094,22.5,Low,7.0,3,No,Mobile Phone,E wallet,11.0,1,219.63,Promising,1,1,5,Standard Loyalty Nurture
54964,22.49,Low,14.0,1,Yes (Active Ticket),Fashion,E wallet,1.0,3,135.64,Loyal Customers,4,4,2,Standard Loyalty Nurture
51588,22.48,Low,5.0,5,No,Laptop & Accessory,Debit Card,0.0,2,126.49,Potential Loyalist,5,2,1,Standard Loyalty Nurture
54110,22.47,Low,9.0,2,No,Mobile Phone,Credit Card,1.0,4,159.01,Loyal Customers,4,4,2,Standard Loyalty Nurture
54733,22.47,Low,13.0,5,No,Mobile Phone,Credit Card,26.0,3,133.43,At Risk,1,4,1,Standard Loyalty Nurture
50484,22.45,Low,10.0,3,No,Laptop & Accessory,E wallet,5.0,2,224.42,Need Attention,2,2,5,Standard Loyalty Nurture
55411,22.45,Low,12.0,1,No,Laptop & Accessory,Credit Card,6.0,1,103.85,Hibernating,2,1,1,Standard Loyalty Nurture
52726,22.43,Low,4.0,4,No,Laptop & Accessory,UPI,18.0,4,159.37,At Risk,1,4,2,Standard Loyalty Nurture
52972,22.43,Low,2.0,2,No,Laptop & Accessory,Credit Card,1.0,3,215.76,Loyal Customers,5,3,4,Standard Loyalty Nurture
53745,22.43,Low,0.0,4,No,Mobile Phone,COD,1.0,6,199.12,Champions,4,5,4,Standard Loyalty Nurture
51826,22.41,Low,8.0,2,No,Mobile Phone,Debit Card,6.0,5,200.67,At Risk,2,5,4,Standard Loyalty Nurture
53242,22.41,Low,6.0,4,Yes (Active Ticket),Mobile Phone,E wallet,2.0,1,212.82,Potential Loyalist,4,1,4,Standard Loyalty Nurture
52387,22.4,Low,5.0,5,No,Laptop & Accessory,UPI,7.0,4,242.29,At Risk,2,4,5,Standard Loyalty Nurture
53630,22.4,Low,10.0,5,No,Laptop & Accessory,E wallet,1.0,2,117.92,Potential Loyalist,4,2,1,Standard Loyalty Nurture
54985,22.38,Low,8.0,4,No,Fashion,UPI,10.0,4,204.2,At Risk,1,4,4,Standard Loyalty Nurture
55295,22.38,Low,15.0,2,No,Laptop & Accessory,UPI,9.0,6,188.6,At Risk,1,5,4,Standard Loyalty Nurture
53052,22.37,Low,7.0,5,No,Fashion,Debit Card,0.0,3,98.72,Loyal Customers,5,3,1,Standard Loyalty Nurture
52485,22.33,Low,6.0,4,No,Laptop & Accessory,Debit Card,7.0,7,220.25,At Risk,2,5,5,Standard Loyalty Nurture
54344,22.33,Low,18.0,4,No,Laptop & Accessory,Credit Card,11.0,6,172.36,At Risk,1,5,3,Standard Loyalty Nurture
54406,22.33,Low,12.0,3,Yes (Active Ticket),Laptop & Accessory,Credit Card,3.0,1,278.97,Potential Loyalist,3,1,5,Standard Loyalty Nurture
55055,22.33,Low,6.0,4,No,Grocery,Debit Card,0.0,3,160.64,Loyal Customers,5,4,2,Standard Loyalty Nurture
50824,22.32,Low,5.0,4,No,Mobile Phone,Debit Card,2.0,4,261.04,Champions,4,4,5,Standard Loyalty Nurture
53226,22.32,Low,22.0,2,Yes (Active Ticket),Mobile Phone,Debit Card,1.0,5,163.48,Loyal Customers,5,5,2,Standard Loyalty Nurture
51840,22.31,Low,3.0,3,No,Laptop & Accessory,E wallet,3.0,3,260.95,Loyal Customers,3,3,5,Standard Loyalty Nurture
50498,22.3,Low,1.0,3,No,Mobile Phone,E wallet,3.0,3,205.74,Loyal Customers,3,3,4,Standard Loyalty Nurture
51710,22.29,Low,11.0,2,No,Laptop & Accessory,Debit Card,2.0,2,100.72,Potential Loyalist,4,2,1,Standard Loyalty Nurture
52006,22.28,Low,14.0,4,Yes (Active Ticket),Grocery,Debit Card,2.0,3,154.56,Loyal Customers,4,3,2,Standard Loyalty Nurture
52362,22.28,Low,5.0,5,No,Laptop & Accessory,Debit Card,4.0,5,225.77,Loyal Customers,3,5,5,Standard Loyalty Nurture
51071,22.27,Low,4.0,3,No,Laptop & Accessory,Debit Card,3.0,2,193.9,Potential Loyalist,3,2,4,Standard Loyalty Nurture
52894,22.27,Low,11.0,2,No,Laptop & Accessory,E wallet,5.0,6,259.1,At Risk,2,5,5,Standard Loyalty Nurture
54927,22.27,Low,6.0,3,No,Grocery,Debit Card,3.0,4,144.13,Loyal Customers,3,4,2,Standard Loyalty Nurture
52950,22.26,Low,27.0,3,Yes (Active Ticket),Mobile Phone,Credit Card,0.0,2,148.17,Potential Loyalist,5,2,2,Standard Loyalty Nurture
53494,22.26,Low,21.0,3,Yes (Active Ticket),Fashion,Credit Card,0.0,2,176.04,Potential Loyalist,5,2,3,Standard Loyalty Nurture
52490,22.24,Low,5.0,1,No,Mobile Phone,Credit Card,4.0,2,235.94,Potential Loyalist,3,2,5,Standard Loyalty Nurture
52964,22.24,Low,38.0,4,Yes (Active Ticket),Grocery,Credit Card,13.0,4,50.96,At Risk,1,4,1,Standard Loyalty Nurture
52988,22.24,Low,7.0,5,Yes (Active Ticket),Laptop & Accessory,Credit Card,1.0,2,169.05,Potential Loyalist,5,2,3,Standard Loyalty Nurture
50534,22.23,Low,8.0,1,No,Fashion,Credit Card,0.0,3,151.7,Loyal Customers,5,3,2,Standard Loyalty Nurture
51815,22.22,Low,1.0,5,No,Laptop & Accessory,Credit Card,2.0,1,178.0,Potential Loyalist,4,1,3,Standard Loyalty Nurture
50086,22.21,Low,4.0,1,No,Laptop & Accessory,UPI,2.0,1,255.22,Potential Loyalist,4,1,5,Standard Loyalty Nurture
54169,22.2,Low,4.0,2,No,Fashion,Debit Card,9.0,1,274.09,Promising,1,1,5,Standard Loyalty Nurture
51731,22.19,Low,4.0,3,No,Laptop & Accessory,Debit Card,2.0,3,201.28,Loyal Customers,4,3,4,Standard Loyalty Nurture
53708,22.19,Low,3.0,5,No,Grocery,Debit Card,2.0,9,264.09,Champions,4,5,5,Standard Loyalty Nurture
54333,22.19,Low,6.0,3,No,Grocery,UPI,3.0,6,183.54,Loyal Customers,3,5,3,Standard Loyalty Nurture
51299,22.17,Low,10.0,1,No,Mobile Phone,Credit Card,3.0,4,216.06,Loyal Customers,3,4,4,Standard Loyalty Nurture
51609,22.17,Low,3.0,5,No,Laptop & Accessory,Credit Card,0.0,5,143.09,Loyal Customers,5,5,2,Standard Loyalty Nurture
50396,22.14,Low,27.0,3,Yes (Active Ticket),Laptop & Accessory,Credit Card,4.0,3,36.83,Loyal Customers,3,3,1,Standard Loyalty Nurture
55467,22.14,Low,15.0,3,Yes (Active Ticket),Laptop & Accessory,Debit Card,4.0,3,232.48,Loyal Customers,3,4,5,Standard Loyalty Nurture
51443,22.13,Low,11.0,4,No,Fashion,UPI,5.0,2,70.4,Hibernating,2,2,1,Standard Loyalty Nurture
52850,22.13,Low,4.0,5,No,Mobile Phone,Debit Card,6.0,5,194.39,At Risk,2,5,4,Standard Loyalty Nurture
54239,22.13,Low,12.0,3,No,Mobile Phone,Credit Card,16.0,6,95.0,At Risk,1,5,1,Standard Loyalty Nurture
54484,22.13,Low,8.0,3,No,Mobile Phone,Credit Card,1.0,1,207.85,Potential Loyalist,4,1,4,Standard Loyalty Nurture
50219,22.12,Low,10.0,2,No,Fashion,COD,10.0,4,197.25,At Risk,1,4,4,Standard Loyalty Nurture
52670,22.12,Low,4.0,4,No,Laptop & Accessory,UPI,4.0,3,182.38,Loyal Customers,3,3,3,Standard Loyalty Nurture
53416,22.12,Low,8.0,3,No,Laptop & Accessory,Debit Card,3.0,6,189.21,Loyal Customers,3,5,4,Standard Loyalty Nurture
51272,22.11,Low,20.0,3,Yes (Active Ticket),Laptop & Accessory,E wallet,0.0,2,123.19,Potential Loyalist,5,2,1,Standard Loyalty Nurture
55155,22.11,Low,11.0,3,No,Mobile Phone,E wallet,10.0,7,132.49,At Risk,1,5,1,Standard Loyalty Nurture
52401,22.1,Low,4.0,4,No,Laptop & Accessory,Credit Card,7.0,7,157.02,At Risk,2,5,2,Standard Loyalty Nurture
53757,22.09,Low,2.0,4,No,Others,E wallet,0.0,1,143.44,Potential Loyalist,5,1,2,Standard Loyalty Nurture
51098,22.08,Low,2.0,3,No,Laptop & Accessory,Credit Card,0.0,3,113.57,Loyal Customers,5,3,1,Standard Loyalty Nurture
52845,22.06,Low,9.0,4,No,Laptop & Accessory,Debit Card,5.0,4,140.84,At Risk,2,4,2,Standard Loyalty Nurture
52952,22.06,Low,12.0,2,No,Laptop & Accessory,Debit Card,6.0,4,213.94,At Risk,2,4,4,Standard Loyalty Nurture
53953,22.06,Low,37.0,3,Yes (Active Ticket),Grocery,Debit Card,3.0,2,117.39,Potential Loyalist,3,2,1,Standard Loyalty Nurture
50654,22.05,Low,14.0,2,No,Laptop & Accessory,Debit Card,3.0,2,213.77,Potential Loyalist,3,2,4,Standard Loyalty Nurture
50584,22.04,Low,4.0,3,No,Laptop & Accessory,Credit Card,1.0,4,176.63,Loyal Customers,5,4,3,Standard Loyalty Nurture
50976,22.04,Low,3.0,4,No,Mobile Phone,UPI,1.0,2,146.04,Potential Loyalist,5,2,2,Standard Loyalty Nurture
50638,22.03,Low,3.0,5,No,Mobile Phone,E wallet,1.0,3,113.31,Loyal Customers,5,3,1,Standard Loyalty Nurture
50647,22.03,Low,9.0,3,No,Laptop & Accessory,Credit Card,8.0,1,266.17,Promising,2,1,5,Standard Loyalty Nurture
53820,22.02,Low,6.0,4,No,Mobile Phone,E wallet,5.0,3,210.09,At Risk,2,3,4,Standard Loyalty Nurture
52359,22.0,Low,8.0,3,No,Fashion,Debit Card,1.0,1,226.45,Potential Loyalist,5,1,5,Standard Loyalty Nurture
53792,22.0,Low,1.0,3,No,Mobile Phone,Credit Card,4.0,1,205.46,Potential Loyalist,3,1,4,Standard Loyalty Nurture
52697,21.98,Low,11.0,2,No,Laptop & Accessory,Credit Card,13.0,1,214.77,Promising,1,1,4,Standard Loyalty Nurture
51732,21.97,Low,10.0,3,No,Laptop & Accessory,Credit Card,5.0,7,195.63,At Risk,2,5,4,Standard Loyalty Nurture
53343,21.96,Low,10.0,4,No,Laptop & Accessory,Debit Card,6.0,3,140.91,At Risk,2,3,2,Standard Loyalty Nurture
54628,21.96,Low,7.0,1,No,Mobile Phone,Credit Card,1.0,3,216.11,Loyal Customers,4,3,4,Standard Loyalty Nurture
50902,21.95,Low,0.0,4,No,Laptop & Accessory,E wallet,1.0,4,154.07,Loyal Customers,5,4,2,Standard Loyalty Nurture
52982,21.94,Low,3.0,1,No,Grocery,COD,0.0,4,206.62,Champions,5,4,4,Standard Loyalty Nurture
53784,21.94,Low,18.0,4,Yes (Active Ticket),Laptop & Accessory,Debit Card,2.0,3,271.42,Loyal Customers,4,3,5,Standard Loyalty Nurture
55635,21.94,Low,14.0,1,No,Fashion,COD,5.0,1,240.15,Promising,2,1,5,Standard Loyalty Nurture
55429,21.93,Low,11.0,4,No,Laptop & Accessory,E wallet,14.0,5,170.95,At Risk,1,5,3,Standard Loyalty Nurture
53318,21.92,Low,0.0,4,No,Laptop & Accessory,Credit Card,8.0,3,248.36,At Risk,1,3,5,Standard Loyalty Nurture
54027,21.92,Low,5.0,5,No,Mobile Phone,Debit Card,1.0,3,183.47,Loyal Customers,4,3,3,Standard Loyalty Nurture
54616,21.91,Low,4.0,5,No,Fashion,Debit Card,3.0,4,145.87,Loyal Customers,3,4,2,Standard Loyalty Nurture
51304,21.9,Low,8.0,3,No,Mobile Phone,E wallet,5.0,7,89.2,At Risk,2,5,1,Standard Loyalty Nurture
51041,21.89,Low,8.0,4,No,Laptop & Accessory,E wallet,8.0,3,247.17,At Risk,2,3,5,Standard Loyalty Nurture
50764,21.87,Low,14.0,2,No,Others,Debit Card,12.0,1,215.13,Promising,1,1,4,Standard Loyalty Nurture
52053,21.87,Low,2.0,4,No,Others,Credit Card,1.0,2,179.99,Potential Loyalist,5,2,3,Standard Loyalty Nurture
51332,21.85,Low,13.0,4,Yes (Active Ticket),Laptop & Accessory,Debit Card,1.0,4,99.37,Loyal Customers,5,4,1,Standard Loyalty Nurture
54076,21.85,Low,9.0,5,Yes (Active Ticket),Fashion,E wallet,1.0,3,155.76,Loyal Customers,4,3,2,Standard Loyalty Nurture
54728,21.84,Low,19.0,5,Yes (Active Ticket),Laptop & Accessory,Debit Card,5.0,1,134.09,Hibernating,2,1,1,Standard Loyalty Nurture
51192,21.81,Low,9.0,3,No,Laptop & Accessory,Debit Card,11.0,4,228.0,At Risk,1,4,5,Standard Loyalty Nurture
51249,21.81,Low,25.0,5,Yes (Active Ticket),Laptop & Accessory,Credit Card,13.0,2,115.83,Hibernating,1,2,1,Standard Loyalty Nurture
51312,21.81,Low,23.0,3,No,Mobile Phone,Credit Card,11.0,7,145.23,At Risk,1,5,2,Standard Loyalty Nurture
53579,21.8,Low,14.0,4,Yes (Active Ticket),Laptop & Accessory,E wallet,2.0,1,85.13,Potential Loyalist,4,1,1,Standard Loyalty Nurture
53329,21.79,Low,2.0,3,No,Mobile Phone,Credit Card,1.0,4,265.33,Champions,5,4,5,Standard Loyalty Nurture
55297,21.79,Low,6.0,1,No,Fashion,Debit Card,1.0,1,208.18,Potential Loyalist,4,1,4,Standard Loyalty Nurture
51661,21.78,Low,9.0,3,No,Laptop & Accessory,Debit Card,3.0,3,147.83,Loyal Customers,3,3,2,Standard Loyalty Nurture
51849,21.78,Low,22.0,2,No,Laptop & Accessory,Debit Card,1.0,7,209.57,Champions,5,5,4,Standard Loyalty Nurture
51515,21.77,Low,2.0,3,No,Laptop & Accessory,Credit Card,2.0,5,181.99,Loyal Customers,4,5,3,Standard Loyalty Nurture
53335,21.75,Low,22.0,2,Yes (Active Ticket),Laptop & Accessory,Debit Card,6.0,4,232.5,At Risk,2,4,5,Standard Loyalty Nurture
50692,21.74,Low,6.0,4,No,Mobile Phone,Debit Card,0.0,3,125.73,Loyal Customers,5,3,1,Standard Loyalty Nurture
53959,21.74,Low,1.0,1,No,Fashion,Debit Card,8.0,3,240.47,At Risk,1,3,5,Standard Loyalty Nurture
55052,21.74,Low,16.0,2,No,Fashion,Debit Card,4.0,2,134.01,Potential Loyalist,3,2,1,Standard Loyalty Nurture
55306,21.74,Low,8.0,3,No,Laptop & Accessory,Debit Card,5.0,2,217.63,Need Attention,2,2,5,Standard Loyalty Nurture
51223,21.73,Low,6.0,3,No,Laptop & Accessory,Credit Card,1.0,3,169.31,Loyal Customers,5,3,3,Standard Loyalty Nurture
52133,21.73,Low,8.0,5,No,Mobile Phone,Credit Card,6.0,3,196.59,At Risk,2,3,4,Standard Loyalty Nurture
51735,21.71,Low,1.0,3,No,Fashion,UPI,1.0,3,132.08,Loyal Customers,5,3,1,Standard Loyalty Nurture
54740,21.71,Low,10.0,1,No,Laptop & Accessory,Debit Card,1.0,5,141.71,Loyal Customers,4,5,2,Standard Loyalty Nurture
54340,21.69,Low,2.0,4,No,Laptop & Accessory,Debit Card,7.0,6,287.4,At Risk,2,5,5,Standard Loyalty Nurture
51435,21.67,Low,2.0,3,No,Fashion,Debit Card,3.0,4,202.97,Loyal Customers,3,4,4,Standard Loyalty Nurture
54091,21.66,Low,13.0,4,Yes (Active Ticket),Grocery,E wallet,3.0,6,255.35,Loyal Customers,3,5,5,Standard Loyalty Nurture
52920,21.64,Low,4.0,2,No,Fashion,E wallet,0.0,1,181.82,Potential Loyalist,5,1,3,Standard Loyalty Nurture
55633,21.64,Low,0.0,3,No,Fashion,UPI,2.0,2,195.56,Loyal Customers,4,3,4,Standard Loyalty Nurture
51225,21.61,Low,5.0,5,No,Mobile Phone,E wallet,9.0,3,237.46,At Risk,1,3,5,Standard Loyalty Nurture
52033,21.61,Low,6.0,3,No,Others,Debit Card,3.0,2,236.78,Potential Loyalist,3,2,5,Standard Loyalty Nurture
53706,21.61,Low,22.0,4,No,Mobile Phone,UPI,24.0,1,222.3,Promising,1,1,5,Standard Loyalty Nurture
54749,21.6,Low,5.0,4,No,Laptop & Accessory,E wallet,2.0,2,156.82,Potential Loyalist,4,2,2,Standard Loyalty Nurture
54108,21.59,Low,1.0,4,No,Laptop & Accessory,Debit Card,10.0,4,213.46,At Risk,1,4,4,Standard Loyalty Nurture
53065,21.56,Low,10.0,4,No,Laptop & Accessory,Debit Card,1.0,2,120.54,Potential Loyalist,5,2,1,Standard Loyalty Nurture
50110,21.55,Low,1.0,4,No,Others,UPI,0.0,2,148.86,Potential Loyalist,5,1,2,Standard Loyalty Nurture
54430,21.54,Low,16.0,1,No,Laptop & Accessory,Debit Card,7.0,3,131.47,At Risk,2,3,1,Standard Loyalty Nurture
50161,21.53,Low,5.0,2,No,Mobile Phone,Debit Card,0.0,2,184.13,Potential Loyalist,5,1,3,Standard Loyalty Nurture
50115,21.52,Low,10.0,5,No,Grocery,Credit Card,16.0,3,115.26,At Risk,1,3,1,Standard Loyalty Nurture
50041,21.51,Low,1.0,3,No,Others,Debit Card,12.0,5,231.58,At Risk,1,5,5,Standard Loyalty Nurture
52399,21.49,Low,10.0,3,No,Mobile Phone,Credit Card,0.0,5,195.44,Champions,5,5,4,Standard Loyalty Nurture
54524,21.49,Low,9.0,4,No,Fashion,UPI,7.0,4,150.21,At Risk,2,4,2,Standard Loyalty Nurture
52623,21.48,Low,6.0,5,No,Others,Credit Card,4.0,3,190.93,Loyal Customers,3,3,4,Standard Loyalty Nurture
53236,21.48,Low,3.0,4,No,Laptop & Accessory,Debit Card,1.0,4,203.18,Champions,5,4,4,Standard Loyalty Nurture
52230,21.47,Low,4.0,5,No,Grocery,Credit Card,4.0,2,223.46,Potential Loyalist,3,2,5,Standard Loyalty Nurture
54680,21.47,Low,10.0,4,No,Mobile Phone,Debit Card,6.0,3,99.05,At Risk,2,3,1,Standard Loyalty Nurture
50406,21.46,Low,23.0,5,Yes (Active Ticket),Fashion,Debit Card,5.0,6,174.84,At Risk,2,5,3,Standard Loyalty Nurture
51218,21.46,Low,11.0,5,No,Laptop & Accessory,UPI,3.0,2,24.98,Potential Loyalist,3,2,1,Standard Loyalty Nurture
52848,21.46,Low,3.0,5,No,Laptop & Accessory,Debit Card,1.0,4,177.44,Loyal Customers,5,4,3,Standard Loyalty Nurture
52642,21.44,Low,1.0,3,No,Mobile Phone,Debit Card,3.0,3,196.0,Loyal Customers,3,3,4,Standard Loyalty Nurture
54278,21.43,Low,4.0,5,No,Laptop & Accessory,Debit Card,3.0,4,242.85,Loyal Customers,3,4,5,Standard Loyalty Nurture
54498,21.43,Low,1.0,4,No,Mobile Phone,Credit Card,4.0,1,208.5,Potential Loyalist,3,1,4,Standard Loyalty Nurture
55591,21.43,Low,4.0,3,No,Laptop & Accessory,Credit Card,3.0,6,240.76,Loyal Customers,3,5,5,Standard Loyalty Nurture
50016,21.42,Low,2.0,4,No,Laptop & Accessory,Credit Card,1.0,2,148.14,Potential Loyalist,5,1,2,Standard Loyalty Nurture
51897,21.42,Low,10.0,5,No,Grocery,Debit Card,27.0,3,130.4,At Risk,1,3,1,Standard Loyalty Nurture
53411,21.41,Low,5.0,4,No,Mobile Phone,Credit Card,5.0,1,193.36,Promising,2,1,4,Standard Loyalty Nurture
55617,21.41,Low,21.0,4,Yes (Active Ticket),Fashion,COD,4.0,3,85.8,Loyal Customers,3,4,1,Standard Loyalty Nurture
54496,21.4,Low,9.0,1,No,Laptop & Accessory,Credit Card,4.0,5,199.7,Loyal Customers,3,5,4,Standard Loyalty Nurture
52350,21.39,Low,0.0,5,No,Grocery,Credit Card,0.0,2,165.39,Potential Loyalist,5,2,3,Standard Loyalty Nurture
50564,21.38,Low,0.0,4,No,Laptop & Accessory,E wallet,10.0,6,241.02,At Risk,1,5,5,Standard Loyalty Nurture
51405,21.38,Low,11.0,3,No,Others,Debit Card,10.0,1,183.29,Promising,1,1,3,Standard Loyalty Nurture
54258,21.38,Low,6.0,3,No,Mobile Phone,Credit Card,1.0,1,182.66,Potential Loyalist,4,1,3,Standard Loyalty Nurture
52435,21.37,Low,32.0,3,Yes (Active Ticket),Laptop & Accessory,Debit Card,0.0,3,217.13,Loyal Customers,5,3,4,Standard Loyalty Nurture
54720,21.36,Low,25.0,2,Yes (Active Ticket),Fashion,Credit Card,2.0,3,148.35,Loyal Customers,4,4,2,Standard Loyalty Nurture
55456,21.35,Low,2.0,5,No,Mobile Phone,Credit Card,1.0,6,247.44,Champions,4,5,5,Standard Loyalty Nurture
52488,21.34,Low,20.0,2,No,Grocery,Debit Card,5.0,2,285.96,Need Attention,2,2,5,Standard Loyalty Nurture
54135,21.34,Low,9.0,4,No,Fashion,Debit Card,3.0,2,155.21,Potential Loyalist,3,2,2,Standard Loyalty Nurture
50319,21.33,Low,2.0,4,No,Laptop & Accessory,UPI,9.0,1,181.18,Promising,1,1,3,Standard Loyalty Nurture
53289,21.33,Low,23.0,2,Yes (Active Ticket),Laptop & Accessory,Credit Card,1.0,3,141.45,Loyal Customers,5,3,2,Standard Loyalty Nurture
50897,21.32,Low,3.0,2,No,Fashion,COD,4.0,1,224.93,Potential Loyalist,3,1,5,Standard Loyalty Nurture
55156,21.32,Low,4.0,5,No,Laptop & Accessory,UPI,6.0,8,159.2,At Risk,2,5,2,Standard Loyalty Nurture
51199,21.3,Low,14.0,3,Yes (Active Ticket),Laptop & Accessory,Debit Card,5.0,1,184.46,Promising,2,1,3,Standard Loyalty Nurture
51132,21.29,Low,7.0,5,No,Others,E wallet,10.0,3,197.72,At Risk,1,3,4,Standard Loyalty Nurture
55418,21.28,Low,4.0,3,No,Laptop & Accessory,Debit Card,0.0,2,237.44,Loyal Customers,5,3,5,Standard Loyalty Nurture
52111,21.27,Low,2.0,3,No,Fashion,Debit Card,1.0,4,195.97,Champions,5,4,4,Standard Loyalty Nurture
54252,21.27,Low,1.0,2,No,Grocery,UPI,9.0,3,263.04,At Risk,1,3,5,Standard Loyalty Nurture
50784,21.24,Low,4.0,5,No,Grocery,E wallet,1.0,3,171.11,Loyal Customers,5,3,3,Standard Loyalty Nurture
51658,21.24,Low,4.0,5,No,Mobile Phone,Credit Card,0.0,3,158.41,Loyal Customers,5,3,2,Standard Loyalty Nurture
55580,21.24,Low,6.0,5,No,Others,Debit Card,3.0,3,138.75,Loyal Customers,3,4,2,Standard Loyalty Nurture
53248,21.23,Low,5.0,1,No,Fashion,Credit Card,10.0,7,186.11,At Risk,1,5,3,Standard Loyalty Nurture
52437,21.22,Low,5.0,5,No,Mobile Phone,Debit Card,0.0,1,264.79,Potential Loyalist,5,1,5,Standard Loyalty Nurture
53373,21.21,Low,3.0,3,No,Mobile Phone,Credit Card,13.0,1,239.84,Promising,1,1,5,Standard Loyalty Nurture
53504,21.21,Low,0.0,2,No,Mobile Phone,Debit Card,12.0,2,266.44,Need Attention,1,2,5,Standard Loyalty Nurture
54545,21.21,Low,5.0,5,No,Mobile Phone,Credit Card,4.0,1,221.78,Potential Loyalist,3,1,5,Standard Loyalty Nurture
52364,21.2,Low,7.0,4,No,Laptop & Accessory,Credit Card,4.0,6,255.58,Loyal Customers,3,5,5,Standard Loyalty Nurture
53415,21.2,Low,15.0,3,No,Fashion,Credit Card,4.0,2,51.65,Potential Loyalist,3,2,1,Standard Loyalty Nurture
53866,21.18,Low,4.0,4,No,Grocery,Debit Card,3.0,5,166.61,Loyal Customers,3,5,3,Standard Loyalty Nurture
55444,21.18,Low,31.0,3,No,Grocery,Debit Card,7.0,4,114.35,At Risk,2,4,1,Standard Loyalty Nurture
54942,21.17,Low,6.0,4,No,Laptop & Accessory,Credit Card,3.0,4,280.82,Loyal Customers,3,4,5,Standard Loyalty Nurture
51092,21.16,Low,10.0,2,No,Fashion,E wallet,7.0,4,273.56,At Risk,2,4,5,Standard Loyalty Nurture
50197,21.14,Low,13.0,1,No,Fashion,Credit Card,4.0,1,217.48,Potential Loyalist,3,1,5,Standard Loyalty Nurture
52626,21.14,Low,33.0,1,No,Laptop & Accessory,Debit Card,2.0,1,148.09,Potential Loyalist,4,1,2,Standard Loyalty Nurture
52840,21.14,Low,5.0,2,No,Grocery,Credit Card,9.0,1,233.97,Promising,1,1,5,Standard Loyalty Nurture
50749,21.13,Low,24.0,3,Yes (Active Ticket),Laptop & Accessory,Credit Card,2.0,2,101.01,Potential Loyalist,4,2,1,Standard Loyalty Nurture
54411,21.11,Low,1.0,5,No,Laptop & Accessory,E wallet,7.0,6,219.85,At Risk,2,5,5,Standard Loyalty Nurture
54779,21.11,Low,3.0,3,No,Mobile Phone,Credit Card,2.0,3,184.62,Loyal Customers,4,4,3,Standard Loyalty Nurture
51358,21.1,Low,5.0,3,No,Others,COD,10.0,4,197.1,At Risk,1,4,4,Standard Loyalty Nurture
50828,21.09,Low,4.0,3,No,Fashion,Debit Card,3.0,4,196.21,Loyal Customers,3,4,4,Standard Loyalty Nurture
50990,21.09,Low,17.0,1,No,Laptop & Accessory,Credit Card,4.0,1,241.78,Potential Loyalist,3,1,5,Standard Loyalty Nurture
51669,21.09,Low,1.0,4,No,Grocery,E wallet,2.0,3,174.51,Loyal Customers,4,3,3,Standard Loyalty Nurture
51827,21.09,Low,0.0,1,No,Mobile Phone,UPI,1.0,2,203.57,Potential Loyalist,5,2,4,Standard Loyalty Nurture
52683,21.09,Low,0.0,3,No,Grocery,Debit Card,1.0,5,277.32,Champions,5,5,5,Standard Loyalty Nurture
55234,21.09,Low,5.0,5,No,Mobile Phone,Debit Card,4.0,5,158.64,Loyal Customers,3,5,2,Standard Loyalty Nurture
50607,21.08,Low,2.0,5,No,Laptop & Accessory,UPI,1.0,3,149.19,Loyal Customers,5,3,2,Standard Loyalty Nurture
52942,21.07,Low,9.0,2,No,Mobile Phone,Debit Card,1.0,6,136.67,Loyal Customers,5,5,2,Standard Loyalty Nurture
54999,21.07,Low,17.0,5,Yes (Active Ticket),Fashion,Debit Card,2.0,3,156.02,Loyal Customers,4,4,2,Standard Loyalty Nurture
53740,21.06,Low,9.0,5,No,Mobile Phone,Debit Card,7.0,9,122.57,At Risk,2,5,1,Standard Loyalty Nurture
54365,21.06,Low,3.0,3,No,Laptop & Accessory,Debit Card,3.0,2,205.2,Potential Loyalist,3,2,4,Standard Loyalty Nurture
55612,21.06,Low,11.0,3,No,Mobile Phone,Credit Card,9.0,1,217.81,Promising,1,1,5,Standard Loyalty Nurture
50586,21.05,Low,3.0,4,No,Mobile Phone,UPI,2.0,2,152.7,Potential Loyalist,4,2,2,Standard Loyalty Nurture
51193,21.05,Low,4.0,3,No,Mobile Phone,Credit Card,9.0,8,255.18,At Risk,1,5,5,Standard Loyalty Nurture
53361,21.05,Low,16.0,2,No,Mobile Phone,E wallet,1.0,2,124.84,Potential Loyalist,5,2,1,Standard Loyalty Nurture
53385,21.05,Low,0.0,2,No,Grocery,Credit Card,2.0,3,206.65,Loyal Customers,4,3,4,Standard Loyalty Nurture
55664,21.05,Low,1.0,4,No,Fashion,COD,0.0,3,191.75,Champions,5,4,4,Standard Loyalty Nurture
50243,21.03,Low,25.0,4,Yes (Active Ticket),Mobile Phone,E wallet,0.0,3,249.43,Loyal Customers,5,3,5,Standard Loyalty Nurture
54164,21.03,Low,5.0,3,No,Grocery,Debit Card,2.0,5,177.23,Loyal Customers,4,5,3,Standard Loyalty Nurture
55373,21.01,Low,6.0,2,No,Laptop & Accessory,Debit Card,2.0,6,170.91,Loyal Customers,4,5,3,Standard Loyalty Nurture
52074,21.0,Low,21.0,2,Yes (Active Ticket),Grocery,Debit Card,1.0,4,169.1,Loyal Customers,5,4,3,Standard Loyalty Nurture
54463,20.99,Low,57.0,5,Yes (Active Ticket),Laptop & Accessory,Credit Card,1.0,2,183.89,Potential Loyalist,4,2,3,Standard Loyalty Nurture
53495,20.98,Low,11.0,3,No,Laptop & Accessory,E wallet,7.0,1,99.18,Hibernating,2,1,1,Standard Loyalty Nurture
50260,20.97,Low,1.0,4,No,Grocery,E wallet,1.0,1,219.11,Potential Loyalist,5,1,5,Standard Loyalty Nurture
53969,20.96,Low,9.0,5,No,Laptop & Accessory,Credit Card,8.0,5,174.83,At Risk,1,5,3,Standard Loyalty Nurture
55016,20.96,Low,2.0,1,No,Mobile Phone,UPI,1.0,6,187.29,Loyal Customers,4,5,3,Standard Loyalty Nurture
55523,20.95,Low,10.0,4,No,Fashion,Credit Card,5.0,2,113.17,At Risk,2,3,1,Standard Loyalty Nurture
53006,20.91,Low,18.0,2,Yes (Active Ticket),Mobile Phone,Credit Card,5.0,4,159.63,At Risk,2,4,2,Standard Loyalty Nurture
54481,20.91,Low,2.0,2,No,Laptop & Accessory,Debit Card,4.0,5,184.51,Loyal Customers,3,5,3,Standard Loyalty Nurture
53516,20.9,Low,28.0,4,Yes (Active Ticket),Laptop & Accessory,Credit Card,4.0,2,185.43,Potential Loyalist,3,2,3,Standard Loyalty Nurture
53902,20.9,Low,5.0,3,No,Laptop & Accessory,Credit Card,1.0,3,185.47,Loyal Customers,4,3,3,Standard Loyalty Nurture
51293,20.89,Low,8.0,5,No,Others,COD,3.0,1,157.97,Potential Loyalist,3,1,2,Standard Loyalty Nurture
54778,20.89,Low,4.0,4,No,Grocery,Credit Card,0.0,4,256.87,Champions,5,4,5,Standard Loyalty Nurture
51583,20.88,Low,9.0,4,No,Mobile Phone,Credit Card,10.0,4,197.93,At Risk,1,4,4,Standard Loyalty Nurture
50508,20.87,Low,17.0,4,No,Laptop & Accessory,UPI,18.0,3,154.03,At Risk,1,3,2,Standard Loyalty Nurture
52216,20.86,Low,4.0,5,No,Laptop & Accessory,COD,2.0,2,203.37,Potential Loyalist,4,2,4,Standard Loyalty Nurture
53113,20.86,Low,13.0,5,Yes (Active Ticket),Mobile Phone,UPI,4.0,3,159.21,Loyal Customers,3,3,2,Standard Loyalty Nurture
53694,20.86,Low,3.0,3,No,Fashion,Credit Card,0.0,2,228.57,Potential Loyalist,5,2,5,Standard Loyalty Nurture
51387,20.85,Low,15.0,3,Yes (Active Ticket),Laptop & Accessory,Credit Card,2.0,4,227.8,Champions,4,4,5,Standard Loyalty Nurture
54267,20.83,Low,10.0,3,No,Fashion,UPI,1.0,5,174.3,Loyal Customers,4,5,3,Standard Loyalty Nurture
50051,20.82,Low,35.0,4,Yes (Active Ticket),Mobile Phone,COD,13.0,3,180.53,At Risk,1,3,3,Standard Loyalty Nurture
52161,20.82,Low,11.0,2,No,Laptop & Accessory,Credit Card,1.0,1,164.21,Potential Loyalist,5,1,3,Standard Loyalty Nurture
54707,20.81,Low,15.0,1,No,Laptop & Accessory,Debit Card,0.0,2,163.53,Potential Loyalist,5,2,2,Standard Loyalty Nurture
53319,20.79,Low,16.0,5,Yes (Active Ticket),Fashion,Debit Card,5.0,3,138.54,At Risk,2,3,2,Standard Loyalty Nurture
50052,20.78,Low,15.0,3,Yes (Active Ticket),Grocery,E wallet,2.0,3,251.47,Loyal Customers,4,3,5,Standard Loyalty Nurture
54738,20.78,Low,4.0,2,No,Laptop & Accessory,COD,1.0,6,172.36,Loyal Customers,4,5,3,Standard Loyalty Nurture
53338,20.77,Low,14.0,4,Yes (Active Ticket),Fashion,Debit Card,8.0,3,111.01,At Risk,1,3,1,Standard Loyalty Nurture
53592,20.74,Low,2.0,2,No,Mobile Phone,Credit Card,4.0,6,176.43,Loyal Customers,3,5,3,Standard Loyalty Nurture
54310,20.74,Low,15.0,4,Yes (Active Ticket),Mobile Phone,Credit Card,2.0,5,206.66,Champions,4,5,4,Standard Loyalty Nurture
50915,20.71,Low,8.0,5,No,Mobile Phone,Debit Card,21.0,4,166.47,At Risk,1,4,3,Standard Loyalty Nurture
51934,20.71,Low,9.0,4,No,Mobile Phone,Debit Card,6.0,2,181.77,Need Attention,2,2,3,Standard Loyalty Nurture
54543,20.71,Low,2.0,4,No,Laptop & Accessory,E wallet,1.0,2,153.99,Potential Loyalist,4,2,2,Standard Loyalty Nurture
54159,20.7,Low,32.0,5,Yes (Active Ticket),Grocery,Debit Card,14.0,3,212.35,At Risk,1,3,4,Standard Loyalty Nurture
54519,20.69,Low,2.0,5,No,Fashion,Credit Card,2.0,1,150.53,Potential Loyalist,4,1,2,Standard Loyalty Nurture
54596,20.69,Low,10.0,5,No,Laptop & Accessory,Debit Card,2.0,2,117.05,Potential Loyalist,4,2,1,Standard Loyalty Nurture
50732,20.68,Low,17.0,5,Yes (Active Ticket),Mobile Phone,Debit Card,5.0,2,194.97,Need Attention,2,2,4,Standard Loyalty Nurture
51739,20.68,Low,5.0,4,No,Mobile Phone,Debit Card,2.0,1,109.93,Potential Loyalist,4,1,1,Standard Loyalty Nurture
51082,20.67,Low,1.0,4,No,Others,UPI,3.0,3,152.4,Loyal Customers,3,3,2,Standard Loyalty Nurture
52985,20.65,Low,8.0,5,No,Laptop & Accessory,E wallet,6.0,6,160.29,At Risk,2,5,2,Standard Loyalty Nurture
51468,20.64,Low,5.0,3,No,Laptop & Accessory,E wallet,1.0,1,167.0,Potential Loyalist,5,1,3,Standard Loyalty Nurture
53767,20.64,Low,9.0,4,No,Mobile Phone,Debit Card,7.0,5,141.11,At Risk,2,5,2,Standard Loyalty Nurture
50434,20.63,Low,1.0,2,No,Mobile Phone,Debit Card,1.0,4,230.3,Champions,5,4,5,Standard Loyalty Nurture
52889,20.63,Low,17.0,4,Yes (Active Ticket),Laptop & Accessory,E wallet,3.0,1,243.04,Potential Loyalist,3,1,5,Standard Loyalty Nurture
53955,20.63,Low,3.0,4,No,Mobile Phone,Credit Card,1.0,2,150.86,Potential Loyalist,4,2,2,Standard Loyalty Nurture
50587,20.62,Low,1.0,4,No,Fashion,UPI,3.0,5,196.45,Loyal Customers,3,5,4,Standard Loyalty Nurture
51052,20.61,Low,8.0,4,No,Laptop & Accessory,Debit Card,4.0,6,151.69,Loyal Customers,3,5,2,Standard Loyalty Nurture
51951,20.61,Low,1.0,4,No,Laptop & Accessory,E wallet,9.0,4,228.42,At Risk,1,4,5,Standard Loyalty Nurture
53322,20.59,Low,1.0,4,No,Laptop & Accessory,UPI,4.0,2,181.73,Potential Loyalist,3,2,3,Standard Loyalty Nurture
54035,20.59,Low,2.0,3,No,Laptop & Accessory,Credit Card,2.0,2,211.84,Potential Loyalist,4,2,4,Standard Loyalty Nurture
54914,20.59,Low,2.0,5,No,Mobile Phone,Credit Card,0.0,4,190.44,Champions,5,4,4,Standard Loyalty Nurture
55072,20.59,Low,13.0,1,No,Laptop & Accessory,E wallet,13.0,5,284.82,At Risk,1,5,5,Standard Loyalty Nurture
51338,20.58,Low,11.0,2,No,Mobile Phone,Debit Card,4.0,4,122.76,Loyal Customers,3,4,1,Standard Loyalty Nurture
54891,20.57,Low,4.0,4,No,Laptop & Accessory,Debit Card,4.0,4,216.66,Loyal Customers,3,4,4,Standard Loyalty Nurture
51283,20.56,Low,8.0,5,No,Fashion,COD,3.0,4,132.79,Loyal Customers,3,4,1,Standard Loyalty Nurture
52770,20.56,Low,11.0,2,No,Grocery,E wallet,1.0,2,232.87,Potential Loyalist,5,2,5,Standard Loyalty Nurture
54622,20.54,Low,14.0,5,Yes (Active Ticket),Laptop & Accessory,E wallet,7.0,1,122.13,Hibernating,2,1,1,Standard Loyalty Nurture
53639,20.53,Low,3.0,3,No,Mobile Phone,Debit Card,4.0,2,205.34,Potential Loyalist,3,2,4,Standard Loyalty Nurture
50327,20.52,Low,8.0,2,No,Laptop & Accessory,UPI,1.0,2,226.76,Potential Loyalist,5,2,5,Standard Loyalty Nurture
51523,20.52,Low,4.0,5,No,Others,Debit Card,2.0,2,286.9,Potential Loyalist,4,2,5,Standard Loyalty Nurture
54127,20.5,Low,11.0,5,No,Laptop & Accessory,Credit Card,23.0,5,127.12,At Risk,1,5,1,Standard Loyalty Nurture
52689,20.49,Low,7.0,2,No,Fashion,Credit Card,2.0,5,184.54,Loyal Customers,4,5,3,Standard Loyalty Nurture
51257,20.48,Low,2.0,5,No,Laptop & Accessory,Debit Card,1.0,1,166.87,Potential Loyalist,5,1,3,Standard Loyalty Nurture
52211,20.48,Low,14.0,4,Yes (Active Ticket),Fashion,Debit Card,8.0,1,70.85,Hibernating,2,1,1,Standard Loyalty Nurture
55378,20.48,Low,4.0,3,No,Laptop & Accessory,Debit Card,1.0,2,203.07,Potential Loyalist,4,2,4,Standard Loyalty Nurture
53397,20.47,Low,17.0,1,Yes (Active Ticket),Laptop & Accessory,Debit Card,3.0,5,250.02,Loyal Customers,3,5,5,Standard Loyalty Nurture
54726,20.47,Low,0.0,4,No,Grocery,E wallet,1.0,3,200.08,Champions,4,4,4,Standard Loyalty Nurture
55103,20.47,Low,8.0,5,No,Mobile Phone,E wallet,0.0,1,151.97,Potential Loyalist,5,1,2,Standard Loyalty Nurture
52263,20.46,Low,22.0,2,Yes (Active Ticket),Fashion,Debit Card,7.0,4,157.91,At Risk,2,4,2,Standard Loyalty Nurture
53615,20.46,Low,5.0,3,No,Laptop & Accessory,Credit Card,2.0,2,200.58,Potential Loyalist,4,2,4,Standard Loyalty Nurture
53661,20.46,Low,7.0,4,No,Laptop & Accessory,Debit Card,2.0,1,178.21,Potential Loyalist,4,1,3,Standard Loyalty Nurture
54133,20.46,Low,11.0,3,No,Laptop & Accessory,Debit Card,7.0,1,161.95,Hibernating,2,1,2,Standard Loyalty Nurture
51591,20.45,Low,12.0,4,No,Mobile Phone,E wallet,8.0,4,128.81,At Risk,2,4,1,Standard Loyalty Nurture
55255,20.45,Low,20.0,1,No,Laptop & Accessory,Credit Card,5.0,6,173.0,At Risk,2,5,3,Standard Loyalty Nurture
51818,20.44,Low,15.0,4,Yes (Active Ticket),Laptop & Accessory,UPI,3.0,3,168.27,Loyal Customers,3,3,3,Standard Loyalty Nurture
53312,20.44,Low,11.0,2,No,Grocery,Credit Card,4.0,5,279.79,Loyal Customers,3,5,5,Standard Loyalty Nurture
53798,20.44,Low,1.0,4,No,Laptop & Accessory,Credit Card,1.0,3,229.53,Loyal Customers,4,3,5,Standard Loyalty Nurture
51079,20.43,Low,2.0,5,No,Fashion,Credit Card,3.0,2,125.4,Potential Loyalist,3,2,1,Standard Loyalty Nurture
53112,20.42,Low,3.0,3,No,Laptop & Accessory,Credit Card,1.0,5,203.63,Champions,5,5,4,Standard Loyalty Nurture
53283,20.42,Low,19.0,2,Yes (Active Ticket),Laptop & Accessory,Debit Card,6.0,1,228.59,Promising,2,1,5,Standard Loyalty Nurture
54862,20.42,Low,17.0,4,Yes (Active Ticket),Fashion,Credit Card,8.0,5,209.47,At Risk,1,5,4,Standard Loyalty Nurture
52309,20.41,Low,1.0,3,No,Fashion,Credit Card,2.0,3,193.03,Loyal Customers,4,3,4,Standard Loyalty Nurture
52884,20.41,Low,1.0,5,No,Laptop & Accessory,Credit Card,0.0,3,215.35,Loyal Customers,5,3,4,Standard Loyalty Nurture
53127,20.41,Low,11.0,5,No,Mobile Phone,Credit Card,8.0,1,170.55,Promising,1,1,3,Standard Loyalty Nurture
53737,20.41,Low,11.0,3,No,Mobile Phone,Debit Card,10.0,9,160.06,At Risk,1,5,2,Standard Loyalty Nurture
53211,20.4,Low,2.0,4,No,Laptop & Accessory,Debit Card,2.0,3,195.53,Loyal Customers,4,3,4,Standard Loyalty Nurture
50894,20.39,Low,5.0,3,No,Others,Credit Card,1.0,4,157.93,Loyal Customers,5,4,2,Standard Loyalty Nurture
52146,20.38,Low,17.0,4,Yes (Active Ticket),Laptop & Accessory,Debit Card,6.0,6,174.41,At Risk,2,5,3,Standard Loyalty Nurture
52716,20.38,Low,4.0,3,No,Mobile Phone,Debit Card,0.0,2,211.52,Potential Loyalist,5,2,4,Standard Loyalty Nurture
53468,20.35,Low,11.0,2,No,Mobile Phone,COD,3.0,4,199.33,Loyal Customers,3,4,4,Standard Loyalty Nurture
52938,20.34,Low,9.0,3,No,Mobile Phone,E wallet,5.0,2,267.28,Need Attention,2,2,5,Standard Loyalty Nurture
50472,20.33,Low,35.0,5,Yes (Active Ticket),Fashion,Debit Card,7.0,2,248.77,Need Attention,2,2,5,Standard Loyalty Nurture
55364,20.33,Low,12.0,5,Yes (Active Ticket),Mobile Phone,Credit Card,2.0,4,205.08,Champions,4,4,4,Standard Loyalty Nurture
52445,20.32,Low,6.0,3,No,Fashion,Debit Card,0.0,3,243.23,Loyal Customers,5,3,5,Standard Loyalty Nurture
53311,20.32,Low,13.0,5,Yes (Active Ticket),Laptop & Accessory,Debit Card,2.0,1,237.59,Potential Loyalist,4,1,5,Standard Loyalty Nurture
53085,20.3,Low,12.0,3,No,Mobile Phone,COD,1.0,3,128.8,Loyal Customers,5,3,1,Standard Loyalty Nurture
51539,20.29,Low,2.0,1,No,Grocery,E wallet,0.0,2,260.95,Potential Loyalist,5,2,5,Standard Loyalty Nurture
52374,20.29,Low,6.0,5,No,Laptop & Accessory,UPI,0.0,1,125.5,Potential Loyalist,5,1,1,Standard Loyalty Nurture
50601,20.28,Low,2.0,3,No,Laptop & Accessory,Debit Card,0.0,1,212.08,Potential Loyalist,5,1,4,Standard Loyalty Nurture
51560,20.28,Low,23.0,1,Yes (Active Ticket),Fashion,Debit Card,7.0,3,124.81,At Risk,2,3,1,Standard Loyalty Nurture
53143,20.26,Low,9.0,4,No,Laptop & Accessory,E wallet,10.0,5,198.59,At Risk,1,5,4,Standard Loyalty Nurture
52801,20.25,Low,16.0,2,Yes (Active Ticket),Mobile Phone,E wallet,8.0,5,187.02,At Risk,2,5,3,Standard Loyalty Nurture
54646,20.24,Low,14.0,2,No,Fashion,Debit Card,3.0,1,269.89,Potential Loyalist,3,1,5,Standard Loyalty Nurture
53821,20.23,Low,4.0,3,No,Mobile Phone,Debit Card,0.0,3,275.98,Loyal Customers,5,3,5,Standard Loyalty Nurture
54097,20.23,Low,0.0,4,No,Fashion,UPI,1.0,1,223.59,Potential Loyalist,4,1,5,Standard Loyalty Nurture
52035,20.22,Low,9.0,3,No,Fashion,Debit Card,1.0,4,175.13,Loyal Customers,5,4,3,Standard Loyalty Nurture
51378,20.21,Low,7.0,3,No,Fashion,Debit Card,1.0,1,204.42,Potential Loyalist,5,1,4,Standard Loyalty Nurture
50329,20.2,Low,5.0,2,No,Mobile Phone,Debit Card,2.0,3,309.87,Loyal Customers,4,3,5,Standard Loyalty Nurture
55097,20.19,Low,19.0,1,Yes (Active Ticket),Mobile Phone,Credit Card,1.0,3,151.03,Loyal Customers,4,4,2,Standard Loyalty Nurture
51076,20.18,Low,6.0,5,No,Others,Debit Card,2.0,2,195.68,Potential Loyalist,4,2,4,Standard Loyalty Nurture
53879,20.18,Low,8.0,3,No,Laptop & Accessory,UPI,12.0,3,295.03,At Risk,1,3,5,Standard Loyalty Nurture
54780,20.18,Low,3.0,4,No,Fashion,E wallet,2.0,2,182.33,Potential Loyalist,4,2,3,Standard Loyalty Nurture
54963,20.18,Low,3.0,3,No,Fashion,Debit Card,14.0,4,232.21,At Risk,1,4,5,Standard Loyalty Nurture
52154,20.17,Low,17.0,5,Yes (Active Ticket),Grocery,UPI,0.0,3,216.09,Loyal Customers,5,3,4,Standard Loyalty Nurture
50235,20.15,Low,2.0,4,No,Fashion,Credit Card,3.0,1,168.36,Potential Loyalist,3,1,3,Standard Loyalty Nurture
54497,20.15,Low,7.0,5,No,Mobile Phone,Debit Card,3.0,3,146.4,Loyal Customers,3,3,2,Standard Loyalty Nurture
52500,20.14,Low,5.0,3,No,Laptop & Accessory,UPI,2.0,4,185.97,Loyal Customers,4,4,3,Standard Loyalty Nurture
53958,20.14,Low,5.0,4,No,Laptop & Accessory,Credit Card,0.0,4,187.05,Loyal Customers,5,4,3,Standard Loyalty Nurture
51181,20.12,Low,33.0,5,Yes (Active Ticket),Mobile Phone,UPI,7.0,6,27.83,At Risk,2,5,1,Standard Loyalty Nurture
52520,20.12,Low,13.0,4,Yes (Active Ticket),Laptop & Accessory,UPI,10.0,1,193.68,Promising,1,1,4,Standard Loyalty Nurture
54492,20.11,Low,12.0,1,No,Fashion,Debit Card,2.0,3,132.04,Loyal Customers,4,3,1,Standard Loyalty Nurture
51776,20.1,Low,4.0,4,No,Fashion,E wallet,4.0,5,202.84,Loyal Customers,3,5,4,Standard Loyalty Nurture
50777,20.08,Low,3.0,4,No,Laptop & Accessory,Debit Card,4.0,2,238.43,Potential Loyalist,3,2,5,Standard Loyalty Nurture
51471,20.08,Low,8.0,5,No,Grocery,E wallet,1.0,3,127.08,Loyal Customers,5,3,1,Standard Loyalty Nurture
53431,20.08,Low,9.0,5,No,Laptop & Accessory,Debit Card,5.0,2,164.43,Need Attention,2,2,3,Standard Loyalty Nurture
53009,20.06,Low,11.0,2,No,Fashion,Credit Card,2.0,1,254.09,Potential Loyalist,4,1,5,Standard Loyalty Nurture
50364,20.05,Low,8.0,5,No,Mobile Phone,Credit Card,1.0,4,114.17,Loyal Customers,5,4,1,Standard Loyalty Nurture
53856,20.05,Low,1.0,4,No,Mobile Phone,UPI,1.0,2,164.88,Potential Loyalist,4,2,3,Standard Loyalty Nurture
54213,20.05,Low,8.0,4,No,Grocery,Debit Card,10.0,1,264.07,Promising,1,1,5,Standard Loyalty Nurture
54798,20.05,Low,15.0,3,No,Mobile Phone,Debit Card,1.0,5,105.26,Loyal Customers,4,5,1,Standard Loyalty Nurture
51268,20.04,Low,7.0,2,No,Fashion,Credit Card,13.0,1,223.47,Promising,1,1,5,Standard Loyalty Nurture
52200,20.04,Low,5.0,5,No,Fashion,Credit Card,3.0,5,185.75,Loyal Customers,3,5,3,Standard Loyalty Nurture
52961,20.04,Low,2.0,3,No,Fashion,UPI,3.0,1,202.84,Potential Loyalist,3,1,4,Standard Loyalty Nurture
55107,20.04,Low,5.0,4,No,Others,Debit Card,1.0,1,184.44,Potential Loyalist,4,1,3,Standard Loyalty Nurture
51641,20.03,Low,8.0,4,No,Grocery,Debit Card,3.0,3,176.45,Loyal Customers,3,3,3,Standard Loyalty Nurture
53620,20.03,Low,2.0,5,No,Laptop & Accessory,Credit Card,2.0,3,230.67,Loyal Customers,4,3,5,Standard Loyalty Nurture
50796,20.02,Low,21.0,4,Yes (Active Ticket),Laptop & Accessory,Debit Card,4.0,4,159.37,Loyal Customers,3,4,2,Standard Loyalty Nurture
52636,20.02,Low,11.0,1,No,Fashion,E wallet,2.0,3,147.12,Loyal Customers,4,3,2,Standard Loyalty Nurture
54532,20.02,Low,2.0,4,No,Others,Debit Card,2.0,6,235.89,Champions,4,5,5,Standard Loyalty Nurture
54588,20.01,Low,1.0,4,No,Others,Debit Card,0.0,1,235.78,Potential Loyalist,5,1,5,Standard Loyalty Nurture
54954,20.01,Low,11.0,4,No,Laptop & Accessory,Credit Card,8.0,5,152.69,At Risk,1,5,2,Standard Loyalty Nurture
52275,20.0,Low,30.0,2,No,Fashion,E wallet,12.0,5,106.27,At Risk,1,5,1,Standard Loyalty Nurture
52936,19.99,Low,2.0,3,No,Fashion,Credit Card,2.0,1,192.42,Potential Loyalist,4,1,4,Standard Loyalty Nurture
54621,19.99,Low,19.0,4,Yes (Active Ticket),Others,Credit Card,1.0,2,150.54,Potential Loyalist,4,2,2,Standard Loyalty Nurture
51850,19.98,Low,10.0,5,Yes (Active Ticket),Laptop & Accessory,E wallet,2.0,4,240.61,Champions,4,4,5,Standard Loyalty Nurture
52272,19.97,Low,5.0,4,No,Grocery,Debit Card,3.0,3,146.21,Loyal Customers,3,3,2,Standard Loyalty Nurture
54490,19.97,Low,8.0,4,No,Grocery,UPI,2.0,4,111.69,Loyal Customers,4,4,1,Standard Loyalty Nurture
51749,19.96,Low,14.0,3,Yes (Active Ticket),Fashion,Debit Card,8.0,1,234.3,Promising,2,1,5,Standard Loyalty Nurture
53352,19.96,Low,6.0,2,No,Mobile Phone,Debit Card,1.0,2,177.07,Potential Loyalist,5,2,3,Standard Loyalty Nurture
53577,19.94,Low,2.0,4,No,Others,E wallet,2.0,5,142.62,Loyal Customers,4,5,2,Standard Loyalty Nurture
50545,19.9,Low,10.0,4,No,Laptop & Accessory,E wallet,2.0,5,152.67,Loyal Customers,4,5,2,Standard Loyalty Nurture
51065,19.9,Low,5.0,3,No,Mobile Phone,UPI,1.0,1,164.74,Potential Loyalist,5,1,3,Standard Loyalty Nurture
51414,19.9,Low,1.0,3,No,Mobile Phone,Debit Card,9.0,2,204.45,Need Attention,1,2,4,Standard Loyalty Nurture
51795,19.9,Low,0.0,4,No,Laptop & Accessory,Credit Card,2.0,6,206.23,Champions,4,5,4,Standard Loyalty Nurture
53929,19.9,Low,12.0,1,No,Fashion,Debit Card,0.0,7,165.26,Loyal Customers,5,5,3,Standard Loyalty Nurture
50176,19.88,Low,2.0,5,No,Laptop & Accessory,Debit Card,8.0,4,235.68,At Risk,2,4,5,Standard Loyalty Nurture
51698,19.88,Low,1.0,3,No,Mobile Phone,Credit Card,2.0,2,197.05,Potential Loyalist,4,2,4,Standard Loyalty Nurture
52502,19.88,Low,14.0,4,Yes (Active Ticket),Mobile Phone,Debit Card,4.0,5,101.78,Loyal Customers,3,5,1,Standard Loyalty Nurture
52855,19.88,Low,1.0,3,No,Mobile Phone,Debit Card,4.0,4,223.65,Loyal Customers,3,4,5,Standard Loyalty Nurture
51053,19.87,Low,28.0,5,No,Others,Credit Card,2.0,5,217.58,Champions,4,5,5,Standard Loyalty Nurture
51271,19.87,Low,12.0,3,No,Mobile Phone,Debit Card,10.0,4,102.39,At Risk,1,4,1,Standard Loyalty Nurture
51517,19.87,Low,10.0,1,No,Laptop & Accessory,E wallet,3.0,5,208.36,Loyal Customers,3,5,4,Standard Loyalty Nurture
54212,19.87,Low,9.0,5,No,Laptop & Accessory,Debit Card,4.0,3,111.18,Loyal Customers,3,3,1,Standard Loyalty Nurture
50730,19.86,Low,2.0,4,No,Mobile Phone,Debit Card,2.0,2,205.24,Potential Loyalist,4,2,4,Standard Loyalty Nurture
54866,19.86,Low,10.0,4,No,Mobile Phone,Credit Card,6.0,3,206.05,At Risk,2,4,4,Standard Loyalty Nurture
50196,19.85,Low,4.0,3,No,Laptop & Accessory,Debit Card,1.0,3,176.92,Loyal Customers,5,3,3,Standard Loyalty Nurture
51251,19.85,Low,16.0,4,No,Laptop & Accessory,UPI,18.0,1,160.06,Hibernating,1,1,2,Standard Loyalty Nurture
54536,19.83,Low,9.0,5,No,Fashion,Debit Card,3.0,2,98.85,Potential Loyalist,3,2,1,Standard Loyalty Nurture
51598,19.81,Low,1.0,4,No,Grocery,Debit Card,0.0,1,184.1,Potential Loyalist,5,1,3,Standard Loyalty Nurture
52605,19.81,Low,0.0,4,No,Mobile Phone,Credit Card,0.0,3,125.94,Loyal Customers,5,3,1,Standard Loyalty Nurture
50039,19.8,Low,12.0,5,No,Mobile Phone,Debit Card,0.0,9,196.89,Champions,5,5,4,Standard Loyalty Nurture
50429,19.8,Low,4.0,4,No,Laptop & Accessory,UPI,1.0,3,168.67,Loyal Customers,5,3,3,Standard Loyalty Nurture
54369,19.8,Low,2.0,4,No,Laptop & Accessory,E wallet,1.0,4,162.2,Loyal Customers,4,4,2,Standard Loyalty Nurture
54838,19.8,Low,5.0,5,No,Laptop & Accessory,E wallet,2.0,2,226.13,Potential Loyalist,4,2,5,Standard Loyalty Nurture
55322,19.8,Low,3.0,4,No,Grocery,Credit Card,2.0,2,193.27,Potential Loyalist,4,2,4,Standard Loyalty Nurture
55149,19.79,Low,10.0,2,No,Fashion,Credit Card,5.0,5,210.97,At Risk,2,5,4,Standard Loyalty Nurture
54086,19.78,Low,1.0,5,No,Grocery,Debit Card,4.0,1,226.75,Potential Loyalist,3,1,5,Standard Loyalty Nurture
51466,19.77,Low,0.0,4,No,Others,COD,1.0,4,208.8,Champions,5,4,4,Standard Loyalty Nurture
55325,19.77,Low,1.0,5,No,Laptop & Accessory,Debit Card,5.0,4,298.64,At Risk,2,4,5,Standard Loyalty Nurture
53168,19.76,Low,1.0,5,No,Laptop & Accessory,Debit Card,0.0,2,228.25,Potential Loyalist,5,2,5,Standard Loyalty Nurture
54199,19.75,Low,6.0,5,No,Laptop & Accessory,UPI,4.0,3,155.56,Loyal Customers,3,3,2,Standard Loyalty Nurture
55320,19.75,Low,9.0,4,No,Fashion,UPI,8.0,7,124.09,At Risk,1,5,1,Standard Loyalty Nurture
52064,19.74,Low,6.0,3,No,Laptop & Accessory,Debit Card,2.0,1,180.14,Potential Loyalist,4,1,3,Standard Loyalty Nurture
55180,19.74,Low,24.0,3,Yes (Active Ticket),Mobile Phone,Debit Card,5.0,1,270.24,Promising,2,1,5,Standard Loyalty Nurture
50072,19.72,Low,2.0,5,No,Mobile Phone,Debit Card,1.0,3,132.75,Loyal Customers,5,3,1,Standard Loyalty Nurture
53776,19.72,Low,27.0,1,Yes (Active Ticket),Laptop & Accessory,Debit Card,3.0,6,137.92,Loyal Customers,3,5,2,Standard Loyalty Nurture
55654,19.72,Low,14.0,3,No,Laptop & Accessory,Debit Card,0.0,1,164.76,Potential Loyalist,5,1,3,Standard Loyalty Nurture
55594,19.71,Low,36.0,1,Yes (Active Ticket),Grocery,UPI,5.0,4,138.52,At Risk,2,5,2,Standard Loyalty Nurture
50935,19.7,Low,2.0,1,No,Grocery,E wallet,9.0,1,261.79,Promising,1,1,5,Standard Loyalty Nurture
53755,19.69,Low,3.0,4,No,Fashion,UPI,1.0,5,185.63,Loyal Customers,4,5,3,Standard Loyalty Nurture
51287,19.67,Low,1.0,4,No,Fashion,Debit Card,11.0,4,207.41,At Risk,1,4,4,Standard Loyalty Nurture
51786,19.67,Low,23.0,1,Yes (Active Ticket),Mobile Phone,E wallet,0.0,5,154.89,Loyal Customers,5,5,2,Standard Loyalty Nurture
54921,19.67,Low,30.0,1,No,Others,Credit Card,16.0,6,178.42,At Risk,1,5,3,Standard Loyalty Nurture
54501,19.66,Low,9.0,4,No,Mobile Phone,Credit Card,8.0,6,195.33,At Risk,1,5,4,Standard Loyalty Nurture
52149,19.65,Low,7.0,3,No,Laptop & Accessory,E wallet,6.0,5,180.39,At Risk,2,5,3,Standard Loyalty Nurture
50987,19.64,Low,12.0,5,Yes (Active Ticket),Laptop & Accessory,E wallet,2.0,1,155.29,Potential Loyalist,4,1,2,Standard Loyalty Nurture
51010,19.64,Low,7.0,5,No,Mobile Phone,Credit Card,1.0,2,169.76,Potential Loyalist,5,2,3,Standard Loyalty Nurture
50679,19.63,Low,35.0,3,Yes (Active Ticket),Laptop & Accessory,Credit Card,3.0,4,150.39,Loyal Customers,3,4,2,Standard Loyalty Nurture
54349,19.63,Low,17.0,4,No,Mobile Phone,Credit Card,3.0,4,130.26,Loyal Customers,3,4,1,Standard Loyalty Nurture
50307,19.62,Low,7.0,4,No,Laptop & Accessory,Debit Card,0.0,1,134.96,Potential Loyalist,5,1,1,Standard Loyalty Nurture
55299,19.62,Low,6.0,4,No,Fashion,Credit Card,10.0,2,222.93,Need Attention,1,2,5,Standard Loyalty Nurture
50272,19.61,Low,17.0,4,Yes (Active Ticket),Laptop & Accessory,Debit Card,1.0,2,301.51,Potential Loyalist,5,2,5,Standard Loyalty Nurture
54989,19.61,Low,13.0,3,Yes (Active Ticket),Laptop & Accessory,Debit Card,3.0,3,161.45,Loyal Customers,3,4,2,Standard Loyalty Nurture
50854,19.6,Low,23.0,4,Yes (Active Ticket),Mobile Phone,Debit Card,5.0,1,143.76,Hibernating,2,1,2,Standard Loyalty Nurture
53663,19.6,Low,1.0,5,No,Fashion,Debit Card,2.0,1,207.06,Potential Loyalist,4,1,4,Standard Loyalty Nurture
50287,19.59,Low,6.0,3,No,Fashion,Debit Card,1.0,5,212.74,Champions,5,5,4,Standard Loyalty Nurture
54442,19.59,Low,18.0,5,Yes (Active Ticket),Fashion,Debit Card,8.0,4,157.33,At Risk,1,4,2,Standard Loyalty Nurture
53116,19.58,Low,21.0,2,No,Laptop & Accessory,COD,5.0,4,161.68,At Risk,2,4,2,Standard Loyalty Nurture
54811,19.58,Low,2.0,4,No,Laptop & Accessory,Credit Card,3.0,2,85.45,Potential Loyalist,3,2,1,Standard Loyalty Nurture
55553,19.56,Low,29.0,3,No,Mobile Phone,Debit Card,6.0,5,168.86,At Risk,2,5,3,Standard Loyalty Nurture
51465,19.53,Low,61.0,3,Yes (Active Ticket),Fashion,UPI,14.0,5,256.61,At Risk,1,5,5,Standard Loyalty Nurture
52945,19.52,Low,14.0,1,No,Mobile Phone,UPI,4.0,2,243.63,Potential Loyalist,3,2,5,Standard Loyalty Nurture
55347,19.52,Low,0.0,5,No,Laptop & Accessory,E wallet,0.0,3,162.71,Loyal Customers,5,4,2,Standard Loyalty Nurture
51774,19.51,Low,31.0,2,Yes (Active Ticket),Fashion,UPI,15.0,3,211.54,At Risk,1,3,4,Standard Loyalty Nurture
54243,19.51,Low,14.0,3,No,Grocery,Debit Card,3.0,1,291.48,Potential Loyalist,3,1,5,Standard Loyalty Nurture
55175,19.51,Low,6.0,4,No,Mobile Phone,Debit Card,6.0,3,223.52,At Risk,2,4,5,Standard Loyalty Nurture
51460,19.5,Low,11.0,4,No,Laptop & Accessory,Debit Card,0.0,2,116.7,Potential Loyalist,5,2,1,Standard Loyalty Nurture
53179,19.5,Low,17.0,2,No,Mobile Phone,Credit Card,2.0,2,204.63,Potential Loyalist,4,2,4,Standard Loyalty Nurture
53135,19.48,Low,2.0,4,No,Laptop & Accessory,E wallet,5.0,1,266.41,Promising,2,1,5,Standard Loyalty Nurture
55127,19.45,Low,8.0,3,No,Fashion,E wallet,3.0,6,172.75,Loyal Customers,3,5,3,Standard Loyalty Nurture
53877,19.44,Low,2.0,5,No,Laptop & Accessory,E wallet,1.0,3,188.67,Loyal Customers,4,3,4,Standard Loyalty Nurture
53567,19.43,Low,9.0,4,No,Mobile Phone,Debit Card,3.0,2,112.15,Potential Loyalist,3,2,1,Standard Loyalty Nurture
50841,19.42,Low,0.0,4,No,Grocery,Debit Card,1.0,1,176.23,Potential Loyalist,5,1,3,Standard Loyalty Nurture
50971,19.42,Low,11.0,4,No,Fashion,Credit Card,18.0,4,156.3,At Risk,1,4,2,Standard Loyalty Nurture
51060,19.42,Low,10.0,5,No,Fashion,E wallet,8.0,6,205.67,At Risk,2,5,4,Standard Loyalty Nurture
51856,19.42,Low,3.0,4,No,Fashion,COD,1.0,1,161.88,Potential Loyalist,5,1,2,Standard Loyalty Nurture
52221,19.42,Low,12.0,3,No,Laptop & Accessory,E wallet,9.0,1,186.85,Promising,1,1,3,Standard Loyalty Nurture
51142,19.41,Low,4.0,3,No,Others,Debit Card,1.0,1,200.58,Potential Loyalist,5,1,4,Standard Loyalty Nurture
53957,19.41,Low,26.0,4,Yes (Active Ticket),Fashion,Credit Card,2.0,1,104.86,Potential Loyalist,4,1,1,Standard Loyalty Nurture
52494,19.4,Low,5.0,4,No,Laptop & Accessory,COD,6.0,1,237.39,Promising,2,1,5,Standard Loyalty Nurture
50125,19.39,Low,3.0,5,No,Laptop & Accessory,Debit Card,2.0,5,173.35,Loyal Customers,4,5,3,Standard Loyalty Nurture
50209,19.39,Low,0.0,4,No,Grocery,Credit Card,5.0,4,195.44,Loyal Customers,3,4,4,Standard Loyalty Nurture
51648,19.38,Low,17.0,3,No,Laptop & Accessory,Debit Card,2.0,2,152.36,Potential Loyalist,4,2,2,Standard Loyalty Nurture
52315,19.33,Low,49.0,5,No,Laptop & Accessory,Credit Card,1.0,3,63.3,Loyal Customers,5,3,1,Standard Loyalty Nurture
54255,19.33,Low,2.0,4,No,Fashion,Debit Card,4.0,1,197.3,Potential Loyalist,3,1,4,Standard Loyalty Nurture
54515,19.33,Low,8.0,4,No,Laptop & Accessory,COD,1.0,3,169.74,Loyal Customers,4,3,3,Standard Loyalty Nurture
50684,19.32,Low,11.0,5,No,Laptop & Accessory,Credit Card,8.0,3,143.41,At Risk,2,3,2,Standard Loyalty Nurture
51126,19.32,Low,8.0,5,No,Laptop & Accessory,Debit Card,1.0,2,160.13,Potential Loyalist,5,2,2,Standard Loyalty Nurture
55044,19.3,Low,11.0,5,No,Mobile Phone,Credit Card,6.0,2,221.27,Need Attention,2,2,5,Standard Loyalty Nurture
51792,19.28,Low,13.0,3,No,Fashion,UPI,10.0,2,113.72,Hibernating,1,2,1,Standard Loyalty Nurture
52348,19.27,Low,4.0,5,No,Laptop & Accessory,Credit Card,4.0,3,188.84,Loyal Customers,3,3,4,Standard Loyalty Nurture
50085,19.26,Low,4.0,3,No,Fashion,Credit Card,5.0,3,203.72,Loyal Customers,3,3,4,Standard Loyalty Nurture
50228,19.26,Low,5.0,5,No,Fashion,Debit Card,6.0,3,251.66,At Risk,2,3,5,Standard Loyalty Nurture
50849,19.26,Low,7.0,4,No,Mobile Phone,UPI,4.0,4,179.58,Loyal Customers,3,4,3,Standard Loyalty Nurture
54712,19.26,Low,6.0,4,No,Laptop & Accessory,Debit Card,6.0,1,259.86,Promising,2,1,5,Standard Loyalty Nurture
52836,19.25,Low,25.0,4,Yes (Active Ticket),Mobile Phone,Debit Card,5.0,4,105.29,At Risk,2,4,1,Standard Loyalty Nurture
55392,19.25,Low,8.0,5,No,Fashion,Debit Card,2.0,5,160.94,Loyal Customers,4,5,2,Standard Loyalty Nurture
51861,19.24,Low,15.0,3,No,Laptop & Accessory,COD,6.0,1,303.84,Promising,2,1,5,Standard Loyalty Nurture
53830,19.24,Low,3.0,4,No,Others,E wallet,14.0,1,230.55,Promising,1,1,5,Standard Loyalty Nurture
50740,19.23,Low,5.0,5,No,Fashion,E wallet,5.0,4,183.46,At Risk,2,4,3,Standard Loyalty Nurture
53310,19.23,Low,6.0,3,No,Mobile Phone,Credit Card,3.0,1,263.47,Potential Loyalist,3,1,5,Standard Loyalty Nurture
53326,19.23,Low,14.0,5,Yes (Active Ticket),Mobile Phone,E wallet,2.0,4,142.38,Loyal Customers,4,4,2,Standard Loyalty Nurture
54548,19.21,Low,10.0,5,No,Fashion,Debit Card,13.0,3,211.78,At Risk,1,3,4,Standard Loyalty Nurture
54987,19.21,Low,13.0,5,No,Laptop & Accessory,Debit Card,4.0,5,70.2,Loyal Customers,3,5,1,Standard Loyalty Nurture
55535,19.21,Low,2.0,5,No,Laptop & Accessory,Debit Card,2.0,4,140.41,Loyal Customers,4,5,2,Standard Loyalty Nurture
51456,19.2,Low,27.0,2,No,Laptop & Accessory,Debit Card,14.0,2,172.32,Need Attention,1,2,3,Standard Loyalty Nurture
53097,19.2,Low,38.0,2,No,Mobile Phone,Credit Card,2.0,1,139.47,Potential Loyalist,4,1,2,Standard Loyalty Nurture
53263,19.19,Low,5.0,5,No,Laptop & Accessory,Credit Card,4.0,1,208.36,Potential Loyalist,3,1,4,Standard Loyalty Nurture
54576,19.19,Low,4.0,4,No,Grocery,UPI,1.0,2,243.26,Potential Loyalist,4,2,5,Standard Loyalty Nurture
51896,19.18,Low,13.0,1,No,Mobile Phone,Debit Card,5.0,1,241.55,Promising,2,1,5,Standard Loyalty Nurture
52599,19.18,Low,3.0,5,No,Mobile Phone,Credit Card,4.0,1,192.16,Potential Loyalist,3,1,4,Standard Loyalty Nurture
54717,19.18,Low,9.0,2,No,Laptop & Accessory,UPI,0.0,5,253.85,Champions,5,5,5,Standard Loyalty Nurture
51750,19.15,Low,1.0,4,No,Laptop & Accessory,E wallet,1.0,1,157.2,Potential Loyalist,5,1,2,Standard Loyalty Nurture
52380,19.15,Low,16.0,2,No,Grocery,Credit Card,1.0,1,207.59,Potential Loyalist,5,1,4,Standard Loyalty Nurture
54747,19.15,Low,2.0,5,No,Laptop & Accessory,E wallet,1.0,1,161.87,Potential Loyalist,4,1,2,Standard Loyalty Nurture
51993,19.14,Low,9.0,4,No,Laptop & Accessory,Credit Card,3.0,1,150.9,Potential Loyalist,3,1,2,Standard Loyalty Nurture
51207,19.13,Low,11.0,3,No,Laptop & Accessory,Debit Card,8.0,4,181.23,At Risk,2,4,3,Standard Loyalty Nurture
53733,19.11,Low,6.0,5,No,Laptop & Accessory,Credit Card,0.0,3,261.05,Loyal Customers,5,3,5,Standard Loyalty Nurture
54144,19.11,Low,18.0,5,Yes (Active Ticket),Grocery,Debit Card,5.0,6,182.94,At Risk,2,5,3,Standard Loyalty Nurture
54399,19.11,Low,2.0,5,No,Mobile Phone,UPI,5.0,2,170.5,Need Attention,2,2,3,Standard Loyalty Nurture
52867,19.1,Low,7.0,4,No,Mobile Phone,E wallet,2.0,3,207.56,Loyal Customers,4,3,4,Standard Loyalty Nurture
54723,19.1,Low,2.0,5,No,Mobile Phone,Debit Card,1.0,3,200.16,Champions,4,4,4,Standard Loyalty Nurture
53487,19.09,Low,4.0,4,No,Mobile Phone,Debit Card,1.0,5,149.72,Loyal Customers,4,5,2,Standard Loyalty Nurture
54195,19.09,Low,10.0,5,No,Mobile Phone,E wallet,5.0,3,180.74,At Risk,2,3,3,Standard Loyalty Nurture
53082,19.08,Low,21.0,3,Yes (Active Ticket),Laptop & Accessory,Credit Card,10.0,1,264.03,Promising,1,1,5,Standard Loyalty Nurture
54218,19.08,Low,7.0,4,No,Fashion,Debit Card,0.0,2,165.61,Potential Loyalist,5,2,3,Standard Loyalty Nurture
50231,19.06,Low,16.0,1,No,Laptop & Accessory,Debit Card,3.0,3,149.18,Loyal Customers,3,3,2,Standard Loyalty Nurture
50797,19.06,Low,27.0,4,No,Others,UPI,3.0,2,120.21,Potential Loyalist,3,2,1,Standard Loyalty Nurture
52453,19.06,Low,8.0,5,No,Fashion,E wallet,2.0,1,137.49,Potential Loyalist,4,1,2,Standard Loyalty Nurture
53148,19.06,Low,11.0,5,No,Laptop & Accessory,E wallet,12.0,4,206.73,At Risk,1,4,4,Standard Loyalty Nurture
50836,19.05,Low,5.0,5,No,Fashion,Debit Card,1.0,2,149.7,Potential Loyalist,5,2,2,Standard Loyalty Nurture
53756,19.05,Low,2.0,4,No,Fashion,Credit Card,2.0,6,247.46,Champions,4,5,5,Standard Loyalty Nurture
54633,19.05,Low,16.0,3,No,Mobile Phone,UPI,9.0,9,178.8,At Risk,1,5,3,Standard Loyalty Nurture
51746,19.04,Low,7.0,3,No,Laptop & Accessory,Credit Card,2.0,1,190.49,Potential Loyalist,4,1,4,Standard Loyalty Nurture
54236,19.04,Low,4.0,2,No,Laptop & Accessory,E wallet,3.0,5,241.19,Loyal Customers,3,5,5,Standard Loyalty Nurture
50491,19.03,Low,6.0,5,No,Laptop & Accessory,E wallet,0.0,1,307.57,Potential Loyalist,5,1,5,Standard Loyalty Nurture
51091,19.02,Low,29.0,4,Yes (Active Ticket),Others,UPI,1.0,3,145.53,Loyal Customers,5,3,2,Standard Loyalty Nurture
50305,18.99,Low,13.0,4,No,Grocery,Debit Card,0.0,1,95.84,Potential Loyalist,5,1,1,Standard Loyalty Nurture
52868,18.99,Low,14.0,4,Yes (Active Ticket),Fashion,E wallet,8.0,1,196.87,Promising,2,1,4,Standard Loyalty Nurture
53622,18.99,Low,2.0,3,No,Mobile Phone,UPI,3.0,2,276.45,Potential Loyalist,3,2,5,Standard Loyalty Nurture
55412,18.99,Low,3.0,4,No,Fashion,Debit Card,1.0,2,108.89,Loyal Customers,4,3,1,Standard Loyalty Nurture
55471,18.99,Low,12.0,2,No,Laptop & Accessory,UPI,10.0,1,160.14,Hibernating,1,1,2,Standard Loyalty Nurture
50832,18.98,Low,6.0,5,No,Mobile Phone,Debit Card,3.0,4,146.01,Loyal Customers,3,4,2,Standard Loyalty Nurture
54320,18.98,Low,7.0,4,No,Others,UPI,0.0,1,209.63,Potential Loyalist,5,1,4,Standard Loyalty Nurture
52628,18.97,Low,12.0,2,No,Mobile Phone,Debit Card,6.0,1,148.25,Hibernating,2,1,2,Standard Loyalty Nurture
54220,18.97,Low,3.0,4,No,Fashion,Debit Card,1.0,1,220.27,Potential Loyalist,4,1,5,Standard Loyalty Nurture
54626,18.95,Low,11.0,2,No,Mobile Phone,E wallet,6.0,2,173.72,Need Attention,2,2,3,Standard Loyalty Nurture
51785,18.93,Low,11.0,3,No,Mobile Phone,Credit Card,0.0,2,223.43,Potential Loyalist,5,2,5,Standard Loyalty Nurture
53794,18.93,Low,13.0,3,No,Fashion,UPI,1.0,1,126.86,Potential Loyalist,4,1,1,Standard Loyalty Nurture
53107,18.91,Low,13.0,3,No,Fashion,E wallet,2.0,2,183.73,Potential Loyalist,4,2,3,Standard Loyalty Nurture
54800,18.91,Low,10.0,1,No,Laptop & Accessory,Credit Card,1.0,3,255.67,Champions,4,4,5,Standard Loyalty Nurture
54997,18.91,Low,1.0,4,No,Laptop & Accessory,Credit Card,1.0,6,255.14,Champions,4,5,5,Standard Loyalty Nurture
55468,18.91,Low,20.0,3,No,Laptop & Accessory,Credit Card,12.0,2,166.51,At Risk,1,3,3,Standard Loyalty Nurture
51301,18.9,Low,0.0,5,No,Laptop & Accessory,Debit Card,3.0,4,213.91,Loyal Customers,3,4,4,Standard Loyalty Nurture
52475,18.89,Low,8.0,5,No,Grocery,Credit Card,12.0,3,168.5,At Risk,1,3,3,Standard Loyalty Nurture
53323,18.89,Low,15.0,4,Yes (Active Ticket),Laptop & Accessory,Credit Card,7.0,1,198.27,Promising,2,1,4,Standard Loyalty Nurture
54854,18.88,Low,4.0,4,No,Grocery,E wallet,19.0,5,259.4,At Risk,1,5,5,Standard Loyalty Nurture
54961,18.88,Low,8.0,5,No,Laptop & Accessory,Debit Card,4.0,5,175.88,Loyal Customers,3,5,3,Standard Loyalty Nurture
53392,18.86,Low,23.0,2,Yes (Active Ticket),Mobile Phone,Debit Card,1.0,2,136.08,Potential Loyalist,5,2,2,Standard Loyalty Nurture
53541,18.86,Low,2.0,5,No,Mobile Phone,E wallet,12.0,5,261.84,At Risk,1,5,5,Standard Loyalty Nurture
51955,18.85,Low,61.0,3,Yes (Active Ticket),Fashion,E wallet,1.0,6,218.81,Champions,5,5,5,Standard Loyalty Nurture
51448,18.82,Low,18.0,4,Yes (Active Ticket),Others,Credit Card,2.0,4,253.55,Champions,4,4,5,Standard Loyalty Nurture
50003,18.81,Low,13.0,3,No,Laptop & Accessory,Debit Card,11.0,4,122.36,At Risk,1,4,1,Standard Loyalty Nurture
51882,18.77,Low,21.0,3,No,Mobile Phone,Credit Card,2.0,2,313.62,Potential Loyalist,4,2,5,Standard Loyalty Nurture
52002,18.77,Low,3.0,4,No,Laptop & Accessory,Debit Card,0.0,3,151.6,Loyal Customers,5,3,2,Standard Loyalty Nurture
50744,18.74,Low,7.0,4,No,Laptop & Accessory,E wallet,3.0,5,193.16,Loyal Customers,3,5,4,Standard Loyalty Nurture
50967,18.74,Low,13.0,4,Yes (Active Ticket),Laptop & Accessory,Debit Card,0.0,1,166.61,Potential Loyalist,5,1,3,Standard Loyalty Nurture
54544,18.74,Low,3.0,4,No,Mobile Phone,UPI,2.0,1,108.33,Potential Loyalist,4,1,1,Standard Loyalty Nurture
55421,18.74,Low,2.0,5,No,Mobile Phone,Debit Card,4.0,4,216.27,Loyal Customers,3,4,4,Standard Loyalty Nurture
53045,18.72,Low,13.0,3,No,Others,Debit Card,0.0,3,102.27,Loyal Customers,5,3,1,Standard Loyalty Nurture
53302,18.72,Low,59.0,3,No,Grocery,Debit Card,5.0,1,69.46,Hibernating,2,1,1,Standard Loyalty Nurture
51323,18.69,Low,21.0,4,No,Mobile Phone,Debit Card,15.0,1,209.41,Promising,1,1,4,Standard Loyalty Nurture
50961,18.68,Low,1.0,3,No,Others,Credit Card,1.0,3,226.23,Loyal Customers,5,3,5,Standard Loyalty Nurture
52464,18.68,Low,8.0,5,No,Mobile Phone,Credit Card,0.0,3,146.89,Loyal Customers,5,3,2,Standard Loyalty Nurture
53406,18.68,Low,16.0,5,Yes (Active Ticket),Laptop & Accessory,Credit Card,2.0,1,181.83,Potential Loyalist,4,1,3,Standard Loyalty Nurture
53418,18.68,Low,11.0,5,No,Fashion,E wallet,5.0,6,106.85,At Risk,2,5,1,Standard Loyalty Nurture
55059,18.68,Low,8.0,5,No,Fashion,UPI,4.0,6,214.7,Loyal Customers,3,5,4,Standard Loyalty Nurture
55438,18.68,Low,18.0,3,No,Mobile Phone,Debit Card,1.0,1,150.56,Potential Loyalist,4,1,2,Standard Loyalty Nurture
50042,18.67,Low,7.0,5,No,Laptop & Accessory,Debit Card,1.0,2,102.64,Potential Loyalist,5,1,1,Standard Loyalty Nurture
50144,18.67,Low,4.0,4,No,Fashion,UPI,4.0,1,227.34,Potential Loyalist,3,1,5,Standard Loyalty Nurture
50991,18.67,Low,16.0,4,Yes (Active Ticket),Mobile Phone,UPI,2.0,4,147.82,Loyal Customers,4,4,2,Standard Loyalty Nurture
51421,18.67,Low,4.0,2,No,Grocery,Debit Card,0.0,1,211.28,Potential Loyalist,5,1,4,Standard Loyalty Nurture
54115,18.66,Low,9.0,3,No,Fashion,COD,5.0,2,252.62,Need Attention,2,2,5,Standard Loyalty Nurture
55604,18.66,Low,11.0,5,No,Mobile Phone,Credit Card,16.0,6,289.59,At Risk,1,5,5,Standard Loyalty Nurture
50962,18.65,Low,9.0,4,No,Laptop & Accessory,Credit Card,2.0,6,135.49,Loyal Customers,4,5,2,Standard Loyalty Nurture
51447,18.64,Low,12.0,3,No,Fashion,Debit Card,8.0,1,209.34,Promising,2,1,4,Standard Loyalty Nurture
51577,18.64,Low,0.0,5,No,Fashion,Credit Card,1.0,6,205.25,Champions,5,5,4,Standard Loyalty Nurture
51927,18.63,Low,9.0,4,No,Laptop & Accessory,Debit Card,2.0,3,150.68,Loyal Customers,4,3,2,Standard Loyalty Nurture
52933,18.62,Low,1.0,4,No,Mobile Phone,Debit Card,1.0,5,154.19,Loyal Customers,5,5,2,Standard Loyalty Nurture
54883,18.62,Low,16.0,3,Yes (Active Ticket),Mobile Phone,Debit Card,1.0,5,288.91,Champions,4,5,5,Standard Loyalty Nurture
55602,18.62,Low,4.0,5,No,Fashion,E wallet,4.0,3,97.44,Loyal Customers,3,4,1,Standard Loyalty Nurture
51357,18.6,Low,23.0,2,Yes (Active Ticket),Laptop & Accessory,Debit Card,2.0,4,188.55,Champions,4,4,4,Standard Loyalty Nurture
54018,18.6,Low,23.0,3,Yes (Active Ticket),Laptop & Accessory,Credit Card,3.0,2,90.62,Potential Loyalist,3,2,1,Standard Loyalty Nurture
51151,18.59,Low,12.0,2,No,Laptop & Accessory,Debit Card,1.0,3,67.27,Loyal Customers,5,3,1,Standard Loyalty Nurture
54100,18.59,Low,0.0,5,No,Laptop & Accessory,UPI,1.0,1,130.35,Potential Loyalist,4,1,1,Standard Loyalty Nurture
51264,18.58,Low,6.0,5,No,Laptop & Accessory,COD,0.0,1,135.86,Potential Loyalist,5,1,2,Standard Loyalty Nurture
55308,18.58,Low,5.0,4,No,Others,Credit Card,0.0,3,153.32,Loyal Customers,5,4,2,Standard Loyalty Nurture
50184,18.57,Low,21.0,3,No,Laptop & Accessory,Debit Card,8.0,2,286.76,Need Attention,2,2,5,Standard Loyalty Nurture
54760,18.57,Low,45.0,4,Yes (Active Ticket),Mobile Phone,UPI,10.0,1,206.04,Promising,1,1,4,Standard Loyalty Nurture
55116,18.57,Low,10.0,5,No,Laptop & Accessory,Credit Card,0.0,2,191.03,Potential Loyalist,5,2,4,Standard Loyalty Nurture
50996,18.56,Low,1.0,4,No,Grocery,Credit Card,1.0,4,187.91,Loyal Customers,5,4,3,Standard Loyalty Nurture
53802,18.56,Low,28.0,3,Yes (Active Ticket),Laptop & Accessory,Credit Card,7.0,1,132.35,Hibernating,2,1,1,Standard Loyalty Nurture
54510,18.56,Low,28.0,5,No,Laptop & Accessory,E wallet,1.0,3,95.68,Loyal Customers,4,3,1,Standard Loyalty Nurture
53076,18.54,Low,20.0,3,No,Laptop & Accessory,Debit Card,7.0,2,95.89,Hibernating,2,2,1,Standard Loyalty Nurture
54777,18.54,Low,0.0,5,No,Laptop & Accessory,Debit Card,1.0,5,152.84,Loyal Customers,4,5,2,Standard Loyalty Nurture
51477,18.53,Low,16.0,5,Yes (Active Ticket),Mobile Phone,Credit Card,5.0,8,168.89,At Risk,2,5,3,Standard Loyalty Nurture
53114,18.52,Low,1.0,4,No,Mobile Phone,Debit Card,6.0,5,282.42,At Risk,2,5,5,Standard Loyalty Nurture
54773,18.51,Low,3.0,4,No,Others,Debit Card,2.0,4,248.34,Champions,4,4,5,Standard Loyalty Nurture
52378,18.49,Low,16.0,5,Yes (Active Ticket),Laptop & Accessory,Debit Card,2.0,1,147.47,Potential Loyalist,4,1,2,Standard Loyalty Nurture
50373,18.48,Low,1.0,5,No,Laptop & Accessory,Debit Card,1.0,5,250.43,Champions,5,5,5,Standard Loyalty Nurture
54676,18.47,Low,22.0,2,Yes (Active Ticket),Fashion,Credit Card,4.0,4,159.13,Loyal Customers,3,4,2,Standard Loyalty Nurture
51055,18.46,Low,61.0,2,No,Laptop & Accessory,Debit Card,15.0,5,289.19,At Risk,1,5,5,Standard Loyalty Nurture
51734,18.45,Low,6.0,4,No,Mobile Phone,UPI,3.0,2,158.97,Potential Loyalist,3,2,2,Standard Loyalty Nurture
51144,18.44,Low,8.0,4,No,Mobile Phone,Credit Card,0.0,2,167.88,Potential Loyalist,5,2,3,Standard Loyalty Nurture
51343,18.44,Low,20.0,1,Yes (Active Ticket),Laptop & Accessory,Debit Card,4.0,3,173.81,Loyal Customers,3,3,3,Standard Loyalty Nurture
52799,18.42,Low,40.0,3,No,Others,Debit Card,8.0,2,241.35,Need Attention,2,2,5,Standard Loyalty Nurture
55464,18.42,Low,4.0,5,No,Fashion,UPI,5.0,5,234.25,At Risk,2,5,5,Standard Loyalty Nurture
54407,18.41,Low,30.0,2,Yes (Active Ticket),Laptop & Accessory,Credit Card,10.0,4,243.59,At Risk,1,4,5,Standard Loyalty Nurture
52164,18.39,Low,18.0,1,Yes (Active Ticket),Laptop & Accessory,Debit Card,6.0,4,101.04,At Risk,2,4,1,Standard Loyalty Nurture
51408,18.36,Low,16.0,3,No,Fashion,Credit Card,16.0,8,217.88,At Risk,1,5,5,Standard Loyalty Nurture
53442,18.36,Low,8.0,3,No,Others,UPI,2.0,2,214.13,Potential Loyalist,4,2,4,Standard Loyalty Nurture
53811,18.36,Low,12.0,1,No,Fashion,Debit Card,1.0,4,131.8,Loyal Customers,4,4,1,Standard Loyalty Nurture
52420,18.35,Low,5.0,5,No,Fashion,Debit Card,0.0,1,186.41,Potential Loyalist,5,1,3,Standard Loyalty Nurture
52821,18.34,Low,26.0,3,Yes (Active Ticket),Mobile Phone,Debit Card,3.0,6,188.27,Loyal Customers,3,5,3,Standard Loyalty Nurture
54126,18.34,Low,11.0,3,No,Mobile Phone,UPI,3.0,6,109.88,Loyal Customers,3,5,1,Standard Loyalty Nurture
52549,18.33,Low,5.0,4,No,Grocery,Debit Card,2.0,4,221.77,Champions,4,4,5,Standard Loyalty Nurture
51936,18.32,Low,16.0,5,No,Fashion,COD,12.0,1,160.53,Hibernating,1,1,2,Standard Loyalty Nurture
50701,18.3,Low,8.0,4,No,Laptop & Accessory,Credit Card,4.0,1,209.0,Potential Loyalist,3,1,4,Standard Loyalty Nurture
53944,18.3,Low,5.0,3,No,Laptop & Accessory,Debit Card,3.0,3,186.04,Loyal Customers,3,3,3,Standard Loyalty Nurture
53293,18.29,Low,5.0,5,No,Mobile Phone,Debit Card,10.0,6,215.66,At Risk,1,5,4,Standard Loyalty Nurture
55382,18.29,Low,7.0,4,No,Laptop & Accessory,Debit Card,0.0,2,206.25,Potential Loyalist,5,2,4,Standard Loyalty Nurture
51111,18.28,Low,17.0,4,Yes (Active Ticket),Laptop & Accessory,E wallet,2.0,1,174.63,Potential Loyalist,4,1,3,Standard Loyalty Nurture
54995,18.28,Low,1.0,4,No,Laptop & Accessory,UPI,2.0,2,243.15,Potential Loyalist,4,2,5,Standard Loyalty Nurture
52665,18.27,Low,9.0,3,No,Fashion,E wallet,4.0,6,200.94,Loyal Customers,3,5,4,Standard Loyalty Nurture
50495,18.24,Low,6.0,2,No,Mobile Phone,Debit Card,1.0,2,200.42,Potential Loyalist,5,2,4,Standard Loyalty Nurture
53050,18.23,Low,3.0,4,No,Laptop & Accessory,Debit Card,5.0,2,261.59,Need Attention,2,2,5,Standard Loyalty Nurture
53214,18.23,Low,12.0,3,No,Laptop & Accessory,Credit Card,3.0,2,168.27,Potential Loyalist,3,2,3,Standard Loyalty Nurture
51450,18.21,Low,11.0,2,No,Mobile Phone,Credit Card,7.0,3,117.49,At Risk,2,3,1,Standard Loyalty Nurture
53618,18.21,Low,19.0,1,No,Others,UPI,7.0,5,120.11,At Risk,2,5,1,Standard Loyalty Nurture
54033,18.21,Low,1.0,5,No,Laptop & Accessory,Debit Card,2.0,2,197.88,Potential Loyalist,4,2,4,Standard Loyalty Nurture
51779,18.2,Low,3.0,4,No,Fashion,E wallet,1.0,1,137.07,Potential Loyalist,5,1,2,Standard Loyalty Nurture
53447,18.18,Low,16.0,1,No,Mobile Phone,Debit Card,6.0,2,72.63,Hibernating,2,2,1,Standard Loyalty Nurture
54462,18.18,Low,7.0,3,No,Laptop & Accessory,Debit Card,4.0,2,263.2,Potential Loyalist,3,2,5,Standard Loyalty Nurture
50965,18.17,Low,3.0,4,No,Fashion,UPI,1.0,3,131.43,Loyal Customers,5,3,1,Standard Loyalty Nurture
52138,18.17,Low,13.0,5,Yes (Active Ticket),Laptop & Accessory,Debit Card,0.0,4,240.03,Champions,5,4,5,Standard Loyalty Nurture
52288,18.17,Low,4.0,5,No,Laptop & Accessory,Credit Card,1.0,3,167.55,Loyal Customers,5,3,3,Standard Loyalty Nurture
50808,18.15,Low,26.0,5,Yes (Active Ticket),Laptop & Accessory,Debit Card,1.0,1,96.15,Potential Loyalist,5,1,1,Standard Loyalty Nurture
53090,18.15,Low,3.0,4,No,Fashion,Debit Card,8.0,3,203.06,At Risk,1,3,4,Standard Loyalty Nurture
53888,18.15,Low,10.0,3,No,Laptop & Accessory,Debit Card,1.0,4,177.42,Loyal Customers,4,4,3,Standard Loyalty Nurture
54106,18.14,Low,11.0,5,No,Mobile Phone,Debit Card,8.0,2,153.06,Hibernating,1,2,2,Standard Loyalty Nurture
54085,18.13,Low,2.0,4,No,Fashion,E wallet,7.0,4,260.56,At Risk,2,4,5,Standard Loyalty Nurture
55050,18.13,Low,7.0,4,No,Mobile Phone,Debit Card,5.0,2,174.06,Need Attention,2,2,3,Standard Loyalty Nurture
51112,18.12,Low,3.0,5,No,Mobile Phone,Credit Card,1.0,2,184.16,Potential Loyalist,5,2,3,Standard Loyalty Nurture
55469,18.11,Low,19.0,1,Yes (Active Ticket),Others,E wallet,8.0,1,276.05,Promising,1,1,5,Standard Loyalty Nurture
51432,18.1,Low,7.0,5,No,Laptop & Accessory,Credit Card,2.0,4,207.04,Champions,4,4,4,Standard Loyalty Nurture
52015,18.1,Low,8.0,5,No,Laptop & Accessory,Credit Card,2.0,1,154.59,Potential Loyalist,4,1,2,Standard Loyalty Nurture
52083,18.1,Low,6.0,5,No,Fashion,Credit Card,2.0,1,173.42,Potential Loyalist,4,1,3,Standard Loyalty Nurture
53269,18.09,Low,10.0,5,No,Grocery,Debit Card,1.0,3,143.41,Loyal Customers,5,3,2,Standard Loyalty Nurture
54095,18.09,Low,4.0,4,No,Fashion,E wallet,0.0,1,249.64,Potential Loyalist,5,1,5,Standard Loyalty Nurture
51300,18.08,Low,12.0,4,Yes (Active Ticket),Grocery,E wallet,4.0,6,139.34,Loyal Customers,3,5,2,Standard Loyalty Nurture
52778,18.08,Low,2.0,4,No,Fashion,Debit Card,1.0,1,165.89,Potential Loyalist,5,1,3,Standard Loyalty Nurture
54024,18.08,Low,17.0,4,No,Fashion,Debit Card,2.0,5,225.95,Champions,4,5,5,Standard Loyalty Nurture
50083,18.07,Low,4.0,3,No,Fashion,Debit Card,4.0,3,233.52,Loyal Customers,3,3,5,Standard Loyalty Nurture
51958,18.05,Low,5.0,4,No,Mobile Phone,Debit Card,1.0,6,254.86,Champions,5,5,5,Standard Loyalty Nurture
54513,18.05,Low,1.0,4,No,Fashion,E wallet,2.0,3,262.89,Loyal Customers,4,3,5,Standard Loyalty Nurture
52813,18.03,Low,11.0,3,No,Others,E wallet,3.0,2,178.44,Potential Loyalist,3,2,3,Standard Loyalty Nurture
55367,18.03,Low,9.0,3,No,Mobile Phone,Credit Card,0.0,2,187.51,Potential Loyalist,5,2,3,Standard Loyalty Nurture
54517,18.02,Low,7.0,5,No,Others,UPI,13.0,4,235.36,At Risk,1,4,5,Standard Loyalty Nurture
54843,18.02,Low,4.0,5,No,Mobile Phone,Debit Card,2.0,4,151.3,Loyal Customers,4,4,2,Standard Loyalty Nurture
50814,18.01,Low,25.0,4,Yes (Active Ticket),Fashion,Debit Card,4.0,1,162.52,Potential Loyalist,3,1,2,Standard Loyalty Nurture
50970,18.01,Low,6.0,1,No,Mobile Phone,Debit Card,3.0,1,294.59,Potential Loyalist,3,1,5,Standard Loyalty Nurture
53818,18.01,Low,17.0,3,No,Laptop & Accessory,Debit Card,5.0,6,50.91,At Risk,2,5,1,Standard Loyalty Nurture
50486,17.96,Low,23.0,1,No,Laptop & Accessory,Credit Card,3.0,1,167.42,Potential Loyalist,3,1,3,Standard Loyalty Nurture
54162,17.95,Low,1.0,3,No,Laptop & Accessory,UPI,1.0,4,184.92,Loyal Customers,4,4,3,Standard Loyalty Nurture
53726,17.93,Low,26.0,2,No,Grocery,Credit Card,10.0,5,146.68,At Risk,1,5,2,Standard Loyalty Nurture
54470,17.93,Low,21.0,3,No,Mobile Phone,Credit Card,14.0,6,171.62,At Risk,1,5,3,Standard Loyalty Nurture
55482,17.93,Low,3.0,4,No,Mobile Phone,Credit Card,11.0,3,320.37,At Risk,1,4,5,Standard Loyalty Nurture
53027,17.92,Low,29.0,4,Yes (Active Ticket),Laptop & Accessory,Debit Card,14.0,2,200.54,Need Attention,1,2,4,Standard Loyalty Nurture
50261,17.91,Low,10.0,5,Yes (Active Ticket),Mobile Phone,Credit Card,0.0,3,281.71,Loyal Customers,5,3,5,Standard Loyalty Nurture
52108,17.91,Low,24.0,3,No,Grocery,Credit Card,8.0,2,166.67,Need Attention,2,2,3,Standard Loyalty Nurture
50165,17.9,Low,1.0,5,No,Mobile Phone,Debit Card,4.0,2,207.4,Potential Loyalist,3,1,4,Standard Loyalty Nurture
52934,17.88,Low,8.0,5,No,Mobile Phone,UPI,1.0,1,137.05,Potential Loyalist,5,1,2,Standard Loyalty Nurture
51599,17.87,Low,1.0,5,No,Laptop & Accessory,Debit Card,5.0,5,290.96,At Risk,2,5,5,Standard Loyalty Nurture
50221,17.86,Low,11.0,3,No,Fashion,COD,3.0,1,147.98,Potential Loyalist,3,1,2,Standard Loyalty Nurture
54394,17.85,Low,0.0,4,No,Laptop & Accessory,E wallet,0.0,2,247.12,Potential Loyalist,5,2,5,Standard Loyalty Nurture
51259,17.84,Low,1.0,4,No,Laptop & Accessory,Debit Card,2.0,1,209.65,Potential Loyalist,4,1,4,Standard Loyalty Nurture
52594,17.84,Low,7.0,2,No,Fashion,Credit Card,7.0,4,271.96,At Risk,2,4,5,Standard Loyalty Nurture
54534,17.84,Low,4.0,5,No,Laptop & Accessory,E wallet,7.0,5,243.21,At Risk,2,5,5,Standard Loyalty Nurture
53394,17.82,Low,4.0,4,No,Grocery,UPI,2.0,3,242.18,Loyal Customers,4,3,5,Standard Loyalty Nurture
51783,17.81,Low,6.0,2,No,Laptop & Accessory,Debit Card,3.0,4,198.59,Loyal Customers,3,4,4,Standard Loyalty Nurture
53362,17.81,Low,3.0,5,No,Laptop & Accessory,Debit Card,2.0,2,224.4,Potential Loyalist,4,2,5,Standard Loyalty Nurture
53505,17.81,Low,23.0,2,No,Laptop & Accessory,Credit Card,14.0,5,241.13,At Risk,1,5,5,Standard Loyalty Nurture
55435,17.81,Low,9.0,4,No,Fashion,Credit Card,0.0,1,155.95,Potential Loyalist,5,1,2,Standard Loyalty Nurture
50025,17.8,Low,6.0,3,No,Grocery,UPI,0.0,1,261.6,Potential Loyalist,5,1,5,Standard Loyalty Nurture
54690,17.8,Low,37.0,1,Yes (Active Ticket),Others,Credit Card,5.0,2,203.45,Need Attention,2,2,4,Standard Loyalty Nurture
51347,17.79,Low,4.0,4,No,Grocery,Debit Card,1.0,1,148.38,Potential Loyalist,5,1,2,Standard Loyalty Nurture
54216,17.79,Low,17.0,3,Yes (Active Ticket),Mobile Phone,UPI,3.0,3,243.86,Loyal Customers,3,3,5,Standard Loyalty Nurture
50092,17.78,Low,12.0,5,No,Fashion,Credit Card,22.0,5,170.42,At Risk,1,5,3,Standard Loyalty Nurture
51140,17.78,Low,9.0,4,No,Fashion,Debit Card,2.0,4,167.75,Loyal Customers,4,4,3,Standard Loyalty Nurture
50166,17.77,Low,18.0,4,Yes (Active Ticket),Fashion,Credit Card,2.0,1,180.88,Potential Loyalist,4,1,3,Standard Loyalty Nurture
51705,17.77,Low,6.0,5,No,Mobile Phone,Credit Card,1.0,2,168.93,Potential Loyalist,5,2,3,Standard Loyalty Nurture
53995,17.77,Low,7.0,4,No,Laptop & Accessory,Credit Card,3.0,3,202.0,Loyal Customers,3,3,4,Standard Loyalty Nurture
53946,17.76,Low,0.0,3,No,Grocery,E wallet,0.0,1,202.34,Potential Loyalist,5,1,4,Standard Loyalty Nurture
55634,17.75,Low,2.0,2,No,Mobile Phone,UPI,0.0,2,198.44,Loyal Customers,5,3,4,Standard Loyalty Nurture
53734,17.74,Low,7.0,4,No,Fashion,Credit Card,2.0,3,224.64,Loyal Customers,4,3,5,Standard Loyalty Nurture
55556,17.73,Low,12.0,1,No,Laptop & Accessory,UPI,7.0,1,153.74,Hibernating,2,1,2,Standard Loyalty Nurture
55497,17.72,Low,9.0,2,No,Grocery,Debit Card,4.0,4,213.61,Loyal Customers,3,4,4,Standard Loyalty Nurture
54696,17.71,Low,21.0,4,Yes (Active Ticket),Laptop & Accessory,Debit Card,4.0,3,161.34,Loyal Customers,3,4,2,Standard Loyalty Nurture
51006,17.7,Low,11.0,5,No,Fashion,Debit Card,2.0,7,116.24,Loyal Customers,4,5,1,Standard Loyalty Nurture
52759,17.7,Low,12.0,2,No,Mobile Phone,E wallet,0.0,5,204.68,Champions,5,5,4,Standard Loyalty Nurture
50002,17.69,Low,30.0,5,Yes (Active Ticket),Mobile Phone,Credit Card,14.0,6,99.11,At Risk,1,5,1,Standard Loyalty Nurture
51150,17.68,Low,20.0,2,No,Mobile Phone,Debit Card,2.0,2,174.74,Potential Loyalist,4,2,3,Standard Loyalty Nurture
52886,17.68,Low,28.0,4,Yes (Active Ticket),Laptop & Accessory,Debit Card,9.0,5,175.68,At Risk,1,5,3,Standard Loyalty Nurture
53388,17.68,Low,8.0,2,No,Others,Debit Card,1.0,4,178.23,Loyal Customers,5,4,3,Standard Loyalty Nurture
55126,17.67,Low,9.0,4,No,Mobile Phone,Credit Card,1.0,5,175.89,Loyal Customers,4,5,3,Standard Loyalty Nurture
55449,17.67,Low,8.0,4,No,Fashion,Credit Card,6.0,3,215.47,At Risk,2,4,4,Standard Loyalty Nurture
55600,17.66,Low,13.0,5,No,Mobile Phone,Credit Card,1.0,3,124.6,Loyal Customers,4,4,1,Standard Loyalty Nurture
51550,17.65,Low,10.0,1,No,Grocery,E wallet,1.0,3,186.58,Loyal Customers,5,3,3,Standard Loyalty Nurture
53243,17.65,Low,8.0,3,No,Fashion,Debit Card,11.0,2,238.78,Need Attention,1,2,5,Standard Loyalty Nurture
54309,17.64,Low,18.0,5,No,Mobile Phone,Debit Card,28.0,6,138.14,At Risk,1,5,2,Standard Loyalty Nurture
51794,17.62,Low,11.0,3,No,Grocery,Debit Card,5.0,3,89.4,At Risk,2,3,1,Standard Loyalty Nurture
53153,17.6,Low,12.0,2,No,Laptop & Accessory,Credit Card,6.0,4,97.65,At Risk,2,4,1,Standard Loyalty Nurture
54975,17.58,Low,3.0,5,No,Laptop & Accessory,E wallet,1.0,3,185.33,Loyal Customers,4,4,3,Standard Loyalty Nurture
50595,17.56,Low,23.0,2,No,Grocery,Credit Card,11.0,1,149.15,Hibernating,1,1,2,Standard Loyalty Nurture
54337,17.55,Low,9.0,4,No,Fashion,Credit Card,0.0,4,183.17,Loyal Customers,5,4,3,Standard Loyalty Nurture
54794,17.54,Low,4.0,5,No,Fashion,Credit Card,2.0,4,152.52,Loyal Customers,4,4,2,Standard Loyalty Nurture
55491,17.53,Low,2.0,4,No,Grocery,Debit Card,4.0,3,227.44,Loyal Customers,3,4,5,Standard Loyalty Nurture
52386,17.52,Low,9.0,4,No,Fashion,E wallet,0.0,5,133.62,Loyal Customers,5,5,1,Standard Loyalty Nurture
50023,17.5,Low,3.0,5,No,Laptop & Accessory,Debit Card,2.0,4,214.8,Champions,4,4,4,Standard Loyalty Nurture
50175,17.5,Low,10.0,3,No,Laptop & Accessory,Credit Card,0.0,4,174.95,Loyal Customers,5,4,3,Standard Loyalty Nurture
51541,17.5,Low,12.0,2,No,Mobile Phone,Credit Card,7.0,2,93.99,Hibernating,2,2,1,Standard Loyalty Nurture
52439,17.5,Low,8.0,5,No,Grocery,Credit Card,19.0,4,252.02,At Risk,1,4,5,Standard Loyalty Nurture
53814,17.5,Low,10.0,4,No,Others,Debit Card,2.0,3,136.91,Loyal Customers,4,3,2,Standard Loyalty Nurture
53374,17.49,Low,11.0,3,No,Grocery,Credit Card,6.0,7,193.19,At Risk,2,5,4,Standard Loyalty Nurture
54592,17.49,Low,2.0,5,No,Laptop & Accessory,Credit Card,1.0,4,130.36,Loyal Customers,4,4,1,Standard Loyalty Nurture
53932,17.48,Low,2.0,4,No,Mobile Phone,Debit Card,7.0,6,249.32,At Risk,2,5,5,Standard Loyalty Nurture
50130,17.47,Low,7.0,3,No,Laptop & Accessory,E wallet,4.0,6,177.73,Loyal Customers,3,5,3,Standard Loyalty Nurture
51177,17.47,Low,15.0,4,Yes (Active Ticket),Laptop & Accessory,Debit Card,1.0,1,196.95,Potential Loyalist,5,1,4,Standard Loyalty Nurture
53125,17.47,Low,13.0,3,No,Mobile Phone,COD,7.0,3,216.14,At Risk,2,3,4,Standard Loyalty Nurture
54706,17.47,Low,5.0,5,No,Fashion,Debit Card,3.0,3,132.89,Loyal Customers,3,4,1,Standard Loyalty Nurture
51342,17.46,Low,6.0,5,No,Laptop & Accessory,Debit Card,0.0,2,222.19,Potential Loyalist,5,2,5,Standard Loyalty Nurture
52207,17.45,Low,3.0,4,No,Fashion,Debit Card,2.0,3,149.21,Loyal Customers,4,3,2,Standard Loyalty Nurture
53049,17.45,Low,5.0,4,No,Laptop & Accessory,Credit Card,1.0,6,155.36,Loyal Customers,5,5,2,Standard Loyalty Nurture
55530,17.43,Low,3.0,5,No,Mobile Phone,Debit Card,11.0,1,206.31,Promising,1,1,4,Standard Loyalty Nurture
51507,17.42,Low,9.0,4,No,Laptop & Accessory,Debit Card,7.0,3,240.47,At Risk,2,3,5,Standard Loyalty Nurture
55332,17.42,Low,4.0,4,No,Fashion,Debit Card,0.0,2,253.53,Potential Loyalist,5,2,5,Standard Loyalty Nurture
50632,17.41,Low,23.0,1,Yes (Active Ticket),Laptop & Accessory,COD,0.0,1,210.05,Potential Loyalist,5,1,4,Standard Loyalty Nurture
53627,17.41,Low,0.0,3,No,Laptop & Accessory,Credit Card,0.0,3,197.96,Loyal Customers,5,3,4,Standard Loyalty Nurture
50780,17.4,Low,10.0,3,No,Laptop & Accessory,E wallet,5.0,1,254.84,Promising,2,1,5,Standard Loyalty Nurture
50107,17.39,Low,5.0,5,No,Laptop & Accessory,Credit Card,1.0,1,157.56,Potential Loyalist,5,1,2,Standard Loyalty Nurture
53451,17.37,Low,6.0,3,No,Mobile Phone,Debit Card,1.0,3,258.93,Loyal Customers,4,3,5,Standard Loyalty Nurture
51180,17.36,Low,8.0,4,No,Mobile Phone,UPI,3.0,5,173.4,Loyal Customers,3,5,3,Standard Loyalty Nurture
55314,17.36,Low,33.0,1,No,Others,Credit Card,3.0,1,185.21,Potential Loyalist,3,1,3,Standard Loyalty Nurture
55599,17.36,Low,11.0,4,No,Mobile Phone,Credit Card,4.0,4,106.41,Loyal Customers,3,5,1,Standard Loyalty Nurture
52584,17.35,Low,6.0,3,No,Mobile Phone,Debit Card,4.0,3,223.31,Loyal Customers,3,3,5,Standard Loyalty Nurture
53365,17.35,Low,28.0,3,Yes (Active Ticket),Laptop & Accessory,E wallet,7.0,1,215.66,Promising,2,1,4,Standard Loyalty Nurture
51498,17.34,Low,6.0,4,No,Laptop & Accessory,UPI,1.0,3,181.89,Loyal Customers,5,3,3,Standard Loyalty Nurture
52990,17.34,Low,20.0,4,No,Laptop & Accessory,Debit Card,2.0,4,22.9,Loyal Customers,4,4,1,Standard Loyalty Nurture
50314,17.33,Low,33.0,5,Yes (Active Ticket),Grocery,Debit Card,3.0,3,203.16,Loyal Customers,3,3,4,Standard Loyalty Nurture
53115,17.33,Low,2.0,5,No,Grocery,Credit Card,2.0,5,148.79,Loyal Customers,4,5,2,Standard Loyalty Nurture
54479,17.33,Low,9.0,1,No,Others,E wallet,1.0,3,222.24,Loyal Customers,4,3,5,Standard Loyalty Nurture
51051,17.32,Low,21.0,3,Yes (Active Ticket),Fashion,Debit Card,2.0,4,212.2,Champions,4,4,4,Standard Loyalty Nurture
52147,17.32,Low,6.0,4,No,Fashion,UPI,11.0,1,231.3,Promising,1,1,5,Standard Loyalty Nurture
50108,17.31,Low,14.0,4,Yes (Active Ticket),Laptop & Accessory,Debit Card,1.0,4,238.58,Champions,5,4,5,Standard Loyalty Nurture
51209,17.31,Low,3.0,4,No,Fashion,Credit Card,1.0,3,89.65,Loyal Customers,5,3,1,Standard Loyalty Nurture
51479,17.31,Low,16.0,1,No,Laptop & Accessory,COD,2.0,5,211.81,Champions,4,5,4,Standard Loyalty Nurture
51522,17.3,Low,27.0,3,Yes (Active Ticket),Fashion,Debit Card,9.0,1,170.75,Promising,1,1,3,Standard Loyalty Nurture
52547,17.29,Low,1.0,5,No,Fashion,UPI,1.0,2,219.43,Potential Loyalist,5,2,5,Standard Loyalty Nurture
54040,17.27,Low,9.0,4,No,Laptop & Accessory,UPI,5.0,1,208.99,Promising,2,1,4,Standard Loyalty Nurture
52777,17.26,Low,0.0,4,No,Laptop & Accessory,Credit Card,3.0,3,156.14,Loyal Customers,3,3,2,Standard Loyalty Nurture
51364,17.25,Low,10.0,3,No,Mobile Phone,Credit Card,2.0,4,211.73,Champions,4,4,4,Standard Loyalty Nurture
53529,17.25,Low,34.0,2,No,Laptop & Accessory,Debit Card,22.0,3,214.06,At Risk,1,3,4,Standard Loyalty Nurture
52818,17.23,Low,0.0,4,No,Mobile Phone,Debit Card,2.0,4,186.04,Loyal Customers,4,4,3,Standard Loyalty Nurture
54636,17.23,Low,30.0,2,Yes (Active Ticket),Mobile Phone,Credit Card,7.0,4,185.96,At Risk,2,4,3,Standard Loyalty Nurture
51709,17.22,Low,10.0,3,No,Others,E wallet,2.0,5,233.02,Champions,4,5,5,Standard Loyalty Nurture
52907,17.2,Low,36.0,4,No,Laptop & Accessory,Credit Card,16.0,2,106.27,Hibernating,1,2,1,Standard Loyalty Nurture
53013,17.2,Low,4.0,5,No,Laptop & Accessory,Credit Card,2.0,1,189.55,Potential Loyalist,4,1,4,Standard Loyalty Nurture
53167,17.2,Low,26.0,2,No,Others,Credit Card,7.0,2,124.66,Hibernating,2,2,1,Standard Loyalty Nurture
54812,17.2,Low,19.0,4,Yes (Active Ticket),Laptop & Accessory,Debit Card,0.0,6,275.23,Champions,5,5,5,Standard Loyalty Nurture
54700,17.19,Low,41.0,5,No,Fashion,Debit Card,16.0,3,214.55,At Risk,1,4,4,Standard Loyalty Nurture
53805,17.18,Low,3.0,4,No,Others,Credit Card,2.0,6,282.75,Champions,4,5,5,Standard Loyalty Nurture
50349,17.16,Low,5.0,4,No,Laptop & Accessory,COD,2.0,4,236.41,Champions,4,4,5,Standard Loyalty Nurture
50811,17.16,Low,42.0,3,No,Grocery,Credit Card,9.0,1,101.43,Hibernating,1,1,1,Standard Loyalty Nurture
54846,17.16,Low,5.0,4,No,Laptop & Accessory,Credit Card,11.0,6,226.74,At Risk,1,5,5,Standard Loyalty Nurture
51688,17.15,Low,7.0,4,No,Fashion,COD,1.0,1,217.64,Potential Loyalist,5,1,5,Standard Loyalty Nurture
51995,17.15,Low,14.0,3,No,Laptop & Accessory,Debit Card,6.0,5,261.93,At Risk,2,5,5,Standard Loyalty Nurture
54767,17.14,Low,19.0,5,Yes (Active Ticket),Fashion,UPI,5.0,3,187.21,At Risk,2,4,3,Standard Loyalty Nurture
55597,17.14,Low,4.0,5,No,Laptop & Accessory,Debit Card,2.0,2,182.84,Loyal Customers,4,3,3,Standard Loyalty Nurture
50533,17.13,Low,57.0,1,No,Laptop & Accessory,Debit Card,12.0,8,198.81,At Risk,1,5,4,Standard Loyalty Nurture
54631,17.13,Low,1.0,5,No,Mobile Phone,Credit Card,4.0,1,261.55,Potential Loyalist,3,1,5,Standard Loyalty Nurture
54701,17.13,Low,3.0,4,No,Fashion,E wallet,4.0,5,202.84,Loyal Customers,3,5,4,Standard Loyalty Nurture
52746,17.12,Low,15.0,5,No,Mobile Phone,Credit Card,3.0,2,143.11,Potential Loyalist,3,2,2,Standard Loyalty Nurture
53721,17.12,Low,4.0,3,No,Mobile Phone,Debit Card,3.0,3,212.72,Loyal Customers,3,3,4,Standard Loyalty Nurture
55181,17.11,Low,5.0,5,No,Grocery,Debit Card,0.0,1,225.55,Potential Loyalist,5,1,5,Standard Loyalty Nurture
55611,17.11,Low,1.0,3,No,Mobile Phone,UPI,0.0,2,246.11,Loyal Customers,5,3,5,Standard Loyalty Nurture
54174,17.1,Low,8.0,4,No,Mobile Phone,COD,2.0,5,183.35,Loyal Customers,4,5,3,Standard Loyalty Nurture
53331,17.09,Low,10.0,5,No,Laptop & Accessory,Credit Card,0.0,2,198.12,Potential Loyalist,5,2,4,Standard Loyalty Nurture
55466,17.08,Low,7.0,4,No,Fashion,Debit Card,3.0,2,243.1,Loyal Customers,3,3,5,Standard Loyalty Nurture
50258,17.06,Low,12.0,1,No,Fashion,Debit Card,13.0,3,215.43,At Risk,1,3,4,Standard Loyalty Nurture
51305,17.06,Low,12.0,2,No,Fashion,Credit Card,4.0,1,206.94,Potential Loyalist,3,1,4,Standard Loyalty Nurture
54366,17.05,Low,11.0,3,No,Fashion,Credit Card,3.0,3,130.14,Loyal Customers,3,3,1,Standard Loyalty Nurture
50227,17.04,Low,36.0,5,Yes (Active Ticket),Laptop & Accessory,Credit Card,1.0,1,107.68,Potential Loyalist,5,1,1,Standard Loyalty Nurture
52324,17.04,Low,4.0,3,No,Others,Debit Card,0.0,3,249.1,Loyal Customers,5,3,5,Standard Loyalty Nurture
51032,17.03,Low,9.0,5,No,Laptop & Accessory,Debit Card,2.0,4,162.97,Loyal Customers,4,4,2,Standard Loyalty Nurture
52916,17.03,Low,11.0,3,No,Fashion,Debit Card,0.0,5,250.99,Champions,5,5,5,Standard Loyalty Nurture
54222,17.03,Low,10.0,3,No,Grocery,Debit Card,2.0,4,159.96,Loyal Customers,4,4,2,Standard Loyalty Nurture
55287,17.01,Low,41.0,2,Yes (Active Ticket),Mobile Phone,UPI,2.0,1,192.44,Potential Loyalist,4,1,4,Standard Loyalty Nurture
54575,16.99,Low,14.0,3,No,Laptop & Accessory,Debit Card,1.0,4,277.14,Champions,4,4,5,Standard Loyalty Nurture
54725,16.99,Low,2.0,5,No,Mobile Phone,Debit Card,3.0,4,192.69,Loyal Customers,3,4,4,Standard Loyalty Nurture
55034,16.99,Low,9.0,5,No,Fashion,E wallet,3.0,1,298.34,Potential Loyalist,3,1,5,Standard Loyalty Nurture
50081,16.98,Low,20.0,2,Yes (Active Ticket),Laptop & Accessory,Debit Card,4.0,5,168.65,Loyal Customers,3,5,3,Standard Loyalty Nurture
54078,16.98,Low,3.0,4,No,Laptop & Accessory,Credit Card,2.0,3,176.27,Loyal Customers,4,3,3,Standard Loyalty Nurture
52939,16.97,Low,30.0,3,Yes (Active Ticket),Laptop & Accessory,UPI,4.0,6,192.71,Loyal Customers,3,5,4,Standard Loyalty Nurture
52078,16.96,Low,6.0,5,No,Mobile Phone,Credit Card,4.0,4,242.39,Loyal Customers,3,4,5,Standard Loyalty Nurture
54648,16.96,Low,3.0,5,No,Grocery,UPI,8.0,1,200.94,Promising,1,1,4,Standard Loyalty Nurture
51059,16.95,Low,7.0,2,No,Grocery,Credit Card,4.0,6,161.21,Loyal Customers,3,5,2,Standard Loyalty Nurture
53398,16.93,Low,19.0,3,Yes (Active Ticket),Fashion,Credit Card,1.0,3,170.18,Loyal Customers,5,3,3,Standard Loyalty Nurture
55063,16.92,Low,7.0,3,No,Others,Debit Card,2.0,2,204.48,Potential Loyalist,4,2,4,Standard Loyalty Nurture
55371,16.92,Low,5.0,4,No,Fashion,E wallet,3.0,3,230.31,Loyal Customers,3,4,5,Standard Loyalty Nurture
54200,16.9,Low,10.0,5,No,Fashion,Debit Card,2.0,6,191.15,Champions,4,5,4,Standard Loyalty Nurture
51693,16.89,Low,5.0,3,No,Grocery,Debit Card,4.0,4,255.99,Loyal Customers,3,4,5,Standard Loyalty Nurture
54855,16.89,Low,10.0,3,No,Fashion,Credit Card,0.0,2,277.99,Potential Loyalist,5,2,5,Standard Loyalty Nurture
53473,16.88,Low,9.0,2,No,Grocery,Credit Card,4.0,3,212.63,Loyal Customers,3,3,4,Standard Loyalty Nurture
53833,16.88,Low,17.0,2,No,Laptop & Accessory,Credit Card,3.0,1,192.4,Potential Loyalist,3,1,4,Standard Loyalty Nurture
55253,16.88,Low,12.0,5,No,Fashion,Credit Card,6.0,1,76.64,Hibernating,2,1,1,Standard Loyalty Nurture
50881,16.87,Low,3.0,5,No,Fashion,E wallet,13.0,1,258.26,Promising,1,1,5,Standard Loyalty Nurture
53305,16.87,Low,2.0,4,No,Laptop & Accessory,Debit Card,1.0,5,232.59,Champions,5,5,5,Standard Loyalty Nurture
53383,16.87,Low,0.0,3,No,Fashion,Debit Card,4.0,3,205.63,Loyal Customers,3,3,4,Standard Loyalty Nurture
53893,16.87,Low,11.0,2,No,Laptop & Accessory,Debit Card,3.0,7,225.59,Loyal Customers,3,5,5,Standard Loyalty Nurture
52450,16.86,Low,4.0,5,No,Laptop & Accessory,E wallet,1.0,1,244.84,Potential Loyalist,5,1,5,Standard Loyalty Nurture
53377,16.86,Low,14.0,4,No,Mobile Phone,Debit Card,3.0,1,115.47,Potential Loyalist,3,1,1,Standard Loyalty Nurture
55091,16.84,Low,0.0,4,No,Laptop & Accessory,COD,4.0,6,179.45,Loyal Customers,3,5,3,Standard Loyalty Nurture
53465,16.83,Low,2.0,4,No,Mobile Phone,UPI,1.0,1,107.57,Potential Loyalist,4,1,1,Standard Loyalty Nurture
53677,16.83,Low,2.0,5,No,Laptop & Accessory,Debit Card,1.0,3,222.0,Loyal Customers,4,3,5,Standard Loyalty Nurture
51246,16.82,Low,10.0,4,No,Laptop & Accessory,Credit Card,1.0,2,133.2,Potential Loyalist,5,2,1,Standard Loyalty Nurture
54560,16.82,Low,58.0,3,Yes (Active Ticket),Grocery,Debit Card,10.0,2,145.78,Hibernating,1,2,2,Standard Loyalty Nurture
52023,16.81,Low,28.0,5,Yes (Active Ticket),Laptop & Accessory,Credit Card,6.0,2,122.18,Hibernating,2,2,1,Standard Loyalty Nurture
53731,16.81,Low,2.0,5,No,Fashion,Credit Card,3.0,3,195.75,Loyal Customers,3,3,4,Standard Loyalty Nurture
50672,16.8,Low,23.0,4,Yes (Active Ticket),Mobile Phone,Credit Card,2.0,5,163.49,Loyal Customers,4,5,2,Standard Loyalty Nurture
54011,16.8,Low,0.0,5,No,Laptop & Accessory,Debit Card,0.0,3,195.69,Loyal Customers,5,3,4,Standard Loyalty Nurture
50464,16.79,Low,9.0,1,No,Fashion,E wallet,9.0,5,226.04,At Risk,1,5,5,Standard Loyalty Nurture
51118,16.79,Low,21.0,1,No,Fashion,Credit Card,8.0,2,194.93,Need Attention,2,2,4,Standard Loyalty Nurture
51105,16.78,Low,53.0,3,Yes (Active Ticket),Laptop & Accessory,Debit Card,4.0,2,192.43,Potential Loyalist,3,2,4,Standard Loyalty Nurture
51708,16.78,Low,2.0,4,No,Mobile Phone,Credit Card,4.0,3,214.77,Loyal Customers,3,3,4,Standard Loyalty Nurture
54182,16.78,Low,11.0,2,No,Mobile Phone,E wallet,2.0,4,220.51,Champions,4,4,5,Standard Loyalty Nurture
54326,16.78,Low,30.0,1,No,Mobile Phone,Debit Card,13.0,3,178.83,At Risk,1,3,3,Standard Loyalty Nurture
53194,16.77,Low,4.0,2,No,Laptop & Accessory,Credit Card,1.0,3,217.72,Loyal Customers,5,3,5,Standard Loyalty Nurture
53428,16.76,Low,10.0,4,No,Fashion,Debit Card,5.0,6,220.22,At Risk,2,5,5,Standard Loyalty Nurture
53457,16.76,Low,7.0,5,No,Fashion,Credit Card,2.0,4,131.17,Loyal Customers,4,4,1,Standard Loyalty Nurture
53883,16.76,Low,32.0,3,No,Laptop & Accessory,Credit Card,9.0,1,176.81,Promising,1,1,3,Standard Loyalty Nurture
54176,16.75,Low,54.0,4,Yes (Active Ticket),Mobile Phone,E wallet,6.0,3,78.03,At Risk,2,3,1,Standard Loyalty Nurture
54744,16.75,Low,52.0,1,No,Others,Debit Card,0.0,5,47.08,Loyal Customers,5,5,1,Standard Loyalty Nurture
52624,16.71,Low,24.0,1,Yes (Active Ticket),Others,COD,7.0,1,197.86,Promising,2,1,4,Standard Loyalty Nurture
54152,16.71,Low,0.0,4,No,Mobile Phone,UPI,1.0,1,184.93,Potential Loyalist,4,1,3,Standard Loyalty Nurture
50443,16.7,Low,5.0,4,No,Laptop & Accessory,Credit Card,0.0,3,150.81,Loyal Customers,5,3,2,Standard Loyalty Nurture
51346,16.69,Low,6.0,4,No,Mobile Phone,Credit Card,2.0,1,209.47,Potential Loyalist,4,1,4,Standard Loyalty Nurture
52935,16.67,Low,12.0,3,No,Laptop & Accessory,Debit Card,8.0,7,251.55,At Risk,2,5,5,Standard Loyalty Nurture
55518,16.67,Low,15.0,4,No,Fashion,Debit Card,9.0,5,174.62,At Risk,1,5,3,Standard Loyalty Nurture
52418,16.66,Low,0.0,4,No,Laptop & Accessory,Debit Card,1.0,5,250.25,Champions,5,5,5,Standard Loyalty Nurture
51320,16.62,Low,1.0,1,No,Laptop & Accessory,COD,4.0,3,218.03,Loyal Customers,3,3,5,Standard Loyalty Nurture
52027,16.62,Low,13.0,3,No,Mobile Phone,Debit Card,9.0,3,67.54,At Risk,1,3,1,Standard Loyalty Nurture
54001,16.61,Low,8.0,4,No,Laptop & Accessory,E wallet,4.0,3,206.26,Loyal Customers,3,3,4,Standard Loyalty Nurture
50466,16.6,Low,5.0,4,No,Laptop & Accessory,Debit Card,1.0,2,131.85,Potential Loyalist,5,2,1,Standard Loyalty Nurture
53631,16.59,Low,14.0,4,No,Laptop & Accessory,Credit Card,11.0,4,151.76,At Risk,1,4,2,Standard Loyalty Nurture
55557,16.59,Low,1.0,5,No,Laptop & Accessory,Credit Card,1.0,4,151.03,Loyal Customers,4,5,2,Standard Loyalty Nurture
54703,16.58,Low,11.0,1,No,Laptop & Accessory,Credit Card,0.0,4,171.11,Loyal Customers,5,4,3,Standard Loyalty Nurture
55021,16.58,Low,11.0,5,No,Laptop & Accessory,Debit Card,0.0,4,115.12,Loyal Customers,5,4,1,Standard Loyalty Nurture
51166,16.57,Low,17.0,2,No,Fashion,Credit Card,7.0,2,196.06,Need Attention,2,2,4,Standard Loyalty Nurture
52499,16.51,Low,39.0,1,Yes (Active Ticket),Laptop & Accessory,UPI,2.0,3,218.21,Loyal Customers,4,3,5,Standard Loyalty Nurture
53905,16.51,Low,19.0,2,No,Fashion,Debit Card,1.0,1,225.81,Potential Loyalist,4,1,5,Standard Loyalty Nurture
54634,16.5,Low,20.0,5,Yes (Active Ticket),Fashion,Credit Card,0.0,5,212.49,Champions,5,5,4,Standard Loyalty Nurture
53558,16.49,Low,7.0,4,No,Others,E wallet,0.0,2,227.75,Potential Loyalist,5,2,5,Standard Loyalty Nurture
50220,16.48,Low,19.0,1,No,Laptop & Accessory,Credit Card,7.0,1,145.47,Hibernating,2,1,2,Standard Loyalty Nurture
55194,16.48,Low,27.0,2,Yes (Active Ticket),Mobile Phone,UPI,1.0,6,198.92,Champions,4,5,4,Standard Loyalty Nurture
52631,16.47,Low,10.0,3,No,Others,UPI,3.0,2,223.19,Potential Loyalist,3,2,5,Standard Loyalty Nurture
54272,16.46,Low,31.0,1,No,Fashion,Credit Card,6.0,1,93.36,Hibernating,2,1,1,Standard Loyalty Nurture
52314,16.45,Low,12.0,4,No,Mobile Phone,Debit Card,2.0,5,229.34,Champions,4,5,5,Standard Loyalty Nurture
54674,16.45,Low,1.0,5,No,Laptop & Accessory,Credit Card,1.0,3,133.38,Loyal Customers,4,3,1,Standard Loyalty Nurture
50741,16.44,Low,6.0,4,No,Mobile Phone,Debit Card,3.0,1,216.56,Potential Loyalist,3,1,4,Standard Loyalty Nurture
55147,16.42,Low,10.0,3,No,Mobile Phone,Debit Card,1.0,5,215.35,Champions,4,5,4,Standard Loyalty Nurture
54270,16.4,Low,28.0,3,Yes (Active Ticket),Fashion,UPI,8.0,2,30.54,Hibernating,1,2,1,Standard Loyalty Nurture
50636,16.39,Low,6.0,4,No,Fashion,Credit Card,1.0,1,179.51,Potential Loyalist,5,1,3,Standard Loyalty Nurture
51900,16.39,Low,15.0,1,No,Laptop & Accessory,E wallet,6.0,6,194.41,At Risk,2,5,4,Standard Loyalty Nurture
53772,16.39,Low,23.0,3,No,Laptop & Accessory,Credit Card,4.0,4,76.65,Loyal Customers,3,4,1,Standard Loyalty Nurture
50696,16.37,Low,9.0,5,No,Mobile Phone,Credit Card,3.0,3,147.98,Loyal Customers,3,3,2,Standard Loyalty Nurture
50820,16.36,Low,4.0,4,No,Mobile Phone,Credit Card,0.0,2,195.89,Potential Loyalist,5,2,4,Standard Loyalty Nurture
51608,16.36,Low,16.0,5,No,Laptop & Accessory,Credit Card,6.0,2,141.62,Hibernating,2,2,2,Standard Loyalty Nurture
51407,16.35,Low,19.0,2,No,Grocery,Debit Card,0.0,2,193.16,Potential Loyalist,5,2,4,Standard Loyalty Nurture
52511,16.34,Low,1.0,4,No,Mobile Phone,Debit Card,0.0,3,189.8,Loyal Customers,5,3,4,Standard Loyalty Nurture
53251,16.34,Low,8.0,5,No,Fashion,UPI,0.0,9,164.2,Loyal Customers,5,5,3,Standard Loyalty Nurture
53751,16.33,Low,23.0,1,No,Fashion,Credit Card,1.0,1,175.65,Potential Loyalist,4,1,3,Standard Loyalty Nurture
55601,16.32,Low,3.0,4,No,Laptop & Accessory,Debit Card,4.0,2,232.72,Loyal Customers,3,3,5,Standard Loyalty Nurture
51929,16.31,Low,10.0,2,No,Laptop & Accessory,Credit Card,1.0,5,171.73,Loyal Customers,5,5,3,Standard Loyalty Nurture
50448,16.3,Low,14.0,3,No,Laptop & Accessory,Credit Card,8.0,3,273.07,At Risk,2,3,5,Standard Loyalty Nurture
51197,16.29,Low,36.0,5,Yes (Active Ticket),Laptop & Accessory,E wallet,3.0,3,99.9,Loyal Customers,3,3,1,Standard Loyalty Nurture
54331,16.29,Low,3.0,5,No,Mobile Phone,Credit Card,2.0,4,256.6,Champions,4,4,5,Standard Loyalty Nurture
52887,16.24,Low,7.0,1,No,Laptop & Accessory,Credit Card,1.0,3,203.83,Loyal Customers,5,3,4,Standard Loyalty Nurture
53974,16.24,Low,12.0,2,No,Laptop & Accessory,Debit Card,6.0,1,215.57,Promising,2,1,4,Standard Loyalty Nurture
50868,16.21,Low,2.0,5,No,Grocery,Debit Card,0.0,4,205.23,Champions,5,4,4,Standard Loyalty Nurture
53518,16.21,Low,5.0,3,No,Mobile Phone,Credit Card,1.0,1,238.54,Potential Loyalist,4,1,5,Standard Loyalty Nurture
50269,16.2,Low,4.0,5,No,Fashion,E wallet,5.0,5,154.12,Loyal Customers,3,5,2,Standard Loyalty Nurture
52013,16.19,Low,24.0,3,Yes (Active Ticket),Mobile Phone,E wallet,3.0,4,186.21,Loyal Customers,3,4,3,Standard Loyalty Nurture
51836,16.18,Low,11.0,4,No,Laptop & Accessory,Credit Card,2.0,3,208.81,Loyal Customers,4,3,4,Standard Loyalty Nurture
53796,16.18,Low,11.0,4,No,Laptop & Accessory,Credit Card,0.0,8,140.33,Loyal Customers,5,5,2,Standard Loyalty Nurture
54271,16.16,Low,10.0,4,No,Mobile Phone,Debit Card,1.0,1,166.23,Potential Loyalist,4,1,3,Standard Loyalty Nurture
52092,16.15,Low,33.0,2,No,Mobile Phone,Debit Card,9.0,1,126.14,Hibernating,1,1,1,Standard Loyalty Nurture
55410,16.15,Low,7.0,5,No,Mobile Phone,E wallet,0.0,3,131.99,Loyal Customers,5,4,1,Standard Loyalty Nurture
51331,16.14,Low,8.0,3,No,Mobile Phone,E wallet,1.0,4,183.23,Loyal Customers,5,4,3,Standard Loyalty Nurture
53884,16.14,Low,2.0,4,No,Fashion,Debit Card,4.0,4,254.24,Loyal Customers,3,4,5,Standard Loyalty Nurture
50829,16.12,Low,13.0,5,No,Grocery,Credit Card,0.0,2,110.26,Potential Loyalist,5,2,1,Standard Loyalty Nurture
50140,16.1,Low,36.0,3,No,Mobile Phone,E wallet,5.0,1,141.15,Potential Loyalist,3,1,2,Standard Loyalty Nurture
51355,16.1,Low,7.0,3,No,Grocery,Credit Card,1.0,1,260.49,Potential Loyalist,5,1,5,Standard Loyalty Nurture
50838,16.08,Low,5.0,4,No,Laptop & Accessory,Credit Card,3.0,2,276.53,Potential Loyalist,3,2,5,Standard Loyalty Nurture
55257,16.08,Low,1.0,5,No,Laptop & Accessory,Credit Card,2.0,1,188.01,Potential Loyalist,4,1,3,Standard Loyalty Nurture
51186,16.07,Low,28.0,5,Yes (Active Ticket),Laptop & Accessory,UPI,12.0,4,122.07,At Risk,1,4,1,Standard Loyalty Nurture
51632,16.07,Low,4.0,5,No,Fashion,Debit Card,3.0,4,194.6,Loyal Customers,3,4,4,Standard Loyalty Nurture
55279,16.06,Low,28.0,3,Yes (Active Ticket),Laptop & Accessory,E wallet,9.0,4,122.31,At Risk,1,4,1,Standard Loyalty Nurture
55324,16.06,Low,61.0,5,Yes (Active Ticket),Laptop & Accessory,Debit Card,3.0,3,178.18,Loyal Customers,3,4,3,Standard Loyalty Nurture
51616,16.04,Low,11.0,4,No,Mobile Phone,Debit Card,5.0,2,135.27,Hibernating,2,2,1,Standard Loyalty Nurture
55202,16.04,Low,41.0,3,Yes (Active Ticket),Laptop & Accessory,E wallet,1.0,3,134.33,Loyal Customers,4,4,1,Standard Loyalty Nurture
55204,16.03,Low,13.0,4,No,Mobile Phone,Debit Card,1.0,4,104.19,Loyal Customers,4,4,1,Standard Loyalty Nurture
52228,16.0,Low,9.0,5,No,Laptop & Accessory,E wallet,1.0,3,148.1,Loyal Customers,5,3,2,Standard Loyalty Nurture
54562,16.0,Low,3.0,3,No,Fashion,Credit Card,2.0,2,196.52,Potential Loyalist,4,2,4,Standard Loyalty Nurture
55003,16.0,Low,19.0,4,Yes (Active Ticket),Fashion,E wallet,2.0,6,269.85,Champions,4,5,5,Standard Loyalty Nurture
50407,15.99,Low,5.0,5,No,Mobile Phone,E wallet,3.0,1,161.48,Potential Loyalist,3,1,2,Standard Loyalty Nurture
51196,15.99,Low,21.0,3,No,Fashion,Debit Card,3.0,1,130.76,Potential Loyalist,3,1,1,Standard Loyalty Nurture
51217,15.99,Low,1.0,5,No,Laptop & Accessory,Debit Card,1.0,1,218.63,Potential Loyalist,5,1,5,Standard Loyalty Nurture
51303,15.98,Low,1.0,4,No,Fashion,Debit Card,1.0,3,231.7,Loyal Customers,5,3,5,Standard Loyalty Nurture
55344,15.96,Low,2.0,4,No,Mobile Phone,Credit Card,0.0,2,168.74,Potential Loyalist,5,2,3,Standard Loyalty Nurture
53463,15.95,Low,10.0,3,No,Grocery,UPI,1.0,2,172.84,Potential Loyalist,4,2,3,Standard Loyalty Nurture
55233,15.94,Low,12.0,4,No,Laptop & Accessory,Credit Card,0.0,2,105.28,Potential Loyalist,5,2,1,Standard Loyalty Nurture
52441,15.93,Low,8.0,4,No,Mobile Phone,Debit Card,1.0,4,241.46,Champions,5,4,5,Standard Loyalty Nurture
50346,15.91,Low,10.0,4,No,Grocery,Credit Card,7.0,8,207.38,At Risk,2,5,4,Standard Loyalty Nurture
52312,15.91,Low,21.0,2,No,Fashion,UPI,12.0,1,118.03,Hibernating,1,1,1,Standard Loyalty Nurture
53105,15.9,Low,3.0,5,No,Mobile Phone,Debit Card,0.0,1,250.28,Potential Loyalist,5,1,5,Standard Loyalty Nurture
53659,15.9,Low,10.0,5,No,Fashion,COD,4.0,1,153.36,Potential Loyalist,3,1,2,Standard Loyalty Nurture
50431,15.87,Low,2.0,4,No,Mobile Phone,UPI,8.0,2,264.46,Need Attention,2,2,5,Standard Loyalty Nurture
50807,15.87,Low,27.0,5,Yes (Active Ticket),Others,Credit Card,11.0,3,160.98,At Risk,1,3,2,Standard Loyalty Nurture
51784,15.87,Low,10.0,2,No,Grocery,Debit Card,0.0,3,149.01,Loyal Customers,5,3,2,Standard Loyalty Nurture
53664,15.86,Low,0.0,5,No,Fashion,Debit Card,4.0,2,246.07,Potential Loyalist,3,2,5,Standard Loyalty Nurture
50519,15.85,Low,44.0,2,No,Laptop & Accessory,Debit Card,2.0,2,264.57,Potential Loyalist,4,2,5,Standard Loyalty Nurture
55315,15.85,Low,7.0,4,No,Mobile Phone,Credit Card,0.0,1,149.11,Potential Loyalist,5,1,2,Standard Loyalty Nurture
51492,15.84,Low,5.0,5,No,Mobile Phone,Credit Card,6.0,6,257.67,At Risk,2,5,5,Standard Loyalty Nurture
51862,15.84,Low,11.0,3,No,Laptop & Accessory,COD,1.0,1,149.33,Potential Loyalist,5,1,2,Standard Loyalty Nurture
53509,15.82,Low,19.0,3,Yes (Active Ticket),Fashion,Debit Card,0.0,4,167.56,Loyal Customers,5,4,3,Standard Loyalty Nurture
52076,15.81,Low,20.0,3,No,Mobile Phone,Credit Card,2.0,2,124.74,Potential Loyalist,4,2,1,Standard Loyalty Nurture
52398,15.81,Low,0.0,5,No,Mobile Phone,E wallet,2.0,1,220.03,Potential Loyalist,4,1,5,Standard Loyalty Nurture
53281,15.81,Low,6.0,4,No,Mobile Phone,Debit Card,1.0,3,155.05,Loyal Customers,5,3,2,Standard Loyalty Nurture
55143,15.8,Low,9.0,5,No,Fashion,Debit Card,1.0,3,211.62,Champions,4,4,4,Standard Loyalty Nurture
50631,15.79,Low,12.0,4,No,Laptop & Accessory,Debit Card,2.0,7,207.84,Champions,4,5,4,Standard Loyalty Nurture
52222,15.79,Low,8.0,5,No,Grocery,Debit Card,4.0,3,116.85,Loyal Customers,3,3,1,Standard Loyalty Nurture
50054,15.77,Low,23.0,4,No,Grocery,Credit Card,3.0,2,123.53,Potential Loyalist,3,1,1,Standard Loyalty Nurture
50506,15.77,Low,2.0,3,No,Mobile Phone,UPI,2.0,2,190.62,Potential Loyalist,4,2,4,Standard Loyalty Nurture
51835,15.75,Low,17.0,3,No,Mobile Phone,Credit Card,10.0,7,133.92,At Risk,1,5,1,Standard Loyalty Nurture
52896,15.75,Low,21.0,3,No,Laptop & Accessory,Debit Card,6.0,9,239.04,At Risk,2,5,5,Standard Loyalty Nurture
54355,15.74,Low,8.0,5,No,Mobile Phone,E wallet,2.0,3,142.0,Loyal Customers,4,3,2,Standard Loyalty Nurture
51834,15.73,Low,14.0,5,Yes (Active Ticket),Laptop & Accessory,E wallet,3.0,5,172.12,Loyal Customers,3,5,3,Standard Loyalty Nurture
54994,15.73,Low,10.0,5,No,Fashion,Credit Card,3.0,7,204.1,Loyal Customers,3,5,4,Standard Loyalty Nurture
53595,15.7,Low,7.0,5,No,Laptop & Accessory,UPI,1.0,4,194.14,Champions,4,4,4,Standard Loyalty Nurture
53741,15.7,Low,23.0,1,No,Laptop & Accessory,Credit Card,5.0,2,160.13,Hibernating,2,2,2,Standard Loyalty Nurture
50256,15.68,Low,8.0,5,No,Mobile Phone,COD,13.0,3,230.02,At Risk,1,3,5,Standard Loyalty Nurture
51262,15.68,Low,16.0,3,No,Mobile Phone,Debit Card,10.0,7,175.19,At Risk,1,5,3,Standard Loyalty Nurture
51621,15.67,Low,6.0,5,No,Grocery,Credit Card,0.0,3,192.14,Loyal Customers,5,3,4,Standard Loyalty Nurture
53094,15.67,Low,18.0,1,No,Mobile Phone,Debit Card,11.0,6,231.54,At Risk,1,5,5,Standard Loyalty Nurture
54136,15.66,Low,0.0,3,No,Mobile Phone,Debit Card,0.0,3,200.32,Loyal Customers,5,3,4,Standard Loyalty Nurture
50735,15.65,Low,4.0,5,No,Laptop & Accessory,Debit Card,1.0,6,254.49,Champions,5,5,5,Standard Loyalty Nurture
52274,15.65,Low,11.0,3,No,Fashion,E wallet,11.0,1,206.57,Promising,1,1,4,Standard Loyalty Nurture
52590,15.65,Low,13.0,2,No,Mobile Phone,Debit Card,0.0,4,198.04,Champions,5,4,4,Standard Loyalty Nurture
55479,15.63,Low,15.0,2,No,Grocery,E wallet,3.0,1,186.37,Potential Loyalist,3,1,3,Standard Loyalty Nurture
50447,15.62,Low,43.0,5,No,Fashion,Debit Card,4.0,2,134.66,Potential Loyalist,3,2,1,Standard Loyalty Nurture
52442,15.62,Low,8.0,2,No,Mobile Phone,E wallet,0.0,4,132.7,Loyal Customers,5,4,1,Standard Loyalty Nurture
52661,15.62,Low,6.0,4,No,Laptop & Accessory,E wallet,1.0,1,171.32,Potential Loyalist,5,1,3,Standard Loyalty Nurture
52678,15.62,Low,1.0,4,No,Mobile Phone,UPI,2.0,3,318.68,Loyal Customers,4,3,5,Standard Loyalty Nurture
55152,15.62,Low,2.0,5,No,Laptop & Accessory,COD,3.0,4,165.57,Loyal Customers,3,4,3,Standard Loyalty Nurture
53682,15.6,Low,1.0,4,No,Mobile Phone,Credit Card,1.0,2,201.36,Potential Loyalist,4,2,4,Standard Loyalty Nurture
52768,15.59,Low,3.0,4,No,Fashion,Debit Card,1.0,2,200.84,Potential Loyalist,5,2,4,Standard Loyalty Nurture
54201,15.59,Low,19.0,1,Yes (Active Ticket),Mobile Phone,E wallet,6.0,1,166.52,Promising,2,1,3,Standard Loyalty Nurture
50746,15.58,Low,23.0,3,No,Others,Credit Card,1.0,1,121.94,Potential Loyalist,5,1,1,Standard Loyalty Nurture
51639,15.58,Low,49.0,2,No,Fashion,E wallet,4.0,2,147.75,Potential Loyalist,3,2,2,Standard Loyalty Nurture
51345,15.57,Low,14.0,3,No,Laptop & Accessory,Credit Card,3.0,5,103.75,Loyal Customers,3,5,1,Standard Loyalty Nurture
53609,15.57,Low,26.0,2,Yes (Active Ticket),Others,UPI,6.0,1,236.34,Promising,2,1,5,Standard Loyalty Nurture
50655,15.55,Low,6.0,4,No,Mobile Phone,Debit Card,2.0,3,237.92,Loyal Customers,4,3,5,Standard Loyalty Nurture
51005,15.54,Low,16.0,3,No,Mobile Phone,Credit Card,1.0,3,126.11,Loyal Customers,5,3,1,Standard Loyalty Nurture
54298,15.54,Low,2.0,4,No,Mobile Phone,E wallet,8.0,2,239.21,Need Attention,1,2,5,Standard Loyalty Nurture
50543,15.52,Low,3.0,4,No,Mobile Phone,Credit Card,1.0,1,191.59,Potential Loyalist,5,1,4,Standard Loyalty Nurture
52357,15.51,Low,23.0,3,Yes (Active Ticket),Mobile Phone,Debit Card,5.0,1,225.46,Promising,2,1,5,Standard Loyalty Nurture
50555,15.49,Low,21.0,3,No,Fashion,E wallet,15.0,2,234.25,Need Attention,1,2,5,Standard Loyalty Nurture
50561,15.49,Low,12.0,4,No,Grocery,Credit Card,9.0,3,137.3,At Risk,1,3,2,Standard Loyalty Nurture
51175,15.49,Low,10.0,4,No,Grocery,Credit Card,6.0,6,231.85,At Risk,2,5,5,Standard Loyalty Nurture
51281,15.49,Low,10.0,4,No,Laptop & Accessory,E wallet,8.0,5,194.99,At Risk,2,5,4,Standard Loyalty Nurture
53647,15.49,Low,7.0,5,No,Fashion,Debit Card,0.0,3,175.18,Loyal Customers,5,3,3,Standard Loyalty Nurture
54005,15.48,Low,2.0,5,No,Mobile Phone,Debit Card,8.0,1,250.93,Promising,1,1,5,Standard Loyalty Nurture
50383,15.47,Low,10.0,5,No,Mobile Phone,Credit Card,3.0,2,160.92,Potential Loyalist,3,2,2,Standard Loyalty Nurture
50427,15.47,Low,6.0,4,No,Mobile Phone,COD,2.0,5,150.99,Loyal Customers,4,5,2,Standard Loyalty Nurture
51646,15.46,Low,14.0,5,Yes (Active Ticket),Mobile Phone,Debit Card,4.0,6,65.97,Loyal Customers,3,5,1,Standard Loyalty Nurture
50222,15.45,Low,8.0,5,No,Fashion,Debit Card,2.0,2,198.33,Potential Loyalist,4,2,4,Standard Loyalty Nurture
54559,15.45,Low,27.0,3,Yes (Active Ticket),Grocery,Debit Card,1.0,3,202.33,Loyal Customers,4,3,4,Standard Loyalty Nurture
53089,15.43,Low,9.0,3,No,Mobile Phone,Credit Card,0.0,2,176.47,Potential Loyalist,5,2,3,Standard Loyalty Nurture
53047,15.41,Low,5.0,3,No,Fashion,UPI,1.0,2,242.87,Potential Loyalist,5,2,5,Standard Loyalty Nurture
50158,15.4,Low,14.0,2,No,Grocery,E wallet,2.0,2,131.96,Potential Loyalist,4,1,1,Standard Loyalty Nurture
50253,15.39,Low,19.0,4,No,Fashion,Debit Card,4.0,1,129.48,Potential Loyalist,3,1,1,Standard Loyalty Nurture
50938,15.39,Low,25.0,4,Yes (Active Ticket),Others,Debit Card,3.0,1,184.77,Potential Loyalist,3,1,3,Standard Loyalty Nurture
53697,15.39,Low,33.0,3,No,Others,Debit Card,4.0,1,164.08,Potential Loyalist,3,1,3,Standard Loyalty Nurture
55040,15.39,Low,26.0,3,Yes (Active Ticket),Laptop & Accessory,Credit Card,2.0,2,179.7,Potential Loyalist,4,2,3,Standard Loyalty Nurture
52105,15.38,Low,16.0,3,No,Laptop & Accessory,Debit Card,7.0,6,131.88,At Risk,2,5,1,Standard Loyalty Nurture
54478,15.37,Low,4.0,4,No,Mobile Phone,Debit Card,4.0,2,301.89,Potential Loyalist,3,2,5,Standard Loyalty Nurture
53048,15.34,Low,4.0,4,No,Fashion,Credit Card,2.0,4,141.07,Loyal Customers,4,4,2,Standard Loyalty Nurture
53831,15.34,Low,5.0,3,No,Laptop & Accessory,Credit Card,0.0,2,260.4,Potential Loyalist,5,2,5,Standard Loyalty Nurture
54936,15.33,Low,4.0,5,No,Fashion,Credit Card,3.0,7,142.93,Loyal Customers,3,5,2,Standard Loyalty Nurture
51147,15.31,Low,16.0,3,No,Laptop & Accessory,UPI,12.0,5,146.73,At Risk,1,5,2,Standard Loyalty Nurture
54061,15.31,Low,3.0,5,No,Fashion,Debit Card,4.0,3,218.3,Loyal Customers,3,3,5,Standard Loyalty Nurture
52675,15.3,Low,22.0,1,No,Fashion,Debit Card,2.0,1,142.32,Potential Loyalist,4,1,2,Standard Loyalty Nurture
50034,15.29,Low,30.0,4,Yes (Active Ticket),Mobile Phone,Debit Card,10.0,3,164.24,At Risk,1,3,3,Standard Loyalty Nurture
50247,15.28,Low,6.0,4,No,Mobile Phone,Credit Card,1.0,2,195.46,Potential Loyalist,5,2,4,Standard Loyalty Nurture
51215,15.28,Low,12.0,3,No,Laptop & Accessory,E wallet,7.0,2,193.5,Need Attention,2,2,4,Standard Loyalty Nurture
51419,15.28,Low,6.0,5,No,Mobile Phone,Debit Card,1.0,3,133.65,Loyal Customers,5,3,1,Standard Loyalty Nurture
52321,15.27,Low,24.0,3,Yes (Active Ticket),Laptop & Accessory,Debit Card,3.0,2,245.26,Potential Loyalist,3,2,5,Standard Loyalty Nurture
52773,15.27,Low,16.0,5,No,Mobile Phone,E wallet,12.0,5,181.41,At Risk,1,5,3,Standard Loyalty Nurture
51488,15.26,Low,12.0,3,No,Laptop & Accessory,UPI,5.0,2,136.56,Hibernating,2,2,2,Standard Loyalty Nurture
51756,15.26,Low,16.0,5,No,Others,Debit Card,4.0,1,95.29,Potential Loyalist,3,1,1,Standard Loyalty Nurture
52946,15.26,Low,1.0,3,No,Laptop & Accessory,Credit Card,3.0,3,248.63,Loyal Customers,3,3,5,Standard Loyalty Nurture
54312,15.26,Low,28.0,3,Yes (Active Ticket),Laptop & Accessory,Credit Card,3.0,2,133.94,Potential Loyalist,3,2,1,Standard Loyalty Nurture
55284,15.26,Low,22.0,5,Yes (Active Ticket),Laptop & Accessory,Debit Card,2.0,6,132.19,Loyal Customers,4,5,1,Standard Loyalty Nurture
55208,15.24,Low,6.0,4,No,Mobile Phone,Credit Card,2.0,2,224.53,Potential Loyalist,4,2,5,Standard Loyalty Nurture
52892,15.23,Low,12.0,5,No,Others,Credit Card,4.0,2,198.8,Potential Loyalist,3,2,4,Standard Loyalty Nurture
51823,15.22,Low,10.0,5,No,Fashion,E wallet,3.0,3,188.25,Loyal Customers,3,3,3,Standard Loyalty Nurture
52261,15.21,Low,15.0,2,No,Others,Debit Card,5.0,5,186.44,At Risk,2,5,3,Standard Loyalty Nurture
54450,15.21,Low,13.0,5,No,Others,Credit Card,15.0,2,162.34,Hibernating,1,2,2,Standard Loyalty Nurture
51510,15.19,Low,14.0,1,No,Laptop & Accessory,Debit Card,4.0,6,170.44,Loyal Customers,3,5,3,Standard Loyalty Nurture
53279,15.19,Low,4.0,5,No,Fashion,Debit Card,2.0,3,208.82,Loyal Customers,4,3,4,Standard Loyalty Nurture
53507,15.19,Low,36.0,4,Yes (Active Ticket),Laptop & Accessory,Credit Card,3.0,2,232.57,Potential Loyalist,3,2,5,Standard Loyalty Nurture
52444,15.18,Low,18.0,5,No,Fashion,Debit Card,11.0,1,200.16,Promising,1,1,4,Standard Loyalty Nurture
53212,15.18,Low,11.0,3,No,Mobile Phone,Credit Card,3.0,2,230.74,Potential Loyalist,3,2,5,Standard Loyalty Nurture
50478,15.17,Low,8.0,4,No,Mobile Phone,Debit Card,2.0,4,259.82,Champions,4,4,5,Standard Loyalty Nurture
51538,15.16,Low,11.0,4,No,Laptop & Accessory,COD,1.0,3,205.77,Loyal Customers,5,3,4,Standard Loyalty Nurture
54246,15.16,Low,27.0,4,No,Mobile Phone,E wallet,12.0,2,175.7,Need Attention,1,2,3,Standard Loyalty Nurture
50365,15.15,Low,28.0,4,Yes (Active Ticket),Laptop & Accessory,Credit Card,3.0,3,100.02,Loyal Customers,3,3,1,Standard Loyalty Nurture
54052,15.15,Low,12.0,2,No,Mobile Phone,Credit Card,1.0,6,177.54,Loyal Customers,4,5,3,Standard Loyalty Nurture
55241,15.15,Low,39.0,3,Yes (Active Ticket),Mobile Phone,Debit Card,0.0,2,125.1,Potential Loyalist,5,2,1,Standard Loyalty Nurture
51908,15.14,Low,5.0,3,No,Fashion,E wallet,12.0,1,228.95,Promising,1,1,5,Standard Loyalty Nurture
50066,15.12,Low,8.0,4,No,Grocery,Debit Card,0.0,7,203.57,Champions,5,5,4,Standard Loyalty Nurture
53156,15.12,Low,10.0,4,No,Fashion,E wallet,0.0,4,213.11,Champions,5,4,4,Standard Loyalty Nurture
55527,15.12,Low,10.0,4,No,Laptop & Accessory,Debit Card,1.0,4,181.11,Loyal Customers,4,4,3,Standard Loyalty Nurture
54418,15.11,Low,0.0,5,No,Mobile Phone,Credit Card,1.0,3,188.51,Loyal Customers,4,3,4,Standard Loyalty Nurture
50662,15.1,Low,43.0,3,Yes (Active Ticket),Grocery,E wallet,2.0,1,150.55,Potential Loyalist,4,1,2,Standard Loyalty Nurture
51219,15.1,Low,11.0,2,No,Laptop & Accessory,Credit Card,4.0,4,256.89,Loyal Customers,3,4,5,Standard Loyalty Nurture
51400,15.1,Low,12.0,2,No,Laptop & Accessory,Debit Card,7.0,8,192.77,At Risk,2,5,4,Standard Loyalty Nurture
52121,15.1,Low,16.0,1,No,Mobile Phone,COD,6.0,4,171.85,At Risk,2,4,3,Standard Loyalty Nurture
55374,15.08,Low,15.0,2,No,Mobile Phone,E wallet,3.0,2,186.69,Potential Loyalist,3,2,3,Standard Loyalty Nurture
53754,15.05,Low,12.0,4,No,Laptop & Accessory,Debit Card,14.0,3,197.44,At Risk,1,3,4,Standard Loyalty Nurture
52241,15.04,Low,16.0,2,No,Mobile Phone,Credit Card,12.0,2,204.26,Need Attention,1,2,4,Standard Loyalty Nurture
53438,15.04,Low,9.0,5,No,Laptop & Accessory,Debit Card,1.0,4,133.34,Loyal Customers,4,4,1,Standard Loyalty Nurture
52854,15.03,Low,25.0,2,No,Mobile Phone,UPI,1.0,6,108.94,Loyal Customers,5,5,1,Standard Loyalty Nurture
51565,15.01,Low,17.0,3,No,Laptop & Accessory,Debit Card,5.0,3,181.43,At Risk,2,3,3,Standard Loyalty Nurture
55512,15.01,Low,26.0,4,No,Others,Debit Card,4.0,4,121.41,Loyal Customers,3,4,1,Standard Loyalty Nurture
50716,15.0,Low,27.0,1,No,Mobile Phone,Debit Card,7.0,1,191.17,Promising,2,1,4,Standard Loyalty Nurture
52878,15.0,Low,2.0,4,No,Laptop & Accessory,UPI,2.0,3,197.97,Loyal Customers,4,3,4,Standard Loyalty Nurture
51318,14.99,Low,13.0,3,No,Laptop & Accessory,COD,12.0,4,236.44,At Risk,1,4,5,Standard Loyalty Nurture
52758,14.99,Low,22.0,2,Yes (Active Ticket),Fashion,UPI,0.0,4,143.83,Loyal Customers,5,4,2,Standard Loyalty Nurture
53295,14.99,Low,34.0,1,No,Laptop & Accessory,Debit Card,2.0,1,123.69,Potential Loyalist,4,1,1,Standard Loyalty Nurture
51211,14.97,Low,6.0,2,No,Grocery,UPI,1.0,3,292.77,Loyal Customers,5,3,5,Standard Loyalty Nurture
50553,14.96,Low,8.0,1,No,Mobile Phone,Debit Card,1.0,2,203.05,Potential Loyalist,5,2,4,Standard Loyalty Nurture
55520,14.96,Low,10.0,4,No,Mobile Phone,UPI,1.0,4,291.31,Champions,4,4,5,Standard Loyalty Nurture
50145,14.95,Low,3.0,4,No,Fashion,Debit Card,2.0,4,249.38,Champions,4,4,5,Standard Loyalty Nurture
52940,14.94,Low,0.0,5,No,Mobile Phone,E wallet,3.0,3,199.1,Loyal Customers,3,3,4,Standard Loyalty Nurture
54694,14.94,Low,7.0,3,No,Mobile Phone,UPI,1.0,2,234.27,Potential Loyalist,4,2,5,Standard Loyalty Nurture
52409,14.91,Low,44.0,4,No,Fashion,Debit Card,6.0,4,109.15,At Risk,2,4,1,Standard Loyalty Nurture
53356,14.91,Low,1.0,5,No,Mobile Phone,Debit Card,0.0,4,217.04,Champions,5,4,4,Standard Loyalty Nurture
52879,14.9,Low,9.0,5,No,Mobile Phone,COD,2.0,1,172.31,Potential Loyalist,4,1,3,Standard Loyalty Nurture
55195,14.89,Low,2.0,5,No,Fashion,Credit Card,3.0,3,241.11,Loyal Customers,3,4,5,Standard Loyalty Nurture
52270,14.86,Low,7.0,3,No,Others,Debit Card,1.0,3,222.93,Loyal Customers,5,3,5,Standard Loyalty Nurture
50043,14.85,Low,0.0,5,No,Laptop & Accessory,Debit Card,3.0,3,239.62,Loyal Customers,4,3,5,Standard Loyalty Nurture
54163,14.84,Low,8.0,5,No,Fashion,Debit Card,10.0,3,245.26,At Risk,1,3,5,Standard Loyalty Nurture
55169,14.83,Low,2.0,4,No,Mobile Phone,E wallet,3.0,4,198.63,Loyal Customers,3,4,4,Standard Loyalty Nurture
51649,14.81,Low,15.0,3,No,Fashion,UPI,12.0,3,169.44,At Risk,1,3,3,Standard Loyalty Nurture
52812,14.81,Low,10.0,4,No,Laptop & Accessory,Debit Card,4.0,5,216.92,Loyal Customers,3,5,4,Standard Loyalty Nurture
53920,14.8,Low,16.0,1,No,Fashion,UPI,6.0,2,189.69,Need Attention,2,2,4,Standard Loyalty Nurture
52415,14.79,Low,7.0,5,No,Laptop & Accessory,Credit Card,2.0,3,161.87,Loyal Customers,4,3,2,Standard Loyalty Nurture
52434,14.78,Low,3.0,3,No,Fashion,Credit Card,0.0,3,272.39,Loyal Customers,5,3,5,Standard Loyalty Nurture
54315,14.78,Low,35.0,4,Yes (Active Ticket),Mobile Phone,Debit Card,2.0,1,150.36,Potential Loyalist,4,1,2,Standard Loyalty Nurture
54521,14.78,Low,20.0,1,No,Fashion,Credit Card,2.0,6,236.95,Champions,4,5,5,Standard Loyalty Nurture
54013,14.77,Low,12.0,2,No,Laptop & Accessory,Credit Card,5.0,4,261.67,At Risk,2,4,5,Standard Loyalty Nurture
52305,14.76,Low,27.0,1,Yes (Active Ticket),Fashion,Credit Card,6.0,5,179.08,At Risk,2,5,3,Standard Loyalty Nurture
50516,14.75,Low,0.0,5,No,Laptop & Accessory,Debit Card,2.0,1,207.1,Potential Loyalist,4,1,4,Standard Loyalty Nurture
54602,14.75,Low,15.0,2,No,Grocery,Debit Card,1.0,5,142.73,Loyal Customers,4,5,2,Standard Loyalty Nurture
55154,14.74,Low,14.0,3,No,Laptop & Accessory,E wallet,1.0,5,191.08,Champions,4,5,4,Standard Loyalty Nurture
51943,14.72,Low,15.0,5,No,Laptop & Accessory,E wallet,14.0,3,142.9,At Risk,1,3,2,Standard Loyalty Nurture
55217,14.72,Low,6.0,3,No,Laptop & Accessory,E wallet,2.0,2,248.4,Potential Loyalist,4,2,5,Standard Loyalty Nurture
51636,14.71,Low,3.0,5,No,Laptop & Accessory,Debit Card,1.0,3,207.19,Loyal Customers,5,3,4,Standard Loyalty Nurture
52657,14.69,Low,17.0,3,No,Mobile Phone,Debit Card,1.0,5,111.92,Loyal Customers,5,5,1,Standard Loyalty Nurture
54821,14.69,Low,3.0,5,No,Fashion,Credit Card,1.0,4,175.62,Loyal Customers,4,4,3,Standard Loyalty Nurture
50390,14.67,Low,16.0,3,No,Fashion,Credit Card,1.0,2,198.94,Potential Loyalist,5,2,4,Standard Loyalty Nurture
50550,14.66,Low,15.0,4,Yes (Active Ticket),Fashion,Debit Card,1.0,6,220.77,Champions,5,5,5,Standard Loyalty Nurture
53458,14.62,Low,12.0,2,No,Grocery,Debit Card,2.0,2,199.67,Potential Loyalist,4,2,4,Standard Loyalty Nurture
53342,14.6,Low,9.0,4,No,Laptop & Accessory,Debit Card,1.0,3,155.53,Loyal Customers,5,3,2,Standard Loyalty Nurture
55531,14.59,Low,8.0,4,No,Grocery,Debit Card,4.0,4,151.69,Loyal Customers,3,4,2,Standard Loyalty Nurture
55447,14.58,Low,4.0,4,No,Grocery,COD,12.0,2,264.95,At Risk,1,3,5,Standard Loyalty Nurture
53514,14.57,Low,17.0,3,No,Mobile Phone,Debit Card,0.0,1,85.92,Potential Loyalist,5,1,1,Standard Loyalty Nurture
55211,14.57,Low,30.0,4,Yes (Active Ticket),Mobile Phone,Debit Card,0.0,4,287.15,Champions,5,4,5,Standard Loyalty Nurture
52614,14.54,Low,14.0,4,No,Mobile Phone,Credit Card,17.0,3,233.95,At Risk,1,3,5,Standard Loyalty Nurture
52738,14.53,Low,8.0,4,No,Fashion,E wallet,7.0,3,267.87,At Risk,2,3,5,Standard Loyalty Nurture
52767,14.53,Low,8.0,4,No,Laptop & Accessory,E wallet,1.0,6,175.22,Loyal Customers,5,5,3,Standard Loyalty Nurture
54538,14.53,Low,10.0,4,No,Laptop & Accessory,Credit Card,4.0,5,192.82,Loyal Customers,3,5,4,Standard Loyalty Nurture
53160,14.52,Low,3.0,4,No,Mobile Phone,Debit Card,0.0,3,182.5,Loyal Customers,5,3,3,Standard Loyalty Nurture
53260,14.51,Low,23.0,3,Yes (Active Ticket),Laptop & Accessory,Debit Card,5.0,4,195.2,At Risk,2,4,4,Standard Loyalty Nurture
53862,14.51,Low,9.0,4,No,Mobile Phone,UPI,2.0,6,175.91,Loyal Customers,4,5,3,Standard Loyalty Nurture
51891,14.5,Low,1.0,5,No,Laptop & Accessory,Credit Card,3.0,1,203.84,Potential Loyalist,3,1,4,Standard Loyalty Nurture
52737,14.49,Low,47.0,1,No,Others,Debit Card,4.0,1,213.71,Potential Loyalist,3,1,4,Standard Loyalty Nurture
54916,14.49,Low,25.0,5,No,Mobile Phone,Debit Card,0.0,1,311.63,Potential Loyalist,5,1,5,Standard Loyalty Nurture
54932,14.48,Low,4.0,4,No,Grocery,Credit Card,1.0,2,253.51,Potential Loyalist,4,2,5,Standard Loyalty Nurture
51231,14.47,Low,22.0,4,No,Laptop & Accessory,Debit Card,0.0,1,114.84,Potential Loyalist,5,1,1,Standard Loyalty Nurture
52166,14.47,Low,39.0,3,Yes (Active Ticket),Mobile Phone,UPI,1.0,4,117.37,Loyal Customers,5,4,1,Standard Loyalty Nurture
54305,14.47,Low,18.0,3,No,Mobile Phone,Debit Card,11.0,3,160.43,At Risk,1,3,2,Standard Loyalty Nurture
54786,14.47,Low,5.0,5,No,Mobile Phone,UPI,10.0,1,209.44,Promising,1,1,4,Standard Loyalty Nurture
54099,14.45,Low,3.0,3,No,Laptop & Accessory,Debit Card,0.0,1,235.81,Potential Loyalist,5,1,5,Standard Loyalty Nurture
54693,14.45,Low,4.0,5,No,Mobile Phone,UPI,11.0,1,211.32,Promising,1,1,4,Standard Loyalty Nurture
50035,14.43,Low,34.0,5,Yes (Active Ticket),Laptop & Accessory,Debit Card,5.0,1,221.32,Potential Loyalist,3,1,5,Standard Loyalty Nurture
50826,14.43,Low,25.0,5,Yes (Active Ticket),Fashion,Debit Card,8.0,6,172.14,At Risk,2,5,3,Standard Loyalty Nurture
54023,14.43,Low,11.0,4,No,Others,Debit Card,2.0,2,207.39,Potential Loyalist,4,2,4,Standard Loyalty Nurture
50931,14.41,Low,2.0,5,No,Laptop & Accessory,Credit Card,1.0,1,208.27,Potential Loyalist,5,1,4,Standard Loyalty Nurture
52649,14.41,Low,6.0,4,No,Laptop & Accessory,Debit Card,1.0,2,187.46,Potential Loyalist,5,2,3,Standard Loyalty Nurture
51680,14.4,Low,12.0,5,No,Laptop & Accessory,Debit Card,5.0,5,187.22,At Risk,2,5,3,Standard Loyalty Nurture
50954,14.39,Low,25.0,3,No,Fashion,Debit Card,0.0,5,197.04,Champions,5,5,4,Standard Loyalty Nurture
51595,14.39,Low,13.0,1,No,Laptop & Accessory,COD,6.0,3,193.6,At Risk,2,3,4,Standard Loyalty Nurture
52145,14.39,Low,6.0,5,No,Laptop & Accessory,Credit Card,3.0,3,262.15,Loyal Customers,3,3,5,Standard Loyalty Nurture
51755,14.37,Low,37.0,5,Yes (Active Ticket),Laptop & Accessory,COD,9.0,2,191.26,Need Attention,1,2,4,Standard Loyalty Nurture
54357,14.37,Low,2.0,5,No,Others,Debit Card,2.0,4,260.79,Champions,4,4,5,Standard Loyalty Nurture
51377,14.34,Low,6.0,5,No,Laptop & Accessory,Debit Card,2.0,2,185.67,Potential Loyalist,4,2,3,Standard Loyalty Nurture
52379,14.34,Low,6.0,5,No,Mobile Phone,Credit Card,4.0,4,187.83,Loyal Customers,3,4,3,Standard Loyalty Nurture
54297,14.34,Low,2.0,5,No,Mobile Phone,Credit Card,0.0,3,125.84,Loyal Customers,5,3,1,Standard Loyalty Nurture
54776,14.33,Low,18.0,5,No,Fashion,Debit Card,21.0,1,178.03,Promising,1,1,3,Standard Loyalty Nurture
51869,14.32,Low,1.0,5,No,Mobile Phone,E wallet,2.0,1,233.53,Potential Loyalist,4,1,5,Standard Loyalty Nurture
55238,14.32,Low,11.0,3,No,Mobile Phone,UPI,6.0,4,182.69,At Risk,2,4,3,Standard Loyalty Nurture
53336,14.31,Low,14.0,5,No,Laptop & Accessory,Credit Card,5.0,5,151.81,At Risk,2,5,2,Standard Loyalty Nurture
50470,14.29,Low,33.0,1,No,Fashion,Credit Card,0.0,3,14.69,Loyal Customers,5,3,1,Standard Loyalty Nurture
53961,14.29,Low,9.0,5,No,Fashion,Debit Card,4.0,4,210.71,Loyal Customers,3,4,4,Standard Loyalty Nurture
52205,14.27,Low,13.0,3,No,Laptop & Accessory,COD,6.0,1,243.04,Promising,2,1,5,Standard Loyalty Nurture
54870,14.27,Low,17.0,5,Yes (Active Ticket),Laptop & Accessory,Debit Card,0.0,3,161.39,Loyal Customers,5,4,2,Standard Loyalty Nurture
50204,14.26,Low,23.0,2,No,Laptop & Accessory,Debit Card,10.0,3,142.34,At Risk,1,3,2,Standard Loyalty Nurture
52390,14.26,Low,12.0,5,No,Fashion,Debit Card,3.0,1,130.09,Potential Loyalist,3,1,1,Standard Loyalty Nurture
55186,14.26,Low,28.0,4,No,Others,UPI,7.0,6,131.69,At Risk,2,5,1,Standard Loyalty Nurture
53370,14.25,Low,12.0,3,No,Fashion,Credit Card,4.0,1,193.85,Potential Loyalist,3,1,4,Standard Loyalty Nurture
53779,14.25,Low,11.0,5,No,Laptop & Accessory,Debit Card,5.0,3,258.87,At Risk,2,3,5,Standard Loyalty Nurture
52704,14.23,Low,0.0,4,No,Laptop & Accessory,E wallet,4.0,3,219.55,Loyal Customers,3,3,5,Standard Loyalty Nurture
51274,14.21,Low,0.0,5,No,Fashion,Debit Card,2.0,4,187.48,Loyal Customers,4,4,3,Standard Loyalty Nurture
52214,14.2,Low,33.0,5,Yes (Active Ticket),Grocery,Debit Card,2.0,2,197.48,Potential Loyalist,4,2,4,Standard Loyalty Nurture
50060,14.18,Low,4.0,5,No,Laptop & Accessory,Credit Card,2.0,2,214.05,Potential Loyalist,4,1,4,Standard Loyalty Nurture
53910,14.18,Low,4.0,5,No,Fashion,E wallet,0.0,5,208.69,Champions,5,5,4,Standard Loyalty Nurture
54405,14.18,Low,46.0,3,Yes (Active Ticket),Mobile Phone,E wallet,0.0,2,145.14,Potential Loyalist,5,2,2,Standard Loyalty Nurture
55561,14.17,Low,4.0,5,No,Fashion,Debit Card,1.0,5,153.62,Loyal Customers,4,5,2,Standard Loyalty Nurture
54269,14.16,Low,17.0,3,No,Laptop & Accessory,Credit Card,1.0,1,167.93,Potential Loyalist,4,1,3,Standard Loyalty Nurture
51137,14.15,Low,19.0,1,No,Mobile Phone,Credit Card,10.0,5,173.89,At Risk,1,5,3,Standard Loyalty Nurture
51597,14.15,Low,3.0,5,No,Fashion,E wallet,3.0,3,207.66,Loyal Customers,3,3,4,Standard Loyalty Nurture
55223,14.14,Low,2.0,4,No,Fashion,Debit Card,3.0,4,228.83,Loyal Customers,3,4,5,Standard Loyalty Nurture
55459,14.14,Low,37.0,1,Yes (Active Ticket),Fashion,Debit Card,6.0,1,251.95,Promising,2,1,5,Standard Loyalty Nurture
51866,14.13,Low,28.0,2,No,Grocery,Credit Card,0.0,1,174.46,Potential Loyalist,5,1,3,Standard Loyalty Nurture
52208,14.13,Low,20.0,4,No,Others,Debit Card,4.0,4,135.1,Loyal Customers,3,4,1,Standard Loyalty Nurture
52731,14.13,Low,14.0,4,No,Fashion,Credit Card,7.0,2,146.46,Hibernating,2,2,2,Standard Loyalty Nurture
53023,14.13,Low,12.0,4,No,Laptop & Accessory,Debit Card,14.0,3,266.04,At Risk,1,3,5,Standard Loyalty Nurture
54262,14.12,Low,21.0,4,No,Laptop & Accessory,Debit Card,2.0,3,129.4,Loyal Customers,4,3,1,Standard Loyalty Nurture
51451,14.09,Low,7.0,5,No,Grocery,Credit Card,2.0,2,188.54,Potential Loyalist,4,2,4,Standard Loyalty Nurture
50844,14.08,Low,32.0,3,No,Laptop & Accessory,Debit Card,8.0,2,234.9,Need Attention,2,2,5,Standard Loyalty Nurture
53257,14.08,Low,12.0,2,No,Laptop & Accessory,Debit Card,5.0,4,226.94,At Risk,2,4,5,Standard Loyalty Nurture
54385,14.08,Low,21.0,4,No,Mobile Phone,Debit Card,5.0,2,92.72,Hibernating,2,2,1,Standard Loyalty Nurture
54055,14.07,Low,15.0,2,No,Laptop & Accessory,Credit Card,1.0,3,161.0,Loyal Customers,4,3,2,Standard Loyalty Nurture
52260,14.06,Low,6.0,5,No,Others,COD,2.0,3,139.93,Loyal Customers,4,3,2,Standard Loyalty Nurture
54107,14.06,Low,34.0,3,Yes (Active Ticket),Mobile Phone,E wallet,4.0,1,176.66,Potential Loyalist,3,1,3,Standard Loyalty Nurture
54436,14.06,Low,3.0,4,No,Others,UPI,1.0,4,150.68,Loyal Customers,4,4,2,Standard Loyalty Nurture
53340,14.05,Low,11.0,3,No,Mobile Phone,Credit Card,1.0,3,175.25,Loyal Customers,5,3,3,Standard Loyalty Nurture
50923,14.02,Low,22.0,1,No,Mobile Phone,E wallet,1.0,7,237.19,Champions,5,5,5,Standard Loyalty Nurture
51024,14.01,Low,35.0,1,Yes (Active Ticket),Mobile Phone,UPI,1.0,2,140.37,Potential Loyalist,5,2,2,Standard Loyalty Nurture
52346,14.0,Low,11.0,1,No,Grocery,Credit Card,2.0,4,151.51,Loyal Customers,4,4,2,Standard Loyalty Nurture
54158,14.0,Low,19.0,4,Yes (Active Ticket),Grocery,Debit Card,2.0,4,164.41,Loyal Customers,4,4,3,Standard Loyalty Nurture
51949,13.98,Low,4.0,5,No,Mobile Phone,Debit Card,1.0,3,202.26,Loyal Customers,5,3,4,Standard Loyalty Nurture
53391,13.97,Low,4.0,4,No,Grocery,Debit Card,1.0,3,151.03,Loyal Customers,5,3,2,Standard Loyalty Nurture
54579,13.97,Low,38.0,3,Yes (Active Ticket),Mobile Phone,Debit Card,9.0,1,125.37,Hibernating,1,1,1,Standard Loyalty Nurture
50972,13.94,Low,28.0,3,No,Laptop & Accessory,Debit Card,4.0,2,286.46,Potential Loyalist,3,2,5,Standard Loyalty Nurture
53382,13.94,Low,6.0,5,No,Mobile Phone,COD,4.0,4,214.8,Loyal Customers,3,4,4,Standard Loyalty Nurture
52236,13.92,Low,9.0,4,No,Laptop & Accessory,Credit Card,1.0,2,163.36,Potential Loyalist,5,2,2,Standard Loyalty Nurture
52255,13.92,Low,21.0,3,Yes (Active Ticket),Laptop & Accessory,Debit Card,2.0,1,150.2,Potential Loyalist,4,1,2,Standard Loyalty Nurture
51713,13.91,Low,15.0,2,No,Mobile Phone,UPI,6.0,3,235.28,At Risk,2,3,5,Standard Loyalty Nurture
54640,13.9,Low,17.0,4,No,Mobile Phone,Debit Card,14.0,2,203.97,Need Attention,1,2,4,Standard Loyalty Nurture
54649,13.9,Low,21.0,2,No,Laptop & Accessory,Credit Card,1.0,2,181.61,Potential Loyalist,4,2,3,Standard Loyalty Nurture
53146,13.89,Low,5.0,5,No,Fashion,E wallet,3.0,3,230.75,Loyal Customers,3,3,5,Standard Loyalty Nurture
51980,13.88,Low,18.0,2,No,Fashion,Debit Card,5.0,1,251.39,Promising,2,1,5,Standard Loyalty Nurture
53915,13.88,Low,34.0,4,No,Fashion,Credit Card,0.0,2,180.76,Potential Loyalist,5,2,3,Standard Loyalty Nurture
51148,13.87,Low,11.0,4,No,Others,E wallet,7.0,2,184.84,Need Attention,2,2,3,Standard Loyalty Nurture
50524,13.84,Low,18.0,1,No,Laptop & Accessory,E wallet,5.0,3,103.68,At Risk,2,3,1,Standard Loyalty Nurture
54593,13.84,Low,7.0,5,No,Fashion,Credit Card,4.0,1,231.69,Potential Loyalist,3,1,5,Standard Loyalty Nurture
50905,13.83,Low,5.0,4,No,Mobile Phone,COD,1.0,3,273.28,Loyal Customers,5,3,5,Standard Loyalty Nurture
54476,13.82,Low,7.0,4,No,Mobile Phone,Credit Card,12.0,3,231.29,At Risk,1,3,5,Standard Loyalty Nurture
51426,13.81,Low,34.0,5,No,Mobile Phone,Credit Card,5.0,4,153.87,At Risk,2,4,2,Standard Loyalty Nurture
52468,13.81,Low,0.0,4,No,Laptop & Accessory,Debit Card,2.0,3,207.98,Loyal Customers,4,3,4,Standard Loyalty Nurture
52807,13.81,Low,14.0,5,No,Grocery,Debit Card,12.0,4,189.77,At Risk,1,4,4,Standard Loyalty Nurture
52162,13.79,Low,10.0,2,No,Grocery,Debit Card,0.0,4,154.62,Loyal Customers,5,4,2,Standard Loyalty Nurture
53070,13.78,Low,11.0,4,No,Mobile Phone,Debit Card,7.0,3,83.23,At Risk,2,3,1,Standard Loyalty Nurture
54654,13.78,Low,19.0,3,No,Grocery,E wallet,22.0,4,107.4,At Risk,1,4,1,Standard Loyalty Nurture
55089,13.78,Low,9.0,3,No,Mobile Phone,Credit Card,4.0,4,198.04,Loyal Customers,3,4,4,Standard Loyalty Nurture
50660,13.77,Low,8.0,4,No,Fashion,Debit Card,2.0,4,186.35,Loyal Customers,4,4,3,Standard Loyalty Nurture
51590,13.77,Low,13.0,4,No,Mobile Phone,Credit Card,6.0,1,227.38,Promising,2,1,5,Standard Loyalty Nurture
52110,13.77,Low,41.0,2,Yes (Active Ticket),Laptop & Accessory,Credit Card,4.0,3,181.68,Loyal Customers,3,3,3,Standard Loyalty Nurture
52695,13.77,Low,33.0,2,No,Mobile Phone,Credit Card,21.0,2,195.1,Need Attention,1,2,4,Standard Loyalty Nurture
53193,13.76,Low,31.0,5,Yes (Active Ticket),Mobile Phone,Debit Card,9.0,1,198.91,Promising,1,1,4,Standard Loyalty Nurture
51396,13.74,Low,18.0,4,No,Fashion,Credit Card,2.0,2,171.67,Potential Loyalist,4,2,3,Standard Loyalty Nurture
54094,13.73,Low,26.0,4,No,Grocery,Credit Card,4.0,1,135.8,Potential Loyalist,3,1,2,Standard Loyalty Nurture
55400,13.72,Low,20.0,4,Yes (Active Ticket),Laptop & Accessory,Debit Card,1.0,1,184.75,Potential Loyalist,4,1,3,Standard Loyalty Nurture
53840,13.71,Low,12.0,2,No,Laptop & Accessory,E wallet,5.0,3,158.03,At Risk,2,3,2,Standard Loyalty Nurture
54494,13.71,Low,16.0,1,No,Fashion,Credit Card,7.0,2,260.44,Need Attention,2,2,5,Standard Loyalty Nurture
52570,13.69,Low,26.0,4,Yes (Active Ticket),Laptop & Accessory,Credit Card,2.0,2,158.2,Potential Loyalist,4,2,2,Standard Loyalty Nurture
55260,13.69,Low,21.0,3,No,Laptop & Accessory,E wallet,4.0,1,140.21,Potential Loyalist,3,1,2,Standard Loyalty Nurture
50239,13.68,Low,10.0,4,No,Fashion,Credit Card,1.0,1,215.63,Potential Loyalist,5,1,4,Standard Loyalty Nurture
50277,13.68,Low,16.0,5,No,Mobile Phone,E wallet,2.0,5,271.76,Champions,4,5,5,Standard Loyalty Nurture
50281,13.68,Low,22.0,2,No,Fashion,UPI,0.0,2,152.18,Potential Loyalist,5,2,2,Standard Loyalty Nurture
50384,13.68,Low,21.0,1,No,Laptop & Accessory,E wallet,1.0,2,277.93,Potential Loyalist,5,2,5,Standard Loyalty Nurture
51467,13.67,Low,38.0,3,Yes (Active Ticket),Laptop & Accessory,Debit Card,1.0,5,180.96,Loyal Customers,5,5,3,Standard Loyalty Nurture
52080,13.67,Low,15.0,3,No,Laptop & Accessory,UPI,2.0,5,135.04,Loyal Customers,4,5,1,Standard Loyalty Nurture
54232,13.66,Low,8.0,4,No,Fashion,UPI,1.0,3,144.69,Loyal Customers,4,3,2,Standard Loyalty Nurture
51294,13.63,Low,12.0,3,No,Laptop & Accessory,Credit Card,1.0,1,123.49,Potential Loyalist,5,1,1,Standard Loyalty Nurture
50412,13.58,Low,30.0,3,Yes (Active Ticket),Fashion,Debit Card,0.0,3,263.31,Loyal Customers,5,3,5,Standard Loyalty Nurture
53375,13.58,Low,17.0,4,No,Mobile Phone,Debit Card,11.0,4,62.89,At Risk,1,4,1,Standard Loyalty Nurture
52088,13.57,Low,11.0,2,No,Laptop & Accessory,Debit Card,0.0,3,130.74,Loyal Customers,5,3,1,Standard Loyalty Nurture
52217,13.57,Low,18.0,5,Yes (Active Ticket),Fashion,Credit Card,1.0,1,222.11,Potential Loyalist,5,1,5,Standard Loyalty Nurture
52370,13.56,Low,13.0,2,No,Others,Debit Card,2.0,4,153.1,Loyal Customers,4,4,2,Standard Loyalty Nurture
55170,13.56,Low,15.0,3,No,Fashion,Debit Card,6.0,3,173.38,At Risk,2,4,3,Standard Loyalty Nurture
55205,13.52,Low,38.0,3,No,Fashion,Credit Card,1.0,3,103.8,Loyal Customers,4,4,1,Standard Loyalty Nurture
53275,13.5,Low,18.0,4,No,Laptop & Accessory,E wallet,6.0,3,131.64,At Risk,2,3,1,Standard Loyalty Nurture
50404,13.49,Low,18.0,2,No,Mobile Phone,Debit Card,3.0,1,114.09,Potential Loyalist,3,1,1,Standard Loyalty Nurture
54639,13.49,Low,14.0,4,No,Grocery,Credit Card,0.0,3,192.65,Loyal Customers,5,3,4,Standard Loyalty Nurture
53360,13.47,Low,11.0,3,No,Mobile Phone,Debit Card,1.0,5,127.64,Loyal Customers,5,5,1,Standard Loyalty Nurture
50945,13.46,Low,2.0,4,No,Others,Credit Card,0.0,3,205.77,Loyal Customers,5,3,4,Standard Loyalty Nurture
51187,13.46,Low,12.0,3,No,Laptop & Accessory,Debit Card,8.0,3,208.48,At Risk,2,3,4,Standard Loyalty Nurture
51474,13.46,Low,5.0,4,No,Laptop & Accessory,E wallet,4.0,3,216.88,Loyal Customers,3,3,4,Standard Loyalty Nurture
52072,13.46,Low,7.0,4,No,Fashion,Credit Card,1.0,3,154.66,Loyal Customers,5,3,2,Standard Loyalty Nurture
53723,13.46,Low,27.0,4,Yes (Active Ticket),Mobile Phone,Debit Card,5.0,1,216.74,Promising,2,1,4,Standard Loyalty Nurture
54009,13.46,Low,11.0,2,No,Mobile Phone,Credit Card,1.0,3,185.55,Loyal Customers,4,3,3,Standard Loyalty Nurture
50572,13.45,Low,15.0,5,No,Mobile Phone,Debit Card,19.0,3,206.61,At Risk,1,3,4,Standard Loyalty Nurture
53395,13.45,Low,23.0,4,No,Laptop & Accessory,E wallet,13.0,5,118.28,At Risk,1,5,1,Standard Loyalty Nurture
53889,13.44,Low,10.0,4,No,Laptop & Accessory,Credit Card,7.0,4,229.41,At Risk,2,4,5,Standard Loyalty Nurture
52193,13.43,Low,11.0,5,No,Laptop & Accessory,Credit Card,3.0,1,198.7,Potential Loyalist,3,1,4,Standard Loyalty Nurture
54880,13.43,Low,17.0,5,No,Laptop & Accessory,E wallet,18.0,3,238.19,At Risk,1,4,5,Standard Loyalty Nurture
54276,13.42,Low,9.0,4,No,Laptop & Accessory,Credit Card,3.0,4,209.05,Loyal Customers,3,4,4,Standard Loyalty Nurture
50635,13.41,Low,1.0,5,No,Fashion,Debit Card,1.0,3,243.59,Loyal Customers,5,3,5,Standard Loyalty Nurture
54580,13.41,Low,10.0,4,No,Mobile Phone,Credit Card,1.0,3,137.2,Loyal Customers,4,3,2,Standard Loyalty Nurture
54525,13.4,Low,17.0,4,No,Fashion,Credit Card,12.0,1,132.04,Hibernating,1,1,1,Standard Loyalty Nurture
50409,13.38,Low,24.0,4,No,Fashion,E wallet,11.0,1,128.05,Hibernating,1,1,1,Standard Loyalty Nurture
52206,13.38,Low,25.0,5,Yes (Active Ticket),Laptop & Accessory,Debit Card,1.0,6,185.47,Loyal Customers,5,5,3,Standard Loyalty Nurture
51989,13.37,Low,6.0,5,No,Laptop & Accessory,Credit Card,3.0,3,187.56,Loyal Customers,3,3,3,Standard Loyalty Nurture
52381,13.37,Low,17.0,3,No,Fashion,Credit Card,0.0,2,94.11,Potential Loyalist,5,2,1,Standard Loyalty Nurture
54527,13.37,Low,14.0,1,No,Mobile Phone,Debit Card,2.0,4,149.35,Loyal Customers,4,4,2,Standard Loyalty Nurture
54552,13.37,Low,0.0,5,No,Laptop & Accessory,Credit Card,1.0,3,187.04,Loyal Customers,4,3,3,Standard Loyalty Nurture
52007,13.35,Low,6.0,3,No,Fashion,Debit Card,2.0,3,247.79,Loyal Customers,4,3,5,Standard Loyalty Nurture
54727,13.35,Low,25.0,1,No,Grocery,Credit Card,8.0,2,276.16,Need Attention,1,2,5,Standard Loyalty Nurture
51853,13.34,Low,20.0,3,Yes (Active Ticket),Laptop & Accessory,Credit Card,2.0,1,186.57,Potential Loyalist,4,1,3,Standard Loyalty Nurture
54120,13.33,Low,13.0,2,No,Laptop & Accessory,Debit Card,2.0,4,211.65,Champions,4,4,4,Standard Loyalty Nurture
54574,13.33,Low,14.0,5,No,Laptop & Accessory,Debit Card,22.0,3,150.88,At Risk,1,3,2,Standard Loyalty Nurture
50264,13.32,Low,7.0,4,No,Mobile Phone,Debit Card,1.0,2,190.18,Potential Loyalist,5,2,4,Standard Loyalty Nurture
51063,13.32,Low,15.0,5,No,Fashion,Credit Card,3.0,9,184.23,Loyal Customers,3,5,3,Standard Loyalty Nurture
51729,13.3,Low,17.0,2,No,Mobile Phone,Credit Card,5.0,1,70.91,Hibernating,2,1,1,Standard Loyalty Nurture
52127,13.3,Low,10.0,3,No,Laptop & Accessory,Debit Card,4.0,5,203.45,Loyal Customers,3,5,4,Standard Loyalty Nurture
54709,13.29,Low,17.0,4,Yes (Active Ticket),Mobile Phone,E wallet,0.0,3,206.82,Champions,5,4,4,Standard Loyalty Nurture
55245,13.28,Low,13.0,4,No,Laptop & Accessory,Credit Card,8.0,4,171.22,At Risk,1,4,3,Standard Loyalty Nurture
51361,13.26,Low,24.0,1,Yes (Active Ticket),Mobile Phone,Debit Card,6.0,1,167.62,Promising,2,1,3,Standard Loyalty Nurture
55038,13.26,Low,35.0,3,No,Laptop & Accessory,Credit Card,7.0,1,165.57,Promising,2,1,3,Standard Loyalty Nurture
51457,13.25,Low,12.0,2,No,Grocery,Credit Card,3.0,2,236.31,Potential Loyalist,3,2,5,Standard Loyalty Nurture
54323,13.25,Low,11.0,3,No,Grocery,Credit Card,2.0,4,206.12,Champions,4,4,4,Standard Loyalty Nurture
50123,13.24,Low,4.0,5,No,Fashion,UPI,6.0,4,251.73,At Risk,2,4,5,Standard Loyalty Nurture
52928,13.23,Low,42.0,3,Yes (Active Ticket),Fashion,Debit Card,2.0,4,231.1,Champions,4,4,5,Standard Loyalty Nurture
50933,13.22,Low,42.0,5,No,Others,Debit Card,3.0,2,148.35,Potential Loyalist,3,2,2,Standard Loyalty Nurture
50400,13.2,Low,14.0,3,No,Fashion,Credit Card,6.0,6,214.56,At Risk,2,5,4,Standard Loyalty Nurture
50439,13.2,Low,12.0,3,No,Grocery,Credit Card,5.0,5,223.0,At Risk,2,5,5,Standard Loyalty Nurture
50649,13.2,Low,16.0,3,No,Laptop & Accessory,Debit Card,6.0,1,198.49,Promising,2,1,4,Standard Loyalty Nurture
50891,13.2,Low,13.0,3,No,Mobile Phone,COD,9.0,4,116.36,At Risk,1,4,1,Standard Loyalty Nurture
54234,13.19,Low,24.0,2,No,Fashion,Credit Card,6.0,1,175.73,Promising,2,1,3,Standard Loyalty Nurture
50966,13.16,Low,4.0,5,No,Fashion,Debit Card,0.0,3,131.43,Loyal Customers,5,3,1,Standard Loyalty Nurture
52535,13.16,Low,13.0,3,No,Laptop & Accessory,E wallet,4.0,2,284.61,Potential Loyalist,3,2,5,Standard Loyalty Nurture
53854,13.15,Low,28.0,1,No,Grocery,Debit Card,3.0,2,142.92,Potential Loyalist,3,2,2,Standard Loyalty Nurture
55423,13.15,Low,37.0,4,No,Laptop & Accessory,E wallet,21.0,3,126.98,At Risk,1,4,1,Standard Loyalty Nurture
53078,13.12,Low,1.0,4,No,Laptop & Accessory,Debit Card,2.0,3,273.17,Loyal Customers,4,3,5,Standard Loyalty Nurture
53208,13.12,Low,14.0,3,No,Fashion,Debit Card,6.0,1,166.74,Promising,2,1,3,Standard Loyalty Nurture
52032,13.11,Low,8.0,5,No,Laptop & Accessory,Debit Card,1.0,3,223.27,Loyal Customers,5,3,5,Standard Loyalty Nurture
52185,13.11,Low,11.0,4,No,Grocery,Debit Card,4.0,2,153.29,Potential Loyalist,3,2,2,Standard Loyalty Nurture
53966,13.1,Low,15.0,5,No,Others,Credit Card,4.0,7,140.97,Loyal Customers,3,5,2,Standard Loyalty Nurture
53624,13.08,Low,21.0,3,Yes (Active Ticket),Laptop & Accessory,COD,1.0,1,162.27,Potential Loyalist,4,1,2,Standard Loyalty Nurture
54403,13.08,Low,3.0,5,No,Mobile Phone,Debit Card,0.0,3,199.76,Loyal Customers,5,3,4,Standard Loyalty Nurture
50265,13.07,Low,21.0,2,No,Grocery,Credit Card,0.0,2,164.71,Potential Loyalist,5,2,3,Standard Loyalty Nurture
52341,13.06,Low,14.0,3,No,Laptop & Accessory,Credit Card,0.0,1,171.61,Potential Loyalist,5,1,3,Standard Loyalty Nurture
50070,13.04,Low,43.0,5,Yes (Active Ticket),Laptop & Accessory,COD,7.0,3,149.17,At Risk,2,3,2,Standard Loyalty Nurture
51061,13.04,Low,21.0,4,No,Laptop & Accessory,Credit Card,7.0,2,135.13,Hibernating,2,2,1,Standard Loyalty Nurture
50423,13.02,Low,1.0,4,No,Laptop & Accessory,Credit Card,4.0,6,211.98,Loyal Customers,3,5,4,Standard Loyalty Nurture
52871,13.0,Low,22.0,5,No,Fashion,E wallet,5.0,6,46.3,At Risk,2,5,1,Standard Loyalty Nurture
50513,12.99,Low,27.0,4,No,Laptop & Accessory,Credit Card,1.0,4,303.91,Champions,5,4,5,Standard Loyalty Nurture
54645,12.97,Low,12.0,3,No,Fashion,UPI,4.0,4,126.09,Loyal Customers,3,4,1,Standard Loyalty Nurture
53578,12.96,Low,7.0,4,No,Laptop & Accessory,E wallet,1.0,1,239.45,Potential Loyalist,4,1,5,Standard Loyalty Nurture
55192,12.94,Low,12.0,4,No,Mobile Phone,Debit Card,7.0,2,170.16,Need Attention,2,2,3,Standard Loyalty Nurture
50803,12.93,Low,9.0,4,No,Laptop & Accessory,Credit Card,2.0,1,159.67,Potential Loyalist,4,1,2,Standard Loyalty Nurture
54257,12.93,Low,61.0,3,No,Laptop & Accessory,UPI,8.0,1,245.29,Promising,1,1,5,Standard Loyalty Nurture
55352,12.93,Low,54.0,3,No,Fashion,UPI,13.0,2,172.31,Need Attention,1,2,3,Standard Loyalty Nurture
52917,12.92,Low,14.0,3,No,Mobile Phone,Debit Card,13.0,3,164.87,At Risk,1,3,3,Standard Loyalty Nurture
51990,12.91,Low,13.0,2,No,Mobile Phone,Debit Card,1.0,4,221.69,Champions,5,4,5,Standard Loyalty Nurture
53484,12.91,Low,25.0,5,No,Laptop & Accessory,Debit Card,0.0,4,107.33,Loyal Customers,5,4,1,Standard Loyalty Nurture
53071,12.9,Low,12.0,4,No,Fashion,Credit Card,0.0,4,122.2,Loyal Customers,5,4,1,Standard Loyalty Nurture
54769,12.9,Low,12.0,3,No,Mobile Phone,Credit Card,5.0,2,247.1,Need Attention,2,2,5,Standard Loyalty Nurture
53933,12.89,Low,10.0,4,No,Grocery,E wallet,2.0,2,164.37,Potential Loyalist,4,2,3,Standard Loyalty Nurture
54190,12.86,Low,12.0,4,No,Fashion,E wallet,6.0,4,299.45,At Risk,2,4,5,Standard Loyalty Nurture
51296,12.85,Low,2.0,5,No,Others,E wallet,2.0,3,286.27,Loyal Customers,4,3,5,Standard Loyalty Nurture
51670,12.85,Low,17.0,3,No,Laptop & Accessory,E wallet,7.0,3,158.99,At Risk,2,3,2,Standard Loyalty Nurture
52843,12.85,Low,25.0,4,No,Others,E wallet,3.0,3,131.11,Loyal Customers,3,3,1,Standard Loyalty Nurture
50032,12.84,Low,2.0,4,No,Grocery,Debit Card,1.0,3,263.48,Loyal Customers,5,3,5,Standard Loyalty Nurture
54669,12.84,Low,11.0,5,No,Mobile Phone,UPI,3.0,1,193.37,Potential Loyalist,3,1,4,Standard Loyalty Nurture
52244,12.82,Low,54.0,1,No,Laptop & Accessory,Credit Card,3.0,1,78.87,Potential Loyalist,3,1,1,Standard Loyalty Nurture
53017,12.82,Low,13.0,2,No,Fashion,E wallet,8.0,4,153.49,At Risk,2,4,2,Standard Loyalty Nurture
53503,12.82,Low,59.0,3,No,Fashion,Debit Card,7.0,1,189.86,Promising,2,1,4,Standard Loyalty Nurture
53421,12.81,Low,14.0,5,No,Mobile Phone,Credit Card,2.0,6,223.46,Champions,4,5,5,Standard Loyalty Nurture
54886,12.81,Low,22.0,3,No,Laptop & Accessory,COD,8.0,1,200.55,Promising,1,1,4,Standard Loyalty Nurture
53138,12.78,Low,13.0,4,No,Mobile Phone,E wallet,20.0,4,158.86,At Risk,1,4,2,Standard Loyalty Nurture
51316,12.77,Low,10.0,4,No,Fashion,UPI,0.0,1,176.85,Potential Loyalist,5,1,3,Standard Loyalty Nurture
53807,12.77,Low,6.0,5,No,Fashion,Debit Card,2.0,2,216.54,Potential Loyalist,4,2,4,Standard Loyalty Nurture
53928,12.77,Low,11.0,2,No,Laptop & Accessory,COD,3.0,3,178.31,Loyal Customers,3,3,3,Standard Loyalty Nurture
50752,12.76,Low,28.0,3,No,Laptop & Accessory,Credit Card,6.0,2,159.99,Hibernating,2,2,2,Standard Loyalty Nurture
51651,12.76,Low,0.0,5,No,Mobile Phone,E wallet,2.0,3,311.11,Loyal Customers,4,3,5,Standard Loyalty Nurture
52351,12.76,Low,10.0,5,No,Fashion,COD,4.0,1,206.6,Potential Loyalist,3,1,4,Standard Loyalty Nurture
53229,12.76,Low,1.0,4,No,Mobile Phone,Credit Card,3.0,1,205.13,Potential Loyalist,3,1,4,Standard Loyalty Nurture
55045,12.76,Low,10.0,3,No,Grocery,Credit Card,4.0,5,153.0,Loyal Customers,3,5,2,Standard Loyalty Nurture
50753,12.73,Low,10.0,5,No,Grocery,COD,2.0,2,208.88,Potential Loyalist,4,2,4,Standard Loyalty Nurture
50821,12.73,Low,16.0,2,No,Mobile Phone,Credit Card,3.0,5,98.56,Loyal Customers,3,5,1,Standard Loyalty Nurture
51885,12.73,Low,2.0,4,No,Mobile Phone,Debit Card,1.0,2,254.14,Potential Loyalist,5,2,5,Standard Loyalty Nurture
52861,12.73,Low,20.0,3,No,Mobile Phone,Debit Card,6.0,2,158.52,Hibernating,2,2,2,Standard Loyalty Nurture
52094,12.72,Low,7.0,5,No,Grocery,Credit Card,9.0,1,245.17,Promising,1,1,5,Standard Loyalty Nurture
50757,12.71,Low,10.0,3,No,Mobile Phone,E wallet,1.0,4,152.18,Loyal Customers,5,4,2,Standard Loyalty Nurture
52097,12.68,Low,9.0,5,No,Mobile Phone,UPI,1.0,1,175.34,Potential Loyalist,5,1,3,Standard Loyalty Nurture
51876,12.67,Low,8.0,4,No,Laptop & Accessory,E wallet,2.0,3,218.86,Loyal Customers,4,3,5,Standard Loyalty Nurture
51923,12.67,Low,10.0,3,No,Fashion,COD,2.0,3,182.95,Loyal Customers,4,3,3,Standard Loyalty Nurture
51152,12.65,Low,18.0,4,No,Fashion,E wallet,6.0,3,186.09,At Risk,2,3,3,Standard Loyalty Nurture
51963,12.65,Low,18.0,4,No,Grocery,Debit Card,12.0,3,49.17,At Risk,1,3,1,Standard Loyalty Nurture
53476,12.65,Low,16.0,4,No,Laptop & Accessory,Debit Card,21.0,5,169.85,At Risk,1,5,3,Standard Loyalty Nurture
55025,12.65,Low,27.0,3,No,Mobile Phone,Credit Card,10.0,2,60.24,Hibernating,1,2,1,Standard Loyalty Nurture
50502,12.63,Low,8.0,4,No,Laptop & Accessory,Credit Card,11.0,4,230.12,At Risk,1,4,5,Standard Loyalty Nurture
51807,12.63,Low,11.0,2,No,Fashion,Credit Card,4.0,4,139.4,Loyal Customers,3,4,2,Standard Loyalty Nurture
51859,12.62,Low,18.0,3,No,Fashion,Credit Card,0.0,2,143.26,Potential Loyalist,5,2,2,Standard Loyalty Nurture
55166,12.62,Low,42.0,3,Yes (Active Ticket),Mobile Phone,COD,1.0,2,249.89,Potential Loyalist,4,2,5,Standard Loyalty Nurture
51613,12.6,Low,8.0,4,No,Laptop & Accessory,E wallet,2.0,1,202.08,Potential Loyalist,4,1,4,Standard Loyalty Nurture
50941,12.58,Low,3.0,5,No,Mobile Phone,Credit Card,0.0,3,149.23,Loyal Customers,5,3,2,Standard Loyalty Nurture
54125,12.57,Low,16.0,3,No,Fashion,Debit Card,9.0,3,228.71,At Risk,1,3,5,Standard Loyalty Nurture
54956,12.57,Low,14.0,3,No,Laptop & Accessory,E wallet,1.0,4,179.25,Loyal Customers,4,4,3,Standard Loyalty Nurture
51967,12.56,Low,2.0,4,No,Laptop & Accessory,E wallet,0.0,1,247.78,Potential Loyalist,5,1,5,Standard Loyalty Nurture
50648,12.53,Low,11.0,5,No,Mobile Phone,Debit Card,7.0,3,134.77,At Risk,2,3,1,Standard Loyalty Nurture
51757,12.53,Low,32.0,3,Yes (Active Ticket),Fashion,UPI,6.0,4,137.76,At Risk,2,4,2,Standard Loyalty Nurture
54673,12.51,Low,13.0,5,No,Mobile Phone,Debit Card,3.0,1,147.89,Potential Loyalist,3,1,2,Standard Loyalty Nurture
51307,12.49,Low,13.0,2,No,Laptop & Accessory,COD,4.0,3,168.93,Loyal Customers,3,3,3,Standard Loyalty Nurture
53849,12.49,Low,13.0,4,No,Laptop & Accessory,E wallet,9.0,2,190.35,Need Attention,1,2,4,Standard Loyalty Nurture
52186,12.48,Low,28.0,3,No,Laptop & Accessory,Debit Card,7.0,7,228.8,At Risk,2,5,5,Standard Loyalty Nurture
53136,12.47,Low,10.0,4,No,Mobile Phone,Debit Card,2.0,1,218.59,Potential Loyalist,4,1,5,Standard Loyalty Nurture
50316,12.42,Low,12.0,3,No,Laptop & Accessory,Debit Card,9.0,4,251.4,At Risk,1,4,5,Standard Loyalty Nurture
50122,12.41,Low,23.0,3,No,Mobile Phone,Credit Card,8.0,3,151.41,At Risk,2,3,2,Standard Loyalty Nurture
50552,12.41,Low,19.0,4,No,Laptop & Accessory,Debit Card,5.0,1,106.98,Hibernating,2,1,1,Standard Loyalty Nurture
50465,12.4,Low,33.0,2,No,Fashion,Debit Card,6.0,7,167.45,At Risk,2,5,3,Standard Loyalty Nurture
55608,12.4,Low,22.0,4,Yes (Active Ticket),Laptop & Accessory,Credit Card,1.0,4,183.39,Loyal Customers,4,5,3,Standard Loyalty Nurture
52231,12.38,Low,14.0,3,No,Mobile Phone,UPI,0.0,1,224.64,Potential Loyalist,5,1,5,Standard Loyalty Nurture
52554,12.38,Low,30.0,3,No,Laptop & Accessory,Credit Card,8.0,5,130.23,At Risk,2,5,1,Standard Loyalty Nurture
54128,12.38,Low,29.0,3,Yes (Active Ticket),Grocery,UPI,1.0,2,157.61,Potential Loyalist,4,2,2,Standard Loyalty Nurture
52784,12.36,Low,16.0,1,No,Fashion,Credit Card,1.0,4,204.66,Champions,5,4,4,Standard Loyalty Nurture
54290,12.36,Low,16.0,3,No,Grocery,E wallet,0.0,3,107.09,Loyal Customers,5,3,1,Standard Loyalty Nurture
55119,12.36,Low,14.0,5,No,Fashion,Debit Card,4.0,2,125.8,Potential Loyalist,3,2,1,Standard Loyalty Nurture
54451,12.35,Low,5.0,4,No,Mobile Phone,Debit Card,4.0,4,303.37,Loyal Customers,3,4,5,Standard Loyalty Nurture
55020,12.33,Low,20.0,5,No,Laptop & Accessory,Credit Card,11.0,5,179.36,At Risk,1,5,3,Standard Loyalty Nurture
51481,12.32,Low,17.0,2,No,Others,Debit Card,1.0,3,136.48,Loyal Customers,5,3,2,Standard Loyalty Nurture
54847,12.31,Low,30.0,4,No,Mobile Phone,Credit Card,9.0,4,112.48,At Risk,1,4,1,Standard Loyalty Nurture
50135,12.28,Low,29.0,1,No,Grocery,UPI,1.0,2,178.18,Potential Loyalist,5,1,3,Standard Loyalty Nurture
53159,12.27,Low,17.0,1,No,Mobile Phone,Debit Card,3.0,3,108.17,Loyal Customers,3,3,1,Standard Loyalty Nurture
55298,12.26,Low,9.0,4,No,Mobile Phone,Debit Card,1.0,4,186.68,Loyal Customers,4,4,3,Standard Loyalty Nurture
54929,12.24,Low,14.0,1,No,Mobile Phone,Debit Card,6.0,3,144.63,At Risk,2,4,2,Standard Loyalty Nurture
51174,12.2,Low,3.0,5,No,Grocery,Debit Card,2.0,2,242.86,Potential Loyalist,4,2,5,Standard Loyalty Nurture
51344,12.2,Low,13.0,1,No,Mobile Phone,Debit Card,7.0,3,223.62,At Risk,2,3,5,Standard Loyalty Nurture
53055,12.2,Low,11.0,5,No,Fashion,Debit Card,1.0,4,166.58,Loyal Customers,5,4,3,Standard Loyalty Nurture
51736,12.19,Low,22.0,1,No,Grocery,Debit Card,4.0,3,79.75,Loyal Customers,3,3,1,Standard Loyalty Nurture
51241,12.18,Low,20.0,3,No,Laptop & Accessory,Debit Card,2.0,3,169.65,Loyal Customers,4,3,3,Standard Loyalty Nurture
53710,12.17,Low,33.0,5,No,Fashion,Credit Card,8.0,1,183.22,Promising,1,1,3,Standard Loyalty Nurture
54287,12.15,Low,21.0,4,No,Fashion,Credit Card,13.0,1,281.28,Promising,1,1,5,Standard Loyalty Nurture
50848,12.12,Low,58.0,3,No,Laptop & Accessory,Debit Card,1.0,1,143.3,Potential Loyalist,5,1,2,Standard Loyalty Nurture
51239,12.12,Low,34.0,3,No,Fashion,UPI,11.0,1,160.92,Hibernating,1,1,2,Standard Loyalty Nurture
51611,12.12,Low,21.0,1,No,Others,Credit Card,10.0,5,208.96,At Risk,1,5,4,Standard Loyalty Nurture
54851,12.11,Low,40.0,4,No,Others,Debit Card,2.0,5,140.86,Loyal Customers,4,5,2,Standard Loyalty Nurture
50116,12.09,Low,21.0,5,No,Others,UPI,14.0,3,144.28,At Risk,1,3,2,Standard Loyalty Nurture
51576,12.09,Low,1.0,5,No,Fashion,COD,0.0,3,237.01,Loyal Customers,5,3,5,Standard Loyalty Nurture
50077,12.08,Low,15.0,3,No,Mobile Phone,UPI,0.0,3,137.81,Loyal Customers,5,3,2,Standard Loyalty Nurture
52432,12.08,Low,18.0,5,No,Mobile Phone,Credit Card,5.0,3,98.2,At Risk,2,3,1,Standard Loyalty Nurture
54890,12.08,Low,12.0,4,No,Fashion,E wallet,2.0,2,135.47,Potential Loyalist,4,2,2,Standard Loyalty Nurture
52521,12.07,Low,12.0,5,No,Fashion,E wallet,0.0,2,147.79,Potential Loyalist,5,2,2,Standard Loyalty Nurture
53982,12.06,Low,16.0,4,No,Fashion,E wallet,0.0,1,141.01,Potential Loyalist,5,1,2,Standard Loyalty Nurture
50597,12.05,Low,11.0,5,No,Fashion,Debit Card,10.0,3,254.03,At Risk,1,3,5,Standard Loyalty Nurture
51567,12.05,Low,11.0,3,No,Fashion,E wallet,1.0,3,150.09,Loyal Customers,5,3,2,Standard Loyalty Nurture
53986,12.05,Low,27.0,2,No,Laptop & Accessory,Debit Card,2.0,3,197.19,Loyal Customers,4,3,4,Standard Loyalty Nurture
51772,12.04,Low,15.0,2,No,Fashion,Debit Card,5.0,1,124.17,Hibernating,2,1,1,Standard Loyalty Nurture
50706,12.03,Low,46.0,5,No,Others,Debit Card,13.0,2,176.29,Need Attention,1,2,3,Standard Loyalty Nurture
51585,12.02,Low,44.0,4,No,Mobile Phone,Debit Card,11.0,2,183.97,Need Attention,1,2,3,Standard Loyalty Nurture
53297,12.02,Low,10.0,5,No,Mobile Phone,Credit Card,4.0,2,230.5,Potential Loyalist,3,2,5,Standard Loyalty Nurture
55281,12.02,Low,44.0,3,No,Mobile Phone,E wallet,1.0,1,169.46,Potential Loyalist,4,1,3,Standard Loyalty Nurture
51571,12.01,Low,9.0,5,No,Mobile Phone,Debit Card,2.0,2,251.62,Potential Loyalist,4,2,5,Standard Loyalty Nurture
53432,12.01,Low,47.0,1,No,Laptop & Accessory,Credit Card,3.0,2,147.34,Potential Loyalist,3,2,2,Standard Loyalty Nurture
55046,11.98,Low,9.0,4,No,Fashion,Credit Card,1.0,4,153.31,Loyal Customers,4,4,2,Standard Loyalty Nurture
51021,11.97,Low,12.0,3,No,Laptop & Accessory,E wallet,2.0,2,192.47,Potential Loyalist,4,2,4,Standard Loyalty Nurture
52245,11.97,Low,19.0,5,No,Grocery,UPI,2.0,4,72.18,Loyal Customers,4,4,1,Standard Loyalty Nurture
50582,11.96,Low,39.0,5,Yes (Active Ticket),Grocery,E wallet,3.0,3,206.73,Loyal Customers,3,3,4,Standard Loyalty Nurture
55335,11.96,Low,34.0,4,Yes (Active Ticket),Fashion,Debit Card,1.0,4,220.85,Champions,4,4,5,Standard Loyalty Nurture
50877,11.95,Low,13.0,5,No,Mobile Phone,Debit Card,8.0,3,159.94,At Risk,2,3,2,Standard Loyalty Nurture
53628,11.95,Low,20.0,1,No,Others,Credit Card,2.0,2,194.56,Potential Loyalist,4,2,4,Standard Loyalty Nurture
54551,11.93,Low,27.0,5,No,Grocery,E wallet,15.0,6,192.19,At Risk,1,5,4,Standard Loyalty Nurture
51592,11.91,Low,47.0,2,Yes (Active Ticket),Laptop & Accessory,Credit Card,1.0,4,173.04,Loyal Customers,5,4,3,Standard Loyalty Nurture
51956,11.9,Low,27.0,3,No,Laptop & Accessory,E wallet,5.0,2,221.61,Need Attention,2,2,5,Standard Loyalty Nurture
52347,11.9,Low,11.0,3,No,Mobile Phone,Credit Card,2.0,4,153.96,Loyal Customers,4,4,2,Standard Loyalty Nurture
52501,11.9,Low,18.0,1,No,Grocery,Debit Card,7.0,5,171.22,At Risk,2,5,3,Standard Loyalty Nurture
53244,11.9,Low,12.0,2,No,Fashion,Debit Card,5.0,4,71.29,At Risk,2,4,1,Standard Loyalty Nurture
53584,11.9,Low,20.0,3,No,Fashion,Debit Card,13.0,2,146.35,Hibernating,1,2,2,Standard Loyalty Nurture
50279,11.89,Low,12.0,3,No,Laptop & Accessory,Debit Card,3.0,1,186.6,Potential Loyalist,3,1,3,Standard Loyalty Nurture
50842,11.89,Low,11.0,5,No,Mobile Phone,Debit Card,10.0,8,223.4,At Risk,1,5,5,Standard Loyalty Nurture
53907,11.89,Low,7.0,4,No,Grocery,Debit Card,2.0,3,136.53,Loyal Customers,4,3,2,Standard Loyalty Nurture
54753,11.89,Low,11.0,1,No,Others,Debit Card,3.0,3,178.94,Loyal Customers,3,4,3,Standard Loyalty Nurture
55130,11.89,Low,19.0,3,No,Mobile Phone,Credit Card,0.0,6,213.64,Champions,5,5,4,Standard Loyalty Nurture
51367,11.88,Low,13.0,4,No,Mobile Phone,Debit Card,7.0,3,104.46,At Risk,2,3,1,Standard Loyalty Nurture
53898,11.88,Low,18.0,3,No,Fashion,E wallet,8.0,4,266.43,At Risk,1,4,5,Standard Loyalty Nurture
50681,11.87,Low,17.0,3,No,Mobile Phone,E wallet,1.0,6,133.86,Loyal Customers,5,5,1,Standard Loyalty Nurture
51348,11.85,Low,5.0,5,No,Fashion,Credit Card,2.0,1,178.07,Potential Loyalist,4,1,3,Standard Loyalty Nurture
54434,11.85,Low,26.0,4,No,Mobile Phone,Debit Card,6.0,3,185.16,At Risk,2,3,3,Standard Loyalty Nurture
55135,11.85,Low,33.0,5,No,Laptop & Accessory,E wallet,4.0,6,61.85,Loyal Customers,3,5,1,Standard Loyalty Nurture
53086,11.83,Low,11.0,5,No,Grocery,Debit Card,8.0,3,123.48,At Risk,1,3,1,Standard Loyalty Nurture
55158,11.83,Low,14.0,5,No,Laptop & Accessory,Credit Card,13.0,5,168.13,At Risk,1,5,3,Standard Loyalty Nurture
55626,11.83,Low,19.0,5,No,Mobile Phone,UPI,1.0,4,112.42,Loyal Customers,4,5,1,Standard Loyalty Nurture
52837,11.82,Low,50.0,2,No,Grocery,Credit Card,10.0,5,179.43,At Risk,1,5,3,Standard Loyalty Nurture
53837,11.82,Low,27.0,5,No,Others,Credit Card,16.0,6,130.21,At Risk,1,5,1,Standard Loyalty Nurture
54031,11.82,Low,11.0,3,No,Laptop & Accessory,Debit Card,0.0,2,157.77,Potential Loyalist,5,2,2,Standard Loyalty Nurture
50864,11.8,Low,6.0,2,No,Laptop & Accessory,Credit Card,1.0,3,241.25,Loyal Customers,5,3,5,Standard Loyalty Nurture
55144,11.8,Low,15.0,5,No,Laptop & Accessory,Debit Card,2.0,2,123.47,Potential Loyalist,4,2,1,Standard Loyalty Nurture
51030,11.79,Low,18.0,1,No,Mobile Phone,Debit Card,0.0,3,185.27,Loyal Customers,5,3,3,Standard Loyalty Nurture
53874,11.78,Low,18.0,1,No,Laptop & Accessory,Debit Card,2.0,6,194.82,Champions,4,5,4,Standard Loyalty Nurture
52486,11.77,Low,40.0,3,No,Fashion,Debit Card,5.0,2,131.27,Hibernating,2,2,1,Standard Loyalty Nurture
50208,11.76,Low,11.0,3,No,Fashion,Credit Card,4.0,3,150.99,Loyal Customers,3,3,2,Standard Loyalty Nurture
50712,11.76,Low,9.0,4,No,Fashion,Debit Card,1.0,5,271.19,Champions,5,5,5,Standard Loyalty Nurture
50883,11.75,Low,0.0,5,No,Others,UPI,2.0,1,202.78,Potential Loyalist,4,1,4,Standard Loyalty Nurture
54495,11.75,Low,13.0,3,No,Laptop & Accessory,Debit Card,3.0,4,191.05,Loyal Customers,3,4,4,Standard Loyalty Nurture
54685,11.75,Low,15.0,3,No,Fashion,Credit Card,8.0,3,186.16,At Risk,1,4,3,Standard Loyalty Nurture
50224,11.74,Low,5.0,4,No,Fashion,Debit Card,6.0,3,264.85,At Risk,2,3,5,Standard Loyalty Nurture
51816,11.74,Low,34.0,3,No,Grocery,Credit Card,8.0,4,224.06,At Risk,2,4,5,Standard Loyalty Nurture
51945,11.74,Low,16.0,3,No,Grocery,Debit Card,1.0,2,164.42,Potential Loyalist,5,2,3,Standard Loyalty Nurture
52951,11.74,Low,18.0,3,No,Laptop & Accessory,Credit Card,8.0,2,74.82,Hibernating,2,2,1,Standard Loyalty Nurture
53861,11.73,Low,17.0,5,No,Laptop & Accessory,Credit Card,6.0,1,137.47,Hibernating,2,1,2,Standard Loyalty Nurture
53393,11.72,Low,22.0,1,No,Mobile Phone,E wallet,4.0,5,95.06,Loyal Customers,3,5,1,Standard Loyalty Nurture
54474,11.72,Low,4.0,4,No,Grocery,Debit Card,1.0,2,267.75,Potential Loyalist,4,2,5,Standard Loyalty Nurture
52169,11.71,Low,11.0,4,No,Laptop & Accessory,COD,2.0,2,149.27,Potential Loyalist,4,2,2,Standard Loyalty Nurture
53357,11.69,Low,12.0,4,No,Laptop & Accessory,E wallet,5.0,2,112.4,Hibernating,2,2,1,Standard Loyalty Nurture
53839,11.67,Low,27.0,5,Yes (Active Ticket),Fashion,Credit Card,1.0,2,238.76,Potential Loyalist,4,2,5,Standard Loyalty Nurture
53673,11.66,Low,13.0,3,No,Fashion,E wallet,0.0,5,251.43,Champions,5,5,5,Standard Loyalty Nurture
52455,11.65,Low,9.0,5,No,Grocery,Credit Card,4.0,3,242.56,Loyal Customers,3,3,5,Standard Loyalty Nurture
50799,11.63,Low,12.0,5,No,Others,Debit Card,4.0,2,201.14,Potential Loyalist,3,2,4,Standard Loyalty Nurture
53629,11.63,Low,16.0,3,No,Grocery,Debit Card,2.0,3,165.04,Loyal Customers,4,3,3,Standard Loyalty Nurture
51719,11.62,Low,41.0,3,Yes (Active Ticket),Fashion,Debit Card,12.0,4,103.72,At Risk,1,4,1,Standard Loyalty Nurture
52822,11.62,Low,3.0,4,No,Mobile Phone,Credit Card,0.0,3,211.64,Loyal Customers,5,3,4,Standard Loyalty Nurture
53204,11.61,Low,20.0,5,Yes (Active Ticket),Fashion,Debit Card,1.0,4,276.63,Champions,5,4,5,Standard Loyalty Nurture
54465,11.61,Low,11.0,5,No,Laptop & Accessory,Credit Card,3.0,2,175.62,Potential Loyalist,3,2,3,Standard Loyalty Nurture
54057,11.6,Low,17.0,3,No,Fashion,Debit Card,7.0,1,160.14,Hibernating,2,1,2,Standard Loyalty Nurture
54878,11.59,Low,12.0,3,No,Fashion,Debit Card,3.0,4,266.4,Loyal Customers,3,4,5,Standard Loyalty Nurture
52462,11.58,Low,21.0,3,No,Grocery,Debit Card,1.0,2,122.54,Potential Loyalist,5,2,1,Standard Loyalty Nurture
52944,11.56,Low,13.0,4,No,Fashion,Credit Card,1.0,1,168.47,Potential Loyalist,5,1,3,Standard Loyalty Nurture
52322,11.54,Low,13.0,4,No,Mobile Phone,Debit Card,10.0,9,134.58,At Risk,1,5,1,Standard Loyalty Nurture
53265,11.54,Low,16.0,4,No,Laptop & Accessory,Debit Card,8.0,2,164.18,Need Attention,1,2,3,Standard Loyalty Nurture
50523,11.48,Low,35.0,3,Yes (Active Ticket),Laptop & Accessory,Debit Card,2.0,2,264.02,Potential Loyalist,4,2,5,Standard Loyalty Nurture
54816,11.48,Low,27.0,2,Yes (Active Ticket),Mobile Phone,Debit Card,1.0,3,199.12,Champions,4,4,4,Standard Loyalty Nurture
55237,11.48,Low,12.0,3,No,Others,UPI,0.0,3,136.82,Loyal Customers,5,4,2,Standard Loyalty Nurture
50037,11.46,Low,4.0,4,No,Mobile Phone,Debit Card,5.0,3,254.33,Loyal Customers,3,3,5,Standard Loyalty Nurture
53327,11.46,Low,16.0,2,No,Mobile Phone,E wallet,1.0,2,199.03,Potential Loyalist,5,2,4,Standard Loyalty Nurture
51839,11.42,Low,26.0,3,Yes (Active Ticket),Laptop & Accessory,Credit Card,0.0,4,171.52,Loyal Customers,5,4,3,Standard Loyalty Nurture
52556,11.42,Low,31.0,2,No,Fashion,UPI,10.0,4,170.49,At Risk,1,4,3,Standard Loyalty Nurture
50527,11.41,Low,5.0,5,No,Fashion,Credit Card,2.0,4,181.16,Loyal Customers,4,4,3,Standard Loyalty Nurture
52577,11.41,Low,39.0,3,Yes (Active Ticket),Laptop & Accessory,Credit Card,0.0,4,234.03,Champions,5,4,5,Standard Loyalty Nurture
54996,11.4,Low,23.0,2,No,Mobile Phone,Debit Card,1.0,2,135.95,Potential Loyalist,4,2,2,Standard Loyalty Nurture
50869,11.39,Low,20.0,5,No,Laptop & Accessory,COD,13.0,1,116.32,Hibernating,1,1,1,Standard Loyalty Nurture
55413,11.38,Low,13.0,5,No,Mobile Phone,UPI,6.0,3,165.17,At Risk,2,4,3,Standard Loyalty Nurture
53683,11.35,Low,15.0,2,No,Fashion,UPI,2.0,4,164.73,Loyal Customers,4,4,3,Standard Loyalty Nurture
53846,11.35,Low,11.0,3,No,Fashion,UPI,2.0,6,175.57,Loyal Customers,4,5,3,Standard Loyalty Nurture
51449,11.33,Low,29.0,2,Yes (Active Ticket),Others,Credit Card,4.0,2,247.53,Potential Loyalist,3,2,5,Standard Loyalty Nurture
51737,11.33,Low,6.0,5,No,Fashion,UPI,2.0,3,246.77,Loyal Customers,4,3,5,Standard Loyalty Nurture
52516,11.33,Low,26.0,3,No,Others,Credit Card,9.0,3,198.7,At Risk,1,3,4,Standard Loyalty Nurture
53501,11.33,Low,3.0,5,No,Laptop & Accessory,Debit Card,2.0,3,201.8,Loyal Customers,4,3,4,Standard Loyalty Nurture
51190,11.32,Low,12.0,4,No,Fashion,Credit Card,1.0,1,114.9,Potential Loyalist,5,1,1,Standard Loyalty Nurture
53080,11.32,Low,29.0,3,Yes (Active Ticket),Laptop & Accessory,E wallet,4.0,4,261.39,Loyal Customers,3,4,5,Standard Loyalty Nurture
53249,11.28,Low,20.0,4,No,Fashion,Credit Card,10.0,6,146.79,At Risk,1,5,2,Standard Loyalty Nurture
51547,11.27,Low,16.0,2,No,Laptop & Accessory,UPI,2.0,4,146.01,Loyal Customers,4,4,2,Standard Loyalty Nurture
55607,11.27,Low,20.0,1,No,Mobile Phone,E wallet,0.0,5,93.05,Loyal Customers,5,5,1,Standard Loyalty Nurture
52719,11.25,Low,19.0,4,No,Laptop & Accessory,Credit Card,6.0,5,166.25,At Risk,2,5,3,Standard Loyalty Nurture
51356,11.24,Low,21.0,2,No,Laptop & Accessory,E wallet,0.0,1,155.47,Potential Loyalist,5,1,2,Standard Loyalty Nurture
52523,11.24,Low,4.0,4,No,Fashion,UPI,3.0,3,235.11,Loyal Customers,3,3,5,Standard Loyalty Nurture
52842,11.24,Low,14.0,3,No,Fashion,COD,1.0,2,219.83,Potential Loyalist,5,2,5,Standard Loyalty Nurture
51025,11.23,Low,29.0,3,No,Laptop & Accessory,Debit Card,2.0,5,230.46,Champions,4,5,5,Standard Loyalty Nurture
53901,11.23,Low,6.0,4,No,Laptop & Accessory,Credit Card,0.0,2,249.08,Potential Loyalist,5,2,5,Standard Loyalty Nurture
54888,11.23,Low,12.0,4,No,Laptop & Accessory,Credit Card,10.0,2,195.35,Need Attention,1,2,4,Standard Loyalty Nurture
53704,11.21,Low,19.0,2,No,Fashion,Debit Card,9.0,3,119.84,At Risk,1,3,1,Standard Loyalty Nurture
50338,11.2,Low,12.0,3,No,Fashion,Debit Card,3.0,2,114.85,Potential Loyalist,3,2,1,Standard Loyalty Nurture
55376,11.18,Low,16.0,4,No,Mobile Phone,E wallet,12.0,1,156.67,Hibernating,1,1,2,Standard Loyalty Nurture
50833,11.16,Low,2.0,5,No,Laptop & Accessory,Debit Card,3.0,2,250.6,Potential Loyalist,3,2,5,Standard Loyalty Nurture
53063,11.15,Low,9.0,5,No,Mobile Phone,UPI,0.0,2,219.55,Potential Loyalist,5,2,5,Standard Loyalty Nurture
50952,11.14,Low,11.0,3,No,Laptop & Accessory,UPI,3.0,3,173.28,Loyal Customers,3,3,3,Standard Loyalty Nurture
54819,11.12,Low,22.0,5,No,Laptop & Accessory,COD,0.0,4,98.65,Loyal Customers,5,4,1,Standard Loyalty Nurture
50878,11.11,Low,11.0,5,No,Others,Debit Card,2.0,3,128.05,Loyal Customers,4,3,1,Standard Loyalty Nurture
52914,11.11,Low,34.0,5,No,Laptop & Accessory,Credit Card,12.0,6,181.13,At Risk,1,5,3,Standard Loyalty Nurture
53102,11.11,Low,14.0,4,No,Fashion,Debit Card,9.0,3,44.73,At Risk,1,3,1,Standard Loyalty Nurture
51518,11.07,Low,23.0,5,No,Fashion,E wallet,12.0,2,99.91,Hibernating,1,2,1,Standard Loyalty Nurture
53376,11.07,Low,15.0,1,No,Grocery,Credit Card,2.0,3,156.2,Loyal Customers,4,3,2,Standard Loyalty Nurture
52099,11.03,Low,16.0,3,No,Mobile Phone,Credit Card,4.0,6,80.58,Loyal Customers,3,5,1,Standard Loyalty Nurture
51884,11.02,Low,14.0,5,No,Fashion,UPI,1.0,2,99.47,Potential Loyalist,5,2,1,Standard Loyalty Nurture
52188,11.02,Low,15.0,3,No,Others,Debit Card,12.0,3,200.68,At Risk,1,3,4,Standard Loyalty Nurture
52718,11.02,Low,37.0,3,No,Fashion,Debit Card,12.0,3,124.11,At Risk,1,3,1,Standard Loyalty Nurture
52739,10.98,Low,33.0,4,No,Laptop & Accessory,Debit Card,18.0,3,243.29,At Risk,1,3,5,Standard Loyalty Nurture
50246,10.96,Low,26.0,5,No,Laptop & Accessory,E wallet,0.0,4,318.08,Champions,5,4,5,Standard Loyalty Nurture
51496,10.96,Low,11.0,5,No,Laptop & Accessory,Credit Card,0.0,2,157.56,Potential Loyalist,5,2,2,Standard Loyalty Nurture
51553,10.96,Low,17.0,5,No,Mobile Phone,COD,2.0,6,182.8,Loyal Customers,4,5,3,Standard Loyalty Nurture
51889,10.96,Low,13.0,3,No,Grocery,Debit Card,3.0,2,177.65,Potential Loyalist,3,2,3,Standard Loyalty Nurture
51718,10.94,Low,12.0,4,No,Fashion,Credit Card,1.0,1,144.44,Potential Loyalist,5,1,2,Standard Loyalty Nurture
53971,10.94,Low,36.0,4,No,Laptop & Accessory,Debit Card,4.0,3,96.42,Loyal Customers,3,3,1,Standard Loyalty Nurture
50775,10.93,Low,16.0,4,No,Fashion,E wallet,2.0,5,174.64,Loyal Customers,4,5,3,Standard Loyalty Nurture
54788,10.93,Low,24.0,2,No,Grocery,Debit Card,4.0,7,246.0,Loyal Customers,3,5,5,Standard Loyalty Nurture
55624,10.93,Low,14.0,2,No,Laptop & Accessory,Credit Card,5.0,4,155.61,At Risk,2,5,2,Standard Loyalty Nurture
55125,10.92,Low,24.0,2,No,Others,Debit Card,2.0,5,173.95,Loyal Customers,4,5,3,Standard Loyalty Nurture
55196,10.92,Low,16.0,3,No,Mobile Phone,Credit Card,0.0,4,126.23,Loyal Customers,5,4,1,Standard Loyalty Nurture
55428,10.92,Low,3.0,5,No,Others,Debit Card,3.0,2,275.2,Loyal Customers,3,3,5,Standard Loyalty Nurture
52201,10.91,Low,38.0,5,No,Laptop & Accessory,E wallet,15.0,1,225.07,Promising,1,1,5,Standard Loyalty Nurture
51349,10.9,Low,44.0,3,No,Fashion,UPI,13.0,2,153.04,Hibernating,1,2,2,Standard Loyalty Nurture
52806,10.89,Low,38.0,3,Yes (Active Ticket),Grocery,UPI,0.0,1,234.62,Potential Loyalist,5,1,5,Standard Loyalty Nurture
54955,10.87,Low,6.0,5,No,Fashion,Debit Card,2.0,4,155.87,Loyal Customers,4,4,2,Standard Loyalty Nurture
50428,10.86,Low,22.0,2,No,Fashion,Debit Card,1.0,2,186.32,Potential Loyalist,5,2,3,Standard Loyalty Nurture
53147,10.86,Low,23.0,1,No,Laptop & Accessory,E wallet,2.0,6,204.16,Champions,4,5,4,Standard Loyalty Nurture
54189,10.83,Low,12.0,5,No,Laptop & Accessory,E wallet,8.0,2,206.21,Need Attention,1,2,4,Standard Loyalty Nurture
55182,10.83,Low,18.0,4,No,Laptop & Accessory,Credit Card,0.0,1,192.53,Potential Loyalist,5,1,4,Standard Loyalty Nurture
54194,10.82,Low,13.0,2,No,Laptop & Accessory,Debit Card,3.0,3,250.0,Loyal Customers,3,3,5,Standard Loyalty Nurture
51045,10.8,Low,22.0,4,No,Laptop & Accessory,Credit Card,7.0,4,162.04,At Risk,2,4,2,Standard Loyalty Nurture
53270,10.8,Low,12.0,5,No,Grocery,Debit Card,10.0,7,164.56,At Risk,1,5,3,Standard Loyalty Nurture
54175,10.8,Low,21.0,3,No,Fashion,Debit Card,6.0,1,149.79,Hibernating,2,1,2,Standard Loyalty Nurture
52536,10.79,Low,18.0,4,No,Fashion,Debit Card,0.0,1,181.43,Potential Loyalist,5,1,3,Standard Loyalty Nurture
52655,10.79,Low,15.0,3,No,Fashion,Debit Card,13.0,4,47.4,At Risk,1,4,1,Standard Loyalty Nurture
53573,10.79,Low,18.0,5,No,Laptop & Accessory,E wallet,4.0,2,135.99,Potential Loyalist,3,2,2,Standard Loyalty Nurture
50321,10.78,Low,8.0,4,No,Mobile Phone,UPI,1.0,2,188.63,Potential Loyalist,5,2,4,Standard Loyalty Nurture
54940,10.78,Low,17.0,5,No,Mobile Phone,E wallet,1.0,2,118.75,Potential Loyalist,4,2,1,Standard Loyalty Nurture
55265,10.78,Low,36.0,5,Yes (Active Ticket),Laptop & Accessory,Credit Card,7.0,4,99.02,At Risk,2,4,1,Standard Loyalty Nurture
53919,10.77,Low,11.0,3,No,Mobile Phone,Credit Card,1.0,5,277.64,Champions,4,5,5,Standard Loyalty Nurture
50481,10.76,Low,10.0,5,No,Grocery,UPI,2.0,2,230.03,Potential Loyalist,4,2,5,Standard Loyalty Nurture
50397,10.75,Low,20.0,2,No,Laptop & Accessory,E wallet,1.0,3,132.73,Loyal Customers,5,3,1,Standard Loyalty Nurture
54584,10.75,Low,15.0,5,No,Fashion,E wallet,7.0,3,145.65,At Risk,2,3,2,Standard Loyalty Nurture
55290,10.74,Low,13.0,5,No,Laptop & Accessory,Debit Card,10.0,2,111.23,Hibernating,1,2,1,Standard Loyalty Nurture
52135,10.68,Low,13.0,3,No,Others,Credit Card,4.0,2,102.95,Potential Loyalist,3,2,1,Standard Loyalty Nurture
53151,10.68,Low,10.0,5,No,Mobile Phone,COD,4.0,5,203.74,Loyal Customers,3,5,4,Standard Loyalty Nurture
53642,10.68,Low,24.0,3,No,Fashion,Debit Card,2.0,3,151.44,Loyal Customers,4,3,2,Standard Loyalty Nurture
52530,10.66,Low,61.0,3,No,Laptop & Accessory,Debit Card,1.0,2,122.24,Potential Loyalist,5,2,1,Standard Loyalty Nurture
54805,10.66,Low,17.0,2,No,Laptop & Accessory,E wallet,0.0,3,192.77,Champions,5,4,4,Standard Loyalty Nurture
55153,10.66,Low,24.0,3,No,Mobile Phone,E wallet,0.0,4,282.92,Champions,5,4,5,Standard Loyalty Nurture
50063,10.64,Low,18.0,5,No,Others,E wallet,16.0,6,153.03,At Risk,1,5,2,Standard Loyalty Nurture
53566,10.62,Low,13.0,5,No,Fashion,Debit Card,4.0,2,205.69,Potential Loyalist,3,2,4,Standard Loyalty Nurture
52969,10.61,Low,29.0,1,No,Laptop & Accessory,Debit Card,1.0,1,141.53,Potential Loyalist,5,1,2,Standard Loyalty Nurture
51554,10.6,Low,22.0,4,No,Laptop & Accessory,Credit Card,5.0,2,98.74,Hibernating,2,2,1,Standard Loyalty Nurture
54643,10.6,Low,20.0,2,No,Laptop & Accessory,Credit Card,2.0,3,83.19,Loyal Customers,4,3,1,Standard Loyalty Nurture
52473,10.57,Low,24.0,4,No,Fashion,Debit Card,14.0,1,213.01,Promising,1,1,4,Standard Loyalty Nurture
53752,10.57,Low,24.0,3,No,Laptop & Accessory,Credit Card,5.0,5,157.25,At Risk,2,5,2,Standard Loyalty Nurture
52212,10.56,Low,16.0,3,No,Fashion,E wallet,5.0,1,211.77,Promising,2,1,4,Standard Loyalty Nurture
53192,10.55,Low,25.0,2,No,Mobile Phone,COD,3.0,2,176.38,Potential Loyalist,3,2,3,Standard Loyalty Nurture
51508,10.54,Low,8.0,5,No,Mobile Phone,Debit Card,0.0,2,206.52,Potential Loyalist,5,2,4,Standard Loyalty Nurture
50297,10.52,Low,15.0,3,No,Laptop & Accessory,Debit Card,0.0,4,126.54,Loyal Customers,5,4,1,Standard Loyalty Nurture
51617,10.52,Low,51.0,4,Yes (Active Ticket),Fashion,Debit Card,1.0,2,154.74,Potential Loyalist,5,2,2,Standard Loyalty Nurture
53040,10.52,Low,7.0,4,No,Mobile Phone,UPI,1.0,2,211.74,Potential Loyalist,5,2,4,Standard Loyalty Nurture
55569,10.51,Low,18.0,5,No,Fashion,Debit Card,8.0,2,121.99,At Risk,1,3,1,Standard Loyalty Nurture
55516,10.5,Low,15.0,4,No,Laptop & Accessory,E wallet,0.0,3,106.37,Loyal Customers,5,4,1,Standard Loyalty Nurture
51552,10.49,Low,9.0,4,No,Grocery,COD,5.0,3,273.45,At Risk,2,3,5,Standard Loyalty Nurture
51787,10.49,Low,10.0,5,No,Fashion,Debit Card,1.0,1,176.99,Potential Loyalist,5,1,3,Standard Loyalty Nurture
52643,10.47,Low,15.0,4,No,Others,E wallet,12.0,4,121.03,At Risk,1,4,1,Standard Loyalty Nurture
51801,10.45,Low,31.0,5,No,Laptop & Accessory,Debit Card,1.0,6,230.26,Champions,5,5,5,Standard Loyalty Nurture
53562,10.44,Low,17.0,3,No,Grocery,COD,3.0,2,185.43,Potential Loyalist,3,2,3,Standard Loyalty Nurture
50760,10.43,Low,16.0,3,No,Laptop & Accessory,Debit Card,8.0,3,142.69,At Risk,2,3,2,Standard Loyalty Nurture
54036,10.43,Low,45.0,5,No,Fashion,COD,3.0,7,229.25,Loyal Customers,3,5,5,Standard Loyalty Nurture
51352,10.42,Low,9.0,5,No,Laptop & Accessory,Credit Card,2.0,4,150.72,Loyal Customers,4,4,2,Standard Loyalty Nurture
52984,10.42,Low,17.0,3,No,Mobile Phone,Credit Card,2.0,4,233.17,Champions,4,4,5,Standard Loyalty Nurture
53029,10.4,Low,11.0,4,No,Mobile Phone,E wallet,4.0,1,202.61,Potential Loyalist,3,1,4,Standard Loyalty Nurture
51855,10.39,Low,25.0,1,No,Laptop & Accessory,Credit Card,7.0,3,199.69,At Risk,2,3,4,Standard Loyalty Nurture
53698,10.39,Low,11.0,5,No,Laptop & Accessory,Debit Card,2.0,5,179.43,Loyal Customers,4,5,3,Standard Loyalty Nurture
50306,10.38,Low,37.0,3,No,Laptop & Accessory,Debit Card,1.0,6,165.94,Loyal Customers,5,5,3,Standard Loyalty Nurture
52301,10.36,Low,16.0,3,No,Fashion,UPI,0.0,2,76.73,Potential Loyalist,5,2,1,Standard Loyalty Nurture
54734,10.32,Low,26.0,4,No,Laptop & Accessory,E wallet,21.0,4,120.3,At Risk,1,4,1,Standard Loyalty Nurture
55252,10.32,Low,34.0,3,Yes (Active Ticket),Laptop & Accessory,UPI,4.0,5,179.46,Loyal Customers,3,5,3,Standard Loyalty Nurture
55486,10.32,Low,44.0,3,No,Mobile Phone,Debit Card,3.0,3,77.37,Loyal Customers,3,4,1,Standard Loyalty Nurture
50616,10.3,Low,25.0,3,No,Laptop & Accessory,Debit Card,1.0,3,134.64,Loyal Customers,5,3,1,Standard Loyalty Nurture
52609,10.3,Low,12.0,3,No,Laptop & Accessory,Debit Card,0.0,2,199.47,Potential Loyalist,5,2,4,Standard Loyalty Nurture
55571,10.3,Low,37.0,5,No,Laptop & Accessory,COD,10.0,4,74.92,At Risk,1,5,1,Standard Loyalty Nurture
53453,10.29,Low,11.0,2,No,Laptop & Accessory,Credit Card,4.0,4,179.98,Loyal Customers,3,4,3,Standard Loyalty Nurture
50870,10.28,Low,29.0,2,No,Laptop & Accessory,Credit Card,3.0,1,148.09,Potential Loyalist,3,1,2,Standard Loyalty Nurture
50379,10.27,Low,17.0,3,No,Mobile Phone,Credit Card,1.0,5,129.93,Loyal Customers,5,5,1,Standard Loyalty Nurture
54192,10.27,Low,21.0,2,No,Mobile Phone,E wallet,11.0,5,259.17,At Risk,1,5,5,Standard Loyalty Nurture
55231,10.26,Low,11.0,4,No,Grocery,Debit Card,0.0,2,147.59,Potential Loyalist,5,2,2,Standard Loyalty Nurture
51672,10.25,Low,21.0,3,No,Mobile Phone,Debit Card,4.0,1,170.71,Potential Loyalist,3,1,3,Standard Loyalty Nurture
52992,10.25,Low,16.0,3,No,Fashion,Debit Card,0.0,5,141.33,Loyal Customers,5,5,2,Standard Loyalty Nurture
54729,10.24,Low,14.0,4,No,Laptop & Accessory,COD,3.0,2,179.48,Potential Loyalist,3,2,3,Standard Loyalty Nurture
50422,10.23,Low,16.0,3,No,Laptop & Accessory,Debit Card,5.0,2,172.26,Need Attention,2,2,3,Standard Loyalty Nurture
55139,10.21,Low,11.0,5,No,Mobile Phone,Credit Card,0.0,1,176.22,Potential Loyalist,5,1,3,Standard Loyalty Nurture
51125,10.2,Low,11.0,4,No,Laptop & Accessory,Debit Card,5.0,2,230.8,Need Attention,2,2,5,Standard Loyalty Nurture
54489,10.19,Low,15.0,3,No,Laptop & Accessory,Debit Card,2.0,1,249.61,Potential Loyalist,4,1,5,Standard Loyalty Nurture
51229,10.18,Low,41.0,5,No,Mobile Phone,COD,8.0,3,196.42,At Risk,2,3,4,Standard Loyalty Nurture
55440,10.18,Low,19.0,4,No,Laptop & Accessory,Debit Card,1.0,9,137.11,Loyal Customers,4,5,2,Standard Loyalty Nurture
50576,10.17,Low,30.0,2,No,Fashion,UPI,9.0,3,225.98,At Risk,1,3,5,Standard Loyalty Nurture
51797,10.16,Low,13.0,4,No,Mobile Phone,Credit Card,2.0,3,200.44,Loyal Customers,4,3,4,Standard Loyalty Nurture
50622,10.15,Low,2.0,5,No,Laptop & Accessory,UPI,2.0,3,254.57,Loyal Customers,4,3,5,Standard Loyalty Nurture
53722,10.15,Low,18.0,2,No,Mobile Phone,UPI,10.0,2,185.5,Need Attention,1,2,3,Standard Loyalty Nurture
54969,10.15,Low,31.0,3,Yes (Active Ticket),Laptop & Accessory,Debit Card,3.0,2,222.94,Potential Loyalist,3,2,5,Standard Loyalty Nurture
50102,10.14,Low,10.0,5,No,Laptop & Accessory,Debit Card,1.0,3,244.66,Loyal Customers,5,3,5,Standard Loyalty Nurture
50479,10.13,Low,35.0,2,No,Laptop & Accessory,Debit Card,1.0,1,187.39,Potential Loyalist,5,1,3,Standard Loyalty Nurture
52893,10.13,Low,15.0,4,No,Fashion,COD,2.0,3,105.54,Loyal Customers,4,3,1,Standard Loyalty Nurture
50781,10.12,Low,12.0,5,No,Mobile Phone,E wallet,0.0,7,143.33,Loyal Customers,5,5,2,Standard Loyalty Nurture
55403,10.12,Low,32.0,3,No,Mobile Phone,Credit Card,1.0,6,154.91,Loyal Customers,4,5,2,Standard Loyalty Nurture
50999,10.1,Low,30.0,4,No,Fashion,Debit Card,10.0,1,146.66,Hibernating,1,1,2,Standard Loyalty Nurture
52030,10.1,Low,11.0,5,No,Laptop & Accessory,Debit Card,3.0,1,184.14,Potential Loyalist,3,1,3,Standard Loyalty Nurture
55114,10.1,Low,12.0,3,No,Fashion,Credit Card,2.0,2,158.95,Potential Loyalist,4,2,2,Standard Loyalty Nurture
54586,10.09,Low,34.0,1,No,Fashion,Debit Card,0.0,4,136.18,Loyal Customers,5,4,2,Standard Loyalty Nurture
54933,10.09,Low,33.0,3,Yes (Active Ticket),Laptop & Accessory,Credit Card,1.0,3,235.81,Champions,4,4,5,Standard Loyalty Nurture
52483,10.08,Low,29.0,4,No,Fashion,Credit Card,6.0,3,175.45,At Risk,2,3,3,Standard Loyalty Nurture
50509,10.07,Low,30.0,1,No,Mobile Phone,Credit Card,2.0,7,136.13,Loyal Customers,4,5,2,Standard Loyalty Nurture
52433,10.06,Low,41.0,1,No,Laptop & Accessory,UPI,1.0,3,52.78,Loyal Customers,5,3,1,Standard Loyalty Nurture
52576,10.06,Low,10.0,5,No,Fashion,Debit Card,4.0,3,285.21,Loyal Customers,3,3,5,Standard Loyalty Nurture
52638,10.06,Low,14.0,4,No,Mobile Phone,E wallet,2.0,6,135.85,Loyal Customers,4,5,2,Standard Loyalty Nurture
50504,10.05,Low,17.0,1,No,Laptop & Accessory,Debit Card,3.0,4,171.45,Loyal Customers,3,4,3,Standard Loyalty Nurture
51108,10.05,Low,14.0,4,No,Fashion,E wallet,1.0,2,211.2,Potential Loyalist,5,2,4,Standard Loyalty Nurture
53551,10.05,Low,16.0,1,No,Others,Credit Card,1.0,5,249.04,Champions,4,5,5,Standard Loyalty Nurture
50200,10.04,Low,15.0,3,No,Others,E wallet,4.0,3,149.53,Loyal Customers,3,3,2,Standard Loyalty Nurture
50985,10.02,Low,13.0,4,No,Grocery,Credit Card,2.0,2,191.92,Potential Loyalist,4,2,4,Standard Loyalty Nurture
53288,10.02,Low,16.0,2,No,Grocery,Debit Card,1.0,3,68.84,Loyal Customers,5,3,1,Standard Loyalty Nurture
53502,10.01,Low,16.0,2,No,Mobile Phone,Debit Card,2.0,6,185.36,Loyal Customers,4,5,3,Standard Loyalty Nurture
50736,10.0,Low,21.0,5,No,Laptop & Accessory,UPI,0.0,3,134.81,Loyal Customers,5,3,1,Standard Loyalty Nurture
50199,9.99,Low,22.0,3,No,Laptop & Accessory,UPI,3.0,1,166.76,Potential Loyalist,3,1,3,Standard Loyalty Nurture
52371,9.99,Low,11.0,3,No,Mobile Phone,Credit Card,2.0,3,205.41,Loyal Customers,4,3,4,Standard Loyalty Nurture
53042,9.99,Low,35.0,3,No,Grocery,UPI,1.0,6,123.55,Loyal Customers,5,5,1,Standard Loyalty Nurture
54178,9.98,Low,17.0,4,No,Grocery,Debit Card,4.0,7,233.24,Loyal Customers,3,5,5,Standard Loyalty Nurture
50138,9.97,Low,12.0,3,No,Grocery,Debit Card,3.0,1,196.92,Potential Loyalist,3,1,4,Standard Loyalty Nurture
52922,9.97,Low,12.0,3,No,Fashion,UPI,2.0,5,169.59,Loyal Customers,4,5,3,Standard Loyalty Nurture
52669,9.93,Low,13.0,2,No,Fashion,Debit Card,1.0,3,166.6,Loyal Customers,5,3,3,Standard Loyalty Nurture
54943,9.93,Low,19.0,3,No,Fashion,E wallet,9.0,1,142.88,Hibernating,1,1,2,Standard Loyalty Nurture
52792,9.92,Low,40.0,4,No,Fashion,Credit Card,5.0,1,91.12,Hibernating,2,1,1,Standard Loyalty Nurture
53273,9.92,Low,13.0,4,No,Fashion,Credit Card,14.0,3,200.03,At Risk,1,3,4,Standard Loyalty Nurture
55336,9.92,Low,29.0,5,Yes (Active Ticket),Fashion,Debit Card,0.0,3,193.96,Champions,5,4,4,Standard Loyalty Nurture
54017,9.91,Low,22.0,3,No,Mobile Phone,Debit Card,1.0,1,111.45,Potential Loyalist,4,1,1,Standard Loyalty Nurture
54068,9.9,Low,39.0,3,No,Mobile Phone,Debit Card,10.0,2,182.32,Need Attention,1,2,3,Standard Loyalty Nurture
54079,9.88,Low,15.0,3,No,Others,E wallet,3.0,2,208.11,Potential Loyalist,3,2,4,Standard Loyalty Nurture
54294,9.88,Low,24.0,4,No,Laptop & Accessory,Credit Card,1.0,3,86.33,Loyal Customers,4,3,1,Standard Loyalty Nurture
50095,9.84,Low,15.0,4,No,Others,Debit Card,7.0,5,165.45,At Risk,2,5,3,Standard Loyalty Nurture
51631,9.84,Low,14.0,5,No,Laptop & Accessory,Debit Card,1.0,2,270.58,Potential Loyalist,5,2,5,Standard Loyalty Nurture
53725,9.82,Low,5.0,5,No,Mobile Phone,Credit Card,2.0,3,270.12,Loyal Customers,4,3,5,Standard Loyalty Nurture
50717,9.81,Low,18.0,3,No,Laptop & Accessory,E wallet,0.0,4,247.95,Champions,5,4,5,Standard Loyalty Nurture
51469,9.81,Low,20.0,1,No,Mobile Phone,Debit Card,0.0,2,223.62,Potential Loyalist,5,2,5,Standard Loyalty Nurture
53568,9.8,Low,11.0,4,No,Others,Debit Card,2.0,3,161.37,Loyal Customers,4,3,2,Standard Loyalty Nurture
50008,9.79,Low,20.0,5,No,Mobile Phone,Credit Card,11.0,3,120.02,At Risk,1,3,1,Standard Loyalty Nurture
51201,9.79,Low,14.0,4,No,Grocery,Debit Card,2.0,5,240.17,Champions,4,5,5,Standard Loyalty Nurture
52851,9.75,Low,11.0,4,No,Grocery,Credit Card,0.0,1,241.17,Potential Loyalist,5,1,5,Standard Loyalty Nurture
54084,9.75,Low,14.0,3,No,Laptop & Accessory,E wallet,5.0,2,186.94,Need Attention,2,2,3,Standard Loyalty Nurture
54652,9.73,Low,13.0,4,No,Mobile Phone,UPI,5.0,2,124.09,Hibernating,2,2,1,Standard Loyalty Nurture
50322,9.72,Low,13.0,4,No,Grocery,Debit Card,14.0,5,149.29,At Risk,1,5,2,Standard Loyalty Nurture
50852,9.71,Low,14.0,4,No,Grocery,UPI,6.0,4,154.54,At Risk,2,4,2,Standard Loyalty Nurture
53337,9.71,Low,24.0,3,No,Grocery,Debit Card,6.0,2,232.21,Need Attention,2,2,5,Standard Loyalty Nurture
54109,9.7,Low,22.0,5,No,Laptop & Accessory,Credit Card,2.0,3,104.9,Loyal Customers,4,3,1,Standard Loyalty Nurture
50575,9.69,Low,20.0,3,No,Laptop & Accessory,Debit Card,4.0,2,102.61,Potential Loyalist,3,2,1,Standard Loyalty Nurture
52287,9.69,Low,36.0,4,No,Fashion,Credit Card,1.0,3,94.78,Loyal Customers,5,3,1,Standard Loyalty Nurture
50413,9.67,Low,30.0,4,No,Mobile Phone,E wallet,12.0,3,74.83,At Risk,1,3,1,Standard Loyalty Nurture
50724,9.67,Low,14.0,1,No,Fashion,Credit Card,9.0,3,215.87,At Risk,1,3,4,Standard Loyalty Nurture
51042,9.67,Low,16.0,4,No,Laptop & Accessory,Credit Card,3.0,2,182.49,Potential Loyalist,3,2,3,Standard Loyalty Nurture
50114,9.64,Low,17.0,3,No,Laptop & Accessory,UPI,6.0,3,230.02,At Risk,2,3,5,Standard Loyalty Nurture
50756,9.64,Low,16.0,4,No,Laptop & Accessory,E wallet,5.0,1,169.86,Promising,2,1,3,Standard Loyalty Nurture
54044,9.64,Low,10.0,4,No,Fashion,Debit Card,3.0,4,227.64,Loyal Customers,3,4,5,Standard Loyalty Nurture
50770,9.62,Low,17.0,4,No,Fashion,COD,1.0,5,229.6,Champions,5,5,5,Standard Loyalty Nurture
51874,9.62,Low,18.0,4,No,Laptop & Accessory,Credit Card,5.0,6,148.47,At Risk,2,5,2,Standard Loyalty Nurture
54149,9.6,Low,13.0,4,No,Mobile Phone,E wallet,10.0,3,174.59,At Risk,1,3,3,Standard Loyalty Nurture
53469,9.59,Low,18.0,3,No,Laptop & Accessory,Credit Card,4.0,1,243.29,Potential Loyalist,3,1,5,Standard Loyalty Nurture
55351,9.59,Low,13.0,3,No,Fashion,Credit Card,0.0,2,202.14,Potential Loyalist,5,2,4,Standard Loyalty Nurture
55393,9.59,Low,20.0,5,No,Mobile Phone,Credit Card,8.0,2,281.68,Need Attention,1,2,5,Standard Loyalty Nurture
52591,9.58,Low,17.0,3,No,Grocery,Credit Card,0.0,1,149.43,Potential Loyalist,5,1,2,Standard Loyalty Nurture
54678,9.58,Low,33.0,4,No,Mobile Phone,Credit Card,1.0,1,143.82,Potential Loyalist,4,1,2,Standard Loyalty Nurture
50454,9.57,Low,24.0,4,No,Laptop & Accessory,Debit Card,3.0,2,133.79,Potential Loyalist,3,2,1,Standard Loyalty Nurture
54990,9.57,Low,15.0,5,No,Fashion,Credit Card,1.0,4,133.51,Loyal Customers,4,4,1,Standard Loyalty Nurture
52187,9.56,Low,20.0,4,No,Laptop & Accessory,Debit Card,2.0,4,239.77,Champions,4,4,5,Standard Loyalty Nurture
54063,9.56,Low,14.0,4,No,Laptop & Accessory,UPI,0.0,2,177.33,Potential Loyalist,5,2,3,Standard Loyalty Nurture
54689,9.56,Low,8.0,5,No,Laptop & Accessory,Credit Card,2.0,1,228.11,Potential Loyalist,4,1,5,Standard Loyalty Nurture
55189,9.56,Low,28.0,4,No,Fashion,Credit Card,9.0,1,182.14,Promising,1,1,3,Standard Loyalty Nurture
54950,9.55,Low,19.0,5,No,Mobile Phone,Debit Card,2.0,2,118.75,Potential Loyalist,4,2,1,Standard Loyalty Nurture
51429,9.54,Low,10.0,5,No,Grocery,Debit Card,1.0,3,211.92,Loyal Customers,5,3,4,Standard Loyalty Nurture
52125,9.52,Low,41.0,3,No,Laptop & Accessory,Credit Card,6.0,8,160.61,At Risk,2,5,2,Standard Loyalty Nurture
53423,9.51,Low,14.0,2,No,Mobile Phone,Debit Card,2.0,3,243.27,Loyal Customers,4,3,5,Standard Loyalty Nurture
52472,9.5,Low,33.0,3,No,Fashion,Debit Card,13.0,2,117.21,Hibernating,1,2,1,Standard Loyalty Nurture
52334,9.49,Low,12.0,4,No,Laptop & Accessory,Debit Card,0.0,2,214.81,Potential Loyalist,5,2,4,Standard Loyalty Nurture
51987,9.47,Low,13.0,4,No,Laptop & Accessory,Credit Card,1.0,2,177.62,Potential Loyalist,5,2,3,Standard Loyalty Nurture
51428,9.46,Low,30.0,3,No,Mobile Phone,Credit Card,6.0,4,137.38,At Risk,2,4,2,Standard Loyalty Nurture
52611,9.46,Low,18.0,4,No,Grocery,Credit Card,4.0,2,180.22,Potential Loyalist,3,2,3,Standard Loyalty Nurture
51012,9.45,Low,44.0,5,No,Mobile Phone,Debit Card,2.0,4,256.91,Champions,4,4,5,Standard Loyalty Nurture
50071,9.43,Low,15.0,5,No,Mobile Phone,Debit Card,7.0,4,196.96,At Risk,2,4,4,Standard Loyalty Nurture
50525,9.43,Low,18.0,3,No,Mobile Phone,Credit Card,2.0,6,185.98,Loyal Customers,4,5,3,Standard Loyalty Nurture
51741,9.42,Low,18.0,3,No,Laptop & Accessory,Debit Card,2.0,3,153.32,Loyal Customers,4,3,2,Standard Loyalty Nurture
55543,9.42,Low,20.0,4,No,Laptop & Accessory,Credit Card,4.0,3,135.65,Loyal Customers,3,4,2,Standard Loyalty Nurture
52252,9.41,Low,24.0,3,No,Laptop & Accessory,Credit Card,6.0,4,199.68,At Risk,2,4,4,Standard Loyalty Nurture
53990,9.41,Low,20.0,4,No,Mobile Phone,Credit Card,2.0,4,141.66,Loyal Customers,4,4,2,Standard Loyalty Nurture
55228,9.41,Low,22.0,5,No,Others,E wallet,2.0,2,139.03,Potential Loyalist,4,2,2,Standard Loyalty Nurture
50271,9.39,Low,17.0,4,No,Laptop & Accessory,Credit Card,2.0,1,164.63,Potential Loyalist,4,1,3,Standard Loyalty Nurture
50949,9.39,Low,21.0,5,No,Fashion,E wallet,3.0,7,129.04,Loyal Customers,3,5,1,Standard Loyalty Nurture
53660,9.37,Low,24.0,2,No,Laptop & Accessory,Debit Card,4.0,4,110.54,Loyal Customers,3,4,1,Standard Loyalty Nurture
54909,9.36,Low,14.0,3,No,Grocery,Credit Card,9.0,5,140.49,At Risk,1,5,2,Standard Loyalty Nurture
50728,9.32,Low,16.0,3,No,Grocery,Credit Card,2.0,3,177.3,Loyal Customers,4,3,3,Standard Loyalty Nurture
51420,9.32,Low,27.0,5,No,Laptop & Accessory,UPI,12.0,4,282.62,At Risk,1,4,5,Standard Loyalty Nurture
50960,9.31,Low,13.0,4,No,Grocery,Debit Card,9.0,5,264.71,At Risk,1,5,5,Standard Loyalty Nurture
52248,9.31,Low,18.0,3,No,Mobile Phone,Credit Card,4.0,2,227.67,Potential Loyalist,3,2,5,Standard Loyalty Nurture
50507,9.3,Low,24.0,1,No,Mobile Phone,E wallet,6.0,6,165.75,At Risk,2,5,3,Standard Loyalty Nurture
55024,9.27,Low,13.0,5,No,Fashion,UPI,2.0,3,104.38,Loyal Customers,4,4,1,Standard Loyalty Nurture
50012,9.22,Low,35.0,5,No,Fashion,Debit Card,9.0,2,70.02,Hibernating,1,1,1,Standard Loyalty Nurture
52210,9.22,Low,24.0,4,No,Laptop & Accessory,E wallet,3.0,3,95.86,Loyal Customers,3,3,1,Standard Loyalty Nurture
54339,9.22,Low,5.0,4,No,Laptop & Accessory,E wallet,1.0,1,232.12,Potential Loyalist,4,1,5,Standard Loyalty Nurture
50421,9.21,Low,16.0,5,No,Mobile Phone,Credit Card,5.0,7,202.39,At Risk,2,5,4,Standard Loyalty Nurture
53325,9.21,Low,15.0,3,No,Others,E wallet,3.0,2,139.75,Potential Loyalist,3,2,2,Standard Loyalty Nurture
54968,9.2,Low,13.0,1,No,Laptop & Accessory,UPI,3.0,3,189.52,Loyal Customers,3,4,4,Standard Loyalty Nurture
55622,9.19,Low,24.0,5,No,Laptop & Accessory,COD,4.0,5,209.18,Loyal Customers,3,5,4,Standard Loyalty Nurture
53056,9.17,Low,35.0,3,No,Laptop & Accessory,COD,10.0,3,274.47,At Risk,1,3,5,Standard Loyalty Nurture
54967,9.15,Low,34.0,2,No,Laptop & Accessory,Debit Card,9.0,1,238.25,Promising,1,1,5,Standard Loyalty Nurture
50861,9.14,Low,15.0,4,No,Mobile Phone,Debit Card,14.0,2,205.65,Need Attention,1,2,4,Standard Loyalty Nurture
51007,9.14,Low,12.0,2,No,Laptop & Accessory,Debit Card,3.0,5,162.2,Loyal Customers,3,5,2,Standard Loyalty Nurture
51335,9.13,Low,37.0,4,No,Fashion,Debit Card,10.0,1,182.36,Promising,1,1,3,Standard Loyalty Nurture
52352,9.13,Low,24.0,5,No,Laptop & Accessory,Credit Card,1.0,2,185.37,Potential Loyalist,5,2,3,Standard Loyalty Nurture
53681,9.13,Low,14.0,5,No,Mobile Phone,Debit Card,22.0,4,100.73,At Risk,1,4,1,Standard Loyalty Nurture
53956,9.13,Low,20.0,4,No,Others,Debit Card,6.0,5,187.89,At Risk,2,5,3,Standard Loyalty Nurture
55184,9.12,Low,27.0,1,No,Mobile Phone,Credit Card,4.0,4,90.96,Loyal Customers,3,4,1,Standard Loyalty Nurture
55484,9.12,Low,13.0,5,No,Grocery,UPI,9.0,4,215.39,At Risk,1,4,4,Standard Loyalty Nurture
52268,9.11,Low,12.0,4,No,Mobile Phone,COD,1.0,2,126.45,Potential Loyalist,5,2,1,Standard Loyalty Nurture
50812,9.1,Low,18.0,5,No,Fashion,Credit Card,7.0,3,200.59,At Risk,2,3,4,Standard Loyalty Nurture
54471,9.09,Low,24.0,5,No,Mobile Phone,E wallet,7.0,6,216.64,At Risk,2,5,4,Standard Loyalty Nurture
54291,9.08,Low,8.0,4,No,Grocery,Debit Card,9.0,1,255.32,Promising,1,1,5,Standard Loyalty Nurture
52084,9.07,Low,24.0,3,No,Laptop & Accessory,Debit Card,0.0,2,117.85,Potential Loyalist,5,2,1,Standard Loyalty Nurture
50615,9.05,Low,21.0,4,No,Laptop & Accessory,E wallet,3.0,4,119.82,Loyal Customers,3,4,1,Standard Loyalty Nurture
55379,9.05,Low,17.0,4,No,Mobile Phone,Debit Card,5.0,5,116.61,At Risk,2,5,1,Standard Loyalty Nurture
50053,9.03,Low,28.0,3,No,Others,Debit Card,10.0,4,236.74,At Risk,1,4,5,Standard Loyalty Nurture
52171,9.03,Low,12.0,3,No,Mobile Phone,E wallet,0.0,2,140.11,Potential Loyalist,5,2,2,Standard Loyalty Nurture
53645,9.03,Low,14.0,3,No,Grocery,Debit Card,3.0,4,125.56,Loyal Customers,3,4,1,Standard Loyalty Nurture
50386,9.02,Low,16.0,5,No,Fashion,E wallet,5.0,1,283.2,Promising,2,1,5,Standard Loyalty Nurture
54756,9.02,Low,20.0,5,No,Mobile Phone,Credit Card,15.0,4,202.64,At Risk,1,4,4,Standard Loyalty Nurture
51925,9.01,Low,16.0,3,No,Fashion,Debit Card,1.0,5,132.88,Loyal Customers,5,5,1,Standard Loyalty Nurture
50350,9.0,Low,10.0,5,No,Laptop & Accessory,Debit Card,1.0,2,224.36,Potential Loyalist,5,2,5,Standard Loyalty Nurture
51099,8.99,Low,15.0,5,No,Others,Credit Card,1.0,5,153.73,Loyal Customers,5,5,2,Standard Loyalty Nurture
53300,8.99,Low,16.0,3,No,Fashion,COD,3.0,7,200.94,Loyal Customers,3,5,4,Standard Loyalty Nurture
50273,8.98,Low,20.0,2,No,Laptop & Accessory,E wallet,1.0,3,212.07,Loyal Customers,5,3,4,Standard Loyalty Nurture
52476,8.98,Low,20.0,3,No,Mobile Phone,COD,14.0,3,207.23,At Risk,1,3,4,Standard Loyalty Nurture
52024,8.97,Low,1.0,5,No,Fashion,UPI,0.0,3,189.71,Loyal Customers,5,3,4,Standard Loyalty Nurture
52507,8.97,Low,19.0,1,No,Laptop & Accessory,E wallet,6.0,3,188.9,At Risk,2,3,4,Standard Loyalty Nurture
52986,8.97,Low,34.0,3,No,Fashion,Debit Card,14.0,4,127.96,At Risk,1,4,1,Standard Loyalty Nurture
53046,8.96,Low,12.0,3,No,Laptop & Accessory,Credit Card,4.0,3,156.72,Loyal Customers,3,3,2,Standard Loyalty Nurture
50626,8.95,Low,5.0,4,No,Mobile Phone,Debit Card,4.0,3,250.98,Loyal Customers,3,3,5,Standard Loyalty Nurture
50118,8.94,Low,2.0,5,No,Laptop & Accessory,COD,3.0,2,250.07,Potential Loyalist,3,1,5,Standard Loyalty Nurture
51574,8.94,Low,20.0,4,No,Fashion,Credit Card,7.0,3,194.14,At Risk,2,3,4,Standard Loyalty Nurture
54051,8.92,Low,27.0,1,No,Mobile Phone,Debit Card,2.0,1,249.87,Potential Loyalist,4,1,5,Standard Loyalty Nurture
55358,8.92,Low,38.0,5,No,Mobile Phone,Debit Card,0.0,7,163.7,Loyal Customers,5,5,2,Standard Loyalty Nurture
52375,8.91,Low,11.0,5,No,Others,Debit Card,1.0,2,214.17,Potential Loyalist,5,2,4,Standard Loyalty Nurture
50973,8.9,Low,13.0,4,No,Fashion,Debit Card,15.0,4,227.37,At Risk,1,4,5,Standard Loyalty Nurture
52658,8.89,Low,19.0,4,No,Others,Debit Card,3.0,3,167.39,Loyal Customers,3,3,3,Standard Loyalty Nurture
53806,8.89,Low,35.0,3,No,Laptop & Accessory,Debit Card,5.0,2,201.07,Need Attention,2,2,4,Standard Loyalty Nurture
52575,8.88,Low,3.0,4,No,Fashion,COD,1.0,3,241.14,Loyal Customers,5,3,5,Standard Loyalty Nurture
53081,8.87,Low,13.0,4,No,Fashion,Debit Card,2.0,1,148.64,Potential Loyalist,4,1,2,Standard Loyalty Nurture
52662,8.86,Low,21.0,4,No,Mobile Phone,Credit Card,7.0,7,77.76,At Risk,2,5,1,Standard Loyalty Nurture
50510,8.85,Low,13.0,3,No,Laptop & Accessory,Debit Card,4.0,6,157.11,Loyal Customers,3,5,2,Standard Loyalty Nurture
51654,8.84,Low,4.0,5,No,Others,UPI,1.0,1,211.46,Potential Loyalist,5,1,4,Standard Loyalty Nurture
52929,8.83,Low,14.0,4,No,Fashion,UPI,0.0,6,178.01,Loyal Customers,5,5,3,Standard Loyalty Nurture
54570,8.82,Low,20.0,3,No,Laptop & Accessory,Debit Card,2.0,4,130.13,Loyal Customers,4,4,1,Standard Loyalty Nurture
50368,8.81,Low,24.0,3,No,Mobile Phone,E wallet,1.0,1,174.13,Potential Loyalist,5,1,3,Standard Loyalty Nurture
50559,8.81,Low,14.0,4,No,Fashion,UPI,5.0,1,172.77,Promising,2,1,3,Standard Loyalty Nurture
50759,8.81,Low,22.0,4,No,Mobile Phone,E wallet,7.0,2,109.44,Hibernating,2,2,1,Standard Loyalty Nurture
51687,8.8,Low,26.0,3,No,Laptop & Accessory,Debit Card,0.0,6,154.37,Loyal Customers,5,5,2,Standard Loyalty Nurture
51044,8.79,Low,10.0,5,No,Mobile Phone,Debit Card,0.0,4,239.63,Champions,5,4,5,Standard Loyalty Nurture
50743,8.77,Low,14.0,3,No,Grocery,E wallet,0.0,4,154.66,Loyal Customers,5,4,2,Standard Loyalty Nurture
51570,8.77,Low,6.0,5,No,Laptop & Accessory,Debit Card,2.0,3,197.28,Loyal Customers,4,3,4,Standard Loyalty Nurture
52430,8.77,Low,22.0,3,No,Fashion,COD,0.0,1,114.55,Potential Loyalist,5,1,1,Standard Loyalty Nurture
54353,8.77,Low,5.0,4,No,Mobile Phone,Debit Card,1.0,3,244.71,Loyal Customers,4,3,5,Standard Loyalty Nurture
50242,8.76,Low,31.0,4,No,Mobile Phone,E wallet,1.0,2,161.26,Potential Loyalist,5,2,2,Standard Loyalty Nurture
51824,8.76,Low,15.0,3,No,Mobile Phone,Debit Card,10.0,1,207.76,Promising,1,1,4,Standard Loyalty Nurture
54792,8.76,Low,31.0,3,No,Others,Debit Card,4.0,4,144.28,Loyal Customers,3,4,2,Standard Loyalty Nurture
54762,8.75,Low,43.0,2,Yes (Active Ticket),Laptop & Accessory,UPI,1.0,1,203.07,Potential Loyalist,4,1,4,Standard Loyalty Nurture
51004,8.73,Low,13.0,5,No,Grocery,E wallet,6.0,2,186.96,Need Attention,2,2,3,Standard Loyalty Nurture
53129,8.69,Low,30.0,4,No,Laptop & Accessory,E wallet,1.0,1,233.39,Potential Loyalist,5,1,5,Standard Loyalty Nurture
54224,8.69,Low,17.0,3,No,Laptop & Accessory,Credit Card,9.0,5,158.35,At Risk,1,5,2,Standard Loyalty Nurture
54625,8.69,Low,29.0,4,No,Laptop & Accessory,Credit Card,2.0,2,132.12,Potential Loyalist,4,2,1,Standard Loyalty Nurture
50353,8.67,Low,11.0,4,No,Laptop & Accessory,UPI,2.0,2,200.4,Potential Loyalist,4,2,4,Standard Loyalty Nurture
52167,8.67,Low,10.0,5,No,Laptop & Accessory,E wallet,2.0,3,185.69,Loyal Customers,4,3,3,Standard Loyalty Nurture
53903,8.67,Low,25.0,3,No,Fashion,E wallet,7.0,4,241.85,At Risk,2,4,5,Standard Loyalty Nurture
51371,8.66,Low,36.0,3,No,Laptop & Accessory,E wallet,0.0,1,176.14,Potential Loyalist,5,1,3,Standard Loyalty Nurture
51141,8.65,Low,17.0,5,No,Mobile Phone,Credit Card,3.0,6,211.16,Loyal Customers,3,5,4,Standard Loyalty Nurture
52153,8.64,Low,12.0,1,No,Fashion,E wallet,2.0,5,152.06,Loyal Customers,4,5,2,Standard Loyalty Nurture
51085,8.63,Low,29.0,2,No,Laptop & Accessory,Debit Card,1.0,1,137.1,Potential Loyalist,5,1,2,Standard Loyalty Nurture
50772,8.61,Low,19.0,4,No,Fashion,Credit Card,2.0,4,229.06,Champions,4,4,5,Standard Loyalty Nurture
51244,8.6,Low,19.0,4,No,Fashion,Credit Card,7.0,6,269.0,At Risk,2,5,5,Standard Loyalty Nurture
50801,8.59,Low,12.0,3,No,Fashion,COD,1.0,5,173.48,Loyal Customers,5,5,3,Standard Loyalty Nurture
51972,8.58,Low,18.0,3,No,Fashion,COD,7.0,6,234.65,At Risk,2,5,5,Standard Loyalty Nurture
55388,8.58,Low,34.0,5,Yes (Active Ticket),Grocery,UPI,2.0,4,104.68,Loyal Customers,4,4,1,Standard Loyalty Nurture
55433,8.58,Low,11.0,5,No,Fashion,Debit Card,4.0,3,189.53,Loyal Customers,3,4,4,Standard Loyalty Nurture
52539,8.56,Low,14.0,4,No,Mobile Phone,E wallet,4.0,2,167.89,Potential Loyalist,3,2,3,Standard Loyalty Nurture
50518,8.55,Low,17.0,5,No,Laptop & Accessory,Debit Card,2.0,1,139.06,Potential Loyalist,4,1,2,Standard Loyalty Nurture
54672,8.53,Low,21.0,2,No,Laptop & Accessory,Debit Card,4.0,5,123.68,Loyal Customers,3,5,1,Standard Loyalty Nurture
51123,8.51,Low,20.0,4,No,Laptop & Accessory,Debit Card,1.0,1,270.25,Potential Loyalist,5,1,5,Standard Loyalty Nurture
55589,8.51,Low,26.0,3,No,Laptop & Accessory,Debit Card,6.0,2,189.38,At Risk,2,3,4,Standard Loyalty Nurture
50948,8.5,Low,23.0,3,No,Laptop & Accessory,Debit Card,4.0,9,207.7,Loyal Customers,3,5,4,Standard Loyalty Nurture
55000,8.5,Low,9.0,4,No,Mobile Phone,COD,1.0,2,277.94,Potential Loyalist,4,2,5,Standard Loyalty Nurture
54191,8.49,Low,14.0,3,No,Grocery,Debit Card,9.0,1,232.59,Promising,1,1,5,Standard Loyalty Nurture
54546,8.48,Low,17.0,2,No,Others,Debit Card,2.0,3,178.11,Loyal Customers,4,3,3,Standard Loyalty Nurture
50257,8.47,Low,28.0,3,No,Others,Debit Card,1.0,5,238.96,Champions,5,5,5,Standard Loyalty Nurture
51854,8.47,Low,19.0,2,No,Laptop & Accessory,COD,1.0,4,195.36,Champions,5,4,4,Standard Loyalty Nurture
53532,8.46,Low,16.0,4,No,Grocery,E wallet,6.0,1,207.22,Promising,2,1,4,Standard Loyalty Nurture
52582,8.45,Low,22.0,3,No,Laptop & Accessory,Debit Card,1.0,4,193.56,Champions,5,4,4,Standard Loyalty Nurture
53614,8.45,Low,16.0,5,No,Mobile Phone,Credit Card,8.0,3,190.27,At Risk,1,3,4,Standard Loyalty Nurture
50535,8.44,Low,15.0,1,No,Fashion,Credit Card,8.0,5,186.23,At Risk,2,5,3,Standard Loyalty Nurture
50046,8.43,Low,11.0,3,No,Laptop & Accessory,Debit Card,3.0,5,146.85,Loyal Customers,4,5,2,Standard Loyalty Nurture
51782,8.41,Low,23.0,3,No,Fashion,E wallet,2.0,2,149.24,Potential Loyalist,4,2,2,Standard Loyalty Nurture
53000,8.41,Low,21.0,2,No,Laptop & Accessory,UPI,7.0,3,148.28,At Risk,2,3,2,Standard Loyalty Nurture
53900,8.41,Low,19.0,4,No,Mobile Phone,Debit Card,4.0,7,187.02,Loyal Customers,3,5,3,Standard Loyalty Nurture
54330,8.41,Low,17.0,4,No,Grocery,Credit Card,13.0,3,151.57,At Risk,1,3,2,Standard Loyalty Nurture
55109,8.41,Low,15.0,3,No,Others,Credit Card,1.0,2,199.08,Potential Loyalist,4,2,4,Standard Loyalty Nurture
52423,8.4,Low,14.0,4,No,Laptop & Accessory,Debit Card,1.0,5,136.62,Loyal Customers,5,5,2,Standard Loyalty Nurture
53131,8.4,Low,16.0,4,No,Grocery,Debit Card,0.0,4,162.93,Loyal Customers,5,4,2,Standard Loyalty Nurture
53493,8.4,Low,21.0,4,No,Fashion,UPI,12.0,5,179.54,At Risk,1,5,3,Standard Loyalty Nurture
54597,8.4,Low,14.0,5,No,Laptop & Accessory,Credit Card,1.0,3,234.44,Loyal Customers,4,3,5,Standard Loyalty Nurture
52923,8.39,Low,17.0,1,No,Laptop & Accessory,Debit Card,1.0,4,167.95,Loyal Customers,5,4,3,Standard Loyalty Nurture
50537,8.38,Low,19.0,3,No,Mobile Phone,Debit Card,1.0,1,207.13,Potential Loyalist,5,1,4,Standard Loyalty Nurture
51905,8.38,Low,14.0,2,No,Fashion,Debit Card,2.0,4,153.36,Loyal Customers,4,4,2,Standard Loyalty Nurture
53599,8.38,Low,5.0,4,No,Grocery,Debit Card,1.0,2,232.89,Potential Loyalist,4,2,5,Standard Loyalty Nurture
50708,8.36,Low,17.0,3,No,Others,Credit Card,0.0,4,147.74,Loyal Customers,5,4,2,Standard Loyalty Nurture
52803,8.36,Low,29.0,5,No,Laptop & Accessory,Credit Card,1.0,6,135.23,Loyal Customers,5,5,1,Standard Loyalty Nurture
50218,8.35,Low,14.0,3,No,Mobile Phone,Debit Card,4.0,2,205.85,Potential Loyalist,3,2,4,Standard Loyalty Nurture
51156,8.35,Low,14.0,5,No,Grocery,Debit Card,14.0,3,209.47,At Risk,1,3,4,Standard Loyalty Nurture
51620,8.33,Low,13.0,3,No,Mobile Phone,Debit Card,1.0,2,170.77,Potential Loyalist,5,2,3,Standard Loyalty Nurture
55359,8.33,Low,19.0,4,No,Fashion,Debit Card,1.0,3,133.75,Loyal Customers,4,4,1,Standard Loyalty Nurture
50082,8.31,Low,10.0,4,No,Laptop & Accessory,E wallet,5.0,4,202.32,Loyal Customers,3,4,4,Standard Loyalty Nurture
51578,8.31,Low,10.0,5,No,Grocery,Debit Card,2.0,3,281.74,Loyal Customers,4,3,5,Standard Loyalty Nurture
52528,8.3,Low,32.0,5,Yes (Active Ticket),Laptop & Accessory,E wallet,1.0,3,159.42,Loyal Customers,5,3,2,Standard Loyalty Nurture
54518,8.29,Low,23.0,3,No,Others,Debit Card,5.0,3,165.04,At Risk,2,3,3,Standard Loyalty Nurture
53575,8.28,Low,22.0,2,No,Fashion,Debit Card,7.0,3,163.49,At Risk,2,3,2,Standard Loyalty Nurture
53651,8.28,Low,15.0,5,No,Mobile Phone,Credit Card,1.0,6,168.65,Loyal Customers,4,5,3,Standard Loyalty Nurture
52003,8.26,Low,24.0,2,No,Mobile Phone,Credit Card,5.0,5,175.68,At Risk,2,5,3,Standard Loyalty Nurture
52428,8.26,Low,31.0,4,No,Fashion,Credit Card,1.0,7,163.47,Loyal Customers,5,5,2,Standard Loyalty Nurture
50019,8.25,Low,6.0,5,No,Mobile Phone,Debit Card,1.0,3,218.13,Loyal Customers,5,3,5,Standard Loyalty Nurture
53060,8.24,Low,30.0,1,No,Others,E wallet,0.0,4,89.42,Loyal Customers,5,4,1,Standard Loyalty Nurture
53132,8.23,Low,17.0,5,No,Laptop & Accessory,E wallet,6.0,3,241.56,At Risk,2,3,5,Standard Loyalty Nurture
53777,8.22,Low,17.0,5,No,Grocery,Debit Card,2.0,3,204.95,Loyal Customers,4,3,4,Standard Loyalty Nurture
52755,8.2,Low,25.0,2,No,Laptop & Accessory,Debit Card,3.0,2,128.08,Potential Loyalist,3,2,1,Standard Loyalty Nurture
54991,8.2,Low,37.0,2,No,Mobile Phone,COD,1.0,4,241.0,Champions,4,4,5,Standard Loyalty Nurture
50619,8.19,Low,16.0,4,No,Fashion,Debit Card,2.0,6,207.52,Champions,4,5,4,Standard Loyalty Nurture
51640,8.19,Low,26.0,2,No,Fashion,Debit Card,2.0,3,114.38,Loyal Customers,4,3,1,Standard Loyalty Nurture
53320,8.19,Low,15.0,3,No,Mobile Phone,Debit Card,13.0,4,223.31,At Risk,1,4,5,Standard Loyalty Nurture
55490,8.19,Low,25.0,5,No,Laptop & Accessory,UPI,0.0,5,131.09,Loyal Customers,5,5,1,Standard Loyalty Nurture
52826,8.18,Low,19.0,4,No,Fashion,UPI,4.0,1,156.96,Potential Loyalist,3,1,2,Standard Loyalty Nurture
54037,8.17,Low,38.0,5,No,Laptop & Accessory,Credit Card,2.0,4,115.09,Loyal Customers,4,4,1,Standard Loyalty Nurture
52373,8.15,Low,12.0,3,No,Mobile Phone,Credit Card,3.0,4,194.34,Loyal Customers,3,4,4,Standard Loyalty Nurture
54139,8.15,Low,11.0,4,No,Fashion,E wallet,1.0,4,189.65,Champions,4,4,4,Standard Loyalty Nurture
53925,8.14,Low,46.0,1,No,Laptop & Accessory,Debit Card,7.0,4,157.12,At Risk,2,4,2,Standard Loyalty Nurture
54117,8.13,Low,25.0,4,No,Fashion,Credit Card,2.0,3,117.48,Loyal Customers,4,3,1,Standard Loyalty Nurture
51302,8.11,Low,28.0,5,No,Others,E wallet,6.0,1,170.16,Promising,2,1,3,Standard Loyalty Nurture
50489,8.09,Low,30.0,1,No,Grocery,Debit Card,1.0,4,169.43,Loyal Customers,5,4,3,Standard Loyalty Nurture
54827,8.08,Low,12.0,4,No,Others,COD,1.0,5,162.85,Loyal Customers,4,5,2,Standard Loyalty Nurture
54322,8.06,Low,27.0,1,No,Fashion,Debit Card,2.0,2,217.02,Potential Loyalist,4,2,4,Standard Loyalty Nurture
50119,8.05,Low,22.0,2,No,Mobile Phone,UPI,3.0,1,206.18,Potential Loyalist,3,1,4,Standard Loyalty Nurture
52174,8.03,Low,19.0,3,No,Mobile Phone,E wallet,3.0,7,227.52,Loyal Customers,3,5,5,Standard Loyalty Nurture
52974,8.03,Low,13.0,3,No,Mobile Phone,Debit Card,1.0,2,208.04,Potential Loyalist,5,2,4,Standard Loyalty Nurture
55342,8.03,Low,30.0,3,No,Others,UPI,3.0,2,152.89,Potential Loyalist,3,2,2,Standard Loyalty Nurture
54583,8.0,Low,15.0,4,No,Laptop & Accessory,COD,0.0,1,204.44,Potential Loyalist,5,1,4,Standard Loyalty Nurture
55369,7.98,Low,15.0,3,No,Fashion,Debit Card,3.0,7,226.01,Loyal Customers,3,5,5,Standard Loyalty Nurture
51563,7.97,Low,15.0,4,No,Laptop & Accessory,UPI,3.0,2,174.84,Potential Loyalist,3,2,3,Standard Loyalty Nurture
51828,7.97,Low,35.0,4,No,Fashion,Debit Card,1.0,8,175.42,Loyal Customers,5,5,3,Standard Loyalty Nurture
51054,7.96,Low,16.0,3,No,Laptop & Accessory,Debit Card,1.0,2,199.18,Potential Loyalist,5,2,4,Standard Loyalty Nurture
51513,7.96,Low,31.0,3,No,Laptop & Accessory,Debit Card,12.0,3,226.89,At Risk,1,3,5,Standard Loyalty Nurture
50299,7.94,Low,10.0,5,No,Grocery,Credit Card,2.0,4,170.2,Loyal Customers,4,4,3,Standard Loyalty Nurture
50499,7.94,Low,37.0,4,No,Laptop & Accessory,Debit Card,5.0,2,187.1,Need Attention,2,2,3,Standard Loyalty Nurture
54150,7.94,Low,15.0,3,No,Mobile Phone,Credit Card,3.0,7,140.68,Loyal Customers,3,5,2,Standard Loyalty Nurture
54657,7.94,Low,18.0,3,No,Grocery,UPI,2.0,7,179.64,Loyal Customers,4,5,3,Standard Loyalty Nurture
50932,7.91,Low,18.0,3,No,Mobile Phone,UPI,4.0,8,210.02,Loyal Customers,3,5,4,Standard Loyalty Nurture
51551,7.9,Low,30.0,3,No,Laptop & Accessory,Debit Card,11.0,4,229.85,At Risk,1,4,5,Standard Loyalty Nurture
53515,7.9,Low,19.0,4,No,Laptop & Accessory,Credit Card,1.0,5,171.54,Loyal Customers,4,5,3,Standard Loyalty Nurture
50711,7.88,Low,14.0,5,No,Laptop & Accessory,Credit Card,6.0,5,240.13,At Risk,2,5,5,Standard Loyalty Nurture
51278,7.87,Low,43.0,5,No,Laptop & Accessory,E wallet,2.0,2,116.95,Potential Loyalist,4,2,1,Standard Loyalty Nurture
51979,7.87,Low,21.0,5,No,Laptop & Accessory,Debit Card,2.0,4,130.59,Loyal Customers,4,4,1,Standard Loyalty Nurture
50500,7.85,Low,43.0,5,No,Mobile Phone,Credit Card,7.0,2,188.03,Need Attention,2,2,3,Standard Loyalty Nurture
52277,7.84,Low,14.0,4,No,Grocery,E wallet,1.0,1,209.55,Potential Loyalist,5,1,4,Standard Loyalty Nurture
54347,7.83,Low,16.0,5,No,Laptop & Accessory,UPI,0.0,2,98.9,Potential Loyalist,5,2,1,Standard Loyalty Nurture
54424,7.83,Low,13.0,3,No,Mobile Phone,Debit Card,3.0,3,147.93,Loyal Customers,3,3,2,Standard Loyalty Nurture
55218,7.82,Low,14.0,2,No,Laptop & Accessory,Debit Card,3.0,4,219.01,Loyal Customers,3,4,5,Standard Loyalty Nurture
50532,7.81,Low,61.0,3,No,Laptop & Accessory,Debit Card,3.0,2,171.19,Potential Loyalist,3,2,3,Standard Loyalty Nurture
53923,7.81,Low,15.0,3,No,Grocery,Debit Card,4.0,2,181.99,Potential Loyalist,3,2,3,Standard Loyalty Nurture
51916,7.78,Low,13.0,5,No,Mobile Phone,Debit Card,12.0,4,257.45,At Risk,1,4,5,Standard Loyalty Nurture
50248,7.77,Low,34.0,1,No,Laptop & Accessory,Debit Card,2.0,3,173.38,Loyal Customers,4,3,3,Standard Loyalty Nurture
52543,7.75,Low,19.0,5,No,Fashion,E wallet,1.0,6,164.0,Loyal Customers,5,5,3,Standard Loyalty Nurture
54089,7.75,Low,19.0,2,No,Laptop & Accessory,UPI,5.0,6,157.78,At Risk,2,5,2,Standard Loyalty Nurture
54603,7.74,Low,24.0,2,No,Grocery,Credit Card,2.0,3,238.28,Loyal Customers,4,3,5,Standard Loyalty Nurture
52034,7.73,Low,36.0,3,No,Others,Credit Card,2.0,4,121.94,Loyal Customers,4,4,1,Standard Loyalty Nurture
53829,7.73,Low,18.0,4,No,Fashion,Debit Card,12.0,2,182.09,Need Attention,1,2,3,Standard Loyalty Nurture
50720,7.72,Low,13.0,3,No,Fashion,Credit Card,7.0,3,142.26,At Risk,2,3,2,Standard Loyalty Nurture
54683,7.72,Low,28.0,3,No,Mobile Phone,Credit Card,5.0,2,81.06,Hibernating,2,2,1,Standard Loyalty Nurture
50800,7.71,Low,26.0,2,No,Laptop & Accessory,E wallet,0.0,3,251.78,Loyal Customers,5,3,5,Standard Loyalty Nurture
52107,7.69,Low,19.0,3,No,Laptop & Accessory,Debit Card,1.0,5,226.16,Champions,5,5,5,Standard Loyalty Nurture
51559,7.66,Low,18.0,1,No,Laptop & Accessory,Debit Card,3.0,4,228.41,Loyal Customers,3,4,5,Standard Loyalty Nurture
51237,7.65,Low,20.0,1,No,Mobile Phone,Debit Card,8.0,3,252.79,At Risk,2,3,5,Standard Loyalty Nurture
52789,7.65,Low,30.0,4,No,Laptop & Accessory,Debit Card,4.0,3,159.89,Loyal Customers,3,3,2,Standard Loyalty Nurture
51903,7.63,Low,14.0,4,No,Others,Credit Card,4.0,4,195.58,Loyal Customers,3,4,4,Standard Loyalty Nurture
52996,7.63,Low,20.0,3,No,Laptop & Accessory,Debit Card,1.0,4,114.46,Loyal Customers,5,4,1,Standard Loyalty Nurture
50918,7.61,Low,30.0,3,No,Laptop & Accessory,Debit Card,1.0,5,175.07,Loyal Customers,5,5,3,Standard Loyalty Nurture
53619,7.61,Low,16.0,5,No,Fashion,COD,8.0,5,196.23,At Risk,1,5,4,Standard Loyalty Nurture
53359,7.6,Low,17.0,2,No,Mobile Phone,Credit Card,1.0,3,246.95,Loyal Customers,5,3,5,Standard Loyalty Nurture
52326,7.59,Low,31.0,3,No,Fashion,Debit Card,6.0,4,115.1,At Risk,2,4,1,Standard Loyalty Nurture
50193,7.58,Low,23.0,3,No,Laptop & Accessory,E wallet,5.0,3,157.22,Loyal Customers,3,3,2,Standard Loyalty Nurture
53020,7.55,Low,15.0,5,No,Mobile Phone,E wallet,0.0,1,168.19,Potential Loyalist,5,1,3,Standard Loyalty Nurture
51831,7.53,Low,39.0,5,No,Mobile Phone,Debit Card,5.0,2,200.57,Need Attention,2,2,4,Standard Loyalty Nurture
54472,7.52,Low,48.0,3,No,Mobile Phone,Debit Card,2.0,1,182.35,Potential Loyalist,4,1,3,Standard Loyalty Nurture
52114,7.51,Low,22.0,2,No,Fashion,COD,4.0,1,237.29,Potential Loyalist,3,1,5,Standard Loyalty Nurture
50236,7.5,Low,13.0,5,No,Laptop & Accessory,UPI,6.0,2,209.73,Need Attention,2,2,4,Standard Loyalty Nurture
51016,7.5,Low,26.0,2,No,Fashion,Credit Card,1.0,3,260.24,Loyal Customers,5,3,5,Standard Loyalty Nurture
51325,7.5,Low,37.0,1,No,Others,Credit Card,4.0,7,163.61,Loyal Customers,3,5,2,Standard Loyalty Nurture
54441,7.49,Low,21.0,3,No,Laptop & Accessory,Debit Card,10.0,3,186.22,At Risk,1,3,3,Standard Loyalty Nurture
50943,7.48,Low,11.0,3,No,Fashion,E wallet,1.0,3,183.44,Loyal Customers,5,3,3,Standard Loyalty Nurture
52787,7.47,Low,32.0,4,No,Laptop & Accessory,E wallet,9.0,2,144.24,Hibernating,1,2,2,Standard Loyalty Nurture
54038,7.47,Low,16.0,5,No,Grocery,COD,3.0,1,168.17,Potential Loyalist,3,1,3,Standard Loyalty Nurture
52063,7.46,Low,16.0,4,No,Mobile Phone,E wallet,2.0,2,142.66,Potential Loyalist,4,2,2,Standard Loyalty Nurture
53886,7.46,Low,27.0,3,No,Fashion,Debit Card,0.0,4,148.84,Loyal Customers,5,4,2,Standard Loyalty Nurture
52028,7.43,Low,40.0,3,No,Laptop & Accessory,Credit Card,2.0,3,120.32,Loyal Customers,4,3,1,Standard Loyalty Nurture
51780,7.42,Low,18.0,3,No,Others,COD,0.0,5,143.01,Loyal Customers,5,5,2,Standard Loyalty Nurture
52639,7.4,Low,30.0,4,No,Laptop & Accessory,Credit Card,2.0,1,156.81,Potential Loyalist,4,1,2,Standard Loyalty Nurture
54718,7.4,Low,55.0,5,No,Laptop & Accessory,Debit Card,3.0,3,140.39,Loyal Customers,3,4,2,Standard Loyalty Nurture
55366,7.4,Low,46.0,3,No,Mobile Phone,UPI,2.0,1,170.76,Potential Loyalist,4,1,3,Standard Loyalty Nurture
51545,7.39,Low,33.0,5,No,Laptop & Accessory,E wallet,12.0,4,195.44,At Risk,1,4,4,Standard Loyalty Nurture
53386,7.39,Low,21.0,3,No,Mobile Phone,COD,2.0,4,256.47,Champions,4,4,5,Standard Loyalty Nurture
51404,7.38,Low,13.0,3,No,Fashion,Debit Card,2.0,3,160.96,Loyal Customers,4,3,2,Standard Loyalty Nurture
53245,7.37,Low,12.0,4,No,Fashion,Debit Card,0.0,3,275.17,Loyal Customers,5,3,5,Standard Loyalty Nurture
53068,7.35,Low,34.0,2,No,Laptop & Accessory,Debit Card,3.0,4,215.35,Loyal Customers,3,4,4,Standard Loyalty Nurture
52561,7.34,Low,16.0,5,No,Fashion,UPI,4.0,2,167.24,Potential Loyalist,3,2,3,Standard Loyalty Nurture
52953,7.33,Low,13.0,3,No,Laptop & Accessory,COD,1.0,2,163.89,Potential Loyalist,5,2,3,Standard Loyalty Nurture
53750,7.33,Low,22.0,5,No,Mobile Phone,Credit Card,4.0,1,213.18,Potential Loyalist,3,1,4,Standard Loyalty Nurture
55248,7.33,Low,20.0,5,No,Laptop & Accessory,E wallet,12.0,3,210.26,At Risk,1,4,4,Standard Loyalty Nurture
51716,7.32,Low,53.0,5,Yes (Active Ticket),Others,Debit Card,1.0,1,192.55,Potential Loyalist,5,1,4,Standard Loyalty Nurture
54617,7.32,Low,17.0,5,No,Laptop & Accessory,Debit Card,5.0,4,156.55,At Risk,2,4,2,Standard Loyalty Nurture
54972,7.3,Low,23.0,2,No,Mobile Phone,Credit Card,1.0,5,236.07,Champions,4,5,5,Standard Loyalty Nurture
51080,7.29,Low,30.0,5,No,Mobile Phone,Credit Card,7.0,1,130.06,Hibernating,2,1,1,Standard Loyalty Nurture
51351,7.29,Low,20.0,3,No,Grocery,E wallet,7.0,5,220.63,At Risk,2,5,5,Standard Loyalty Nurture
52596,7.29,Low,15.0,3,No,Laptop & Accessory,E wallet,1.0,4,157.83,Loyal Customers,5,4,2,Standard Loyalty Nurture
51991,7.28,Low,15.0,5,No,Mobile Phone,Credit Card,1.0,3,180.17,Loyal Customers,5,3,3,Standard Loyalty Nurture
55339,7.28,Low,24.0,5,No,Mobile Phone,E wallet,2.0,2,150.97,Potential Loyalist,4,2,2,Standard Loyalty Nurture
54029,7.25,Low,13.0,5,No,Mobile Phone,E wallet,12.0,3,244.16,At Risk,1,3,5,Standard Loyalty Nurture
51008,7.22,Low,19.0,3,No,Mobile Phone,Credit Card,4.0,2,199.88,Potential Loyalist,3,2,4,Standard Loyalty Nurture
54911,7.22,Low,22.0,4,No,Laptop & Accessory,E wallet,0.0,4,160.3,Loyal Customers,5,4,2,Standard Loyalty Nurture
54317,7.21,Low,13.0,3,No,Laptop & Accessory,Credit Card,2.0,4,182.0,Loyal Customers,4,4,3,Standard Loyalty Nurture
50385,7.2,Low,13.0,4,No,Laptop & Accessory,UPI,8.0,1,259.19,Promising,2,1,5,Standard Loyalty Nurture
52141,7.2,Low,17.0,5,No,Fashion,Debit Card,1.0,1,218.63,Potential Loyalist,5,1,5,Standard Loyalty Nurture
54238,7.2,Low,15.0,3,No,Laptop & Accessory,UPI,3.0,2,183.94,Potential Loyalist,3,2,3,Standard Loyalty Nurture
55555,7.2,Low,18.0,5,No,Others,Debit Card,6.0,2,207.14,At Risk,2,3,4,Standard Loyalty Nurture
54049,7.18,Low,19.0,3,No,Laptop & Accessory,Debit Card,4.0,1,234.17,Potential Loyalist,3,1,5,Standard Loyalty Nurture
55430,7.17,Low,13.0,3,No,Laptop & Accessory,Credit Card,3.0,2,114.07,Loyal Customers,3,3,1,Standard Loyalty Nurture
50155,7.16,Low,42.0,3,No,Mobile Phone,Debit Card,9.0,2,223.06,Promising,1,1,5,Standard Loyalty Nurture
52219,7.16,Low,21.0,1,No,Laptop & Accessory,Credit Card,0.0,5,201.84,Champions,5,5,4,Standard Loyalty Nurture
52783,7.16,Low,40.0,5,No,Laptop & Accessory,COD,21.0,3,116.01,At Risk,1,3,1,Standard Loyalty Nurture
53942,7.13,Low,23.0,4,No,Grocery,Credit Card,1.0,1,145.75,Potential Loyalist,4,1,2,Standard Loyalty Nurture
54841,7.13,Low,31.0,3,No,Fashion,Credit Card,2.0,4,216.48,Champions,4,4,4,Standard Loyalty Nurture
51075,7.12,Low,44.0,1,No,Laptop & Accessory,Credit Card,6.0,5,198.62,At Risk,2,5,4,Standard Loyalty Nurture
53513,7.12,Low,37.0,3,No,Mobile Phone,UPI,8.0,7,125.19,At Risk,1,5,1,Standard Loyalty Nurture
50885,7.11,Low,16.0,5,No,Laptop & Accessory,Debit Card,1.0,4,203.06,Champions,5,4,4,Standard Loyalty Nurture
51686,7.11,Low,20.0,2,No,Others,Debit Card,3.0,3,129.64,Loyal Customers,3,3,1,Standard Loyalty Nurture
53860,7.11,Low,18.0,4,No,Laptop & Accessory,Debit Card,7.0,4,187.51,At Risk,2,4,3,Standard Loyalty Nurture
52711,7.1,Low,15.0,3,No,Laptop & Accessory,Debit Card,3.0,3,128.77,Loyal Customers,3,3,1,Standard Loyalty Nurture
51976,7.09,Low,28.0,3,No,Fashion,Debit Card,5.0,1,234.15,Promising,2,1,5,Standard Loyalty Nurture
52372,7.09,Low,19.0,3,No,Mobile Phone,Debit Card,4.0,3,194.03,Loyal Customers,3,3,4,Standard Loyalty Nurture
53276,7.09,Low,17.0,5,No,Mobile Phone,Credit Card,12.0,5,193.9,At Risk,1,5,4,Standard Loyalty Nurture
53914,7.09,Low,38.0,4,No,Laptop & Accessory,Debit Card,1.0,1,176.93,Potential Loyalist,4,1,3,Standard Loyalty Nurture
54937,7.09,Low,24.0,3,No,Grocery,Credit Card,3.0,3,178.93,Loyal Customers,3,4,3,Standard Loyalty Nurture
51865,7.07,Low,42.0,5,No,Others,Debit Card,7.0,1,184.89,Promising,2,1,3,Standard Loyalty Nurture
55567,7.03,Low,12.0,5,No,Fashion,UPI,2.0,3,200.56,Champions,4,4,4,Standard Loyalty Nurture
50241,7.02,Low,28.0,3,No,Laptop & Accessory,Debit Card,1.0,1,111.15,Potential Loyalist,5,1,1,Standard Loyalty Nurture
50432,7.02,Low,14.0,4,No,Laptop & Accessory,UPI,7.0,4,116.79,At Risk,2,4,1,Standard Loyalty Nurture
52955,7.02,Low,25.0,3,No,Mobile Phone,UPI,2.0,1,198.12,Potential Loyalist,4,1,4,Standard Loyalty Nurture
53459,7.0,Low,12.0,4,No,Laptop & Accessory,Credit Card,2.0,2,235.03,Potential Loyalist,4,2,5,Standard Loyalty Nurture
55069,7.0,Low,25.0,4,No,Mobile Phone,E wallet,10.0,2,217.67,Need Attention,1,2,5,Standard Loyalty Nurture
54354,6.96,Low,32.0,1,No,Laptop & Accessory,Credit Card,3.0,6,213.19,Loyal Customers,3,5,4,Standard Loyalty Nurture
52140,6.95,Low,20.0,2,No,Laptop & Accessory,E wallet,2.0,3,169.58,Loyal Customers,4,3,3,Standard Loyalty Nurture
52562,6.95,Low,12.0,3,No,Mobile Phone,Debit Card,2.0,3,221.75,Loyal Customers,4,3,5,Standard Loyalty Nurture
54609,6.95,Low,31.0,5,No,Fashion,Debit Card,1.0,4,151.36,Loyal Customers,4,4,2,Standard Loyalty Nurture
52702,6.94,Low,37.0,4,No,Grocery,Credit Card,1.0,2,239.55,Potential Loyalist,5,2,5,Standard Loyalty Nurture
53739,6.94,Low,14.0,4,No,Fashion,E wallet,1.0,4,215.03,Champions,4,4,4,Standard Loyalty Nurture
51767,6.93,Low,13.0,4,No,Fashion,E wallet,1.0,3,169.5,Loyal Customers,5,3,3,Standard Loyalty Nurture
51478,6.92,Low,14.0,3,No,Others,UPI,4.0,4,220.09,Loyal Customers,3,4,5,Standard Loyalty Nurture
52918,6.91,Low,19.0,4,No,Laptop & Accessory,Credit Card,1.0,1,163.67,Potential Loyalist,5,1,2,Standard Loyalty Nurture
54566,6.9,Low,23.0,5,No,Mobile Phone,Debit Card,8.0,1,194.26,Promising,1,1,4,Standard Loyalty Nurture
50402,6.88,Low,23.0,4,No,Laptop & Accessory,Debit Card,4.0,5,155.39,Loyal Customers,3,5,2,Standard Loyalty Nurture
51329,6.88,Low,11.0,3,No,Fashion,UPI,1.0,3,214.88,Loyal Customers,5,3,4,Standard Loyalty Nurture
54905,6.88,Low,26.0,3,No,Mobile Phone,Debit Card,6.0,8,175.84,At Risk,2,5,3,Standard Loyalty Nurture
55087,6.87,Low,15.0,4,No,Mobile Phone,COD,1.0,2,130.18,Potential Loyalist,4,2,1,Standard Loyalty Nurture
50367,6.86,Low,32.0,5,No,Grocery,Debit Card,4.0,1,156.2,Potential Loyalist,3,1,2,Standard Loyalty Nurture
51184,6.86,Low,27.0,1,No,Laptop & Accessory,Credit Card,2.0,3,150.69,Loyal Customers,4,3,2,Standard Loyalty Nurture
53500,6.86,Low,13.0,1,No,Mobile Phone,Credit Card,1.0,3,168.07,Loyal Customers,4,3,3,Standard Loyalty Nurture
55514,6.86,Low,12.0,2,No,Mobile Phone,UPI,3.0,5,186.99,Loyal Customers,3,5,3,Standard Loyalty Nurture
55112,6.83,Low,20.0,4,No,Laptop & Accessory,E wallet,0.0,5,211.73,Champions,5,5,4,Standard Loyalty Nurture
51441,6.82,Low,35.0,4,No,Laptop & Accessory,Credit Card,5.0,5,135.99,At Risk,2,5,2,Standard Loyalty Nurture
55313,6.81,Low,26.0,5,No,Laptop & Accessory,E wallet,13.0,2,219.04,Need Attention,1,2,5,Standard Loyalty Nurture
54842,6.79,Low,31.0,5,No,Laptop & Accessory,E wallet,6.0,7,177.59,At Risk,2,5,3,Standard Loyalty Nurture
55488,6.78,Low,11.0,4,No,Laptop & Accessory,E wallet,0.0,3,200.78,Champions,5,4,4,Standard Loyalty Nurture
55568,6.78,Low,13.0,5,No,Laptop & Accessory,UPI,10.0,4,224.02,At Risk,1,5,5,Standard Loyalty Nurture
51665,6.77,Low,48.0,5,No,Laptop & Accessory,Credit Card,5.0,8,176.18,At Risk,2,5,3,Standard Loyalty Nurture
52827,6.77,Low,13.0,3,No,Fashion,Credit Card,7.0,3,228.22,At Risk,2,3,5,Standard Loyalty Nurture
51376,6.75,Low,20.0,3,No,Mobile Phone,Debit Card,4.0,3,212.21,Loyal Customers,3,3,4,Standard Loyalty Nurture
55578,6.73,Low,40.0,4,No,Fashion,UPI,4.0,7,157.98,Loyal Customers,3,5,2,Standard Loyalty Nurture
51728,6.72,Low,57.0,3,No,Laptop & Accessory,Debit Card,3.0,1,200.49,Potential Loyalist,3,1,4,Standard Loyalty Nurture
54328,6.72,Low,40.0,4,No,Fashion,Debit Card,8.0,3,112.52,At Risk,1,3,1,Standard Loyalty Nurture
55122,6.72,Low,26.0,4,No,Grocery,Debit Card,6.0,6,128.78,At Risk,2,5,1,Standard Loyalty Nurture
50806,6.71,Low,13.0,3,No,Fashion,Debit Card,2.0,2,185.94,Potential Loyalist,4,2,3,Standard Loyalty Nurture
55521,6.71,Low,18.0,4,No,Mobile Phone,Debit Card,2.0,7,160.33,Loyal Customers,4,5,2,Standard Loyalty Nurture
52254,6.7,Low,18.0,1,No,Laptop & Accessory,Debit Card,4.0,3,161.72,Loyal Customers,3,3,2,Standard Loyalty Nurture
51089,6.69,Low,47.0,4,No,Fashion,Credit Card,13.0,1,218.41,Promising,1,1,5,Standard Loyalty Nurture
51206,6.68,Low,15.0,5,No,Laptop & Accessory,UPI,5.0,2,131.54,Hibernating,2,2,1,Standard Loyalty Nurture
52863,6.68,Low,30.0,3,No,Mobile Phone,Debit Card,4.0,3,180.82,Loyal Customers,3,3,3,Standard Loyalty Nurture
53219,6.67,Low,13.0,4,No,Mobile Phone,Credit Card,2.0,6,170.44,Loyal Customers,4,5,3,Standard Loyalty Nurture
52790,6.64,Low,53.0,3,No,Laptop & Accessory,Debit Card,3.0,4,130.99,Loyal Customers,3,4,1,Standard Loyalty Nurture
53403,6.64,Low,61.0,3,No,Others,Debit Card,0.0,2,150.41,Potential Loyalist,5,2,2,Standard Loyalty Nurture
50718,6.63,Low,34.0,5,No,Laptop & Accessory,Credit Card,4.0,1,221.73,Potential Loyalist,3,1,5,Standard Loyalty Nurture
53396,6.63,Low,56.0,3,No,Mobile Phone,COD,0.0,4,145.73,Loyal Customers,5,4,2,Standard Loyalty Nurture
53280,6.62,Low,16.0,4,No,Laptop & Accessory,Debit Card,2.0,4,173.73,Loyal Customers,4,4,3,Standard Loyalty Nurture
50442,6.61,Low,43.0,1,No,Laptop & Accessory,Credit Card,9.0,5,204.48,At Risk,1,5,4,Standard Loyalty Nurture
54387,6.58,Low,32.0,4,No,Fashion,Debit Card,0.0,1,194.4,Potential Loyalist,5,1,4,Standard Loyalty Nurture
52465,6.56,Low,10.0,4,No,Others,Debit Card,1.0,5,243.25,Champions,5,5,5,Standard Loyalty Nurture
50721,6.55,Low,28.0,3,No,Laptop & Accessory,COD,5.0,2,234.59,Need Attention,2,2,5,Standard Loyalty Nurture
50786,6.55,Low,24.0,3,No,Laptop & Accessory,Debit Card,1.0,1,151.61,Potential Loyalist,5,1,2,Standard Loyalty Nurture
55345,6.54,Low,32.0,3,No,Grocery,Credit Card,9.0,7,215.3,At Risk,1,5,4,Standard Loyalty Nurture
54453,6.53,Low,18.0,4,No,Laptop & Accessory,Credit Card,3.0,2,148.96,Potential Loyalist,3,2,2,Standard Loyalty Nurture
50274,6.52,Low,24.0,5,No,Mobile Phone,Credit Card,2.0,3,192.44,Loyal Customers,4,3,4,Standard Loyalty Nurture
50389,6.52,Low,14.0,4,No,Others,UPI,5.0,1,248.5,Promising,2,1,5,Standard Loyalty Nurture
53433,6.52,Low,14.0,5,No,Laptop & Accessory,COD,2.0,1,200.62,Potential Loyalist,4,1,4,Standard Loyalty Nurture
54924,6.51,Low,21.0,3,No,Fashion,Debit Card,3.0,1,184.99,Potential Loyalist,3,1,3,Standard Loyalty Nurture
52509,6.49,Low,19.0,1,No,Grocery,UPI,3.0,5,167.54,Loyal Customers,3,5,3,Standard Loyalty Nurture
51062,6.48,Low,41.0,3,No,Fashion,Debit Card,1.0,2,210.45,Potential Loyalist,5,2,4,Standard Loyalty Nurture
53440,6.48,Low,26.0,4,No,Fashion,Credit Card,1.0,7,175.72,Loyal Customers,4,5,3,Standard Loyalty Nurture
51027,6.47,Low,20.0,4,No,Fashion,E wallet,6.0,2,225.28,Need Attention,2,2,5,Standard Loyalty Nurture
53178,6.45,Low,21.0,5,No,Mobile Phone,E wallet,7.0,3,291.66,At Risk,2,3,5,Standard Loyalty Nurture
52101,6.44,Low,25.0,4,No,Grocery,Credit Card,2.0,4,279.63,Champions,4,4,5,Standard Loyalty Nurture
52640,6.44,Low,12.0,4,No,Laptop & Accessory,Debit Card,0.0,3,150.65,Loyal Customers,5,3,2,Standard Loyalty Nurture
55562,6.44,Low,61.0,3,No,Fashion,UPI,0.0,7,146.78,Loyal Customers,5,5,2,Standard Loyalty Nurture
51954,6.42,Low,13.0,3,No,Mobile Phone,Debit Card,1.0,1,196.7,Potential Loyalist,5,1,4,Standard Loyalty Nurture
54431,6.42,Low,11.0,4,No,Laptop & Accessory,COD,3.0,3,153.62,Loyal Customers,3,3,2,Standard Loyalty Nurture
51131,6.41,Low,13.0,4,No,Fashion,E wallet,5.0,6,213.1,At Risk,2,5,4,Standard Loyalty Nurture
52327,6.41,Low,17.0,4,No,Mobile Phone,Credit Card,3.0,4,261.47,Loyal Customers,3,4,5,Standard Loyalty Nurture
52785,6.4,Low,19.0,4,No,Laptop & Accessory,Debit Card,6.0,2,252.43,Need Attention,2,2,5,Standard Loyalty Nurture
54810,6.39,Low,20.0,4,No,Mobile Phone,UPI,0.0,2,158.67,Potential Loyalist,5,2,2,Standard Loyalty Nurture
53092,6.36,Low,32.0,3,No,Mobile Phone,Debit Card,1.0,4,97.25,Loyal Customers,5,4,1,Standard Loyalty Nurture
54550,6.36,Low,16.0,3,No,Grocery,E wallet,0.0,4,119.23,Loyal Customers,5,4,1,Standard Loyalty Nurture
55544,6.36,Low,18.0,2,No,Fashion,UPI,3.0,2,213.06,Loyal Customers,3,3,4,Standard Loyalty Nurture
55395,6.33,Low,13.0,5,No,Laptop & Accessory,E wallet,1.0,2,217.08,Potential Loyalist,4,2,4,Standard Loyalty Nurture
52345,6.32,Low,28.0,3,No,Mobile Phone,Credit Card,1.0,4,149.46,Loyal Customers,5,4,2,Standard Loyalty Nurture
53527,6.32,Low,36.0,5,No,Laptop & Accessory,Debit Card,8.0,2,186.79,Need Attention,1,2,3,Standard Loyalty Nurture
54439,6.32,Low,49.0,5,No,Laptop & Accessory,Debit Card,1.0,3,115.67,Loyal Customers,4,3,1,Standard Loyalty Nurture
51663,6.31,Low,25.0,3,No,Mobile Phone,Credit Card,4.0,6,189.18,Loyal Customers,3,5,4,Standard Loyalty Nurture
53169,6.31,Low,14.0,5,No,Mobile Phone,UPI,4.0,4,228.17,Loyal Customers,3,4,5,Standard Loyalty Nurture
53157,6.29,Low,28.0,5,No,Laptop & Accessory,Credit Card,1.0,5,184.11,Loyal Customers,5,5,3,Standard Loyalty Nurture
50213,6.28,Low,11.0,4,No,Mobile Phone,Debit Card,0.0,3,222.66,Loyal Customers,5,3,5,Standard Loyalty Nurture
51306,6.27,Low,20.0,4,No,Mobile Phone,Debit Card,7.0,1,244.88,Promising,2,1,5,Standard Loyalty Nurture
50921,6.23,Low,20.0,1,No,Others,E wallet,3.0,3,209.94,Loyal Customers,3,3,4,Standard Loyalty Nurture
53380,6.23,Low,12.0,3,No,Fashion,E wallet,4.0,3,201.7,Loyal Customers,3,3,4,Standard Loyalty Nurture
51642,6.22,Low,18.0,2,No,Laptop & Accessory,UPI,5.0,3,131.26,At Risk,2,3,1,Standard Loyalty Nurture
52844,6.22,Low,30.0,5,No,Mobile Phone,Credit Card,11.0,6,194.08,At Risk,1,5,4,Standard Loyalty Nurture
53610,6.22,Low,35.0,1,No,Others,Credit Card,3.0,3,188.65,Loyal Customers,3,3,4,Standard Loyalty Nurture
54808,6.21,Low,31.0,1,No,Fashion,Credit Card,0.0,3,140.88,Loyal Customers,5,4,2,Standard Loyalty Nurture
50179,6.2,Low,28.0,3,No,Mobile Phone,Debit Card,2.0,3,190.73,Loyal Customers,4,3,4,Standard Loyalty Nurture
55061,6.19,Low,27.0,5,No,Laptop & Accessory,UPI,9.0,4,205.71,At Risk,1,4,4,Standard Loyalty Nurture
51890,6.18,Low,48.0,3,No,Mobile Phone,Debit Card,5.0,4,172.11,At Risk,2,4,3,Standard Loyalty Nurture
53292,6.18,Low,21.0,5,No,Mobile Phone,Credit Card,5.0,4,151.98,At Risk,2,4,2,Standard Loyalty Nurture
53715,6.18,Low,46.0,5,No,Mobile Phone,Debit Card,2.0,2,185.51,Potential Loyalist,4,2,3,Standard Loyalty Nurture
53425,6.17,Low,18.0,5,No,Fashion,Credit Card,8.0,2,149.07,Hibernating,1,2,2,Standard Loyalty Nurture
51635,6.16,Low,26.0,3,No,Others,Credit Card,5.0,2,179.9,Need Attention,2,2,3,Standard Loyalty Nurture
55318,6.15,Low,32.0,4,No,Others,E wallet,2.0,2,228.96,Potential Loyalist,4,2,5,Standard Loyalty Nurture
55533,6.15,Low,12.0,4,No,Mobile Phone,Debit Card,1.0,1,217.28,Potential Loyalist,4,1,5,Standard Loyalty Nurture
50541,6.14,Low,31.0,3,No,Laptop & Accessory,Credit Card,0.0,2,246.37,Potential Loyalist,5,2,5,Standard Loyalty Nurture
54469,6.14,Low,30.0,3,No,Laptop & Accessory,E wallet,7.0,3,209.75,At Risk,2,3,4,Standard Loyalty Nurture
54581,6.14,Low,27.0,4,No,Fashion,Debit Card,3.0,3,149.62,Loyal Customers,3,3,2,Standard Loyalty Nurture
51500,6.13,Low,20.0,5,No,Mobile Phone,Debit Card,4.0,2,219.28,Potential Loyalist,3,2,5,Standard Loyalty Nurture
53691,6.13,Low,18.0,5,No,Laptop & Accessory,UPI,9.0,3,206.06,At Risk,1,3,4,Standard Loyalty Nurture
55570,6.12,Low,37.0,5,No,Fashion,Debit Card,3.0,2,180.33,Loyal Customers,3,3,3,Standard Loyalty Nurture
52091,6.11,Low,15.0,4,No,Grocery,Debit Card,1.0,2,156.74,Potential Loyalist,5,2,2,Standard Loyalty Nurture
54413,6.11,Low,11.0,3,No,Laptop & Accessory,E wallet,2.0,3,177.33,Loyal Customers,4,3,3,Standard Loyalty Nurture
52572,6.1,Low,24.0,4,No,Mobile Phone,Credit Card,1.0,1,206.42,Potential Loyalist,5,1,4,Standard Loyalty Nurture
53197,6.1,Low,28.0,4,No,Laptop & Accessory,Credit Card,5.0,4,217.48,At Risk,2,4,5,Standard Loyalty Nurture
52192,6.09,Low,24.0,3,No,Others,Debit Card,4.0,4,223.64,Loyal Customers,3,4,5,Standard Loyalty Nurture
53582,6.07,Low,18.0,4,No,Fashion,E wallet,0.0,2,163.65,Potential Loyalist,5,2,2,Standard Loyalty Nurture
52890,6.06,Low,18.0,3,No,Mobile Phone,Debit Card,2.0,2,229.68,Potential Loyalist,4,2,5,Standard Loyalty Nurture
52965,6.05,Low,19.0,5,No,Others,Credit Card,3.0,4,192.82,Loyal Customers,3,4,4,Standard Loyalty Nurture
53693,6.05,Low,15.0,3,No,Fashion,Credit Card,1.0,4,226.71,Champions,4,4,5,Standard Loyalty Nurture
51028,6.03,Low,19.0,4,No,Mobile Phone,Debit Card,1.0,3,216.38,Loyal Customers,5,3,4,Standard Loyalty Nurture
51179,6.03,Low,14.0,4,No,Grocery,E wallet,4.0,4,219.53,Loyal Customers,3,4,5,Standard Loyalty Nurture
53474,6.02,Low,12.0,4,No,Laptop & Accessory,Debit Card,3.0,6,220.36,Loyal Customers,3,5,5,Standard Loyalty Nurture
51845,5.98,Low,29.0,2,No,Laptop & Accessory,Debit Card,6.0,3,195.33,At Risk,2,3,4,Standard Loyalty Nurture
54325,5.95,Low,17.0,5,No,Laptop & Accessory,Debit Card,3.0,3,173.69,Loyal Customers,3,3,3,Standard Loyalty Nurture
53699,5.94,Low,27.0,5,No,Mobile Phone,Credit Card,0.0,6,198.76,Champions,5,5,4,Standard Loyalty Nurture
51520,5.93,Low,26.0,4,No,Mobile Phone,Debit Card,8.0,1,113.44,Hibernating,2,1,1,Standard Loyalty Nurture
54860,5.93,Low,22.0,2,No,Laptop & Accessory,Debit Card,2.0,5,152.25,Loyal Customers,4,5,2,Standard Loyalty Nurture
50628,5.92,Low,14.0,5,No,Laptop & Accessory,E wallet,2.0,2,191.66,Potential Loyalist,4,2,4,Standard Loyalty Nurture
54561,5.87,Low,13.0,5,No,Fashion,Debit Card,1.0,2,180.36,Potential Loyalist,4,2,3,Standard Loyalty Nurture
51158,5.84,Low,21.0,3,No,Fashion,Debit Card,1.0,3,149.91,Loyal Customers,5,3,2,Standard Loyalty Nurture
52926,5.84,Low,23.0,1,No,Fashion,Debit Card,13.0,3,230.85,At Risk,1,3,5,Standard Loyalty Nurture
51806,5.83,Low,15.0,3,No,Fashion,Debit Card,4.0,3,184.54,Loyal Customers,3,3,3,Standard Loyalty Nurture
54034,5.82,Low,49.0,3,No,Others,Debit Card,1.0,4,156.24,Loyal Customers,4,4,2,Standard Loyalty Nurture
54250,5.8,Low,35.0,2,No,Mobile Phone,Debit Card,1.0,3,147.72,Loyal Customers,4,3,2,Standard Loyalty Nurture
54624,5.8,Low,12.0,4,No,Fashion,Credit Card,4.0,4,140.6,Loyal Customers,3,4,2,Standard Loyalty Nurture
53887,5.79,Low,25.0,4,No,Grocery,E wallet,11.0,4,113.3,At Risk,1,4,1,Standard Loyalty Nurture
54664,5.79,Low,18.0,5,No,Mobile Phone,Debit Card,1.0,4,258.13,Champions,4,4,5,Standard Loyalty Nurture
53455,5.78,Low,28.0,3,No,Fashion,Debit Card,7.0,7,197.69,At Risk,2,5,4,Standard Loyalty Nurture
54919,5.78,Low,14.0,4,No,Mobile Phone,Credit Card,1.0,1,212.52,Potential Loyalist,4,1,4,Standard Loyalty Nurture
53353,5.76,Low,24.0,4,No,Fashion,Debit Card,12.0,5,271.7,At Risk,1,5,5,Standard Loyalty Nurture
55185,5.76,Low,14.0,4,No,Mobile Phone,COD,8.0,4,184.26,At Risk,1,4,3,Standard Loyalty Nurture
55269,5.76,Low,20.0,3,No,Laptop & Accessory,E wallet,2.0,3,175.76,Loyal Customers,4,4,3,Standard Loyalty Nurture
53762,5.75,Low,13.0,5,No,Fashion,Credit Card,8.0,3,231.41,At Risk,1,3,5,Standard Loyalty Nurture
52705,5.74,Low,15.0,2,No,Mobile Phone,Credit Card,1.0,3,206.68,Loyal Customers,5,3,4,Standard Loyalty Nurture
52553,5.71,Low,17.0,5,No,Mobile Phone,Credit Card,4.0,4,192.78,Loyal Customers,3,4,4,Standard Loyalty Nurture
52700,5.7,Low,15.0,4,No,Fashion,Debit Card,1.0,4,196.13,Champions,5,4,4,Standard Loyalty Nurture
54172,5.7,Low,44.0,5,No,Fashion,Credit Card,3.0,3,161.99,Loyal Customers,3,3,2,Standard Loyalty Nurture
53498,5.69,Low,22.0,2,No,Fashion,Debit Card,4.0,6,147.47,Loyal Customers,3,5,2,Standard Loyalty Nurture
52066,5.68,Low,15.0,3,No,Laptop & Accessory,Debit Card,1.0,2,162.87,Potential Loyalist,5,2,2,Standard Loyalty Nurture
53650,5.68,Low,61.0,3,No,Laptop & Accessory,Credit Card,2.0,3,244.93,Loyal Customers,4,3,5,Standard Loyalty Nurture
50056,5.67,Low,25.0,5,No,Fashion,Debit Card,8.0,3,233.66,At Risk,2,3,5,Standard Loyalty Nurture
53477,5.67,Low,32.0,3,No,Laptop & Accessory,UPI,0.0,1,235.09,Potential Loyalist,5,1,5,Standard Loyalty Nurture
55012,5.66,Low,12.0,1,No,Mobile Phone,COD,4.0,3,207.19,Loyal Customers,3,4,4,Standard Loyalty Nurture
50013,5.65,Low,18.0,5,No,Laptop & Accessory,Credit Card,1.0,2,159.53,Potential Loyalist,5,1,2,Standard Loyalty Nurture
51023,5.64,Low,26.0,4,No,Laptop & Accessory,E wallet,3.0,5,217.9,Loyal Customers,3,5,5,Standard Loyalty Nurture
50262,5.63,Low,46.0,1,No,Laptop & Accessory,Debit Card,3.0,4,196.05,Loyal Customers,3,4,4,Standard Loyalty Nurture
53667,5.61,Low,18.0,2,No,Mobile Phone,Credit Card,3.0,4,214.25,Loyal Customers,3,4,4,Standard Loyalty Nurture
53103,5.6,Low,25.0,4,No,Mobile Phone,Debit Card,10.0,2,240.87,Need Attention,1,2,5,Standard Loyalty Nurture
50612,5.59,Low,16.0,5,No,Mobile Phone,Credit Card,10.0,2,237.59,Need Attention,1,2,5,Standard Loyalty Nurture
50293,5.58,Low,17.0,4,No,Fashion,Debit Card,2.0,2,220.22,Potential Loyalist,4,2,5,Standard Loyalty Nurture
55148,5.56,Low,23.0,5,No,Fashion,Credit Card,0.0,2,164.62,Potential Loyalist,5,2,3,Standard Loyalty Nurture
51104,5.55,Low,26.0,4,No,Mobile Phone,Debit Card,2.0,1,163.32,Potential Loyalist,4,1,2,Standard Loyalty Nurture
53038,5.55,Low,39.0,3,No,Laptop & Accessory,Debit Card,3.0,6,177.47,Loyal Customers,3,5,3,Standard Loyalty Nurture
53542,5.54,Low,17.0,3,No,Laptop & Accessory,UPI,3.0,3,173.2,Loyal Customers,3,3,3,Standard Loyalty Nurture
51668,5.53,Low,27.0,3,No,Fashion,UPI,2.0,3,190.56,Loyal Customers,4,3,4,Standard Loyalty Nurture
51775,5.53,Low,15.0,4,No,Laptop & Accessory,Credit Card,1.0,1,165.86,Potential Loyalist,5,1,3,Standard Loyalty Nurture
50309,5.52,Low,16.0,4,No,Mobile Phone,E wallet,1.0,3,199.2,Loyal Customers,5,3,4,Standard Loyalty Nurture
52018,5.52,Low,23.0,3,No,Mobile Phone,Debit Card,11.0,3,230.57,At Risk,1,3,5,Standard Loyalty Nurture
54314,5.52,Low,21.0,2,No,Mobile Phone,Debit Card,2.0,3,209.37,Loyal Customers,4,3,4,Standard Loyalty Nurture
52603,5.51,Low,14.0,3,No,Mobile Phone,Credit Card,2.0,2,196.95,Potential Loyalist,4,2,4,Standard Loyalty Nurture
51282,5.5,Low,12.0,5,No,Others,Debit Card,1.0,5,257.63,Champions,5,5,5,Standard Loyalty Nurture
55110,5.45,Low,34.0,5,No,Laptop & Accessory,Debit Card,8.0,5,214.96,At Risk,1,5,4,Standard Loyalty Nurture
53742,5.41,Low,17.0,4,No,Laptop & Accessory,Debit Card,3.0,1,169.25,Potential Loyalist,3,1,3,Standard Loyalty Nurture
54900,5.41,Low,24.0,5,No,Laptop & Accessory,Debit Card,1.0,3,145.34,Loyal Customers,4,4,2,Standard Loyalty Nurture
54457,5.4,Low,12.0,3,No,Others,Debit Card,1.0,3,213.69,Loyal Customers,4,3,4,Standard Loyalty Nurture
50536,5.38,Low,29.0,3,No,Laptop & Accessory,Credit Card,3.0,5,196.34,Loyal Customers,3,5,4,Standard Loyalty Nurture
53931,5.37,Low,28.0,4,No,Laptop & Accessory,UPI,4.0,3,245.69,Loyal Customers,3,3,5,Standard Loyalty Nurture
54026,5.35,Low,17.0,4,No,Mobile Phone,UPI,3.0,4,120.19,Loyal Customers,3,4,1,Standard Loyalty Nurture
52932,5.33,Low,11.0,5,No,Laptop & Accessory,Credit Card,2.0,1,208.84,Potential Loyalist,4,1,4,Standard Loyalty Nurture
51210,5.32,Low,59.0,4,No,Grocery,UPI,3.0,4,87.34,Loyal Customers,3,4,1,Standard Loyalty Nurture
53133,5.3,Low,27.0,4,No,Fashion,E wallet,5.0,7,168.22,At Risk,2,5,3,Standard Loyalty Nurture
54343,5.3,Low,17.0,2,No,Mobile Phone,Credit Card,1.0,3,184.21,Loyal Customers,4,3,3,Standard Loyalty Nurture
54832,5.3,Low,13.0,3,No,Mobile Phone,Debit Card,1.0,2,162.2,Potential Loyalist,4,2,2,Standard Loyalty Nurture
54204,5.27,Low,33.0,5,No,Laptop & Accessory,E wallet,8.0,7,205.6,At Risk,1,5,4,Standard Loyalty Nurture
51473,5.26,Low,21.0,2,No,Mobile Phone,Debit Card,4.0,3,164.65,Loyal Customers,3,3,3,Standard Loyalty Nurture
51573,5.26,Low,13.0,5,No,Laptop & Accessory,COD,2.0,4,178.88,Loyal Customers,4,4,3,Standard Loyalty Nurture
50790,5.24,Low,29.0,5,No,Grocery,Debit Card,9.0,5,208.91,At Risk,1,5,4,Standard Loyalty Nurture
50992,5.24,Low,12.0,5,No,Fashion,Debit Card,3.0,3,184.48,Loyal Customers,3,3,3,Standard Loyalty Nurture
53790,5.24,Low,39.0,4,No,Fashion,Debit Card,1.0,1,132.05,Potential Loyalist,4,1,1,Standard Loyalty Nurture
53408,5.23,Low,60.0,4,No,Fashion,E wallet,2.0,5,171.36,Loyal Customers,4,5,3,Standard Loyalty Nurture
50490,5.22,Low,22.0,3,No,Grocery,Debit Card,4.0,1,236.13,Potential Loyalist,3,1,5,Standard Loyalty Nurture
53591,5.22,Low,30.0,4,No,Fashion,Debit Card,1.0,3,185.84,Loyal Customers,4,3,3,Standard Loyalty Nurture
53780,5.19,Low,23.0,4,No,Laptop & Accessory,Debit Card,5.0,1,215.09,Promising,2,1,4,Standard Loyalty Nurture
50779,5.18,Low,13.0,4,No,Laptop & Accessory,Debit Card,2.0,5,141.61,Loyal Customers,4,5,2,Standard Loyalty Nurture
54859,5.18,Low,25.0,3,No,Laptop & Accessory,Credit Card,0.0,6,187.06,Loyal Customers,5,5,3,Standard Loyalty Nurture
50113,5.16,Low,27.0,3,No,Fashion,Debit Card,3.0,7,212.01,Loyal Customers,3,5,4,Standard Loyalty Nurture
50326,5.16,Low,13.0,4,No,Laptop & Accessory,Credit Card,0.0,1,145.28,Potential Loyalist,5,1,2,Standard Loyalty Nurture
52079,5.16,Low,42.0,3,No,Grocery,Credit Card,1.0,3,236.22,Loyal Customers,5,3,5,Standard Loyalty Nurture
52637,5.15,Low,34.0,3,No,Laptop & Accessory,Credit Card,2.0,2,137.91,Potential Loyalist,4,2,2,Standard Loyalty Nurture
52782,5.14,Low,19.0,5,No,Laptop & Accessory,UPI,3.0,1,216.75,Potential Loyalist,3,1,4,Standard Loyalty Nurture
52875,5.14,Low,15.0,5,No,Laptop & Accessory,Debit Card,1.0,1,154.57,Potential Loyalist,5,1,2,Standard Loyalty Nurture
55402,5.14,Low,34.0,3,No,Mobile Phone,COD,5.0,1,122.37,Hibernating,2,1,1,Standard Loyalty Nurture
51198,5.13,Low,35.0,2,No,Laptop & Accessory,Debit Card,3.0,3,248.87,Loyal Customers,3,3,5,Standard Loyalty Nurture
50578,5.12,Low,26.0,3,No,Laptop & Accessory,UPI,3.0,3,235.68,Loyal Customers,3,3,5,Standard Loyalty Nurture
51682,5.11,Low,37.0,3,No,Others,E wallet,3.0,2,151.47,Potential Loyalist,3,2,2,Standard Loyalty Nurture
50128,5.08,Low,20.0,4,No,Fashion,Credit Card,4.0,4,259.7,Loyal Customers,3,4,5,Standard Loyalty Nurture
52588,5.08,Low,11.0,5,No,Fashion,E wallet,3.0,6,153.52,Loyal Customers,3,5,2,Standard Loyalty Nurture
53346,5.07,Low,13.0,5,No,Mobile Phone,UPI,3.0,3,161.82,Loyal Customers,3,3,2,Standard Loyalty Nurture
53653,5.06,Low,18.0,4,No,Grocery,Debit Card,8.0,2,201.58,Need Attention,1,2,4,Standard Loyalty Nurture
50997,5.05,Low,25.0,5,No,Mobile Phone,E wallet,6.0,4,195.61,At Risk,2,4,4,Standard Loyalty Nurture
51122,5.04,Low,31.0,4,No,Mobile Phone,Credit Card,9.0,1,156.2,Hibernating,1,1,2,Standard Loyalty Nurture
51389,5.04,Low,35.0,4,No,Mobile Phone,COD,5.0,5,210.72,At Risk,2,5,4,Standard Loyalty Nurture
51624,5.03,Low,32.0,3,No,Laptop & Accessory,Debit Card,2.0,4,185.08,Loyal Customers,4,4,3,Standard Loyalty Nurture
55659,5.03,Low,14.0,5,No,Grocery,Credit Card,3.0,3,186.73,Loyal Customers,3,4,3,Standard Loyalty Nurture
54060,5.02,Low,48.0,5,No,Laptop & Accessory,Credit Card,4.0,4,193.94,Loyal Customers,3,4,4,Standard Loyalty Nurture
50837,5.01,Low,25.0,5,No,Fashion,Debit Card,0.0,1,156.82,Potential Loyalist,5,1,2,Standard Loyalty Nurture
55207,5.01,Low,16.0,5,No,Laptop & Accessory,Credit Card,2.0,4,230.22,Champions,4,4,5,Standard Loyalty Nurture
52734,5.0,Low,32.0,4,No,Mobile Phone,Credit Card,6.0,3,248.61,At Risk,2,3,5,Standard Loyalty Nurture
51146,4.99,Low,21.0,4,No,Mobile Phone,E wallet,1.0,1,185.89,Potential Loyalist,5,1,3,Standard Loyalty Nurture
53985,4.97,Low,17.0,3,No,Grocery,Debit Card,4.0,5,175.78,Loyal Customers,3,5,3,Standard Loyalty Nurture
50377,4.96,Low,19.0,3,No,Grocery,Debit Card,2.0,7,158.29,Loyal Customers,4,5,2,Standard Loyalty Nurture
51084,4.96,Low,21.0,2,No,Fashion,Debit Card,2.0,3,217.7,Loyal Customers,4,3,5,Standard Loyalty Nurture
52647,4.96,Low,31.0,5,No,Mobile Phone,E wallet,0.0,4,144.22,Loyal Customers,5,4,2,Standard Loyalty Nurture
53096,4.93,Low,11.0,4,No,Laptop & Accessory,Credit Card,0.0,3,176.11,Loyal Customers,5,3,3,Standard Loyalty Nurture
51308,4.92,Low,16.0,5,No,Laptop & Accessory,E wallet,2.0,3,145.73,Loyal Customers,4,3,2,Standard Loyalty Nurture
51172,4.9,Low,40.0,4,No,Fashion,Debit Card,1.0,2,177.96,Potential Loyalist,5,2,3,Standard Loyalty Nurture
52452,4.89,Low,34.0,3,No,Fashion,Debit Card,5.0,5,200.69,At Risk,2,5,4,Standard Loyalty Nurture
52960,4.88,Low,16.0,5,No,Grocery,UPI,7.0,4,251.76,At Risk,2,4,5,Standard Loyalty Nurture
50215,4.86,Low,12.0,4,No,Fashion,Debit Card,1.0,1,206.29,Potential Loyalist,5,1,4,Standard Loyalty Nurture
53952,4.85,Low,18.0,4,No,Others,Debit Card,3.0,4,116.14,Loyal Customers,3,4,1,Standard Loyalty Nurture
51656,4.81,Low,28.0,3,No,Laptop & Accessory,Debit Card,4.0,3,249.98,Loyal Customers,3,3,5,Standard Loyalty Nurture
51935,4.79,Low,11.0,5,No,Mobile Phone,E wallet,1.0,4,182.5,Loyal Customers,5,4,3,Standard Loyalty Nurture
55534,4.79,Low,16.0,4,No,Laptop & Accessory,Credit Card,2.0,1,206.33,Potential Loyalist,4,1,4,Standard Loyalty Nurture
53705,4.78,Low,29.0,5,No,Mobile Phone,Debit Card,1.0,2,192.88,Potential Loyalist,4,2,4,Standard Loyalty Nurture
53847,4.77,Low,35.0,5,No,Grocery,Debit Card,1.0,1,157.34,Potential Loyalist,4,1,2,Standard Loyalty Nurture
50906,4.76,Low,22.0,5,No,Laptop & Accessory,E wallet,12.0,5,223.81,At Risk,1,5,5,Standard Loyalty Nurture
51960,4.75,Low,15.0,4,No,Mobile Phone,Debit Card,4.0,3,180.88,Loyal Customers,3,3,3,Standard Loyalty Nurture
52542,4.75,Low,15.0,4,No,Mobile Phone,Credit Card,3.0,3,210.1,Loyal Customers,3,3,4,Standard Loyalty Nurture
52136,4.73,Low,22.0,1,No,Fashion,Credit Card,2.0,3,183.08,Loyal Customers,4,3,3,Standard Loyalty Nurture
52416,4.73,Low,33.0,3,No,Fashion,Debit Card,3.0,3,225.83,Loyal Customers,3,3,5,Standard Loyalty Nurture
53896,4.72,Low,17.0,3,No,Mobile Phone,UPI,3.0,5,188.59,Loyal Customers,3,5,4,Standard Loyalty Nurture
54858,4.72,Low,28.0,5,No,Laptop & Accessory,Debit Card,0.0,2,175.94,Potential Loyalist,5,2,3,Standard Loyalty Nurture
51015,4.71,Low,12.0,3,No,Laptop & Accessory,Credit Card,3.0,3,198.39,Loyal Customers,3,3,4,Standard Loyalty Nurture
51255,4.7,Low,12.0,4,No,Laptop & Accessory,Debit Card,1.0,2,159.32,Potential Loyalist,5,2,2,Standard Loyalty Nurture
54607,4.7,Low,19.0,3,No,Mobile Phone,Debit Card,3.0,3,211.35,Loyal Customers,3,3,4,Standard Loyalty Nurture
51019,4.68,Low,25.0,1,No,Mobile Phone,COD,1.0,5,186.71,Loyal Customers,5,5,3,Standard Loyalty Nurture
51410,4.64,Low,20.0,4,No,Mobile Phone,Debit Card,1.0,1,136.86,Potential Loyalist,5,1,2,Standard Loyalty Nurture
54422,4.63,Low,31.0,4,No,Fashion,Debit Card,4.0,2,216.5,Potential Loyalist,3,2,4,Standard Loyalty Nurture
55023,4.62,Low,31.0,4,No,Laptop & Accessory,Credit Card,3.0,4,173.08,Loyal Customers,3,4,3,Standard Loyalty Nurture
53528,4.61,Low,14.0,4,No,Mobile Phone,Credit Card,8.0,1,257.87,Promising,1,1,5,Standard Loyalty Nurture
55406,4.58,Low,23.0,4,No,Grocery,Credit Card,1.0,2,167.07,Loyal Customers,4,3,3,Standard Loyalty Nurture
51773,4.57,Low,22.0,4,No,Laptop & Accessory,Credit Card,4.0,2,231.1,Potential Loyalist,3,2,5,Standard Loyalty Nurture
54803,4.57,Low,24.0,5,No,Laptop & Accessory,Credit Card,0.0,2,162.84,Potential Loyalist,5,2,2,Standard Loyalty Nurture
50089,4.54,Low,22.0,5,No,Laptop & Accessory,E wallet,5.0,1,169.54,Potential Loyalist,3,1,3,Standard Loyalty Nurture
51243,4.54,Low,15.0,3,No,Fashion,Debit Card,2.0,4,145.6,Loyal Customers,4,4,2,Standard Loyalty Nurture
53077,4.54,Low,29.0,5,No,Laptop & Accessory,Debit Card,0.0,2,177.95,Potential Loyalist,5,2,3,Standard Loyalty Nurture
54378,4.52,Low,18.0,3,No,Grocery,UPI,0.0,5,144.08,Loyal Customers,5,5,2,Standard Loyalty Nurture
50468,4.5,Low,20.0,4,No,Grocery,Credit Card,1.0,2,209.87,Potential Loyalist,5,2,4,Standard Loyalty Nurture
51159,4.5,Low,21.0,4,No,Mobile Phone,Credit Card,2.0,1,182.24,Potential Loyalist,4,1,3,Standard Loyalty Nurture
55481,4.5,Low,17.0,5,No,Laptop & Accessory,UPI,1.0,2,186.22,Loyal Customers,4,3,3,Standard Loyalty Nurture
55062,4.49,Low,26.0,4,No,Mobile Phone,Debit Card,4.0,4,165.16,Loyal Customers,3,4,3,Standard Loyalty Nurture
55427,4.49,Low,41.0,3,No,Laptop & Accessory,Credit Card,1.0,5,164.25,Loyal Customers,4,5,3,Standard Loyalty Nurture
52804,4.48,Low,32.0,5,No,Fashion,Debit Card,4.0,2,248.43,Potential Loyalist,3,2,5,Standard Loyalty Nurture
55613,4.48,Low,17.0,5,No,Laptop & Accessory,Debit Card,1.0,3,183.56,Loyal Customers,4,4,3,Standard Loyalty Nurture
55111,4.47,Low,35.0,3,No,Mobile Phone,Debit Card,1.0,2,150.54,Potential Loyalist,4,2,2,Standard Loyalty Nurture
54528,4.4,Low,24.0,5,No,Grocery,Credit Card,6.0,3,245.79,At Risk,2,3,5,Standard Loyalty Nurture
50076,4.38,Low,13.0,4,No,Mobile Phone,Debit Card,5.0,6,169.15,Loyal Customers,3,5,3,Standard Loyalty Nurture
53444,4.37,Low,54.0,2,No,Fashion,Debit Card,1.0,4,132.65,Loyal Customers,4,4,1,Standard Loyalty Nurture
54223,4.37,Low,23.0,2,No,Laptop & Accessory,Debit Card,3.0,5,178.37,Loyal Customers,3,5,3,Standard Loyalty Nurture
53803,4.36,Low,17.0,5,No,Grocery,Credit Card,1.0,3,177.08,Loyal Customers,4,3,3,Standard Loyalty Nurture
55039,4.36,Low,13.0,4,No,Mobile Phone,Credit Card,4.0,1,222.1,Potential Loyalist,3,1,5,Standard Loyalty Nurture
55304,4.34,Low,22.0,3,No,Laptop & Accessory,Debit Card,1.0,1,219.97,Potential Loyalist,4,1,5,Standard Loyalty Nurture
50026,4.26,Low,15.0,5,No,Mobile Phone,E wallet,4.0,4,142.7,Loyal Customers,3,4,2,Standard Loyalty Nurture
50250,4.25,Low,19.0,3,No,Laptop & Accessory,Debit Card,5.0,3,218.39,Loyal Customers,3,3,5,Standard Loyalty Nurture
50676,4.24,Low,40.0,3,No,Laptop & Accessory,Debit Card,0.0,1,193.17,Potential Loyalist,5,1,4,Standard Loyalty Nurture
54123,4.24,Low,12.0,4,No,Laptop & Accessory,Debit Card,1.0,1,240.45,Potential Loyalist,4,1,5,Standard Loyalty Nurture
54395,4.24,Low,29.0,3,No,Fashion,Debit Card,2.0,4,182.8,Loyal Customers,4,4,3,Standard Loyalty Nurture
52736,4.22,Low,15.0,3,No,Fashion,E wallet,3.0,5,148.79,Loyal Customers,3,5,2,Standard Loyalty Nurture
51470,4.18,Low,15.0,4,No,Laptop & Accessory,Credit Card,3.0,3,234.17,Loyal Customers,3,3,5,Standard Loyalty Nurture
53760,4.18,Low,18.0,4,No,Fashion,Debit Card,1.0,1,204.42,Potential Loyalist,4,1,4,Standard Loyalty Nurture
51907,4.17,Low,32.0,3,No,Mobile Phone,Debit Card,1.0,2,162.56,Potential Loyalist,5,2,2,Standard Loyalty Nurture
52723,4.17,Low,15.0,5,No,Grocery,Credit Card,0.0,1,213.17,Potential Loyalist,5,1,4,Standard Loyalty Nurture
53189,4.15,Low,18.0,5,No,Laptop & Accessory,UPI,4.0,1,240.6,Potential Loyalist,3,1,5,Standard Loyalty Nurture
51102,4.11,Low,35.0,5,No,Mobile Phone,Debit Card,1.0,2,214.14,Potential Loyalist,5,2,4,Standard Loyalty Nurture
54563,4.1,Low,21.0,2,No,Laptop & Accessory,Debit Card,3.0,3,230.21,Loyal Customers,3,3,5,Standard Loyalty Nurture
54907,4.1,Low,34.0,5,No,Mobile Phone,Credit Card,2.0,4,117.42,Loyal Customers,4,4,1,Standard Loyalty Nurture
55301,4.08,Low,15.0,5,No,Laptop & Accessory,Debit Card,1.0,4,206.21,Champions,4,4,4,Standard Loyalty Nurture
51295,4.07,Low,16.0,4,No,Fashion,Credit Card,5.0,1,250.31,Promising,2,1,5,Standard Loyalty Nurture
55492,4.06,Low,14.0,3,No,Mobile Phone,Credit Card,1.0,2,185.51,Loyal Customers,4,3,3,Standard Loyalty Nurture
51167,4.04,Low,18.0,5,No,Laptop & Accessory,E wallet,2.0,1,171.83,Potential Loyalist,4,1,3,Standard Loyalty Nurture
53804,4.04,Low,41.0,5,No,Mobile Phone,Debit Card,0.0,4,213.75,Champions,5,4,4,Standard Loyalty Nurture
53130,4.03,Low,18.0,5,No,Mobile Phone,E wallet,8.0,5,224.68,At Risk,1,5,5,Standard Loyalty Nurture
50646,4.0,Low,22.0,4,No,Mobile Phone,E wallet,1.0,1,155.43,Potential Loyalist,5,1,2,Standard Loyalty Nurture
51310,3.98,Low,17.0,3,No,Mobile Phone,Debit Card,4.0,5,226.95,Loyal Customers,3,5,5,Standard Loyalty Nurture
52160,3.97,Low,14.0,3,No,Mobile Phone,Credit Card,4.0,4,177.73,Loyal Customers,3,4,3,Standard Loyalty Nurture
55083,3.97,Low,18.0,4,No,Fashion,Credit Card,1.0,1,148.25,Potential Loyalist,4,1,2,Standard Loyalty Nurture
52253,3.95,Low,11.0,4,No,Mobile Phone,E wallet,0.0,4,152.67,Loyal Customers,5,4,2,Standard Loyalty Nurture
50726,3.92,Low,18.0,4,No,Laptop & Accessory,Debit Card,1.0,1,170.81,Potential Loyalist,5,1,3,Standard Loyalty Nurture
53570,3.9,Low,20.0,5,No,Others,UPI,1.0,2,221.38,Potential Loyalist,4,2,5,Standard Loyalty Nurture
53190,3.88,Low,16.0,4,No,Fashion,Debit Card,1.0,3,189.79,Loyal Customers,5,3,4,Standard Loyalty Nurture
55498,3.86,Low,22.0,5,No,Laptop & Accessory,Debit Card,1.0,2,251.58,Loyal Customers,4,3,5,Standard Loyalty Nurture
51038,3.85,Low,13.0,3,No,Mobile Phone,Debit Card,1.0,3,196.55,Loyal Customers,5,3,4,Standard Loyalty Nurture
52512,3.83,Low,21.0,5,No,Mobile Phone,Credit Card,4.0,3,169.35,Loyal Customers,3,3,3,Standard Loyalty Nurture
50530,3.8,Low,20.0,5,No,Fashion,UPI,4.0,4,194.41,Loyal Customers,3,4,4,Standard Loyalty Nurture
54446,3.76,Low,38.0,5,No,Laptop & Accessory,E wallet,5.0,3,154.01,At Risk,2,3,2,Standard Loyalty Nurture
52426,3.75,Low,23.0,4,No,Laptop & Accessory,E wallet,3.0,6,175.15,Loyal Customers,3,5,3,Standard Loyalty Nurture
53545,3.75,Low,20.0,3,No,Fashion,Credit Card,2.0,5,185.81,Loyal Customers,4,5,3,Standard Loyalty Nurture
54939,3.74,Low,14.0,5,No,Mobile Phone,Debit Card,3.0,3,178.71,Loyal Customers,3,4,3,Standard Loyalty Nurture
55460,3.74,Low,31.0,4,No,Fashion,Credit Card,5.0,5,171.38,At Risk,2,5,3,Standard Loyalty Nurture
55093,3.73,Low,18.0,5,No,Grocery,E wallet,5.0,5,160.41,At Risk,2,5,2,Standard Loyalty Nurture
51003,3.71,Low,21.0,5,No,Laptop & Accessory,E wallet,0.0,4,186.15,Loyal Customers,5,4,3,Standard Loyalty Nurture
54758,3.69,Low,15.0,4,No,Fashion,Debit Card,0.0,3,173.04,Loyal Customers,5,4,3,Standard Loyalty Nurture
54620,3.68,Low,20.0,4,No,Grocery,Credit Card,0.0,4,145.32,Loyal Customers,5,4,2,Standard Loyalty Nurture
52882,3.67,Low,19.0,5,No,Mobile Phone,Debit Card,2.0,2,140.36,Potential Loyalist,4,2,2,Standard Loyalty Nurture
50893,3.66,Low,18.0,5,No,Mobile Phone,Debit Card,2.0,1,185.03,Potential Loyalist,4,1,3,Standard Loyalty Nurture
52129,3.63,Low,21.0,3,No,Fashion,Debit Card,2.0,2,211.74,Potential Loyalist,4,2,4,Standard Loyalty Nurture
50391,3.6,Low,47.0,5,No,Laptop & Accessory,UPI,1.0,3,135.88,Loyal Customers,5,3,2,Standard Loyalty Nurture
52234,3.59,Low,19.0,5,No,Laptop & Accessory,UPI,3.0,5,166.32,Loyal Customers,3,5,3,Standard Loyalty Nurture
52766,3.59,Low,32.0,5,No,Grocery,Credit Card,4.0,2,154.58,Potential Loyalist,3,2,2,Standard Loyalty Nurture
54774,3.59,Low,17.0,4,No,Laptop & Accessory,Debit Card,4.0,5,160.97,Loyal Customers,3,5,2,Standard Loyalty Nurture
51684,3.58,Low,17.0,4,No,Laptop & Accessory,Debit Card,2.0,2,256.61,Potential Loyalist,4,2,5,Standard Loyalty Nurture
50446,3.57,Low,29.0,4,No,Laptop & Accessory,COD,1.0,6,165.49,Loyal Customers,5,5,3,Standard Loyalty Nurture
53341,3.57,Low,22.0,4,No,Mobile Phone,UPI,2.0,1,171.32,Potential Loyalist,4,1,3,Standard Loyalty Nurture
51913,3.56,Low,56.0,4,No,Mobile Phone,Credit Card,1.0,2,194.88,Potential Loyalist,5,2,4,Standard Loyalty Nurture
55565,3.54,Low,27.0,3,No,Laptop & Accessory,COD,3.0,3,209.54,Loyal Customers,3,4,4,Standard Loyalty Nurture
50514,3.53,Low,20.0,3,No,Grocery,COD,3.0,5,153.77,Loyal Customers,3,5,2,Standard Loyalty Nurture
55461,3.49,Low,16.0,3,No,Fashion,Debit Card,3.0,4,182.31,Loyal Customers,3,4,3,Standard Loyalty Nurture
53738,3.47,Low,14.0,5,No,Laptop & Accessory,Debit Card,1.0,1,204.62,Potential Loyalist,4,1,4,Standard Loyalty Nurture
53206,3.46,Low,18.0,4,No,Fashion,Credit Card,2.0,3,211.31,Loyal Customers,4,3,4,Standard Loyalty Nurture
53207,3.46,Low,20.0,3,No,Mobile Phone,UPI,1.0,2,246.29,Potential Loyalist,5,2,5,Standard Loyalty Nurture
53637,3.46,Low,25.0,5,No,Laptop & Accessory,UPI,8.0,4,200.38,At Risk,1,4,4,Standard Loyalty Nurture
52482,3.44,Low,21.0,2,No,Laptop & Accessory,Credit Card,0.0,3,204.27,Loyal Customers,5,3,4,Standard Loyalty Nurture
55177,3.44,Low,22.0,5,No,Mobile Phone,Debit Card,1.0,3,207.89,Champions,4,4,4,Standard Loyalty Nurture
51383,3.42,Low,35.0,5,No,Laptop & Accessory,E wallet,8.0,1,202.09,Promising,2,1,4,Standard Loyalty Nurture
50680,3.4,Low,20.0,4,No,Mobile Phone,Credit Card,1.0,4,236.31,Champions,5,4,5,Standard Loyalty Nurture
51453,3.39,Low,20.0,4,No,Grocery,Credit Card,7.0,1,197.67,Promising,2,1,4,Standard Loyalty Nurture
54065,3.38,Low,20.0,4,No,Laptop & Accessory,Credit Card,0.0,3,220.65,Loyal Customers,5,3,5,Standard Loyalty Nurture
52383,3.37,Low,25.0,4,No,Mobile Phone,E wallet,1.0,3,165.09,Loyal Customers,5,3,3,Standard Loyalty Nurture
54606,3.35,Low,23.0,3,No,Grocery,Debit Card,2.0,2,198.31,Potential Loyalist,4,2,4,Standard Loyalty Nurture
50249,3.3,Low,33.0,3,No,Mobile Phone,Credit Card,2.0,3,236.96,Loyal Customers,4,3,5,Standard Loyalty Nurture
50569,3.27,Low,23.0,5,No,Laptop & Accessory,UPI,5.0,5,216.97,At Risk,2,5,4,Standard Loyalty Nurture
50689,3.27,Low,15.0,5,No,Mobile Phone,Debit Card,0.0,2,159.48,Potential Loyalist,5,2,2,Standard Loyalty Nurture
53878,3.22,Low,21.0,5,No,Grocery,COD,0.0,1,154.65,Potential Loyalist,5,1,2,Standard Loyalty Nurture
52619,3.2,Low,18.0,3,No,Mobile Phone,Credit Card,2.0,3,220.36,Loyal Customers,4,3,5,Standard Loyalty Nurture
51425,3.16,Low,43.0,5,No,Mobile Phone,Debit Card,3.0,2,204.63,Potential Loyalist,3,2,4,Standard Loyalty Nurture
55244,3.15,Low,24.0,4,No,Laptop & Accessory,Debit Card,2.0,2,231.88,Potential Loyalist,4,2,5,Standard Loyalty Nurture
54755,3.14,Low,20.0,4,No,Fashion,COD,3.0,6,150.55,Loyal Customers,3,5,2,Standard Loyalty Nurture
50127,3.09,Low,17.0,3,No,Others,E wallet,2.0,3,182.92,Loyal Customers,4,3,3,Standard Loyalty Nurture
52046,3.06,Low,13.0,5,No,Laptop & Accessory,UPI,0.0,3,198.36,Loyal Customers,5,3,4,Standard Loyalty Nurture
55214,3.03,Low,14.0,5,No,Laptop & Accessory,Debit Card,3.0,5,153.65,Loyal Customers,3,5,2,Standard Loyalty Nurture
51334,3.02,Low,56.0,3,No,Mobile Phone,COD,1.0,5,165.2,Loyal Customers,5,5,3,Standard Loyalty Nurture
52621,2.96,Low,16.0,5,No,Grocery,Debit Card,1.0,4,195.75,Champions,5,4,4,Standard Loyalty Nurture
55350,2.96,Low,12.0,5,No,Laptop & Accessory,Credit Card,3.0,4,215.77,Loyal Customers,3,4,4,Standard Loyalty Nurture
52622,2.94,Low,22.0,4,No,Mobile Phone,Debit Card,1.0,1,200.31,Potential Loyalist,5,1,4,Standard Loyalty Nurture
51533,2.9,Low,13.0,5,No,Grocery,Debit Card,0.0,3,239.24,Loyal Customers,5,3,5,Standard Loyalty Nurture
52461,2.88,Low,51.0,1,No,Mobile Phone,Debit Card,1.0,5,153.16,Loyal Customers,5,5,2,Standard Loyalty Nurture
51777,2.83,Low,12.0,4,No,Mobile Phone,UPI,0.0,2,218.3,Potential Loyalist,5,2,5,Standard Loyalty Nurture
53238,2.81,Low,32.0,4,No,Fashion,Debit Card,3.0,1,195.28,Potential Loyalist,3,1,4,Standard Loyalty Nurture
55407,2.79,Low,34.0,4,No,Laptop & Accessory,E wallet,4.0,1,225.44,Potential Loyalist,3,1,5,Standard Loyalty Nurture
54766,2.77,Low,48.0,4,No,Mobile Phone,Credit Card,4.0,3,168.15,Loyal Customers,3,4,3,Standard Loyalty Nurture
51699,2.71,Low,33.0,5,No,Fashion,Credit Card,1.0,3,224.52,Loyal Customers,5,3,5,Standard Loyalty Nurture
52847,2.64,Low,15.0,3,No,Fashion,Credit Card,4.0,4,208.3,Loyal Customers,3,4,4,Standard Loyalty Nurture
51049,2.56,Low,20.0,3,No,Mobile Phone,Debit Card,0.0,3,203.95,Loyal Customers,5,3,4,Standard Loyalty Nurture
50192,2.53,Low,23.0,4,No,Fashion,E wallet,3.0,3,188.09,Loyal Customers,3,3,3,Standard Loyalty Nurture
50768,2.48,Low,21.0,4,No,Fashion,UPI,1.0,4,195.14,Champions,5,4,4,Standard Loyalty Nurture
50160,2.47,Low,13.0,4,No,Laptop & Accessory,COD,1.0,3,206.29,Loyal Customers,5,3,4,Standard Loyalty Nurture
51373,2.46,Low,19.0,1,No,Grocery,E wallet,4.0,5,158.42,Loyal Customers,3,5,2,Standard Loyalty Nurture
50352,2.44,Low,19.0,3,No,Laptop & Accessory,COD,4.0,3,212.59,Loyal Customers,3,3,4,Standard Loyalty Nurture
50476,2.22,Low,50.0,5,No,Laptop & Accessory,E wallet,3.0,3,183.68,Loyal Customers,3,3,3,Standard Loyalty Nurture
55513,2.19,Low,20.0,5,No,Grocery,Debit Card,4.0,2,152.8,Loyal Customers,3,3,2,Standard Loyalty Nurture
51997,2.17,Low,31.0,4,No,Laptop & Accessory,Debit Card,1.0,3,182.72,Loyal Customers,5,3,3,Standard Loyalty Nurture
54618,2.13,Low,21.0,5,No,Mobile Phone,UPI,3.0,4,180.22,Loyal Customers,3,4,3,Standard Loyalty Nurture
50105,2.1,Low,24.0,4,No,Grocery,Credit Card,2.0,2,195.36,Potential Loyalist,4,1,4,Standard Loyalty Nurture
55274,1.74,Low,15.0,4,No,Fashion,Debit Card,1.0,3,182.9,Loyal Customers,4,4,3,Standard Loyalty Nurture
50337,1.73,Low,19.0,5,No,Laptop & Accessory,Debit Card,3.0,3,203.62,Loyal Customers,3,3,4,Standard Loyalty Nurture
52980,1.59,Low,35.0,4,No,Mobile Phone,UPI,1.0,2,151.78,Potential Loyalist,5,2,2,Standard Loyalty Nurture
53732,1.52,Low,34.0,5,No,Laptop & Accessory,Credit Card,1.0,3,187.63,Loyal Customers,4,3,3,Standard Loyalty Nurture
50325,1.37,Low,31.0,5,No,Laptop & Accessory,UPI,1.0,3,223.92,Loyal Customers,5,3,5,Standard Loyalty Nurture
